{
"type": "FeatureCollection",
"name": "wards",
"crs": { "type": "name", "properties": { "name": "urn:ogc:def:crs:OGC:1.3:CRS84" } },
"features": [
{ "type": "Feature", "properties": { "rep_unit_id": 456, "ward": "City of Wauwatosa Ward 1", "county": "MILWAUKEE" }, "geometry": { "type": "Polygon", "coordinates": [ [ [ -87.993585, 43.0607159 ], [ -87.993855, 43.0607159 ], [ -87.994667, 43.0607189 ], [ -87.994938, 43.0607199 ], [ -87.995206, 43.0607199 ], [ -87.996011, 43.0607229 ], [ -87.99628, 43.0607249 ], [ -87.996526, 43.0607249 ], [ -87.997267, 43.0607279 ], [ -87.997514, 43.0607289 ], [ -87.997736, 43.0607289 ], [ -87.998404, 43.0607289 ], [ -87.998627, 43.0607299 ], [ -87.998849, 43.0607299 ], [ -87.999518, 43.0607309 ], [ -87.999741, 43.0607319 ], [ -87.999965, 43.0607319 ], [ -88.000638, 43.0607319 ], [ -88.000863, 43.0607329 ], [ -88.001108, 43.0607329 ], [ -88.001847, 43.0607329 ], [ -88.002093, 43.0607339 ], [ -88.002286, 43.0607339 ], [ -88.002865, 43.0607349 ], [ -88.003059, 43.0607359 ], [ -88.003251, 43.0607359 ], [ -88.00383, 43.0607359 ], [ -88.004023, 43.0607369 ], [ -88.004233, 43.0607369 ], [ -88.004866, 43.0607369 ], [ -88.005077, 43.0607379 ], [ -88.005553, 43.0607379 ], [ -88.0074643, 43.0607517 ], [ -88.00746, 43.0605539 ], [ -88.007457, 43.0599959 ], [ -88.007456, 43.0598109 ], [ -88.007454, 43.0596279 ], [ -88.007451, 43.0590789 ], [ -88.00745, 43.0588969 ], [ -88.007449, 43.058853899999988 ], [ -88.007449, 43.0587269 ], [ -88.007449, 43.0586849 ], [ -88.007448, 43.0585579 ], [ -88.007445, 43.0581779 ], [ -88.007445, 43.0580519 ], [ -88.007444, 43.0579609 ], [ -88.007442, 43.0576879 ], [ -88.007442, 43.0575979 ], [ -88.007441, 43.0575119 ], [ -88.007439, 43.0572529 ], [ -88.007439, 43.0571679 ], [ -88.007438, 43.0570239 ], [ -88.007435, 43.056593899999989 ], [ -88.007435, 43.0564509 ], [ -88.007436, 43.0562126 ], [ -88.007435, 43.05605 ], [ -88.0074341, 43.0559101 ], [ -88.0074339, 43.0558648 ], [ -88.007427, 43.0552409 ], [ -88.007142, 43.0552399 ], [ -88.0060267, 43.0552466 ], [ -88.0057784, 43.0552463 ], [ -88.0055539, 43.0552461 ], [ -88.004777, 43.0552339 ], [ -88.004506, 43.0552329 ], [ -88.003692, 43.0552329 ], [ -88.003422, 43.0552329 ], [ -88.003149, 43.055231899999988 ], [ -88.002332, 43.0552309 ], [ -88.00206, 43.0552309 ], [ -88.001818, 43.0552299 ], [ -88.001092, 43.0552289 ], [ -88.00085, 43.0552289 ], [ -88.000625, 43.0552279 ], [ -87.999951, 43.0552259 ], [ -87.999727, 43.0552259 ], [ -87.999504, 43.0552249 ], [ -87.998837, 43.0552249 ], [ -87.998615, 43.0552249 ], [ -87.998392, 43.0552249 ], [ -87.997724, 43.0552259 ], [ -87.997502, 43.0552269 ], [ -87.997366, 43.0552429 ], [ -87.996962, 43.0552939 ], [ -87.996827, 43.0553109 ], [ -87.996272, 43.0558059 ], [ -87.996059, 43.0559969 ], [ -87.995376, 43.0560149 ], [ -87.994899, 43.0563619 ], [ -87.994227, 43.0563999 ], [ -87.993779, 43.0564259 ], [ -87.993632, 43.0564999 ], [ -87.993578, 43.0566179 ], [ -87.993577, 43.0566699 ], [ -87.993577, 43.0568269 ], [ -87.993577, 43.0568799 ], [ -87.993577, 43.0572779 ], [ -87.99358, 43.0584729 ], [ -87.993581, 43.0588719 ], [ -87.993581, 43.0592399 ], [ -87.993584, 43.0603469 ], [ -87.993585, 43.0607159 ] ] ] } },
{ "type": "Feature", "properties": { "rep_unit_id": 457, "ward": "City of Wauwatosa Ward 2A", "county": "MILWAUKEE" }, "geometry": { "type": "Polygon", "coordinates": [ [ [ -87.9875402, 43.060706499999988 ], [ -87.988671, 43.0606989 ], [ -87.988895, 43.0606989 ], [ -87.989569, 43.0607019 ], [ -87.989794, 43.0607029 ], [ -87.990018, 43.0607029 ], [ -87.990691, 43.060705899999988 ], [ -87.990916, 43.0607069 ], [ -87.991163, 43.0607069 ], [ -87.991904, 43.0607099 ], [ -87.992151, 43.0607109 ], [ -87.992437, 43.0607119 ], [ -87.993298, 43.0607149 ], [ -87.993585, 43.0607159 ], [ -87.993584, 43.0603469 ], [ -87.993581, 43.0592399 ], [ -87.993581, 43.0588719 ], [ -87.99358, 43.0584729 ], [ -87.993577, 43.0572779 ], [ -87.993577, 43.0568799 ], [ -87.993577, 43.0568269 ], [ -87.993577, 43.0566699 ], [ -87.993578, 43.0566179 ], [ -87.993632, 43.0564999 ], [ -87.993779, 43.0564259 ], [ -87.994227, 43.0563999 ], [ -87.994899, 43.0563619 ], [ -87.995376, 43.0560149 ], [ -87.996059, 43.0559969 ], [ -87.996272, 43.0558059 ], [ -87.996827, 43.0553109 ], [ -87.996962, 43.0552939 ], [ -87.997366, 43.0552429 ], [ -87.997502, 43.0552269 ], [ -87.997501, 43.0548969 ], [ -87.997499, 43.0539069 ], [ -87.9974903, 43.0526139 ], [ -87.997485, 43.0519809 ], [ -87.997482, 43.0515819 ], [ -87.997339, 43.0515629 ], [ -87.996913, 43.0515089 ], [ -87.996771, 43.0514909 ], [ -87.996532, 43.0514619 ], [ -87.995815, 43.0513749 ], [ -87.995577, 43.0513469 ], [ -87.995538, 43.0513419 ], [ -87.995423, 43.0513279 ], [ -87.995385, 43.0513239 ], [ -87.995265, 43.0513089 ], [ -87.994906, 43.0512659 ], [ -87.994787, 43.0512519 ], [ -87.994668, 43.0512369 ], [ -87.994311, 43.0511949 ], [ -87.994192, 43.0511809 ], [ -87.993969, 43.0511539 ], [ -87.993303, 43.0510729 ], [ -87.993081, 43.0510469 ], [ -87.992855, 43.0510199 ], [ -87.992502, 43.0509779 ], [ -87.992181, 43.0509129 ], [ -87.991959, 43.0508679 ], [ -87.991933, 43.0508629 ], [ -87.991858, 43.0508479 ], [ -87.9918341, 43.0508429 ], [ -87.991638, 43.0508029 ], [ -87.991051, 43.0506849 ], [ -87.990856, 43.0506459 ], [ -87.990629, 43.0505999 ], [ -87.9899491, 43.0504619 ], [ -87.9897231, 43.0504169 ], [ -87.9896721, 43.0504069 ], [ -87.9895211, 43.0503769 ], [ -87.9894711, 43.0503669 ], [ -87.9892911, 43.0503299 ], [ -87.9887531, 43.0502219 ], [ -87.9885741, 43.0501859 ], [ -87.9883681, 43.0501439 ], [ -87.9881451, 43.0500989 ], [ -87.9875487, 43.0499947 ], [ -87.9875562, 43.0516109 ], [ -87.98756250000001, 43.0529592 ], [ -87.9875645, 43.0533979 ], [ -87.9875582, 43.0552864 ], [ -87.987558, 43.0553339 ], [ -87.9875578, 43.0554176 ], [ -87.9875522, 43.057101 ], [ -87.9875489, 43.0580883 ], [ -87.9875463, 43.058863 ], [ -87.9875402, 43.060706499999988 ] ] ] } },
{ "type": "Feature", "properties": { "rep_unit_id": 461, "ward": "City of Wauwatosa Ward 4B", "county": "MILWAUKEE" }, "geometry": { "type": "Polygon", "coordinates": [ [ [ -87.997502, 43.0552269 ], [ -87.997724, 43.0552259 ], [ -87.998392, 43.0552249 ], [ -87.998615, 43.0552249 ], [ -87.998837, 43.0552249 ], [ -87.999504, 43.0552249 ], [ -87.999727, 43.0552259 ], [ -87.999951, 43.0552259 ], [ -88.000625, 43.0552279 ], [ -88.00085, 43.0552289 ], [ -88.001092, 43.0552289 ], [ -88.001818, 43.0552299 ], [ -88.00206, 43.0552309 ], [ -88.002332, 43.0552309 ], [ -88.003149, 43.055231899999988 ], [ -88.003422, 43.0552329 ], [ -88.003692, 43.0552329 ], [ -88.004506, 43.0552329 ], [ -88.004777, 43.0552339 ], [ -88.0055539, 43.0552461 ], [ -88.0057784, 43.0552463 ], [ -88.0060267, 43.0552466 ], [ -88.007142, 43.0552399 ], [ -88.007427, 43.0552409 ], [ -88.007425, 43.0549999 ], [ -88.007421, 43.0542769 ], [ -88.00742, 43.0540369 ], [ -88.007418, 43.0537639 ], [ -88.007415, 43.0529469 ], [ -88.007414, 43.0526749 ], [ -88.0074151, 43.0521246 ], [ -88.0074147, 43.0519806 ], [ -88.007412, 43.0518479 ], [ -88.007411, 43.0516469 ], [ -88.007409, 43.0510469 ], [ -88.007409, 43.0508469 ], [ -88.007408, 43.0507779 ], [ -88.007408, 43.0505719 ], [ -88.007408, 43.0505039 ], [ -88.007309, 43.0504199 ], [ -88.007012, 43.0501709 ], [ -88.006913, 43.0500879 ], [ -88.0063362, 43.0505208 ], [ -88.006191, 43.0506244 ], [ -88.0061751, 43.0506361 ], [ -88.0056879, 43.0509956 ], [ -88.0054432, 43.0511761 ], [ -88.0053464, 43.0512321 ], [ -88.0048761, 43.0514819 ], [ -88.0048141, 43.0515169 ], [ -88.0044851, 43.0516639 ], [ -88.003498100000016, 43.0521069 ], [ -88.0031701, 43.0522549 ], [ -88.0031251, 43.0522489 ], [ -88.0029921, 43.0522329 ], [ -88.0029481, 43.0522279 ], [ -88.002767100000014, 43.0522059 ], [ -88.0022241, 43.0521419 ], [ -88.0020441, 43.0521209 ], [ -88.0018951, 43.0521029 ], [ -88.000143, 43.051893299999989 ], [ -88.0000903, 43.051887 ], [ -87.9997971, 43.0518519 ], [ -87.9997201, 43.0518429 ], [ -87.9995311, 43.0518199 ], [ -87.9989631, 43.0517529 ], [ -87.998775099999989, 43.0517309 ], [ -87.9987411, 43.0517259 ], [ -87.9986401, 43.0517139 ], [ -87.998607100000015, 43.0517109 ], [ -87.9983821, 43.0516849 ], [ -87.9977061, 43.0516069 ], [ -87.997482, 43.0515819 ], [ -87.997485, 43.0519809 ], [ -87.9974903, 43.0526139 ], [ -87.997499, 43.0539069 ], [ -87.997501, 43.0548969 ], [ -87.997502, 43.0552269 ] ] ] } },
{ "type": "Feature", "properties": { "rep_unit_id": 462, "ward": "City of Wauwatosa Ward 5", "county": "MILWAUKEE" }, "geometry": { "type": "Polygon", "coordinates": [ [ [ -88.0074643, 43.0607517 ], [ -88.009351099999989, 43.0607227 ], [ -88.0096081, 43.0607187 ], [ -88.011468, 43.0606789 ], [ -88.01247, 43.0606639 ], [ -88.012663, 43.0606609 ], [ -88.013243, 43.0606509 ], [ -88.013437, 43.0606489 ], [ -88.013496, 43.0606479 ], [ -88.013673, 43.0606439 ], [ -88.013732, 43.0606439 ], [ -88.013979, 43.0606399 ], [ -88.014907, 43.0606371 ], [ -88.01497, 43.0606361 ], [ -88.0151404, 43.0606335 ], [ -88.0153739, 43.060629899999988 ], [ -88.015608, 43.0606262 ], [ -88.016166, 43.0606069 ], [ -88.016166, 43.0603959 ], [ -88.016167, 43.0597639 ], [ -88.016168, 43.0595539 ], [ -88.016168, 43.0593449 ], [ -88.01617, 43.0587189 ], [ -88.016171, 43.0585109 ], [ -88.016432, 43.0585049 ], [ -88.017217, 43.0584889 ], [ -88.017479, 43.0584849 ], [ -88.017479, 43.0581939 ], [ -88.017479, 43.0580779 ], [ -88.01748, 43.0578069 ], [ -88.017486, 43.0557759 ], [ -88.017488, 43.0550999 ], [ -88.017488, 43.0547519 ], [ -88.017491, 43.0537099 ], [ -88.0174946, 43.053374 ], [ -88.01732, 43.0532359 ], [ -88.016807, 43.0528549 ], [ -88.016754, 43.0528149 ], [ -88.016636, 43.0527279 ], [ -88.016546, 43.0526609 ], [ -88.016276, 43.0524599 ], [ -88.016186, 43.0523929 ], [ -88.016166, 43.052377899999989 ], [ -88.016107, 43.0523349 ], [ -88.016088, 43.0523209 ], [ -88.016536, 43.0520779 ], [ -88.01672, 43.0519799 ], [ -88.016892, 43.0519089 ], [ -88.017186, 43.0518469 ], [ -88.01791, 43.0518209 ], [ -88.018018, 43.0518039 ], [ -88.018123, 43.0517879 ], [ -88.018389, 43.0516839 ], [ -88.018486, 43.0516159 ], [ -88.018472, 43.0515779 ], [ -88.018433, 43.0514659 ], [ -88.01842, 43.0514289 ], [ -88.018209, 43.0513909 ], [ -88.01795, 43.0513449 ], [ -88.017577, 43.0512929 ], [ -88.017366, 43.0512649 ], [ -88.016983, 43.0512129 ], [ -88.016169, 43.0511419 ], [ -88.016141, 43.0511389 ], [ -88.014584, 43.0510039 ], [ -88.012892, 43.0506649 ], [ -88.012486, 43.0506399 ], [ -88.011257, 43.0505649 ], [ -88.011085, 43.0505539 ], [ -88.01098, 43.0505469 ], [ -88.010915, 43.0505439 ], [ -88.010422, 43.0504489 ], [ -88.0099103, 43.0502991 ], [ -88.009343, 43.0501017 ], [ -88.0093147, 43.0500918 ], [ -88.009197, 43.0500409 ], [ -88.009063, 43.0501599 ], [ -88.008711, 43.0504749 ], [ -88.008658, 43.0505099 ], [ -88.00851, 43.0506109 ], [ -88.008299, 43.0507019 ], [ -88.007987, 43.0508379 ], [ -88.007638, 43.0508429 ], [ -88.007409, 43.0508469 ], [ -88.007409, 43.0510469 ], [ -88.007411, 43.0516469 ], [ -88.007412, 43.0518479 ], [ -88.0074147, 43.0519806 ], [ -88.0074151, 43.0521246 ], [ -88.007414, 43.0526749 ], [ -88.007415, 43.0529469 ], [ -88.007418, 43.0537639 ], [ -88.00742, 43.0540369 ], [ -88.007421, 43.0542769 ], [ -88.007425, 43.0549999 ], [ -88.007427, 43.0552409 ], [ -88.0074339, 43.0558648 ], [ -88.0074341, 43.0559101 ], [ -88.007435, 43.05605 ], [ -88.007436, 43.0562126 ], [ -88.007435, 43.0564509 ], [ -88.007435, 43.056593899999989 ], [ -88.007438, 43.0570239 ], [ -88.007439, 43.0571679 ], [ -88.007439, 43.0572529 ], [ -88.007441, 43.0575119 ], [ -88.007442, 43.0575979 ], [ -88.007442, 43.0576879 ], [ -88.007444, 43.0579609 ], [ -88.007445, 43.0580519 ], [ -88.007445, 43.0581779 ], [ -88.007448, 43.0585579 ], [ -88.007449, 43.0586849 ], [ -88.007449, 43.0587269 ], [ -88.007449, 43.058853899999988 ], [ -88.00745, 43.0588969 ], [ -88.007451, 43.0590789 ], [ -88.007454, 43.0596279 ], [ -88.007456, 43.0598109 ], [ -88.007457, 43.0599959 ], [ -88.00746, 43.0605539 ], [ -88.0074643, 43.0607517 ] ] ] } },
{ "type": "Feature", "properties": { "rep_unit_id": 463, "ward": "City of Wauwatosa Ward 6A", "county": "MILWAUKEE" }, "geometry": { "type": "Polygon", "coordinates": [ [ [ -88.0271012, 43.0567019 ], [ -88.0274753, 43.0567077 ], [ -88.0274754, 43.056598 ], [ -88.027478, 43.0563069 ], [ -88.027481, 43.0562619 ], [ -88.027479, 43.0562359 ], [ -88.027479, 43.0562109 ], [ -88.02748, 43.0561459 ], [ -88.027482, 43.0560239 ], [ -88.027485, 43.0558449 ], [ -88.027552, 43.0555829 ], [ -88.027598, 43.0554839 ], [ -88.027679, 43.055315899999989 ], [ -88.027846, 43.0549889 ], [ -88.028275, 43.0541539 ], [ -88.028369, 43.0540229 ], [ -88.028584, 43.0537269 ], [ -88.028925, 43.0534039 ], [ -88.029332, 43.0531229 ], [ -88.029793, 43.0528919 ], [ -88.030327, 43.0527089 ], [ -88.034233, 43.0519539 ], [ -88.03632, 43.0515509 ], [ -88.037105, 43.0513999 ], [ -88.037745, 43.0511959 ], [ -88.038272, 43.0509869 ], [ -88.039265, 43.0505639 ], [ -88.039716, 43.0503439 ], [ -88.039832, 43.0502879 ], [ -88.039907, 43.0502509 ], [ -88.039825, 43.050129899999988 ], [ -88.039735, 43.0499959 ], [ -88.039419, 43.0495279 ], [ -88.039071, 43.0490099 ], [ -88.039008, 43.0489169 ], [ -88.03893, 43.0488009 ], [ -88.037982, 43.0476379 ], [ -88.037812, 43.0474289 ], [ -88.035899, 43.0453519 ], [ -88.03574, 43.0453279 ], [ -88.035533, 43.0452969 ], [ -88.035353, 43.0452689 ], [ -88.034956, 43.0452079 ], [ -88.034231, 43.0450969 ], [ -88.034079, 43.0450739 ], [ -88.03368, 43.0450129 ], [ -88.033081, 43.0449219 ], [ -88.031124, 43.0447929 ], [ -88.031002, 43.0447849 ], [ -88.029669, 43.0448579 ], [ -88.028072, 43.044945899999988 ], [ -88.026201, 43.0450489 ], [ -88.025233, 43.0451019 ], [ -88.025076, 43.0451299 ], [ -88.022734, 43.0455629 ], [ -88.022182, 43.045631899999989 ], [ -88.021736, 43.0456869 ], [ -88.021704, 43.0456919 ], [ -88.02105, 43.0457739 ], [ -88.020614, 43.0458109 ], [ -88.020566, 43.0458139 ], [ -88.020422, 43.0458269 ], [ -88.020375, 43.0458319 ], [ -88.020209, 43.0458449 ], [ -88.019713, 43.0458879 ], [ -88.019602, 43.0458979 ], [ -88.019548, 43.0458989 ], [ -88.019278, 43.0459059 ], [ -88.01847, 43.0459299 ], [ -88.018201, 43.0459379 ], [ -88.0167856, 43.0459791 ], [ -88.0165799, 43.0459822 ], [ -88.0163929, 43.045985 ], [ -88.0162059, 43.0459879 ], [ -88.0160189, 43.0459907 ], [ -88.015669, 43.045996 ], [ -88.015148, 43.0462329 ], [ -88.013784199999989, 43.0467965 ], [ -88.013333, 43.0469829 ], [ -88.012728, 43.0472329 ], [ -88.012677, 43.047252899999989 ], [ -88.012526, 43.0473169 ], [ -88.012476, 43.0473379 ], [ -88.0121607, 43.0474801 ], [ -88.0120293, 43.0475382 ], [ -88.011925800000014, 43.0475839 ], [ -88.0118264, 43.0476279 ], [ -88.0117817, 43.0476477 ], [ -88.0116247, 43.0477171 ], [ -88.0113107, 43.0478559 ], [ -88.0111505, 43.0479268 ], [ -88.0109821, 43.0480012 ], [ -88.0108137, 43.0480756 ], [ -88.0106215, 43.0481606 ], [ -88.010416400000011, 43.0482513 ], [ -88.0102946, 43.0483052 ], [ -88.0100708, 43.0484041 ], [ -88.0098621, 43.0484964 ], [ -88.0096174, 43.0485982 ], [ -88.0090739, 43.0489046 ], [ -88.0088524, 43.0490264 ], [ -88.0085959, 43.0491684 ], [ -88.0084087, 43.0492703 ], [ -88.0083824, 43.0492847 ], [ -88.0081222, 43.0494278 ], [ -88.0073301, 43.0498415 ], [ -88.0071845, 43.0499278 ], [ -88.006913, 43.0500879 ], [ -88.007012, 43.0501709 ], [ -88.007309, 43.0504199 ], [ -88.007408, 43.0505039 ], [ -88.007408, 43.0505719 ], [ -88.007408, 43.0507779 ], [ -88.007409, 43.0508469 ], [ -88.007638, 43.0508429 ], [ -88.007987, 43.0508379 ], [ -88.008299, 43.0507019 ], [ -88.00851, 43.0506109 ], [ -88.008658, 43.0505099 ], [ -88.008711, 43.0504749 ], [ -88.009063, 43.0501599 ], [ -88.009197, 43.0500409 ], [ -88.0093147, 43.0500918 ], [ -88.009343, 43.0501017 ], [ -88.0099103, 43.0502991 ], [ -88.010422, 43.0504489 ], [ -88.010915, 43.0505439 ], [ -88.01098, 43.0505469 ], [ -88.011085, 43.0505539 ], [ -88.011257, 43.0505649 ], [ -88.012486, 43.0506399 ], [ -88.012892, 43.0506649 ], [ -88.014584, 43.0510039 ], [ -88.016141, 43.0511389 ], [ -88.016169, 43.0511419 ], [ -88.016983, 43.0512129 ], [ -88.017366, 43.0512649 ], [ -88.017577, 43.0512929 ], [ -88.01795, 43.0513449 ], [ -88.018209, 43.0513909 ], [ -88.01842, 43.0514289 ], [ -88.018472, 43.0514379 ], [ -88.018628, 43.0514669 ], [ -88.018681, 43.0514769 ], [ -88.019074, 43.0515739 ], [ -88.019168, 43.0515979 ], [ -88.019452, 43.0517129 ], [ -88.019725, 43.0518929 ], [ -88.019934, 43.0521139 ], [ -88.020022, 43.0522719 ], [ -88.020049, 43.0523199 ], [ -88.020108, 43.0525379 ], [ -88.020101, 43.0526629 ], [ -88.020097, 43.0527289 ], [ -88.020079, 43.0530469 ], [ -88.02007, 43.0532089 ], [ -88.020143, 43.0535889 ], [ -88.020234, 43.0537899 ], [ -88.020371, 43.0539979 ], [ -88.02047, 43.0540939 ], [ -88.020748, 43.0543619 ], [ -88.02101, 43.0545429 ], [ -88.021303, 43.0547029 ], [ -88.021565, 43.0548109 ], [ -88.022441, 43.0551739 ], [ -88.0228698, 43.0554442 ], [ -88.022905, 43.0554654 ], [ -88.0229393, 43.0554869 ], [ -88.0229738, 43.0555083 ], [ -88.0230085, 43.0555296 ], [ -88.0230434, 43.0555507 ], [ -88.0230784, 43.0555716 ], [ -88.0230852, 43.0555756 ], [ -88.0231137, 43.055592399999988 ], [ -88.0231491, 43.0556129 ], [ -88.0231848, 43.0556334 ], [ -88.0232206, 43.0556536 ], [ -88.023256500000016, 43.0556737 ], [ -88.0232927, 43.0556936 ], [ -88.023329, 43.0557134 ], [ -88.023365400000017, 43.0557329 ], [ -88.0234021, 43.0557523 ], [ -88.0234389, 43.0557716 ], [ -88.023476, 43.0557906 ], [ -88.0235131, 43.055809499999988 ], [ -88.0235505, 43.0558282 ], [ -88.023588, 43.055846699999989 ], [ -88.0236256, 43.055865 ], [ -88.0236634, 43.0558832 ], [ -88.0237014, 43.0559012 ], [ -88.0237396, 43.055919 ], [ -88.0237779, 43.0559366 ], [ -88.0238163, 43.055954 ], [ -88.023854899999989, 43.0559713 ], [ -88.0238936, 43.0559884 ], [ -88.0239326, 43.0560052 ], [ -88.0239733, 43.0560212 ], [ -88.0239786, 43.0560233 ], [ -88.0249459, 43.0563328 ], [ -88.0249933, 43.0563462 ], [ -88.0250408, 43.0563595 ], [ -88.0250884, 43.0563725 ], [ -88.0251362, 43.0563854 ], [ -88.025184, 43.056398 ], [ -88.0252319, 43.0564104 ], [ -88.0252799, 43.0564227 ], [ -88.0253281, 43.0564347 ], [ -88.0253517, 43.0564405 ], [ -88.0253763, 43.0564465 ], [ -88.0254246, 43.0564581 ], [ -88.025473, 43.0564695 ], [ -88.0255215, 43.0564808 ], [ -88.02557, 43.0564917 ], [ -88.0256187, 43.0565026 ], [ -88.025667399999989, 43.0565131 ], [ -88.0257163, 43.0565236 ], [ -88.0257652, 43.0565338 ], [ -88.0257764, 43.056536 ], [ -88.0258141, 43.0565437 ], [ -88.025863199999989, 43.0565535 ], [ -88.0259124, 43.0565631 ], [ -88.0259616, 43.0565725 ], [ -88.0260108, 43.0565816 ], [ -88.0260602, 43.0565906 ], [ -88.0261096, 43.0565993 ], [ -88.026159100000015, 43.0566078 ], [ -88.0262011, 43.0566149 ], [ -88.0262087, 43.0566162 ], [ -88.0262583, 43.0566243 ], [ -88.026308, 43.0566321 ], [ -88.0263577, 43.0566399 ], [ -88.0263927, 43.0566451 ], [ -88.0264277, 43.0566501 ], [ -88.0264628, 43.0566549 ], [ -88.0264979, 43.0566594 ], [ -88.0265331, 43.0566637 ], [ -88.0265684, 43.0566678 ], [ -88.0266037, 43.056671699999988 ], [ -88.0266258, 43.0566739 ], [ -88.026639, 43.0566753 ], [ -88.0266744, 43.0566787 ], [ -88.0267098, 43.0566819 ], [ -88.0267453, 43.0566848 ], [ -88.0267808, 43.056687599999989 ], [ -88.0268163, 43.0566901 ], [ -88.0268518, 43.056692399999989 ], [ -88.0268874, 43.0566944 ], [ -88.026923, 43.0566962 ], [ -88.0269586, 43.0566978 ], [ -88.0269942, 43.0566992 ], [ -88.0270299, 43.0567003 ], [ -88.0270505, 43.0567008 ], [ -88.0270656, 43.0567012 ], [ -88.0271012, 43.0567019 ] ] ] } },
{ "type": "Feature", "properties": { "rep_unit_id": 465, "ward": "City of Wauwatosa Ward 7A", "county": "MILWAUKEE" }, "geometry": { "type": "Polygon", "coordinates": [ [ [ -88.0475725, 43.0555172 ], [ -88.0475682, 43.0552905 ], [ -88.0475679, 43.0552738 ], [ -88.04753, 43.0534489 ], [ -88.047521, 43.0529329 ], [ -88.047519, 43.0528519 ], [ -88.047508, 43.0523439 ], [ -88.0474759, 43.0505285 ], [ -88.0474654, 43.0500008 ], [ -88.0473778, 43.0455872 ], [ -88.0495127, 43.0455693 ], [ -88.0495832, 43.0455687 ], [ -88.0499589, 43.0455656 ], [ -88.0505613, 43.0455605 ], [ -88.0505701, 43.0455605 ], [ -88.0508441, 43.0455582 ], [ -88.0509354, 43.0455574 ], [ -88.050938, 43.0455574 ], [ -88.0511276, 43.045555799999988 ], [ -88.0511668, 43.0455554 ], [ -88.053296, 43.0455259 ], [ -88.05393, 43.0455209 ], [ -88.054396, 43.0455169 ], [ -88.055794, 43.0455049 ], [ -88.056261, 43.0455019 ], [ -88.056255, 43.0451839 ], [ -88.05624, 43.0442299 ], [ -88.056236, 43.0439579 ], [ -88.05624, 43.0439129 ], [ -88.056234, 43.0438679 ], [ -88.056233, 43.0438199 ], [ -88.05623270000001, 43.0435829 ], [ -88.0562305, 43.043446 ], [ -88.056228, 43.0434469 ], [ -88.056224, 43.0432346 ], [ -88.056224, 43.0432019 ], [ -88.0562222, 43.0431206 ], [ -88.0562155, 43.0426869 ], [ -88.0562146, 43.0426284 ], [ -88.0562135, 43.04255 ], [ -88.0562107, 43.0423765 ], [ -88.0562089, 43.0422689 ], [ -88.0562028, 43.0418892 ], [ -88.0562009, 43.0417755 ], [ -88.0561976, 43.0415719 ], [ -88.0561938, 43.0413385 ], [ -88.0561905, 43.0411312 ], [ -88.0561869, 43.04091 ], [ -88.0561829, 43.040642 ], [ -88.0561786, 43.0403777 ], [ -88.0551362, 43.0405434 ], [ -88.0546178, 43.0406254 ], [ -88.0540808, 43.0407102 ], [ -88.0538689, 43.0407437 ], [ -88.0522735, 43.0408336 ], [ -88.0504944, 43.040924 ], [ -88.049242, 43.0409876 ], [ -88.047314899999989, 43.0410855 ], [ -88.047237, 43.0382878 ], [ -88.047246, 43.0381158 ], [ -88.047187, 43.037689799999988 ], [ -88.046985, 43.0364488 ], [ -88.046967, 43.0362178 ], [ -88.046988, 43.0356958 ], [ -88.047037, 43.0350807 ], [ -88.0470375, 43.0350775 ], [ -88.0470137, 43.0350759 ], [ -88.0466414, 43.0350513 ], [ -88.0459946, 43.0350011 ], [ -88.0443919, 43.0348767 ], [ -88.042250600000017, 43.0347146 ], [ -88.040942, 43.0347839 ], [ -88.0372848, 43.0349773 ], [ -88.0366159, 43.035012099999989 ], [ -88.0359469, 43.0350469 ], [ -88.0353324, 43.0350788 ], [ -88.0341212, 43.0351418 ], [ -88.0336277, 43.035168 ], [ -88.0334671, 43.0351888 ], [ -88.0334263, 43.0351941 ], [ -88.0331867, 43.0352251 ], [ -88.033076, 43.0359999 ], [ -88.032796, 43.0383489 ], [ -88.032724, 43.0388669 ], [ -88.032714, 43.0390229 ], [ -88.032676, 43.039682899999988 ], [ -88.032683, 43.0400169 ], [ -88.032713, 43.0403249 ], [ -88.032815, 43.0407409 ], [ -88.033047, 43.0413929 ], [ -88.033155, 43.0416089 ], [ -88.033263, 43.0420669 ], [ -88.033698, 43.0427689 ], [ -88.034176, 43.0435309 ], [ -88.034233, 43.0435909 ], [ -88.035899, 43.0453519 ], [ -88.037812, 43.0474289 ], [ -88.037982, 43.0476379 ], [ -88.03893, 43.0488009 ], [ -88.039008, 43.0489169 ], [ -88.039071, 43.0490099 ], [ -88.039419, 43.0495279 ], [ -88.039735, 43.0499959 ], [ -88.039825, 43.050129899999988 ], [ -88.039907, 43.0502509 ], [ -88.040272, 43.0507919 ], [ -88.040354, 43.0509319 ], [ -88.040562, 43.0512889 ], [ -88.041281, 43.0522419 ], [ -88.041875, 43.0529609 ], [ -88.042275, 43.0533059 ], [ -88.042635, 43.0535829 ], [ -88.042911, 43.0537899 ], [ -88.043201, 43.0539689 ], [ -88.043505, 43.0541079 ], [ -88.043851, 43.0542869 ], [ -88.044598, 43.0545949 ], [ -88.044998, 43.0547189 ], [ -88.045785, 43.0549839 ], [ -88.046162, 43.0551239 ], [ -88.0475725, 43.0555172 ] ] ] } },
{ "type": "Feature", "properties": { "rep_unit_id": 467, "ward": "City of Wauwatosa Ward 8A", "county": "MILWAUKEE" }, "geometry": { "type": "Polygon", "coordinates": [ [ [ -88.056228, 43.0434469 ], [ -88.0562305, 43.043446 ], [ -88.057533, 43.0429749 ], [ -88.058306, 43.0426949 ], [ -88.061448, 43.0415589 ], [ -88.062753, 43.041086899999989 ], [ -88.063193, 43.0409389 ], [ -88.063427, 43.0408599 ], [ -88.063448, 43.0408529 ], [ -88.063596, 43.0408059 ], [ -88.063772, 43.0407539 ], [ -88.063945, 43.0407089 ], [ -88.064131, 43.0406539 ], [ -88.064496, 43.0405669 ], [ -88.064939, 43.0404639 ], [ -88.065477, 43.0403509 ], [ -88.065585, 43.0403309 ], [ -88.065817, 43.0402899 ], [ -88.06631, 43.0402159 ], [ -88.066425, 43.0401989 ], [ -88.066612, 43.0401729 ], [ -88.066773, 43.0401529 ], [ -88.0669579, 43.0401298 ], [ -88.0669815, 43.0381582 ], [ -88.0669843, 43.0371803 ], [ -88.0669846, 43.0370839 ], [ -88.0669855, 43.0366974 ], [ -88.0669867, 43.036512599999988 ], [ -88.0667505, 43.036527 ], [ -88.0667049, 43.0365296 ], [ -88.066659199999989, 43.0365321 ], [ -88.0666135, 43.0365343 ], [ -88.0665679, 43.0365363 ], [ -88.0665222, 43.0365381 ], [ -88.066476400000013, 43.0365397 ], [ -88.0664307, 43.0365411 ], [ -88.066385, 43.0365423 ], [ -88.0663392, 43.0365432 ], [ -88.0662934, 43.0365439 ], [ -88.0662477, 43.0365445 ], [ -88.0662019, 43.0365448 ], [ -88.0661561, 43.0365448 ], [ -88.0661104, 43.0365447 ], [ -88.0661052, 43.0365447 ], [ -88.0660646, 43.0365444 ], [ -88.0660189, 43.0365438 ], [ -88.0659731, 43.036543 ], [ -88.0659274, 43.0365421 ], [ -88.0658816, 43.0365408 ], [ -88.0658359, 43.0365394 ], [ -88.0657902, 43.0365378 ], [ -88.0657445, 43.0365359 ], [ -88.0656988, 43.0365339 ], [ -88.0656531, 43.0365316 ], [ -88.0656075, 43.0365291 ], [ -88.0655619, 43.0365264 ], [ -88.0655163, 43.0365234 ], [ -88.0654707, 43.0365203 ], [ -88.0654252, 43.036517 ], [ -88.062723100000014, 43.036311 ], [ -88.0605657, 43.0361478 ], [ -88.0582144, 43.0359698 ], [ -88.0582166, 43.0361315 ], [ -88.0582693, 43.0400444 ], [ -88.0572251, 43.0402113 ], [ -88.0561786, 43.0403777 ], [ -88.0561829, 43.040642 ], [ -88.0561869, 43.04091 ], [ -88.0561905, 43.0411312 ], [ -88.0561938, 43.0413385 ], [ -88.0561976, 43.0415719 ], [ -88.0562009, 43.0417755 ], [ -88.0562028, 43.0418892 ], [ -88.0562089, 43.0422689 ], [ -88.0562107, 43.0423765 ], [ -88.0562135, 43.04255 ], [ -88.0562146, 43.0426284 ], [ -88.0562155, 43.0426869 ], [ -88.0562222, 43.0431206 ], [ -88.056224, 43.0432019 ], [ -88.056224, 43.0432346 ], [ -88.056228, 43.0434469 ] ] ] } },
{ "type": "Feature", "properties": { "rep_unit_id": 469, "ward": "City of Wauwatosa Ward 9", "county": "MILWAUKEE" }, "geometry": { "type": "Polygon", "coordinates": [ [ [ -88.055159, 43.0527749 ], [ -88.055611, 43.0527669 ], [ -88.057463, 43.0527479 ], [ -88.057717, 43.0527449 ], [ -88.05848, 43.0527379 ], [ -88.058735, 43.0527369 ], [ -88.058966, 43.0527349 ], [ -88.059662, 43.0527289 ], [ -88.059894, 43.0527279 ], [ -88.060141, 43.0527259 ], [ -88.060884, 43.0527189 ], [ -88.061132, 43.0527179 ], [ -88.061337, 43.0527159 ], [ -88.061954, 43.0527109 ], [ -88.06216, 43.0527099 ], [ -88.062394, 43.0527079 ], [ -88.063099, 43.0527009 ], [ -88.063334, 43.0526999 ], [ -88.063568, 43.0526979 ], [ -88.064273, 43.0526919 ], [ -88.064508, 43.0526909 ], [ -88.06473, 43.0526889 ], [ -88.065398, 43.0526829 ], [ -88.065621, 43.0526819 ], [ -88.065867, 43.0526799 ], [ -88.0668583, 43.0526826 ], [ -88.066868, 43.0508674 ], [ -88.0668767, 43.0490527 ], [ -88.0668863, 43.0472381 ], [ -88.066896, 43.0454233 ], [ -88.0669019, 43.0449212 ], [ -88.066908, 43.0443884 ], [ -88.0669084, 43.0443655 ], [ -88.0669111, 43.044114 ], [ -88.0669124, 43.0440454 ], [ -88.066932799999989, 43.0422431 ], [ -88.066956499999989, 43.0402498 ], [ -88.0669576, 43.0401576 ], [ -88.0669579, 43.0401298 ], [ -88.066773, 43.0401529 ], [ -88.066612, 43.0401729 ], [ -88.066425, 43.0401989 ], [ -88.06631, 43.0402159 ], [ -88.065817, 43.0402899 ], [ -88.065585, 43.0403309 ], [ -88.065477, 43.0403509 ], [ -88.064939, 43.0404639 ], [ -88.064496, 43.0405669 ], [ -88.064131, 43.0406539 ], [ -88.063945, 43.0407089 ], [ -88.063772, 43.0407539 ], [ -88.063596, 43.0408059 ], [ -88.063448, 43.0408529 ], [ -88.063427, 43.0408599 ], [ -88.063193, 43.0409389 ], [ -88.062753, 43.041086899999989 ], [ -88.061448, 43.0415589 ], [ -88.058306, 43.0426949 ], [ -88.057533, 43.0429749 ], [ -88.0562305, 43.043446 ], [ -88.05623270000001, 43.0435829 ], [ -88.056233, 43.0438199 ], [ -88.056234, 43.0438679 ], [ -88.05624, 43.0439129 ], [ -88.056236, 43.0439579 ], [ -88.05624, 43.0442299 ], [ -88.056255, 43.0451839 ], [ -88.056261, 43.0455019 ], [ -88.055794, 43.0455049 ], [ -88.054396, 43.0455169 ], [ -88.05393, 43.0455209 ], [ -88.053969, 43.0473639 ], [ -88.054017, 43.0496219 ], [ -88.0542462, 43.049602299999989 ], [ -88.054310199999989, 43.0496015 ], [ -88.0544102, 43.0496036 ], [ -88.0545096, 43.0496122 ], [ -88.0546076, 43.0496273 ], [ -88.0547033, 43.0496488 ], [ -88.0547961, 43.0496764 ], [ -88.0548851, 43.049709899999989 ], [ -88.054969700000015, 43.0497492 ], [ -88.0550492, 43.0497938 ], [ -88.055144500000011, 43.049856 ], [ -88.0552346, 43.0499222 ], [ -88.0553192, 43.0499923 ], [ -88.055398, 43.0500659 ], [ -88.0554706, 43.0501427 ], [ -88.055537, 43.0502227 ], [ -88.055596799999989, 43.0503053 ], [ -88.0556487, 43.0503885 ], [ -88.0556939, 43.0504738 ], [ -88.0557323, 43.0505609 ], [ -88.0557638, 43.0506495 ], [ -88.055788299999989, 43.0507397 ], [ -88.0558056, 43.0508309 ], [ -88.055815600000017, 43.0509226 ], [ -88.0558183, 43.0510146 ], [ -88.0558135, 43.0511094 ], [ -88.0558008, 43.0512039 ], [ -88.0557805, 43.0512976 ], [ -88.055752500000011, 43.0513903 ], [ -88.0557187, 43.0514776 ], [ -88.055678, 43.0515633 ], [ -88.0556307, 43.0516472 ], [ -88.055577, 43.051729 ], [ -88.0555153, 43.0518102 ], [ -88.055447199999989, 43.0518887 ], [ -88.055373, 43.051964 ], [ -88.055292799999989, 43.0520361 ], [ -88.0552069, 43.0521045 ], [ -88.0551157, 43.0521691 ], [ -88.054860800000014, 43.0523394 ], [ -88.0548013, 43.0523839 ], [ -88.0547491, 43.0524332 ], [ -88.0547048, 43.0524864 ], [ -88.05462, 43.0526799 ], [ -88.054805, 43.0527429 ], [ -88.054953, 43.0527649 ], [ -88.055159, 43.0527749 ] ] ] } },
{ "type": "Feature", "properties": { "rep_unit_id": 472, "ward": "City of Wauwatosa Ward 12A", "county": "MILWAUKEE" }, "geometry": { "type": "Polygon", "coordinates": [ [ [ -88.020614, 43.0458109 ], [ -88.02105, 43.0457739 ], [ -88.021704, 43.0456919 ], [ -88.021736, 43.0456869 ], [ -88.022182, 43.045631899999989 ], [ -88.022734, 43.0455629 ], [ -88.025076, 43.0451299 ], [ -88.025233, 43.0451019 ], [ -88.026201, 43.0450489 ], [ -88.028072, 43.044945899999988 ], [ -88.029669, 43.0448579 ], [ -88.031002, 43.0447849 ], [ -88.031124, 43.0447929 ], [ -88.033081, 43.0449219 ], [ -88.03368, 43.0450129 ], [ -88.034079, 43.0450739 ], [ -88.034231, 43.0450969 ], [ -88.034956, 43.0452079 ], [ -88.035353, 43.0452689 ], [ -88.035533, 43.0452969 ], [ -88.03574, 43.0453279 ], [ -88.035899, 43.0453519 ], [ -88.034233, 43.0435909 ], [ -88.034176, 43.0435309 ], [ -88.033698, 43.0427689 ], [ -88.033263, 43.0420669 ], [ -88.033155, 43.0416089 ], [ -88.033047, 43.0413929 ], [ -88.032815, 43.0407409 ], [ -88.032713, 43.0403249 ], [ -88.032683, 43.0400169 ], [ -88.032676, 43.039682899999988 ], [ -88.032714, 43.0390229 ], [ -88.032724, 43.0388669 ], [ -88.032796, 43.0383489 ], [ -88.033076, 43.0359999 ], [ -88.0331867, 43.0352251 ], [ -88.0314598, 43.0354488 ], [ -88.031461, 43.0356181 ], [ -88.0314797, 43.038253 ], [ -88.0314814, 43.0383631 ], [ -88.0314819, 43.0384728 ], [ -88.0314835, 43.0387829 ], [ -88.0313532, 43.0387831 ], [ -88.0274214, 43.0387941 ], [ -88.0273091, 43.0387944 ], [ -88.0253522, 43.0388439 ], [ -88.0218891, 43.0389327 ], [ -88.0218855, 43.0386233 ], [ -88.0218876, 43.0385135 ], [ -88.0210911, 43.0385219 ], [ -88.0203001, 43.0385429 ], [ -88.0200981, 43.0385469 ], [ -88.0194951, 43.0385629 ], [ -88.0192941, 43.0385689 ], [ -88.0193031, 43.0389779 ], [ -88.0193041, 43.039004899999988 ], [ -88.0193301, 43.0391369 ], [ -88.0193731, 43.0392509 ], [ -88.0194351, 43.0393599 ], [ -88.0196431, 43.0396459 ], [ -88.0198571, 43.0399259 ], [ -88.0198901, 43.0399839 ], [ -88.0199061, 43.0400199 ], [ -88.0199241, 43.0400689 ], [ -88.0199311, 43.0400939 ], [ -88.0199371, 43.0401189 ], [ -88.0199421, 43.0401439 ], [ -88.0199451, 43.0401699 ], [ -88.019962100000015, 43.0404329 ], [ -88.0199881, 43.0408319 ], [ -88.0200011, 43.0410249 ], [ -88.0200221, 43.0413479 ], [ -88.0200081, 43.0416039 ], [ -88.0199991, 43.0417949 ], [ -88.0199951, 43.0419019 ], [ -88.0199631, 43.0420279 ], [ -88.019923100000014, 43.0421239 ], [ -88.0198621, 43.0422209 ], [ -88.0197731, 43.0423229 ], [ -88.0197391, 43.0423549 ], [ -88.0197161, 43.0423749 ], [ -88.0196911, 43.0423949 ], [ -88.0196661, 43.0424139 ], [ -88.0196371, 43.0424309 ], [ -88.0194201, 43.0425759 ], [ -88.0192421, 43.0427109 ], [ -88.0191891, 43.0428009 ], [ -88.0191771, 43.0428319 ], [ -88.0191701, 43.0428529 ], [ -88.0191591, 43.0428979 ], [ -88.0191551, 43.0429289 ], [ -88.0191541, 43.0429489 ], [ -88.0191531, 43.0429719 ], [ -88.0191671, 43.0430699 ], [ -88.0192001, 43.0431539 ], [ -88.0192511, 43.0432319 ], [ -88.020139, 43.0440119 ], [ -88.0202591, 43.0440989 ], [ -88.0203651, 43.0441959 ], [ -88.0204561, 43.0443009 ], [ -88.0205291, 43.0444119 ], [ -88.0205911, 43.0445439 ], [ -88.0206411, 43.0447019 ], [ -88.020678, 43.0448889 ], [ -88.0206821, 43.0449449 ], [ -88.0206901, 43.0450559 ], [ -88.0206841, 43.0452229 ], [ -88.020614, 43.0458109 ] ] ] } },
{ "type": "Feature", "properties": { "rep_unit_id": 474, "ward": "City of Wauwatosa Ward 13", "county": "MILWAUKEE" }, "geometry": { "type": "Polygon", "coordinates": [ [ [ -87.9935146, 43.0680402 ], [ -87.9943397, 43.0680398 ], [ -87.9948055, 43.0680395 ], [ -87.9959634, 43.0680389 ], [ -87.9961899, 43.0680388 ], [ -87.996191, 43.0676589 ], [ -87.996206, 43.0665559 ], [ -87.996211, 43.0661889 ], [ -87.996215, 43.0658249 ], [ -87.996228, 43.0647339 ], [ -87.996233, 43.0643709 ], [ -87.996237, 43.0640069 ], [ -87.996251, 43.0629149 ], [ -87.996256, 43.0625519 ], [ -87.99626, 43.0621859 ], [ -87.996275, 43.0610899 ], [ -87.99628, 43.0607249 ], [ -87.996011, 43.0607229 ], [ -87.995206, 43.0607199 ], [ -87.994938, 43.0607199 ], [ -87.994667, 43.0607189 ], [ -87.993855, 43.0607159 ], [ -87.993585, 43.0607159 ], [ -87.993298, 43.0607149 ], [ -87.992437, 43.0607119 ], [ -87.992151, 43.0607109 ], [ -87.991904, 43.0607099 ], [ -87.991163, 43.0607069 ], [ -87.990916, 43.0607069 ], [ -87.990691, 43.060705899999988 ], [ -87.990018, 43.0607029 ], [ -87.989794, 43.0607029 ], [ -87.989569, 43.0607019 ], [ -87.988895, 43.0606989 ], [ -87.988671, 43.0606989 ], [ -87.9875402, 43.060706499999988 ], [ -87.9875213, 43.0625378 ], [ -87.9875152, 43.063138 ], [ -87.9875027, 43.0643527 ], [ -87.9886366, 43.064357 ], [ -87.9891982, 43.0643585 ], [ -87.9891976, 43.0643766 ], [ -87.989197, 43.0644408 ], [ -87.9891958, 43.064550399999987 ], [ -87.9891947, 43.0646601 ], [ -87.9891936, 43.0647697 ], [ -87.9891925, 43.0648794 ], [ -87.9891914, 43.0649891 ], [ -87.9891903, 43.0650987 ], [ -87.9891891, 43.0652084 ], [ -87.9891879, 43.065318 ], [ -87.9891869, 43.0654277 ], [ -87.9891857, 43.0655374 ], [ -87.9891846, 43.065647 ], [ -87.9891835, 43.0657567 ], [ -87.9891824, 43.0658663 ], [ -87.9891812, 43.0659815 ], [ -87.98918, 43.0660939 ], [ -87.9891796, 43.0661762 ], [ -87.9891783, 43.0662585 ], [ -87.9891772, 43.0663682 ], [ -87.9891761, 43.066478 ], [ -87.989175, 43.0665877 ], [ -87.9891739, 43.0666975 ], [ -87.9891727, 43.0668072 ], [ -87.9891716, 43.066917 ], [ -87.9891705, 43.0670267 ], [ -87.9891693, 43.0671365 ], [ -87.9891682, 43.0672462 ], [ -87.9891681, 43.0672572 ], [ -87.9891671, 43.067356 ], [ -87.9891669, 43.0673779 ], [ -87.989166, 43.0674657 ], [ -87.9891656, 43.0674986 ], [ -87.9891644, 43.0676193 ], [ -87.9893216, 43.0676198 ], [ -87.989322, 43.0675753 ], [ -87.9896139, 43.0675763 ], [ -87.9897262, 43.0675767 ], [ -87.9898385, 43.067577 ], [ -87.990063, 43.0675778 ], [ -87.9902875, 43.0675786 ], [ -87.9907366, 43.0675801 ], [ -87.990848899999989, 43.0675804 ], [ -87.9909611, 43.0675808 ], [ -87.9912173, 43.0675817 ], [ -87.9914044, 43.0675823 ], [ -87.9914663, 43.0675826 ], [ -87.9915944, 43.067583 ], [ -87.991784400000014, 43.0675836 ], [ -87.9919716, 43.0675843 ], [ -87.992083799999989, 43.0675846 ], [ -87.9920981, 43.066186099999989 ], [ -87.9935332, 43.0661909 ], [ -87.9935146, 43.0680402 ] ] ] } },
{ "type": "Feature", "properties": { "rep_unit_id": 475, "ward": "City of Wauwatosa Ward 14", "county": "MILWAUKEE" }, "geometry": { "type": "Polygon", "coordinates": [ [ [ -87.9961899, 43.0680388 ], [ -87.9974252, 43.0680374 ], [ -87.9985344, 43.0680386 ], [ -87.9985512, 43.0680384 ], [ -87.9996283, 43.068039 ], [ -87.9996329, 43.0680368 ], [ -88.000674, 43.0680395 ], [ -88.0006847, 43.0680386 ], [ -88.0011787, 43.0680397 ], [ -88.00186, 43.068039899999988 ], [ -88.0024292, 43.0680395 ], [ -88.002904, 43.068028899999987 ], [ -88.003983, 43.0680299 ], [ -88.003983, 43.0676639 ], [ -88.003983, 43.0676039 ], [ -88.003987, 43.0665679 ], [ -88.003989, 43.0662029 ], [ -88.003988, 43.0658379 ], [ -88.003988, 43.0647429 ], [ -88.003988, 43.0643779 ], [ -88.003989, 43.0640139 ], [ -88.003994, 43.0629219 ], [ -88.003996, 43.0625589 ], [ -88.004001, 43.0621939 ], [ -88.004017, 43.0611009 ], [ -88.004023, 43.0607369 ], [ -88.00383, 43.0607359 ], [ -88.003251, 43.0607359 ], [ -88.003059, 43.0607359 ], [ -88.002865, 43.0607349 ], [ -88.002286, 43.0607339 ], [ -88.002093, 43.0607339 ], [ -88.001847, 43.0607329 ], [ -88.001108, 43.0607329 ], [ -88.000863, 43.0607329 ], [ -88.000638, 43.0607319 ], [ -87.999965, 43.0607319 ], [ -87.999741, 43.0607319 ], [ -87.999518, 43.0607309 ], [ -87.998849, 43.0607299 ], [ -87.998627, 43.0607299 ], [ -87.998404, 43.0607289 ], [ -87.997736, 43.0607289 ], [ -87.997514, 43.0607289 ], [ -87.997267, 43.0607279 ], [ -87.996526, 43.0607249 ], [ -87.99628, 43.0607249 ], [ -87.996275, 43.0610899 ], [ -87.99626, 43.0621859 ], [ -87.996256, 43.0625519 ], [ -87.996251, 43.0629149 ], [ -87.996237, 43.0640069 ], [ -87.996233, 43.0643709 ], [ -87.996228, 43.0647339 ], [ -87.996215, 43.0658249 ], [ -87.996211, 43.0661889 ], [ -87.996206, 43.0665559 ], [ -87.996191, 43.0676589 ], [ -87.9961899, 43.0680388 ] ] ] } },
{ "type": "Feature", "properties": { "rep_unit_id": 476, "ward": "City of Wauwatosa Ward 15", "county": "MILWAUKEE" }, "geometry": { "type": "Polygon", "coordinates": [ [ [ -88.0024086, 43.0694682 ], [ -88.0028431, 43.0694694 ], [ -88.0029554, 43.0694694 ], [ -88.003067700000017, 43.0694694 ], [ -88.003483, 43.0694694 ], [ -88.0035504, 43.0694694 ], [ -88.0039659, 43.0694694 ], [ -88.0040781, 43.0694695 ], [ -88.0041904, 43.0694695 ], [ -88.0045871, 43.0694695 ], [ -88.0046545, 43.0694695 ], [ -88.0050512, 43.0694695 ], [ -88.0051634, 43.0694695 ], [ -88.0052757, 43.0694695 ], [ -88.0056724, 43.0694695 ], [ -88.0057397, 43.0694695 ], [ -88.0061364, 43.0694696 ], [ -88.0062449, 43.0694696 ], [ -88.0063535, 43.0694696 ], [ -88.0067652, 43.0694696 ], [ -88.0068325, 43.0694696 ], [ -88.0071993, 43.0694696 ], [ -88.007423800000012, 43.0694696 ], [ -88.0074252, 43.0693056 ], [ -88.0074284, 43.0689549 ], [ -88.0074284, 43.0689457 ], [ -88.0074363, 43.0680469 ], [ -88.0074375, 43.0677458 ], [ -88.007438, 43.067622299999989 ], [ -88.0075614, 43.0676205 ], [ -88.0076625, 43.0676191 ], [ -88.008010399999989, 43.0676143 ], [ -88.0080106, 43.0675731 ], [ -88.0081228, 43.0675716 ], [ -88.0082351, 43.06757 ], [ -88.0083473, 43.0675685 ], [ -88.0084596, 43.0675669 ], [ -88.0085718, 43.0675653 ], [ -88.0086092, 43.0675648 ], [ -88.0086841, 43.067563799999988 ], [ -88.0087963, 43.0675622 ], [ -88.0089085, 43.0675606 ], [ -88.0090208, 43.0675591 ], [ -88.0091331, 43.0675575 ], [ -88.0092079, 43.0675565 ], [ -88.009245299999989, 43.067556 ], [ -88.0093575, 43.0675544 ], [ -88.0094698, 43.0675528 ], [ -88.0095821, 43.0675513 ], [ -88.0096943, 43.0675497 ], [ -88.0098065, 43.0675482 ], [ -88.0099188, 43.0675466 ], [ -88.0100311, 43.067545 ], [ -88.0101662, 43.0675432 ], [ -88.0102148, 43.067542499999988 ], [ -88.0102784, 43.0675416 ], [ -88.010398099999989, 43.0675399 ], [ -88.0105029, 43.0675385 ], [ -88.0105628, 43.0675376 ], [ -88.010615199999989, 43.0675369 ], [ -88.0107274, 43.0675354 ], [ -88.0108396, 43.0675338 ], [ -88.0109519, 43.0675322 ], [ -88.0110642, 43.0675307 ], [ -88.0111764, 43.0675291 ], [ -88.0112886, 43.0675276 ], [ -88.011344799999989, 43.0675268 ], [ -88.0114009, 43.067526 ], [ -88.011513100000016, 43.0675244 ], [ -88.0116254, 43.0675228 ], [ -88.011737599999989, 43.0675213 ], [ -88.0118499, 43.0675197 ], [ -88.0118948, 43.0675191 ], [ -88.0119621, 43.0675182 ], [ -88.0120744, 43.0675166 ], [ -88.0121679, 43.0675153 ], [ -88.0121866, 43.067515 ], [ -88.0123218, 43.0675131 ], [ -88.0124452, 43.0675114 ], [ -88.0124677, 43.0675111 ], [ -88.0126137, 43.0675091 ], [ -88.0130764, 43.0675026 ], [ -88.0135392, 43.0674962 ], [ -88.013707599999989, 43.0674939 ], [ -88.013876, 43.0674915 ], [ -88.014325, 43.0674852 ], [ -88.0147776, 43.0674789 ], [ -88.014946, 43.0674765 ], [ -88.014941, 43.0671399 ], [ -88.014947, 43.0663629 ], [ -88.014949, 43.0661039 ], [ -88.01495, 43.0657379 ], [ -88.014954, 43.0646429 ], [ -88.014956, 43.0642779 ], [ -88.014957, 43.0639129 ], [ -88.014961, 43.0628179 ], [ -88.014963, 43.0624539 ], [ -88.014964, 43.062087899999987 ], [ -88.014968, 43.0609899 ], [ -88.01497, 43.0606361 ], [ -88.014907, 43.0606371 ], [ -88.013979, 43.0606399 ], [ -88.013732, 43.0606439 ], [ -88.013673, 43.0606439 ], [ -88.013496, 43.0606479 ], [ -88.013437, 43.0606489 ], [ -88.013243, 43.0606509 ], [ -88.012663, 43.0606609 ], [ -88.01247, 43.0606639 ], [ -88.011468, 43.0606789 ], [ -88.0096081, 43.0607187 ], [ -88.009351099999989, 43.0607227 ], [ -88.0074643, 43.0607517 ], [ -88.005553, 43.0607379 ], [ -88.005077, 43.0607379 ], [ -88.004866, 43.0607369 ], [ -88.004233, 43.0607369 ], [ -88.004023, 43.0607369 ], [ -88.004017, 43.0611009 ], [ -88.004001, 43.0621939 ], [ -88.003996, 43.0625589 ], [ -88.003994, 43.0629219 ], [ -88.003989, 43.0640139 ], [ -88.003988, 43.0643779 ], [ -88.003988, 43.0647429 ], [ -88.003988, 43.0658379 ], [ -88.003989, 43.0662029 ], [ -88.003987, 43.0665679 ], [ -88.003983, 43.0676039 ], [ -88.003983, 43.0676639 ], [ -88.003983, 43.0680299 ], [ -88.002904, 43.068028899999987 ], [ -88.0024292, 43.0680395 ], [ -88.0024279, 43.0681307 ], [ -88.0024238, 43.0684325 ], [ -88.002423, 43.0684874 ], [ -88.0024211, 43.0686026 ], [ -88.0024209, 43.068641 ], [ -88.0024194, 43.0687206 ], [ -88.0024192, 43.0687672 ], [ -88.0024177, 43.0688386 ], [ -88.0024175, 43.0688934 ], [ -88.0024165, 43.068968 ], [ -88.0024157, 43.0690196 ], [ -88.002414700000017, 43.0690915 ], [ -88.0024143, 43.0691294 ], [ -88.0024131, 43.0692124 ], [ -88.0024127, 43.0692391 ], [ -88.0024106, 43.0693324 ], [ -88.0024112, 43.0693489 ], [ -88.0024089, 43.0694504 ], [ -88.0024086, 43.0694682 ] ] ] } },
{ "type": "Feature", "properties": { "rep_unit_id": 477, "ward": "City of Wauwatosa Ward 16", "county": "MILWAUKEE" }, "geometry": { "type": "Polygon", "coordinates": [ [ [ -88.014946, 43.0674765 ], [ -88.0151144, 43.0674742 ], [ -88.0155709, 43.0674678 ], [ -88.0160273, 43.0674615 ], [ -88.0161957, 43.0674591 ], [ -88.0163642, 43.0674568 ], [ -88.0168243, 43.0674503 ], [ -88.017280500000012, 43.0674439 ], [ -88.0174208, 43.0674419 ], [ -88.0174488, 43.0674416 ], [ -88.0175611, 43.0674399 ], [ -88.017860399999989, 43.0674353 ], [ -88.01801, 43.067433 ], [ -88.0181597, 43.0674307 ], [ -88.018459, 43.067426 ], [ -88.0185713, 43.0674243 ], [ -88.0186836, 43.0674226 ], [ -88.018982799999989, 43.067418 ], [ -88.0191325, 43.0674156 ], [ -88.0192821, 43.0674134 ], [ -88.0195815, 43.0674087 ], [ -88.0196937, 43.067407 ], [ -88.019806, 43.0674053 ], [ -88.0201069, 43.0674006 ], [ -88.0203763, 43.0673965 ], [ -88.0204063, 43.067396 ], [ -88.0207055, 43.0673914 ], [ -88.0209375, 43.0673878 ], [ -88.0211059, 43.0673852 ], [ -88.0212743, 43.0673826 ], [ -88.0214945, 43.0673792 ], [ -88.0217865, 43.0673747 ], [ -88.0218355, 43.0673739 ], [ -88.0220785, 43.0673702 ], [ -88.0223705, 43.0673657 ], [ -88.0224828, 43.067364 ], [ -88.0225951, 43.0673622 ], [ -88.0231171, 43.0673541 ], [ -88.0236335, 43.0673462 ], [ -88.0237457, 43.0673444 ], [ -88.023858, 43.0673427 ], [ -88.0243752, 43.0673347 ], [ -88.0248915, 43.0673267 ], [ -88.0250038, 43.0673256 ], [ -88.0251161, 43.0673232 ], [ -88.0252647, 43.0673209 ], [ -88.0255596, 43.0673164 ], [ -88.0256366, 43.0673151 ], [ -88.0258544, 43.0673118 ], [ -88.0261492, 43.0673072 ], [ -88.0262615, 43.0673055 ], [ -88.0263737, 43.0673038 ], [ -88.0273154, 43.0672892 ], [ -88.0275212, 43.067286 ], [ -88.0275211, 43.0672666 ], [ -88.02751, 43.0661049 ], [ -88.027509, 43.066066899999988 ], [ -88.027509, 43.0659529 ], [ -88.027509, 43.0659159 ], [ -88.027506, 43.0655749 ], [ -88.027498, 43.0645519 ], [ -88.027496, 43.0642119 ], [ -88.027495, 43.0641849 ], [ -88.027495, 43.0641069 ], [ -88.027495, 43.0640809 ], [ -88.027492, 43.063733899999988 ], [ -88.027485, 43.0626929 ], [ -88.027483, 43.0623469 ], [ -88.027482, 43.0623299 ], [ -88.027482, 43.0622789 ], [ -88.027482, 43.0622619 ], [ -88.027231, 43.0622649 ], [ -88.02648, 43.0622769 ], [ -88.02623, 43.0622809 ], [ -88.025979, 43.0622839 ], [ -88.025228, 43.062295899999988 ], [ -88.024978, 43.0622999 ], [ -88.024727, 43.0623029 ], [ -88.023976, 43.0623149 ], [ -88.023726, 43.0623189 ], [ -88.023475, 43.0623219 ], [ -88.022724, 43.062334899999989 ], [ -88.022474, 43.0623389 ], [ -88.022473, 43.0619729 ], [ -88.022472, 43.0608749 ], [ -88.022472, 43.0605099 ], [ -88.022196, 43.0605129 ], [ -88.021371, 43.0605259 ], [ -88.021096, 43.0605309 ], [ -88.02082, 43.0605339 ], [ -88.0191764, 43.0605716 ], [ -88.0188845, 43.060576 ], [ -88.0186043, 43.0605803 ], [ -88.0184995, 43.0605818 ], [ -88.0183268, 43.0605845 ], [ -88.0180856, 43.0605881 ], [ -88.0179019, 43.0605909 ], [ -88.0176862, 43.0605942 ], [ -88.0174771, 43.0605974 ], [ -88.016166, 43.0606069 ], [ -88.015608, 43.0606262 ], [ -88.0153739, 43.060629899999988 ], [ -88.0151404, 43.0606335 ], [ -88.01497, 43.0606361 ], [ -88.014968, 43.0609899 ], [ -88.014964, 43.062087899999987 ], [ -88.014963, 43.0624539 ], [ -88.014961, 43.0628179 ], [ -88.014957, 43.0639129 ], [ -88.014956, 43.0642779 ], [ -88.014954, 43.0646429 ], [ -88.01495, 43.0657379 ], [ -88.014949, 43.0661039 ], [ -88.014947, 43.0663629 ], [ -88.014941, 43.0671399 ], [ -88.014946, 43.0674765 ] ] ] } },
{ "type": "Feature", "properties": { "rep_unit_id": 478, "ward": "City of Wauwatosa Ward 17", "county": "MILWAUKEE" }, "geometry": { "type": "Polygon", "coordinates": [ [ [ -88.022474, 43.0623389 ], [ -88.022724, 43.062334899999989 ], [ -88.023475, 43.0623219 ], [ -88.023726, 43.0623189 ], [ -88.023976, 43.0623149 ], [ -88.024727, 43.0623029 ], [ -88.024978, 43.0622999 ], [ -88.025228, 43.062295899999988 ], [ -88.025979, 43.0622839 ], [ -88.02623, 43.0622809 ], [ -88.02648, 43.0622769 ], [ -88.027231, 43.0622649 ], [ -88.027482, 43.0622619 ], [ -88.02748, 43.0620949 ], [ -88.027477, 43.0615959 ], [ -88.027476, 43.0614299 ], [ -88.027474, 43.0612299 ], [ -88.02747, 43.0606329 ], [ -88.027469, 43.0604339 ], [ -88.027932, 43.0604289 ], [ -88.029322, 43.0604159 ], [ -88.029786, 43.0604129 ], [ -88.02996, 43.0604109 ], [ -88.030484, 43.0604069 ], [ -88.030659, 43.0604059 ], [ -88.030923, 43.0604029 ], [ -88.031716, 43.0603959 ], [ -88.031981, 43.0603939 ], [ -88.031867, 43.0602339 ], [ -88.031777, 43.0601519 ], [ -88.031725, 43.0601049 ], [ -88.031241, 43.0598429 ], [ -88.031071, 43.0597169 ], [ -88.030993, 43.0596249 ], [ -88.030924, 43.0595439 ], [ -88.030839, 43.0593509 ], [ -88.03078, 43.058915899999988 ], [ -88.030753, 43.0588579 ], [ -88.030639, 43.0586129 ], [ -88.030019, 43.0578919 ], [ -88.029812, 43.0576949 ], [ -88.029448, 43.0573489 ], [ -88.029092, 43.0571199 ], [ -88.029014, 43.0570699 ], [ -88.028538, 43.0568709 ], [ -88.028017, 43.0567449 ], [ -88.027893, 43.0567339 ], [ -88.0274753, 43.0567077 ], [ -88.0271012, 43.0567019 ], [ -88.0270656, 43.0567012 ], [ -88.0270505, 43.0567008 ], [ -88.0270299, 43.0567003 ], [ -88.0269942, 43.0566992 ], [ -88.0269586, 43.0566978 ], [ -88.026923, 43.0566962 ], [ -88.0268874, 43.0566944 ], [ -88.0268518, 43.056692399999989 ], [ -88.0268163, 43.0566901 ], [ -88.0267808, 43.056687599999989 ], [ -88.0267453, 43.0566848 ], [ -88.0267098, 43.0566819 ], [ -88.0266744, 43.0566787 ], [ -88.026639, 43.0566753 ], [ -88.0266258, 43.0566739 ], [ -88.0266037, 43.056671699999988 ], [ -88.0265684, 43.0566678 ], [ -88.0265331, 43.0566637 ], [ -88.0264979, 43.0566594 ], [ -88.0264628, 43.0566549 ], [ -88.0264277, 43.0566501 ], [ -88.0263927, 43.0566451 ], [ -88.0263577, 43.0566399 ], [ -88.026308, 43.0566321 ], [ -88.0262583, 43.0566243 ], [ -88.0262087, 43.0566162 ], [ -88.0262011, 43.0566149 ], [ -88.026159100000015, 43.0566078 ], [ -88.0261096, 43.0565993 ], [ -88.0260602, 43.0565906 ], [ -88.0260108, 43.0565816 ], [ -88.0259616, 43.0565725 ], [ -88.0259124, 43.0565631 ], [ -88.025863199999989, 43.0565535 ], [ -88.0258141, 43.0565437 ], [ -88.0257764, 43.056536 ], [ -88.0257652, 43.0565338 ], [ -88.0257163, 43.0565236 ], [ -88.025667399999989, 43.0565131 ], [ -88.0256187, 43.0565026 ], [ -88.02557, 43.0564917 ], [ -88.0255215, 43.0564808 ], [ -88.025473, 43.0564695 ], [ -88.0254246, 43.0564581 ], [ -88.0253763, 43.0564465 ], [ -88.0253517, 43.0564405 ], [ -88.0253281, 43.0564347 ], [ -88.0252799, 43.0564227 ], [ -88.0252319, 43.0564104 ], [ -88.025184, 43.056398 ], [ -88.0251362, 43.0563854 ], [ -88.0250884, 43.0563725 ], [ -88.0250408, 43.0563595 ], [ -88.0249933, 43.0563462 ], [ -88.0249459, 43.0563328 ], [ -88.0239786, 43.0560233 ], [ -88.0239733, 43.0560212 ], [ -88.0239326, 43.0560052 ], [ -88.0238936, 43.0559884 ], [ -88.023854899999989, 43.0559713 ], [ -88.0238163, 43.055954 ], [ -88.0237779, 43.0559366 ], [ -88.0237396, 43.055919 ], [ -88.0237014, 43.0559012 ], [ -88.0236634, 43.0558832 ], [ -88.0236256, 43.055865 ], [ -88.023588, 43.055846699999989 ], [ -88.0235505, 43.0558282 ], [ -88.0235131, 43.055809499999988 ], [ -88.023476, 43.0557906 ], [ -88.0234389, 43.0557716 ], [ -88.0234021, 43.0557523 ], [ -88.023365400000017, 43.0557329 ], [ -88.023329, 43.0557134 ], [ -88.0232927, 43.0556936 ], [ -88.023256500000016, 43.0556737 ], [ -88.0232206, 43.0556536 ], [ -88.0231848, 43.0556334 ], [ -88.0231491, 43.0556129 ], [ -88.0231137, 43.055592399999988 ], [ -88.0230852, 43.0555756 ], [ -88.0230784, 43.0555716 ], [ -88.0230434, 43.0555507 ], [ -88.0230085, 43.0555296 ], [ -88.0229738, 43.0555083 ], [ -88.0229393, 43.0554869 ], [ -88.022905, 43.0554654 ], [ -88.0228698, 43.0554442 ], [ -88.022441, 43.0551739 ], [ -88.021565, 43.0548109 ], [ -88.021303, 43.0547029 ], [ -88.02101, 43.0545429 ], [ -88.020748, 43.0543619 ], [ -88.02047, 43.0540939 ], [ -88.020371, 43.0539979 ], [ -88.020234, 43.0537899 ], [ -88.020143, 43.0535889 ], [ -88.02007, 43.0532089 ], [ -88.020079, 43.0530469 ], [ -88.020097, 43.0527289 ], [ -88.020101, 43.0526629 ], [ -88.020108, 43.0525379 ], [ -88.020049, 43.0523199 ], [ -88.020022, 43.0522719 ], [ -88.019934, 43.0521139 ], [ -88.019725, 43.0518929 ], [ -88.019452, 43.0517129 ], [ -88.019168, 43.0515979 ], [ -88.019074, 43.0515739 ], [ -88.018681, 43.0514769 ], [ -88.018628, 43.0514669 ], [ -88.018472, 43.0514379 ], [ -88.01842, 43.0514289 ], [ -88.018433, 43.0514659 ], [ -88.018472, 43.0515779 ], [ -88.018486, 43.0516159 ], [ -88.018389, 43.0516839 ], [ -88.018123, 43.0517879 ], [ -88.018018, 43.0518039 ], [ -88.01791, 43.0518209 ], [ -88.017186, 43.0518469 ], [ -88.016892, 43.0519089 ], [ -88.01672, 43.0519799 ], [ -88.016536, 43.0520779 ], [ -88.016088, 43.0523209 ], [ -88.016107, 43.0523349 ], [ -88.016166, 43.052377899999989 ], [ -88.016186, 43.0523929 ], [ -88.016276, 43.0524599 ], [ -88.016546, 43.0526609 ], [ -88.016636, 43.0527279 ], [ -88.016754, 43.0528149 ], [ -88.016807, 43.0528549 ], [ -88.01732, 43.0532359 ], [ -88.0174946, 43.053374 ], [ -88.017491, 43.0537099 ], [ -88.017488, 43.0547519 ], [ -88.017488, 43.0550999 ], [ -88.017486, 43.0557759 ], [ -88.01748, 43.0578069 ], [ -88.017479, 43.0580779 ], [ -88.017479, 43.0581939 ], [ -88.017479, 43.0584849 ], [ -88.017217, 43.0584889 ], [ -88.016432, 43.0585049 ], [ -88.016171, 43.0585109 ], [ -88.01617, 43.0587189 ], [ -88.016168, 43.0593449 ], [ -88.016168, 43.0595539 ], [ -88.016167, 43.0597639 ], [ -88.016166, 43.0603959 ], [ -88.016166, 43.0606069 ], [ -88.0174771, 43.0605974 ], [ -88.0176862, 43.0605942 ], [ -88.0179019, 43.0605909 ], [ -88.0180856, 43.0605881 ], [ -88.0183268, 43.0605845 ], [ -88.0184995, 43.0605818 ], [ -88.0186043, 43.0605803 ], [ -88.0188845, 43.060576 ], [ -88.0191764, 43.0605716 ], [ -88.02082, 43.0605339 ], [ -88.021096, 43.0605309 ], [ -88.021371, 43.0605259 ], [ -88.022196, 43.0605129 ], [ -88.022472, 43.0605099 ], [ -88.022472, 43.0608749 ], [ -88.022473, 43.0619729 ], [ -88.022474, 43.0623389 ] ] ] } },
{ "type": "Feature", "properties": { "rep_unit_id": 479, "ward": "City of Wauwatosa Ward 18", "county": "MILWAUKEE" }, "geometry": { "type": "Polygon", "coordinates": [ [ [ -88.0275211, 43.0672666 ], [ -88.0286624, 43.0672504 ], [ -88.0287746, 43.0672488 ], [ -88.0289991, 43.0672456 ], [ -88.0291862, 43.067243 ], [ -88.029392, 43.06724 ], [ -88.0295978, 43.0672371 ], [ -88.0297101, 43.0672355 ], [ -88.0298223, 43.0672339 ], [ -88.0300504, 43.0672306 ], [ -88.0302053, 43.0672284 ], [ -88.0303567, 43.0672263 ], [ -88.0305883, 43.0672229 ], [ -88.0307118, 43.0672212 ], [ -88.0308353, 43.0672194 ], [ -88.0310224, 43.0672168 ], [ -88.0313067, 43.0672127 ], [ -88.0313965, 43.0672114 ], [ -88.031508699999989, 43.0672098 ], [ -88.0317332, 43.0672066 ], [ -88.0319577, 43.0672034 ], [ -88.0320699, 43.0672018 ], [ -88.0321822, 43.0672002 ], [ -88.0323873, 43.0671973 ], [ -88.032592400000013, 43.0671944 ], [ -88.0327982, 43.0671914 ], [ -88.033004, 43.0671885 ], [ -88.0332284, 43.0671853 ], [ -88.0334716, 43.0671818 ], [ -88.0336961, 43.0671786 ], [ -88.033958, 43.0671748 ], [ -88.0342386, 43.0671708 ], [ -88.0344392, 43.067168 ], [ -88.0349389, 43.0671608 ], [ -88.0350534, 43.0671592 ], [ -88.0351679, 43.0671575 ], [ -88.0355877, 43.0671515 ], [ -88.036143, 43.0671436 ], [ -88.0362993, 43.0671414 ], [ -88.0364559, 43.0671391 ], [ -88.0365533, 43.0671377 ], [ -88.0371644, 43.0671289 ], [ -88.0372829, 43.0671272 ], [ -88.03728, 43.0670079 ], [ -88.037275, 43.0668269 ], [ -88.037248, 43.0665639 ], [ -88.037205, 43.0664149 ], [ -88.037142, 43.0663489 ], [ -88.037043, 43.0662899 ], [ -88.036642, 43.0661659 ], [ -88.03652, 43.0660679 ], [ -88.036471, 43.0659399 ], [ -88.036462, 43.0657569 ], [ -88.03646, 43.0656959 ], [ -88.036498, 43.0656309 ], [ -88.036798, 43.0655789 ], [ -88.036882, 43.0655459 ], [ -88.036973, 43.0654709 ], [ -88.037067, 43.0653239 ], [ -88.037114, 43.0651769 ], [ -88.037166, 43.0648509 ], [ -88.037155, 43.0644449 ], [ -88.037198, 43.0643709 ], [ -88.037387, 43.0642429 ], [ -88.037432, 43.0641569 ], [ -88.037418, 43.0640299 ], [ -88.037278, 43.0637509 ], [ -88.036791, 43.0629879 ], [ -88.036701, 43.0628119 ], [ -88.036579, 43.0625349 ], [ -88.036422, 43.0622419 ], [ -88.036335, 43.0621489 ], [ -88.036213, 43.0620849 ], [ -88.036078, 43.0620389 ], [ -88.035972, 43.0619849 ], [ -88.03589, 43.0619269 ], [ -88.035833, 43.0618519 ], [ -88.035798, 43.0617759 ], [ -88.035689, 43.0615359 ], [ -88.03548, 43.0612049 ], [ -88.035025, 43.0606749 ], [ -88.034868, 43.0603889 ], [ -88.034861, 43.0603679 ], [ -88.034944, 43.0603669 ], [ -88.0352, 43.0603639 ], [ -88.03622, 43.060353899999988 ], [ -88.03656, 43.0603519 ], [ -88.036761, 43.0603499 ], [ -88.037365, 43.0603439 ], [ -88.037567, 43.0603429 ], [ -88.037801, 43.0603379 ], [ -88.038506, 43.0603239 ], [ -88.038741, 43.0603199 ], [ -88.038998, 43.0603139 ], [ -88.03977, 43.0602989 ], [ -88.040028, 43.060294899999988 ], [ -88.040273, 43.0602899 ], [ -88.041008, 43.0602759 ], [ -88.041254, 43.0602719 ], [ -88.041499, 43.0602669 ], [ -88.042235, 43.0602519 ], [ -88.042481, 43.0602479 ], [ -88.042477, 43.0600579 ], [ -88.042467, 43.0595519 ], [ -88.042457, 43.0594919 ], [ -88.042426, 43.0593059 ], [ -88.042679, 43.059219899999988 ], [ -88.043065, 43.0590899 ], [ -88.043432, 43.0589399 ], [ -88.043681, 43.0588389 ], [ -88.043927, 43.0587219 ], [ -88.04421, 43.0585899 ], [ -88.044656, 43.0583519 ], [ -88.044897, 43.0582249 ], [ -88.045142, 43.0582199 ], [ -88.045878, 43.0582049 ], [ -88.046124, 43.0582009 ], [ -88.046297, 43.0581969 ], [ -88.046815, 43.058186899999988 ], [ -88.046989, 43.0581839 ], [ -88.047115, 43.0581809 ], [ -88.047493, 43.0581739 ], [ -88.04762, 43.0581719 ], [ -88.047616, 43.058000899999989 ], [ -88.047607, 43.0574899 ], [ -88.047604, 43.0573199 ], [ -88.047597, 43.0569589 ], [ -88.047586, 43.0563729 ], [ -88.0475783, 43.0558226 ], [ -88.0475725, 43.0555172 ], [ -88.046162, 43.0551239 ], [ -88.045785, 43.0549839 ], [ -88.044998, 43.0547189 ], [ -88.044598, 43.0545949 ], [ -88.043851, 43.0542869 ], [ -88.043505, 43.0541079 ], [ -88.043201, 43.0539689 ], [ -88.042911, 43.0537899 ], [ -88.042635, 43.0535829 ], [ -88.042275, 43.0533059 ], [ -88.041875, 43.0529609 ], [ -88.041281, 43.0522419 ], [ -88.040562, 43.0512889 ], [ -88.040354, 43.0509319 ], [ -88.040272, 43.0507919 ], [ -88.039907, 43.0502509 ], [ -88.039832, 43.0502879 ], [ -88.039716, 43.0503439 ], [ -88.039265, 43.0505639 ], [ -88.038272, 43.0509869 ], [ -88.037745, 43.0511959 ], [ -88.037105, 43.0513999 ], [ -88.03632, 43.0515509 ], [ -88.034233, 43.0519539 ], [ -88.030327, 43.0527089 ], [ -88.029793, 43.0528919 ], [ -88.029332, 43.0531229 ], [ -88.028925, 43.0534039 ], [ -88.028584, 43.0537269 ], [ -88.028369, 43.0540229 ], [ -88.028275, 43.0541539 ], [ -88.027846, 43.0549889 ], [ -88.027679, 43.055315899999989 ], [ -88.027598, 43.0554839 ], [ -88.027552, 43.0555829 ], [ -88.027485, 43.0558449 ], [ -88.027482, 43.0560239 ], [ -88.02748, 43.0561459 ], [ -88.027479, 43.0562109 ], [ -88.027479, 43.0562359 ], [ -88.027481, 43.0562619 ], [ -88.027478, 43.0563069 ], [ -88.0274754, 43.056598 ], [ -88.0274753, 43.0567077 ], [ -88.027893, 43.0567339 ], [ -88.028017, 43.0567449 ], [ -88.028538, 43.0568709 ], [ -88.029014, 43.0570699 ], [ -88.029092, 43.0571199 ], [ -88.029448, 43.0573489 ], [ -88.029812, 43.0576949 ], [ -88.030019, 43.0578919 ], [ -88.030639, 43.0586129 ], [ -88.030753, 43.0588579 ], [ -88.03078, 43.058915899999988 ], [ -88.030839, 43.0593509 ], [ -88.030924, 43.0595439 ], [ -88.030993, 43.0596249 ], [ -88.031071, 43.0597169 ], [ -88.031241, 43.0598429 ], [ -88.031725, 43.0601049 ], [ -88.031777, 43.0601519 ], [ -88.031867, 43.0602339 ], [ -88.031981, 43.0603939 ], [ -88.031716, 43.0603959 ], [ -88.030923, 43.0604029 ], [ -88.030659, 43.0604059 ], [ -88.030484, 43.0604069 ], [ -88.02996, 43.0604109 ], [ -88.029786, 43.0604129 ], [ -88.029322, 43.0604159 ], [ -88.027932, 43.0604289 ], [ -88.027469, 43.0604339 ], [ -88.02747, 43.0606329 ], [ -88.027474, 43.0612299 ], [ -88.027476, 43.0614299 ], [ -88.027477, 43.0615959 ], [ -88.02748, 43.0620949 ], [ -88.027482, 43.0622619 ], [ -88.027482, 43.0622789 ], [ -88.027482, 43.0623299 ], [ -88.027483, 43.0623469 ], [ -88.027485, 43.0626929 ], [ -88.027492, 43.063733899999988 ], [ -88.027495, 43.0640809 ], [ -88.027495, 43.0641069 ], [ -88.027495, 43.0641849 ], [ -88.027496, 43.0642119 ], [ -88.027498, 43.0645519 ], [ -88.027506, 43.0655749 ], [ -88.027509, 43.0659159 ], [ -88.027509, 43.0659529 ], [ -88.027509, 43.066066899999988 ], [ -88.02751, 43.0661049 ], [ -88.0275211, 43.0672666 ] ] ] } },
{ "type": "Feature", "properties": { "rep_unit_id": 480, "ward": "City of Wauwatosa Ward 19", "county": "MILWAUKEE" }, "geometry": { "type": "Polygon", "coordinates": [ [ [ -88.05495, 43.0600589 ], [ -88.05506, 43.0600579 ], [ -88.055107, 43.0600579 ], [ -88.055178, 43.0600569 ], [ -88.055345, 43.0600539 ], [ -88.05606, 43.0600449 ], [ -88.056299, 43.0600429 ], [ -88.057482, 43.0600289 ], [ -88.05759, 43.0600279 ], [ -88.058795, 43.0600139 ], [ -88.058819, 43.0600129 ], [ -88.058893, 43.0600129 ], [ -88.058918, 43.0600129 ], [ -88.059165, 43.0600099 ], [ -88.059907, 43.060001899999989 ], [ -88.060155, 43.0599999 ], [ -88.060434, 43.0599969 ], [ -88.061271, 43.0599869 ], [ -88.061551, 43.0599849 ], [ -88.061844, 43.0599809 ], [ -88.062726, 43.0599709 ], [ -88.063021, 43.0599689 ], [ -88.063384, 43.0599649 ], [ -88.064472, 43.0599529 ], [ -88.064836, 43.0599489 ], [ -88.065232, 43.0599439 ], [ -88.065509, 43.0599409 ], [ -88.0668217, 43.0599381 ], [ -88.0668303, 43.0581272 ], [ -88.0668466, 43.0549778 ], [ -88.0668583, 43.0526826 ], [ -88.065867, 43.0526799 ], [ -88.065621, 43.0526819 ], [ -88.065398, 43.0526829 ], [ -88.06473, 43.0526889 ], [ -88.064508, 43.0526909 ], [ -88.064273, 43.0526919 ], [ -88.063568, 43.0526979 ], [ -88.063334, 43.0526999 ], [ -88.063099, 43.0527009 ], [ -88.062394, 43.0527079 ], [ -88.06216, 43.0527099 ], [ -88.061954, 43.0527109 ], [ -88.061337, 43.0527159 ], [ -88.061132, 43.0527179 ], [ -88.060884, 43.0527189 ], [ -88.060141, 43.0527259 ], [ -88.059894, 43.0527279 ], [ -88.059662, 43.0527289 ], [ -88.058966, 43.0527349 ], [ -88.058735, 43.0527369 ], [ -88.05848, 43.0527379 ], [ -88.057717, 43.0527449 ], [ -88.057463, 43.0527479 ], [ -88.055611, 43.0527669 ], [ -88.055159, 43.0527749 ], [ -88.054953, 43.0527649 ], [ -88.054805, 43.0527429 ], [ -88.05462, 43.0526799 ], [ -88.0547048, 43.0524864 ], [ -88.0547491, 43.0524332 ], [ -88.0548013, 43.0523839 ], [ -88.054860800000014, 43.0523394 ], [ -88.0551157, 43.0521691 ], [ -88.0552069, 43.0521045 ], [ -88.055292799999989, 43.0520361 ], [ -88.055373, 43.051964 ], [ -88.055447199999989, 43.0518887 ], [ -88.0555153, 43.0518102 ], [ -88.055577, 43.051729 ], [ -88.0556307, 43.0516472 ], [ -88.055678, 43.0515633 ], [ -88.0557187, 43.0514776 ], [ -88.055752500000011, 43.0513903 ], [ -88.0557805, 43.0512976 ], [ -88.0558008, 43.0512039 ], [ -88.0558135, 43.0511094 ], [ -88.0558183, 43.0510146 ], [ -88.055815600000017, 43.0509226 ], [ -88.0558056, 43.0508309 ], [ -88.055788299999989, 43.0507397 ], [ -88.0557638, 43.0506495 ], [ -88.0557323, 43.0505609 ], [ -88.0556939, 43.0504738 ], [ -88.0556487, 43.0503885 ], [ -88.055596799999989, 43.0503053 ], [ -88.055537, 43.0502227 ], [ -88.0554706, 43.0501427 ], [ -88.055398, 43.0500659 ], [ -88.0553192, 43.0499923 ], [ -88.0552346, 43.0499222 ], [ -88.055144500000011, 43.049856 ], [ -88.0550492, 43.0497938 ], [ -88.054969700000015, 43.0497492 ], [ -88.0548851, 43.049709899999989 ], [ -88.0547961, 43.0496764 ], [ -88.0547033, 43.0496488 ], [ -88.0546076, 43.0496273 ], [ -88.0545096, 43.0496122 ], [ -88.0544102, 43.0496036 ], [ -88.054310199999989, 43.0496015 ], [ -88.0542462, 43.049602299999989 ], [ -88.054017, 43.0496219 ], [ -88.053969, 43.0473639 ], [ -88.05393, 43.0455209 ], [ -88.053296, 43.0455259 ], [ -88.0511668, 43.0455554 ], [ -88.0511276, 43.045555799999988 ], [ -88.050938, 43.0455574 ], [ -88.0509354, 43.0455574 ], [ -88.0508441, 43.0455582 ], [ -88.0505701, 43.0455605 ], [ -88.0505613, 43.0455605 ], [ -88.0499589, 43.0455656 ], [ -88.0495832, 43.0455687 ], [ -88.0495127, 43.0455693 ], [ -88.0473778, 43.0455872 ], [ -88.0474654, 43.0500008 ], [ -88.0474759, 43.0505285 ], [ -88.047508, 43.0523439 ], [ -88.047519, 43.0528519 ], [ -88.047521, 43.0529329 ], [ -88.04753, 43.0534489 ], [ -88.0475679, 43.0552738 ], [ -88.0475682, 43.0552905 ], [ -88.0475725, 43.0555172 ], [ -88.0475783, 43.0558226 ], [ -88.047586, 43.0563729 ], [ -88.047597, 43.0569589 ], [ -88.047604, 43.0573199 ], [ -88.047607, 43.0574899 ], [ -88.047616, 43.058000899999989 ], [ -88.04762, 43.0581719 ], [ -88.047626, 43.0585209 ], [ -88.047646, 43.0595699 ], [ -88.047653, 43.0599199 ], [ -88.04803, 43.0598539 ], [ -88.049006, 43.0596859 ], [ -88.049163, 43.0596659 ], [ -88.049543, 43.0596179 ], [ -88.049587, 43.0596119 ], [ -88.049626, 43.0596099 ], [ -88.049877, 43.0595969 ], [ -88.049961, 43.0595929 ], [ -88.050201, 43.0595799 ], [ -88.050455, 43.0595679 ], [ -88.050664, 43.0595749 ], [ -88.050922, 43.0595839 ], [ -88.051163, 43.0595939 ], [ -88.051283, 43.0595979 ], [ -88.051407, 43.0596119 ], [ -88.051966, 43.0596769 ], [ -88.052138, 43.0597059 ], [ -88.05238, 43.0597489 ], [ -88.0525, 43.0597699 ], [ -88.05255, 43.0597779 ], [ -88.053061, 43.0598679 ], [ -88.053357, 43.0599149 ], [ -88.053409, 43.0599229 ], [ -88.053733, 43.0599679 ], [ -88.053859, 43.0599859 ], [ -88.053942, 43.0599969 ], [ -88.054082, 43.0600169 ], [ -88.054194, 43.0600219 ], [ -88.054279, 43.0600259 ], [ -88.054397, 43.0600319 ], [ -88.054754, 43.0600499 ], [ -88.054874, 43.0600559 ], [ -88.05492, 43.0600569 ], [ -88.05495, 43.0600589 ] ] ] } },
{ "type": "Feature", "properties": { "rep_unit_id": 481, "ward": "City of Wauwatosa Ward 20", "county": "MILWAUKEE" }, "geometry": { "type": "Polygon", "coordinates": [ [ [ -88.050969, 43.0673989 ], [ -88.051325, 43.0673939 ], [ -88.052392, 43.0673789 ], [ -88.052749, 43.0673749 ], [ -88.052872, 43.0673729 ], [ -88.053243, 43.0673669 ], [ -88.053511, 43.067363899999989 ], [ -88.05386, 43.0673589 ], [ -88.05391, 43.0673589 ], [ -88.053984, 43.0673579 ], [ -88.05423, 43.0673539 ], [ -88.05497, 43.0673439 ], [ -88.055217, 43.0673409 ], [ -88.055455, 43.0673369 ], [ -88.05617, 43.0673269 ], [ -88.056409, 43.0673249 ], [ -88.056667, 43.0673209 ], [ -88.057441, 43.0673099 ], [ -88.0577, 43.0673069 ], [ -88.057957, 43.0673029 ], [ -88.058731, 43.0672929 ], [ -88.05899, 43.0672909 ], [ -88.059314, 43.0672859 ], [ -88.060286, 43.0672729 ], [ -88.060611, 43.0672699 ], [ -88.060698, 43.0672679 ], [ -88.0610137, 43.0672639 ], [ -88.0610138, 43.0672639 ], [ -88.0611994, 43.0672616 ], [ -88.0615954, 43.0672566 ], [ -88.062183499999989, 43.0672491 ], [ -88.062826, 43.0672409 ], [ -88.063114, 43.0672379 ], [ -88.065578, 43.0672069 ], [ -88.0667222, 43.0672018 ], [ -88.0668217, 43.0599381 ], [ -88.065509, 43.0599409 ], [ -88.065232, 43.0599439 ], [ -88.064836, 43.0599489 ], [ -88.064472, 43.0599529 ], [ -88.063384, 43.0599649 ], [ -88.063021, 43.0599689 ], [ -88.062726, 43.0599709 ], [ -88.061844, 43.0599809 ], [ -88.061551, 43.0599849 ], [ -88.061271, 43.0599869 ], [ -88.060434, 43.0599969 ], [ -88.060155, 43.0599999 ], [ -88.059907, 43.060001899999989 ], [ -88.059165, 43.0600099 ], [ -88.058918, 43.0600129 ], [ -88.058893, 43.0600129 ], [ -88.058819, 43.0600129 ], [ -88.058795, 43.0600139 ], [ -88.05759, 43.0600279 ], [ -88.057482, 43.0600289 ], [ -88.056299, 43.0600429 ], [ -88.05606, 43.0600449 ], [ -88.055345, 43.0600539 ], [ -88.055178, 43.0600569 ], [ -88.055107, 43.0600579 ], [ -88.05506, 43.0600579 ], [ -88.05495, 43.0600589 ], [ -88.05492, 43.0600569 ], [ -88.054874, 43.0600559 ], [ -88.054754, 43.0600499 ], [ -88.054397, 43.0600319 ], [ -88.054279, 43.0600259 ], [ -88.054194, 43.0600219 ], [ -88.054082, 43.0600169 ], [ -88.053942, 43.0599969 ], [ -88.053859, 43.0599859 ], [ -88.053733, 43.0599679 ], [ -88.053409, 43.0599229 ], [ -88.053357, 43.0599149 ], [ -88.0534011, 43.0625529 ], [ -88.053204, 43.0625549 ], [ -88.053033, 43.0625559 ], [ -88.052786, 43.0625559 ], [ -88.052663, 43.0625569 ], [ -88.052187, 43.0625619 ], [ -88.051921, 43.0625649 ], [ -88.051737, 43.0625209 ], [ -88.051597, 43.0624119 ], [ -88.051508, 43.0621809 ], [ -88.051397, 43.0620519 ], [ -88.051058, 43.0618909 ], [ -88.050917, 43.0618239 ], [ -88.05065, 43.061650899999989 ], [ -88.050494, 43.0617729 ], [ -88.050422, 43.0619119 ], [ -88.050417, 43.0623059 ], [ -88.050413, 43.0626949 ], [ -88.050448, 43.0628109 ], [ -88.050525, 43.0629159 ], [ -88.050903, 43.0631559 ], [ -88.050994, 43.0632909 ], [ -88.050991, 43.0642869 ], [ -88.050989, 43.0650369 ], [ -88.050985, 43.0655089 ], [ -88.050972, 43.0669259 ], [ -88.05097, 43.0672369 ], [ -88.050969, 43.0673989 ] ] ] } },
{ "type": "Feature", "properties": { "rep_unit_id": 482, "ward": "City of Wauwatosa Ward 21", "county": "MILWAUKEE" }, "geometry": { "type": "Polygon", "coordinates": [ [ [ -88.056987, 43.0827329 ], [ -88.057058, 43.0825129 ], [ -88.057777, 43.0805859 ], [ -88.057958, 43.0799829 ], [ -88.058064, 43.0793489 ], [ -88.058109, 43.0788209 ], [ -88.058094, 43.0778559 ], [ -88.058093, 43.0777199 ], [ -88.058064, 43.0745759 ], [ -88.05829, 43.0745729 ], [ -88.058763, 43.0745659 ], [ -88.058791, 43.0745659 ], [ -88.059348, 43.0745569 ], [ -88.059534, 43.0745549 ], [ -88.061022, 43.0745329 ], [ -88.061581, 43.0745259 ], [ -88.061664, 43.0745249 ], [ -88.062408, 43.0745253 ], [ -88.0630766, 43.0745158 ], [ -88.0637791, 43.0744949 ], [ -88.064061, 43.0744899 ], [ -88.064907, 43.0744779 ], [ -88.06519, 43.0744749 ], [ -88.065471, 43.0744709 ], [ -88.0666057, 43.0744656 ], [ -88.0666316, 43.0728196 ], [ -88.0666542, 43.0712165 ], [ -88.066686, 43.0693522 ], [ -88.0667017, 43.0684418 ], [ -88.0667222, 43.0672018 ], [ -88.065578, 43.0672069 ], [ -88.063114, 43.0672379 ], [ -88.062826, 43.0672409 ], [ -88.062183499999989, 43.0672491 ], [ -88.0615954, 43.0672566 ], [ -88.0611994, 43.0672616 ], [ -88.0610138, 43.0672639 ], [ -88.0610137, 43.0672639 ], [ -88.060698, 43.0672679 ], [ -88.060611, 43.0672699 ], [ -88.060286, 43.0672729 ], [ -88.059314, 43.0672859 ], [ -88.05899, 43.0672909 ], [ -88.058731, 43.0672929 ], [ -88.057957, 43.0673029 ], [ -88.0577, 43.0673069 ], [ -88.057441, 43.0673099 ], [ -88.056667, 43.0673209 ], [ -88.056409, 43.0673249 ], [ -88.05617, 43.0673269 ], [ -88.055455, 43.0673369 ], [ -88.055217, 43.0673409 ], [ -88.05497, 43.0673439 ], [ -88.05423, 43.0673539 ], [ -88.053984, 43.0673579 ], [ -88.05391, 43.0673589 ], [ -88.05386, 43.0673589 ], [ -88.053511, 43.067363899999989 ], [ -88.053243, 43.0673669 ], [ -88.052872, 43.0673729 ], [ -88.052749, 43.0673749 ], [ -88.052392, 43.0673789 ], [ -88.051325, 43.0673939 ], [ -88.050969, 43.0673989 ], [ -88.05097, 43.0672369 ], [ -88.050972, 43.0669259 ], [ -88.050985, 43.0655089 ], [ -88.050989, 43.0650369 ], [ -88.050991, 43.0642869 ], [ -88.050994, 43.0632909 ], [ -88.050903, 43.0631559 ], [ -88.050525, 43.0629159 ], [ -88.050448, 43.0628109 ], [ -88.050413, 43.0626949 ], [ -88.050417, 43.0623059 ], [ -88.050422, 43.0619119 ], [ -88.050494, 43.0617729 ], [ -88.05065, 43.061650899999989 ], [ -88.050917, 43.0618239 ], [ -88.051058, 43.0618909 ], [ -88.051397, 43.0620519 ], [ -88.051508, 43.0621809 ], [ -88.051597, 43.0624119 ], [ -88.051737, 43.0625209 ], [ -88.051921, 43.0625649 ], [ -88.052187, 43.0625619 ], [ -88.052663, 43.0625569 ], [ -88.052786, 43.0625559 ], [ -88.053033, 43.0625559 ], [ -88.053204, 43.0625549 ], [ -88.0534011, 43.0625529 ], [ -88.053357, 43.0599149 ], [ -88.053061, 43.0598679 ], [ -88.05255, 43.0597779 ], [ -88.0525, 43.0597699 ], [ -88.05238, 43.0597489 ], [ -88.052138, 43.0597059 ], [ -88.051966, 43.0596769 ], [ -88.051407, 43.0596119 ], [ -88.051283, 43.0595979 ], [ -88.051163, 43.0595939 ], [ -88.050922, 43.0595839 ], [ -88.050664, 43.0595749 ], [ -88.050455, 43.0595679 ], [ -88.050201, 43.0595799 ], [ -88.049961, 43.0595929 ], [ -88.049877, 43.0595969 ], [ -88.049626, 43.0596099 ], [ -88.049587, 43.0596119 ], [ -88.049543, 43.0596179 ], [ -88.049163, 43.0596659 ], [ -88.049006, 43.0596859 ], [ -88.04803, 43.0598539 ], [ -88.047653, 43.0599199 ], [ -88.047646, 43.0595699 ], [ -88.047626, 43.0585209 ], [ -88.04762, 43.0581719 ], [ -88.047493, 43.0581739 ], [ -88.047115, 43.0581809 ], [ -88.046989, 43.0581839 ], [ -88.046815, 43.058186899999988 ], [ -88.046297, 43.0581969 ], [ -88.046124, 43.0582009 ], [ -88.045878, 43.0582049 ], [ -88.045142, 43.0582199 ], [ -88.044897, 43.0582249 ], [ -88.044656, 43.0583519 ], [ -88.04421, 43.0585899 ], [ -88.043927, 43.0587219 ], [ -88.043681, 43.0588389 ], [ -88.043432, 43.0589399 ], [ -88.043065, 43.0590899 ], [ -88.042679, 43.059219899999988 ], [ -88.042426, 43.0593059 ], [ -88.042457, 43.0594919 ], [ -88.042467, 43.0595519 ], [ -88.042477, 43.0600579 ], [ -88.042481, 43.0602479 ], [ -88.042235, 43.0602519 ], [ -88.041499, 43.0602669 ], [ -88.041254, 43.0602719 ], [ -88.041008, 43.0602759 ], [ -88.040273, 43.0602899 ], [ -88.040028, 43.060294899999988 ], [ -88.03977, 43.0602989 ], [ -88.038998, 43.0603139 ], [ -88.038741, 43.0603199 ], [ -88.038506, 43.0603239 ], [ -88.037801, 43.0603379 ], [ -88.037567, 43.0603429 ], [ -88.037365, 43.0603439 ], [ -88.036761, 43.0603499 ], [ -88.03656, 43.0603519 ], [ -88.03622, 43.060353899999988 ], [ -88.0352, 43.0603639 ], [ -88.034944, 43.0603669 ], [ -88.034861, 43.0603679 ], [ -88.034868, 43.0603889 ], [ -88.035025, 43.0606749 ], [ -88.03548, 43.0612049 ], [ -88.035689, 43.0615359 ], [ -88.035798, 43.0617759 ], [ -88.035833, 43.0618519 ], [ -88.03589, 43.0619269 ], [ -88.035972, 43.0619849 ], [ -88.036078, 43.0620389 ], [ -88.036213, 43.0620849 ], [ -88.036335, 43.0621489 ], [ -88.036422, 43.0622419 ], [ -88.036579, 43.0625349 ], [ -88.036701, 43.0628119 ], [ -88.036791, 43.0629879 ], [ -88.037278, 43.0637509 ], [ -88.037418, 43.0640299 ], [ -88.037432, 43.0641569 ], [ -88.037387, 43.0642429 ], [ -88.037198, 43.0643709 ], [ -88.037155, 43.0644449 ], [ -88.037166, 43.0648509 ], [ -88.037114, 43.0651769 ], [ -88.037067, 43.0653239 ], [ -88.036973, 43.0654709 ], [ -88.036882, 43.0655459 ], [ -88.036798, 43.0655789 ], [ -88.036498, 43.0656309 ], [ -88.03646, 43.0656959 ], [ -88.036462, 43.0657569 ], [ -88.036471, 43.0659399 ], [ -88.03652, 43.0660679 ], [ -88.036642, 43.0661659 ], [ -88.037043, 43.0662899 ], [ -88.037142, 43.0663489 ], [ -88.037205, 43.0664149 ], [ -88.037248, 43.0665639 ], [ -88.037275, 43.0668269 ], [ -88.03728, 43.0670079 ], [ -88.0372829, 43.0671272 ], [ -88.0373985, 43.0671256 ], [ -88.037405400000011, 43.067173 ], [ -88.0374153, 43.0672383 ], [ -88.0374233, 43.067323 ], [ -88.037425, 43.0674279 ], [ -88.0374361, 43.0674932 ], [ -88.0374484, 43.067592 ], [ -88.0374484, 43.0676051 ], [ -88.0383492, 43.0675919 ], [ -88.038409, 43.067591 ], [ -88.038423, 43.0688133 ], [ -88.0378047, 43.0688224 ], [ -88.0377136, 43.0688237 ], [ -88.0376202, 43.0688251 ], [ -88.037011299999989, 43.0688338 ], [ -88.0368614, 43.0688359 ], [ -88.0368597, 43.0688661 ], [ -88.0368576, 43.0688962 ], [ -88.0368553, 43.0689262 ], [ -88.0368527, 43.0689563 ], [ -88.0368497, 43.0689863 ], [ -88.0368465, 43.0690164 ], [ -88.036843, 43.0690464 ], [ -88.036839200000017, 43.0690764 ], [ -88.0368351, 43.0691064 ], [ -88.0368307, 43.0691363 ], [ -88.036826, 43.0691662 ], [ -88.036821, 43.0691961 ], [ -88.0368157, 43.069226 ], [ -88.0368101, 43.0692559 ], [ -88.0368042, 43.0692857 ], [ -88.036798, 43.0693155 ], [ -88.0367916, 43.0693452 ], [ -88.0367848, 43.0693749 ], [ -88.0367778, 43.0694046 ], [ -88.0367704, 43.0694343 ], [ -88.0367628, 43.0694639 ], [ -88.0367549, 43.0694934 ], [ -88.0367466, 43.0695229 ], [ -88.0367381, 43.0695524 ], [ -88.0367293, 43.0695818 ], [ -88.0367202, 43.0696112 ], [ -88.0367109, 43.0696406 ], [ -88.0367012, 43.0696698 ], [ -88.0366943, 43.0696898 ], [ -88.0366871, 43.0697098 ], [ -88.0366797, 43.0697296 ], [ -88.036672, 43.0697495 ], [ -88.0366639, 43.069769199999989 ], [ -88.0366556, 43.0697889 ], [ -88.036647, 43.0698085 ], [ -88.0366381, 43.0698281 ], [ -88.036629, 43.069847599999989 ], [ -88.0366195, 43.069867 ], [ -88.0366098, 43.0698863 ], [ -88.0365997, 43.0699056 ], [ -88.0365894, 43.0699248 ], [ -88.0365789, 43.0699439 ], [ -88.036568, 43.0699629 ], [ -88.0365568, 43.0699818 ], [ -88.0365454, 43.0700007 ], [ -88.0365337, 43.0700194 ], [ -88.0365217, 43.070038 ], [ -88.0365095, 43.0700566 ], [ -88.036497, 43.0700751 ], [ -88.0364842, 43.0700934 ], [ -88.0364712, 43.0701117 ], [ -88.0364578, 43.0701298 ], [ -88.0364442, 43.0701479 ], [ -88.0364304, 43.0701658 ], [ -88.0364163, 43.0701837 ], [ -88.0364019, 43.0702014 ], [ -88.0363873, 43.070219 ], [ -88.0363724, 43.0702365 ], [ -88.0363573, 43.0702539 ], [ -88.0363419, 43.0702711 ], [ -88.0363262, 43.0702883 ], [ -88.0363103, 43.0703052 ], [ -88.0362942, 43.0703221 ], [ -88.0362778, 43.0703389 ], [ -88.0362612, 43.0703555 ], [ -88.0362443, 43.070372 ], [ -88.0362272, 43.0703883 ], [ -88.036209900000017, 43.0704046 ], [ -88.0361922, 43.0704206 ], [ -88.0361744, 43.0704366 ], [ -88.0361564, 43.0704524 ], [ -88.0361381, 43.0704681 ], [ -88.0357979, 43.0707562 ], [ -88.0357809, 43.0707708 ], [ -88.0357642, 43.0707854 ], [ -88.0357477, 43.0708002 ], [ -88.0357314, 43.0708152 ], [ -88.0357154, 43.0708303 ], [ -88.0356996, 43.0708455 ], [ -88.0356841, 43.0708609 ], [ -88.0356688, 43.0708764 ], [ -88.0356537, 43.070892 ], [ -88.035639, 43.0709078 ], [ -88.035624399999989, 43.0709236 ], [ -88.0356101, 43.0709397 ], [ -88.0355961, 43.0709558 ], [ -88.0355823, 43.070972 ], [ -88.0355688, 43.0709884 ], [ -88.0355555, 43.0710048 ], [ -88.0355425, 43.0710214 ], [ -88.0355297, 43.0710381 ], [ -88.0355173, 43.0710549 ], [ -88.0355051, 43.0710718 ], [ -88.0354932, 43.0710888 ], [ -88.0354815, 43.0711059 ], [ -88.0354701, 43.0711231 ], [ -88.035459, 43.0711405 ], [ -88.0354481, 43.071157899999989 ], [ -88.0354376, 43.0711753 ], [ -88.0354273, 43.0711929 ], [ -88.0354172, 43.0712106 ], [ -88.0354075, 43.0712283 ], [ -88.035398, 43.0712461 ], [ -88.035388900000015, 43.0712641 ], [ -88.03538, 43.071282 ], [ -88.0353714, 43.0713001 ], [ -88.0353613, 43.0713221 ], [ -88.0353514, 43.0713442 ], [ -88.0353418, 43.071366399999988 ], [ -88.0353325, 43.0713886 ], [ -88.0353235, 43.0714109 ], [ -88.0353148, 43.0714333 ], [ -88.0353064, 43.0714557 ], [ -88.0352983, 43.0714782 ], [ -88.0352928, 43.0714938 ], [ -88.0352904, 43.0715007 ], [ -88.0352828, 43.0715233 ], [ -88.0352755, 43.071546 ], [ -88.0352685, 43.0715686 ], [ -88.0352619, 43.0715914 ], [ -88.0352554, 43.0716141 ], [ -88.0352494, 43.071637 ], [ -88.0352435, 43.0716598 ], [ -88.035238, 43.0716827 ], [ -88.0352328, 43.0717057 ], [ -88.0352278, 43.0717286 ], [ -88.0352232, 43.0717517 ], [ -88.0352188, 43.0717747 ], [ -88.0352148, 43.0717978 ], [ -88.035211, 43.0718208 ], [ -88.0352076, 43.071844 ], [ -88.0352044, 43.0718671 ], [ -88.0352015, 43.0718903 ], [ -88.0351989, 43.0719134 ], [ -88.0351966, 43.0719366 ], [ -88.0351947, 43.0719599 ], [ -88.035193, 43.0719831 ], [ -88.0351916, 43.0720063 ], [ -88.0351905, 43.0720296 ], [ -88.035189699999989, 43.0720528 ], [ -88.0351892, 43.072076 ], [ -88.035189, 43.0720993 ], [ -88.0351891, 43.0721226 ], [ -88.0351895, 43.0721458 ], [ -88.0351902, 43.072169099999989 ], [ -88.035191200000014, 43.0721923 ], [ -88.0351925, 43.0722156 ], [ -88.0351941, 43.0722388 ], [ -88.035196, 43.072262 ], [ -88.0351982, 43.0722852 ], [ -88.0352006, 43.0723084 ], [ -88.0352034, 43.0723316 ], [ -88.0352065, 43.0723547 ], [ -88.0352099, 43.0723778 ], [ -88.0352135, 43.0724009 ], [ -88.0352175, 43.072424 ], [ -88.0352218, 43.072447 ], [ -88.0352263, 43.0724701 ], [ -88.0352312, 43.072493 ], [ -88.0352363, 43.072516 ], [ -88.035397, 43.0732716 ], [ -88.0354056, 43.0733113 ], [ -88.035414, 43.073351 ], [ -88.035422, 43.0733907 ], [ -88.0354298, 43.0734305 ], [ -88.0354372, 43.0734703 ], [ -88.0354444, 43.0735101 ], [ -88.0354513, 43.07355 ], [ -88.035457799999989, 43.0735899 ], [ -88.0354641, 43.0736298 ], [ -88.0354701, 43.0736697 ], [ -88.0354757, 43.0737097 ], [ -88.0354811, 43.0737496 ], [ -88.0354862, 43.0737897 ], [ -88.035491, 43.0738297 ], [ -88.0354955, 43.0738697 ], [ -88.0354997, 43.0739098 ], [ -88.0355035, 43.0739499 ], [ -88.0355071, 43.0739899 ], [ -88.0355104, 43.07403 ], [ -88.0355134, 43.0740701 ], [ -88.0355161, 43.0741103 ], [ -88.0355185, 43.0741504 ], [ -88.0355206, 43.0741906 ], [ -88.0355224, 43.0742307 ], [ -88.0355239, 43.0742709 ], [ -88.0355251, 43.074311 ], [ -88.035526, 43.0743512 ], [ -88.0355266, 43.0743914 ], [ -88.0355312, 43.0747955 ], [ -88.0356809, 43.0747947 ], [ -88.0363293, 43.0747913 ], [ -88.0364296, 43.0747908 ], [ -88.03656070000001, 43.0747901 ], [ -88.0377424, 43.0747839 ], [ -88.0383772, 43.074768 ], [ -88.038377900000015, 43.0748365 ], [ -88.0383797, 43.0749874 ], [ -88.040693, 43.0749179 ], [ -88.040932, 43.0749119 ], [ -88.041651, 43.0748929 ], [ -88.041891, 43.0748879 ], [ -88.042138, 43.0748809 ], [ -88.042879, 43.0748619 ], [ -88.043127, 43.0748569 ], [ -88.04337, 43.0748499 ], [ -88.0452153, 43.0748032 ], [ -88.045501, 43.0747959 ], [ -88.045791, 43.0747899 ], [ -88.046213, 43.0747789 ], [ -88.047482, 43.0747469 ], [ -88.047905, 43.0747369 ], [ -88.048321, 43.0747299 ], [ -88.049571, 43.0747099 ], [ -88.049988, 43.0747039 ], [ -88.050064, 43.0748519 ], [ -88.050181, 43.0750659 ], [ -88.050327, 43.0752779 ], [ -88.05089, 43.0760969 ], [ -88.051198, 43.0764599 ], [ -88.05122, 43.0764859 ], [ -88.051394, 43.0766919 ], [ -88.051701, 43.0770149 ], [ -88.052042, 43.0773809 ], [ -88.05254, 43.0779159 ], [ -88.053171, 43.0785979 ], [ -88.05564, 43.0812739 ], [ -88.056987, 43.0827329 ] ] ] } },
{ "type": "Feature", "properties": { "rep_unit_id": 483, "ward": "City of Wauwatosa Ward 22", "county": "MILWAUKEE" }, "geometry": { "type": "Polygon", "coordinates": [ [ [ -88.039457700000014, 43.0896854 ], [ -88.0403246, 43.0896841 ], [ -88.0415976, 43.0896822 ], [ -88.0425652, 43.0896808 ], [ -88.04261, 43.0896807 ], [ -88.0435164, 43.0896794 ], [ -88.04365, 43.0896792 ], [ -88.0458669, 43.089675899999989 ], [ -88.047702, 43.089673 ], [ -88.048752, 43.0897049 ], [ -88.049799, 43.0896719 ], [ -88.050947, 43.0895759 ], [ -88.051339, 43.0895409 ], [ -88.052315, 43.0894549 ], [ -88.052446, 43.0894469 ], [ -88.052698, 43.0894299 ], [ -88.054616, 43.0893769 ], [ -88.05558, 43.089332899999988 ], [ -88.056957, 43.0891289 ], [ -88.057737, 43.0890439 ], [ -88.057912, 43.0890319 ], [ -88.058148, 43.0890219 ], [ -88.058337, 43.0890039 ], [ -88.059491, 43.0889669 ], [ -88.060414, 43.0890299 ], [ -88.061197, 43.0890909 ], [ -88.061514, 43.0891039 ], [ -88.061707, 43.0891019 ], [ -88.062660400000013, 43.0891038 ], [ -88.0630863, 43.089089199999989 ], [ -88.063881, 43.0890499 ], [ -88.064145, 43.0890419 ], [ -88.064593, 43.0890259 ], [ -88.065934, 43.0889789 ], [ -88.0663039, 43.0889789 ], [ -88.0663649, 43.0860166 ], [ -88.0664108, 43.0837945 ], [ -88.066453, 43.0817217 ], [ -88.0665302, 43.0780667 ], [ -88.0666057, 43.0744656 ], [ -88.065471, 43.0744709 ], [ -88.06519, 43.0744749 ], [ -88.064907, 43.0744779 ], [ -88.064061, 43.0744899 ], [ -88.0637791, 43.0744949 ], [ -88.0630766, 43.0745158 ], [ -88.062408, 43.0745253 ], [ -88.061664, 43.0745249 ], [ -88.061581, 43.0745259 ], [ -88.061022, 43.0745329 ], [ -88.059534, 43.0745549 ], [ -88.059348, 43.0745569 ], [ -88.058791, 43.0745659 ], [ -88.058763, 43.0745659 ], [ -88.05829, 43.0745729 ], [ -88.058064, 43.0745759 ], [ -88.058093, 43.0777199 ], [ -88.058094, 43.0778559 ], [ -88.058109, 43.0788209 ], [ -88.058064, 43.0793489 ], [ -88.057958, 43.0799829 ], [ -88.057777, 43.0805859 ], [ -88.057058, 43.0825129 ], [ -88.056987, 43.0827329 ], [ -88.05564, 43.0812739 ], [ -88.053171, 43.0785979 ], [ -88.05254, 43.0779159 ], [ -88.052042, 43.0773809 ], [ -88.051701, 43.0770149 ], [ -88.051394, 43.0766919 ], [ -88.05122, 43.0764859 ], [ -88.051198, 43.0764599 ], [ -88.05089, 43.0760969 ], [ -88.050327, 43.0752779 ], [ -88.050181, 43.0750659 ], [ -88.050064, 43.0748519 ], [ -88.049988, 43.0747039 ], [ -88.049571, 43.0747099 ], [ -88.048321, 43.0747299 ], [ -88.047905, 43.0747369 ], [ -88.047482, 43.0747469 ], [ -88.046213, 43.0747789 ], [ -88.045791, 43.0747899 ], [ -88.045501, 43.0747959 ], [ -88.0452153, 43.0748032 ], [ -88.04337, 43.0748499 ], [ -88.043127, 43.0748569 ], [ -88.042879, 43.0748619 ], [ -88.042138, 43.0748809 ], [ -88.041891, 43.0748879 ], [ -88.041651, 43.0748929 ], [ -88.040932, 43.0749119 ], [ -88.040693, 43.0749179 ], [ -88.0383797, 43.0749874 ], [ -88.038381, 43.0751547 ], [ -88.0382737, 43.0753128 ], [ -88.0380411, 43.0754029 ], [ -88.037975, 43.0754287 ], [ -88.0379063, 43.0754508 ], [ -88.0378396, 43.0754757 ], [ -88.0377455, 43.075511 ], [ -88.0366724, 43.0755166 ], [ -88.0365464, 43.0755173 ], [ -88.0356151, 43.0755221 ], [ -88.0356184, 43.0755335 ], [ -88.0356255, 43.0755562 ], [ -88.0356327, 43.0755788 ], [ -88.0356403, 43.0756014 ], [ -88.035648100000017, 43.0756239 ], [ -88.0356563, 43.0756463 ], [ -88.0356647, 43.0756687 ], [ -88.0356735, 43.0756911 ], [ -88.0356824, 43.0757134 ], [ -88.0356918, 43.0757356 ], [ -88.0357013, 43.0757577 ], [ -88.0357112, 43.0757798 ], [ -88.0357213, 43.0758018 ], [ -88.0357318, 43.0758238 ], [ -88.0357424, 43.0758457 ], [ -88.0357534, 43.0758674 ], [ -88.0357647, 43.0758892 ], [ -88.0357762, 43.0759108 ], [ -88.035788, 43.0759324 ], [ -88.0358001, 43.0759538 ], [ -88.0358125, 43.0759753 ], [ -88.0358251, 43.0759966 ], [ -88.035838, 43.0760178 ], [ -88.0358512, 43.0760389 ], [ -88.0358647, 43.07606 ], [ -88.0358784, 43.0760809 ], [ -88.0358842, 43.0760896 ], [ -88.0358843, 43.0760897 ], [ -88.0358838, 43.0760898 ], [ -88.0358172, 43.0761141 ], [ -88.0357521, 43.0761374 ], [ -88.034726, 43.0765081 ], [ -88.0346059, 43.0765515 ], [ -88.0345523, 43.0764638 ], [ -88.0344261, 43.0762421 ], [ -88.0343292, 43.0760347 ], [ -88.0338644, 43.07614 ], [ -88.0338716, 43.0761571 ], [ -88.0339451, 43.0763169 ], [ -88.0339711, 43.0763684 ], [ -88.0340281, 43.0764743 ], [ -88.0341157, 43.0766215 ], [ -88.0341719, 43.0767082 ], [ -88.0342312, 43.0767938 ], [ -88.0343416, 43.0769408 ], [ -88.034387099999989, 43.0769973 ], [ -88.0344665, 43.0770909 ], [ -88.0345565, 43.0771904 ], [ -88.0346006, 43.0772368 ], [ -88.0347387, 43.0773735 ], [ -88.0347435, 43.077378 ], [ -88.034895, 43.0775143 ], [ -88.0349352, 43.0775484 ], [ -88.0350578, 43.0776479 ], [ -88.0346997, 43.0778893 ], [ -88.0346184, 43.077946 ], [ -88.0345519, 43.0778931 ], [ -88.0344693, 43.0779475 ], [ -88.0341844, 43.0781352 ], [ -88.034256900000017, 43.0782857 ], [ -88.0342635, 43.0782994 ], [ -88.034488, 43.0782983 ], [ -88.034789, 43.0784613 ], [ -88.0347906, 43.0786259 ], [ -88.0347919, 43.0787082 ], [ -88.0354951, 43.0787046 ], [ -88.0354948, 43.0786983 ], [ -88.0354948, 43.0786978 ], [ -88.0354943, 43.0786853 ], [ -88.035494200000016, 43.0786819 ], [ -88.0354938, 43.078672 ], [ -88.0354936, 43.0786682 ], [ -88.0354932, 43.0786577 ], [ -88.035493, 43.0786543 ], [ -88.0354927, 43.0786458 ], [ -88.035492499999989, 43.0786416 ], [ -88.0354922, 43.0786333 ], [ -88.035492, 43.0786291 ], [ -88.0354917, 43.0786219 ], [ -88.0354915, 43.0786167 ], [ -88.0354912, 43.0786095 ], [ -88.0354911, 43.0786051 ], [ -88.0354907, 43.0785959 ], [ -88.0354906, 43.0785937 ], [ -88.0354902, 43.0785839 ], [ -88.0354901, 43.0785813 ], [ -88.0354899, 43.078575199999989 ], [ -88.0354898, 43.078573 ], [ -88.0354897, 43.0785715 ], [ -88.0354897, 43.0785697 ], [ -88.0354896, 43.0785686 ], [ -88.0354891, 43.0785642 ], [ -88.0354886, 43.0785606 ], [ -88.0354883, 43.0785587 ], [ -88.0354874, 43.0785542 ], [ -88.0354872, 43.0785532 ], [ -88.035485799999989, 43.0785478 ], [ -88.0354852, 43.0785458 ], [ -88.0354844, 43.0785435 ], [ -88.0354841, 43.0785424 ], [ -88.0354821, 43.0785371 ], [ -88.0354816, 43.078536 ], [ -88.0354805, 43.0785335 ], [ -88.0354798, 43.0785318 ], [ -88.0354772, 43.0785267 ], [ -88.035476, 43.0785244 ], [ -88.0354744, 43.0785216 ], [ -88.035474, 43.078521 ], [ -88.0354728, 43.0785191 ], [ -88.035471199999989, 43.0785166 ], [ -88.0354701, 43.078515 ], [ -88.0354678, 43.0785116 ], [ -88.0354656, 43.0785087 ], [ -88.0354641, 43.0785068 ], [ -88.0354631, 43.0785055 ], [ -88.0354606, 43.0785026 ], [ -88.0354602, 43.0785021 ], [ -88.0354596, 43.0785015 ], [ -88.0354583, 43.0785 ], [ -88.035456599999989, 43.0784982 ], [ -88.035456, 43.0784975 ], [ -88.0354527, 43.0784943 ], [ -88.0354515, 43.0784931 ], [ -88.0354481, 43.0784899 ], [ -88.0354468, 43.0784888 ], [ -88.0354441, 43.0784864 ], [ -88.0354431, 43.0784856 ], [ -88.0354419, 43.0784846 ], [ -88.0354387, 43.0784821 ], [ -88.0354368, 43.0784806 ], [ -88.0354355, 43.0784796 ], [ -88.035433, 43.0784778 ], [ -88.0354314, 43.0784767 ], [ -88.0354284, 43.0784747 ], [ -88.0354259, 43.078473 ], [ -88.0354227, 43.0784711 ], [ -88.0354211, 43.0784701 ], [ -88.0354201, 43.0784694 ], [ -88.035419499999989, 43.0784691 ], [ -88.0354186, 43.0784686 ], [ -88.0354141, 43.0784661 ], [ -88.0354133, 43.0784656 ], [ -88.0354039, 43.0784605 ], [ -88.0353999, 43.0784583 ], [ -88.035387700000015, 43.0784517 ], [ -88.0353861, 43.0784508 ], [ -88.0353829, 43.078449 ], [ -88.0353805, 43.0784477 ], [ -88.0353803, 43.0784476 ], [ -88.0353755, 43.0784449 ], [ -88.0353728, 43.0784434 ], [ -88.0353692, 43.0784414 ], [ -88.0353646, 43.0784389 ], [ -88.0353624, 43.0784376 ], [ -88.035355, 43.0784336 ], [ -88.0353539, 43.0784329 ], [ -88.0353473, 43.078429299999989 ], [ -88.03534710000001, 43.0784291 ], [ -88.0353467, 43.0784289 ], [ -88.0353414, 43.0784259 ], [ -88.0353394, 43.0784248 ], [ -88.0353301, 43.0784196 ], [ -88.0353284, 43.0784186 ], [ -88.035326, 43.0784173 ], [ -88.0353147, 43.0784109 ], [ -88.0353138, 43.0784104 ], [ -88.0353132, 43.0784101 ], [ -88.0353111, 43.0784089 ], [ -88.0353018, 43.0784035 ], [ -88.0353003, 43.0784027 ], [ -88.0352964, 43.0784005 ], [ -88.0352938, 43.0783989 ], [ -88.0352882, 43.0783958 ], [ -88.0352807, 43.0783915 ], [ -88.0352757, 43.0783886 ], [ -88.0352636, 43.0783816 ], [ -88.0352631, 43.0783813 ], [ -88.0352616, 43.0783804 ], [ -88.0352541, 43.078376 ], [ -88.0352518, 43.0783747 ], [ -88.0352502, 43.0783738 ], [ -88.0352478, 43.0783724 ], [ -88.0352469, 43.0783719 ], [ -88.0352426, 43.0783694 ], [ -88.0352393, 43.0783674 ], [ -88.0352303, 43.0783621 ], [ -88.0352272, 43.0783603 ], [ -88.0352235, 43.0783581 ], [ -88.0352151, 43.0783532 ], [ -88.0352148, 43.078353 ], [ -88.0352085, 43.0783492 ], [ -88.0352056, 43.0783475 ], [ -88.0352028, 43.0783458 ], [ -88.0351984, 43.0783431 ], [ -88.0351953, 43.0783413 ], [ -88.0351857, 43.0783356 ], [ -88.0351826, 43.0783338 ], [ -88.0351822, 43.0783335 ], [ -88.0351814, 43.078333 ], [ -88.035169900000014, 43.078326 ], [ -88.0351686, 43.0783253 ], [ -88.035164, 43.0783225 ], [ -88.0351588, 43.0783193 ], [ -88.0351505, 43.0783143 ], [ -88.0351503, 43.0783142 ], [ -88.0351492, 43.0783135 ], [ -88.035149, 43.0783133 ], [ -88.0351427, 43.0783095 ], [ -88.0351384, 43.0783069 ], [ -88.035133, 43.0783035 ], [ -88.0351267, 43.0782996 ], [ -88.0351216, 43.0782965 ], [ -88.0351182, 43.0782944 ], [ -88.0351172, 43.0782938 ], [ -88.0351166, 43.0782934 ], [ -88.0351152, 43.0782926 ], [ -88.0351098, 43.0782892 ], [ -88.0351016, 43.078284 ], [ -88.0350994, 43.078282699999988 ], [ -88.035086299999989, 43.0782745 ], [ -88.0350855, 43.078274 ], [ -88.0350845, 43.0782734 ], [ -88.0350821, 43.0782718 ], [ -88.0350755, 43.0782677 ], [ -88.0350687, 43.0782634 ], [ -88.0350621, 43.0782592 ], [ -88.0350619, 43.0782591 ], [ -88.0350545, 43.0782544 ], [ -88.0350526, 43.0782532 ], [ -88.0350444, 43.0782479 ], [ -88.0350442, 43.0782477 ], [ -88.0350323, 43.0782401 ], [ -88.0350259, 43.078236 ], [ -88.035023, 43.0782341 ], [ -88.0350217, 43.0782333 ], [ -88.035020800000012, 43.0782328 ], [ -88.0350157, 43.0782294 ], [ -88.035007, 43.0782237 ], [ -88.0350049, 43.0782224 ], [ -88.0349924, 43.0782142 ], [ -88.0349916, 43.0782137 ], [ -88.0349895, 43.0782124 ], [ -88.0349894, 43.0782122 ], [ -88.0349878, 43.0782112 ], [ -88.0349798, 43.0782059 ], [ -88.0349771, 43.0782042 ], [ -88.0349669, 43.0781974 ], [ -88.0349633, 43.078195 ], [ -88.0349605, 43.0781931 ], [ -88.0349589, 43.0781921 ], [ -88.034958, 43.078191499999988 ], [ -88.0349505, 43.0781865 ], [ -88.0349439, 43.078182 ], [ -88.0349423, 43.078181 ], [ -88.0349295, 43.0781724 ], [ -88.0349294, 43.0781723 ], [ -88.0349269, 43.0781707 ], [ -88.0349269, 43.0781706 ], [ -88.0349249, 43.0781693 ], [ -88.0349112, 43.0781599 ], [ -88.0349088, 43.0781583 ], [ -88.0349072, 43.0781572 ], [ -88.0349071, 43.0781572 ], [ -88.0348987, 43.0781515 ], [ -88.0348968, 43.0781502 ], [ -88.034896, 43.0781496 ], [ -88.0348959, 43.0781496 ], [ -88.0348937, 43.078148 ], [ -88.034886899999989, 43.0781433 ], [ -88.034883, 43.0781406 ], [ -88.0348742, 43.0781346 ], [ -88.0348727, 43.0781335 ], [ -88.0348682, 43.0781304 ], [ -88.0348653, 43.0781284 ], [ -88.0348641, 43.0781276 ], [ -88.0348596, 43.0781244 ], [ -88.0348551, 43.0781213 ], [ -88.0348477, 43.0781161 ], [ -88.034844800000016, 43.0781141 ], [ -88.0348396, 43.0781103 ], [ -88.0348366, 43.0781083 ], [ -88.0348361, 43.0781079 ], [ -88.0348348, 43.078107 ], [ -88.0348307, 43.0781041 ], [ -88.03483030000001, 43.0781038 ], [ -88.0348231, 43.0780987 ], [ -88.0348228, 43.0780985 ], [ -88.0348205, 43.0780969 ], [ -88.0348156, 43.0780934 ], [ -88.0348102, 43.0780895 ], [ -88.0348057, 43.0780863 ], [ -88.034804600000015, 43.0780855 ], [ -88.0348044, 43.0780854 ], [ -88.034804200000011, 43.0780853 ], [ -88.034883, 43.0780266 ], [ -88.0352226, 43.0777712 ], [ -88.0352495, 43.0777903 ], [ -88.03537, 43.0778728 ], [ -88.035398, 43.0778912 ], [ -88.0355516, 43.0779878 ], [ -88.0356034, 43.0780187 ], [ -88.0357701, 43.0781131 ], [ -88.0358492, 43.078157 ], [ -88.0361125, 43.0782261 ], [ -88.036146800000012, 43.0782351 ], [ -88.0364127, 43.0783049 ], [ -88.0364944, 43.0783263 ], [ -88.036863, 43.078423099999988 ], [ -88.036864900000012, 43.0786151 ], [ -88.0368654, 43.0786974 ], [ -88.0377496, 43.0786928 ], [ -88.0378995, 43.078692 ], [ -88.0379007, 43.0788739 ], [ -88.0380795, 43.0788833 ], [ -88.0387275, 43.078919 ], [ -88.0387352, 43.0789476 ], [ -88.0387807, 43.0791174 ], [ -88.0387836, 43.0791281 ], [ -88.0388256, 43.079285 ], [ -88.0388422, 43.079347 ], [ -88.0388645, 43.0794298 ], [ -88.038901, 43.0795661 ], [ -88.0389045, 43.0822665 ], [ -88.0384094, 43.0822694 ], [ -88.0384089, 43.0823312 ], [ -88.038404899999989, 43.0831396 ], [ -88.0384011, 43.0837843 ], [ -88.0383634, 43.0837842 ], [ -88.0379142, 43.0837829 ], [ -88.0377458, 43.083782299999989 ], [ -88.037744, 43.0841116 ], [ -88.0383994, 43.084113599999988 ], [ -88.0383936, 43.0851561 ], [ -88.0383558, 43.085156 ], [ -88.0379066, 43.0851547 ], [ -88.0377383, 43.0851542 ], [ -88.0377376, 43.085264 ], [ -88.037906, 43.0852645 ], [ -88.0383552, 43.0852658 ], [ -88.0383926, 43.0852659 ], [ -88.0383902, 43.0857047 ], [ -88.0383528, 43.0857048 ], [ -88.0379036, 43.0857035 ], [ -88.0377351, 43.085706 ], [ -88.0377339, 43.0859224 ], [ -88.038389, 43.0859244 ], [ -88.0383839, 43.0868002 ], [ -88.0383467, 43.0868003 ], [ -88.0378975, 43.0868009 ], [ -88.037729, 43.0868012 ], [ -88.037724, 43.08773 ], [ -88.0382408, 43.087730099999987 ], [ -88.0382402, 43.0878124 ], [ -88.038238299999989, 43.0881417 ], [ -88.0382382, 43.0881585 ], [ -88.0382365, 43.0884709 ], [ -88.0382364, 43.0884878 ], [ -88.0382356, 43.0886428 ], [ -88.0382343, 43.0888681 ], [ -88.0382335, 43.0890173 ], [ -88.0382327, 43.0892038 ], [ -88.039457700000014, 43.0896854 ] ] ] } },
{ "type": "Feature", "properties": { "rep_unit_id": 484, "ward": "City of Wauwatosa Ward 23", "county": "MILWAUKEE" }, "geometry": { "type": "Polygon", "coordinates": [ [ [ -88.0407817, 43.1043708 ], [ -88.0421657, 43.104362699999989 ], [ -88.043401500000016, 43.1043556 ], [ -88.0446439, 43.1043484 ], [ -88.045879, 43.1043411 ], [ -88.0461094, 43.1043398 ], [ -88.0465371, 43.1043373 ], [ -88.0467243, 43.1043362 ], [ -88.0470901, 43.1043341 ], [ -88.0473064, 43.1043328 ], [ -88.047371, 43.1043324 ], [ -88.0476475, 43.1043309 ], [ -88.0476518, 43.1043308 ], [ -88.0479327, 43.1043292 ], [ -88.0482135, 43.1043275 ], [ -88.0484943, 43.1043259 ], [ -88.0487752, 43.1043243 ], [ -88.0490561, 43.1043226 ], [ -88.0491684, 43.104322 ], [ -88.0492808, 43.1043213 ], [ -88.049587699999989, 43.1043195 ], [ -88.049891, 43.1043176 ], [ -88.0501943, 43.104316 ], [ -88.0504976, 43.104314 ], [ -88.0508009, 43.104312899999989 ], [ -88.0510712, 43.1043127 ], [ -88.0511835, 43.1043102 ], [ -88.051893299999989, 43.104306 ], [ -88.0526288, 43.1043017 ], [ -88.0528772, 43.1043002 ], [ -88.0529043, 43.1043001 ], [ -88.0534108, 43.1042971 ], [ -88.0545872, 43.1042902 ], [ -88.0568805, 43.1042767 ], [ -88.0580735, 43.1042697 ], [ -88.0588989, 43.1042649 ], [ -88.059910699999989, 43.104259 ], [ -88.0600231, 43.1042584 ], [ -88.060978, 43.1042529 ], [ -88.0618369, 43.1042479 ], [ -88.0631099, 43.104240499999989 ], [ -88.0644272, 43.1042328 ], [ -88.0657969, 43.1042248 ], [ -88.0660216, 43.1042235 ], [ -88.06612, 43.0989051 ], [ -88.0661691, 43.0962284 ], [ -88.0662826, 43.0901287 ], [ -88.0663039, 43.0889789 ], [ -88.065934, 43.0889789 ], [ -88.064593, 43.0890259 ], [ -88.064145, 43.0890419 ], [ -88.063881, 43.0890499 ], [ -88.0630863, 43.089089199999989 ], [ -88.062660400000013, 43.0891038 ], [ -88.061707, 43.0891019 ], [ -88.061514, 43.0891039 ], [ -88.061197, 43.0890909 ], [ -88.060414, 43.0890299 ], [ -88.059491, 43.0889669 ], [ -88.058337, 43.0890039 ], [ -88.058148, 43.0890219 ], [ -88.057912, 43.0890319 ], [ -88.057737, 43.0890439 ], [ -88.056957, 43.0891289 ], [ -88.05558, 43.089332899999988 ], [ -88.054616, 43.0893769 ], [ -88.052698, 43.0894299 ], [ -88.052446, 43.0894469 ], [ -88.052315, 43.0894549 ], [ -88.051339, 43.0895409 ], [ -88.050947, 43.0895759 ], [ -88.049799, 43.0896719 ], [ -88.048752, 43.0897049 ], [ -88.047702, 43.089673 ], [ -88.0477005, 43.0902163 ], [ -88.0474749, 43.0902167 ], [ -88.043296, 43.0902229 ], [ -88.043291599999989, 43.0902269 ], [ -88.0432848, 43.0902331 ], [ -88.043279, 43.090238199999988 ], [ -88.0432689, 43.0902473 ], [ -88.0432656, 43.0902502 ], [ -88.0432599, 43.0902551 ], [ -88.0432561, 43.0902585 ], [ -88.0432479, 43.0902657 ], [ -88.0432465, 43.0902669 ], [ -88.0432388, 43.0902737 ], [ -88.0432363, 43.0902758 ], [ -88.0432307, 43.0902807 ], [ -88.0432291, 43.0902821 ], [ -88.0432239, 43.0902866 ], [ -88.0432132, 43.0902957 ], [ -88.0432097, 43.0902987 ], [ -88.0432011, 43.0903059 ], [ -88.0431975, 43.090309 ], [ -88.0431965, 43.0903098 ], [ -88.0431891, 43.0903161 ], [ -88.0431811, 43.0903227 ], [ -88.0431758, 43.090327099999989 ], [ -88.0431719, 43.0903304 ], [ -88.0431705, 43.0903315 ], [ -88.043163, 43.0903377 ], [ -88.0431615, 43.090339 ], [ -88.043156, 43.0903435 ], [ -88.0431494, 43.0903489 ], [ -88.0431409, 43.0903559 ], [ -88.043136, 43.0903598 ], [ -88.0431275, 43.0903667 ], [ -88.0431241, 43.0903694 ], [ -88.0431187, 43.0903737 ], [ -88.0431154, 43.0903764 ], [ -88.0431108, 43.09038 ], [ -88.0431098, 43.0903808 ], [ -88.0431078, 43.090382399999989 ], [ -88.0431058, 43.090384 ], [ -88.0431023, 43.0903867 ], [ -88.043094599999989, 43.0903928 ], [ -88.0430913, 43.0903954 ], [ -88.043088, 43.090398 ], [ -88.0430856, 43.0903999 ], [ -88.0430824, 43.0904024 ], [ -88.043081, 43.0904035 ], [ -88.0430708, 43.0904114 ], [ -88.0430706, 43.0904115 ], [ -88.0430694, 43.0904125 ], [ -88.0430657, 43.0904154 ], [ -88.0430611, 43.0904189 ], [ -88.0430526, 43.0904254 ], [ -88.0430495, 43.0904278 ], [ -88.0430494, 43.0904279 ], [ -88.0430457, 43.0904307 ], [ -88.0430443, 43.0904318 ], [ -88.0430435, 43.0904324 ], [ -88.0430426, 43.0904331 ], [ -88.0430423, 43.0904333 ], [ -88.0430365, 43.0904377 ], [ -88.0430323, 43.0904408 ], [ -88.0430279, 43.0904441 ], [ -88.0430269, 43.0904449 ], [ -88.0430225, 43.0904482 ], [ -88.0430162, 43.0904529 ], [ -88.0430158, 43.0904532 ], [ -88.0430107, 43.090457 ], [ -88.0430062, 43.0904604 ], [ -88.0430043, 43.0904617 ], [ -88.043, 43.090465 ], [ -88.0429996, 43.0904653 ], [ -88.042999, 43.0904657 ], [ -88.0429903, 43.0904721 ], [ -88.042989, 43.090473 ], [ -88.0429865, 43.0904749 ], [ -88.0429838, 43.0904769 ], [ -88.042980899999989, 43.090479 ], [ -88.0429734, 43.0904845 ], [ -88.0429703, 43.0904868 ], [ -88.0429698, 43.0904871 ], [ -88.0429637, 43.0904915 ], [ -88.0429632, 43.0904918 ], [ -88.0429618, 43.0904929 ], [ -88.0429612, 43.0904933 ], [ -88.0429565, 43.0904966 ], [ -88.0429557, 43.0904972 ], [ -88.0429473, 43.090503299999988 ], [ -88.0429441, 43.0905056 ], [ -88.0429417, 43.0905073 ], [ -88.0429375, 43.0905103 ], [ -88.0429374, 43.0905103 ], [ -88.0429358, 43.0905115 ], [ -88.0429309, 43.0905149 ], [ -88.0429308, 43.090515 ], [ -88.0429233, 43.0905202 ], [ -88.0429229, 43.0905206 ], [ -88.042922, 43.0905212 ], [ -88.0429136, 43.0905271 ], [ -88.0429126, 43.0905278 ], [ -88.0429094, 43.09053 ], [ -88.0429, 43.0905366 ], [ -88.0428946, 43.0905403 ], [ -88.042892, 43.0905421 ], [ -88.0428919, 43.0905422 ], [ -88.042888499999989, 43.0905445 ], [ -88.0428882, 43.0905447 ], [ -88.042886700000011, 43.0905457 ], [ -88.042883100000012, 43.0905482 ], [ -88.0428827, 43.0905485 ], [ -88.0428809, 43.0905497 ], [ -88.0428782, 43.0905516 ], [ -88.042877, 43.0905524 ], [ -88.0428758, 43.0905532 ], [ -88.0428729, 43.0905552 ], [ -88.0428717, 43.090556 ], [ -88.0428708, 43.0905566 ], [ -88.0428704, 43.0905569 ], [ -88.0428694, 43.0905576 ], [ -88.0428664, 43.0905596 ], [ -88.0428659, 43.09056 ], [ -88.0428656, 43.0905602 ], [ -88.0428613, 43.0905631 ], [ -88.042859299999989, 43.0905644 ], [ -88.042858099999989, 43.0905652 ], [ -88.042858099999989, 43.0905653 ], [ -88.0428562, 43.0905665 ], [ -88.0428549, 43.0905674 ], [ -88.0428535, 43.090568399999988 ], [ -88.0428522, 43.0905692 ], [ -88.0428499, 43.0905707 ], [ -88.0428483, 43.0905719 ], [ -88.0428466, 43.090573 ], [ -88.042845, 43.0905741 ], [ -88.0428444, 43.0905744 ], [ -88.042843499999989, 43.0905751 ], [ -88.0428428, 43.0905756 ], [ -88.0428406, 43.090577 ], [ -88.042838, 43.0905788 ], [ -88.0428378, 43.0905789 ], [ -88.042837, 43.0905794 ], [ -88.042836799999989, 43.0905795 ], [ -88.0428353, 43.0905805 ], [ -88.0428353, 43.0905806 ], [ -88.0428332, 43.090582 ], [ -88.0428318, 43.0905829 ], [ -88.0428297, 43.090584299999989 ], [ -88.0428293, 43.0905845 ], [ -88.0428266, 43.0905863 ], [ -88.0428246, 43.0905876 ], [ -88.0428236, 43.0905883 ], [ -88.0428231, 43.0905887 ], [ -88.042823, 43.0905887 ], [ -88.04282280000001, 43.0905888 ], [ -88.0428154, 43.0905937 ], [ -88.0428146, 43.0905942 ], [ -88.0428123, 43.0905958 ], [ -88.0428097, 43.0905975 ], [ -88.0428074, 43.090599 ], [ -88.0428054, 43.0906003 ], [ -88.0428041, 43.0906012 ], [ -88.0427988, 43.0906046 ], [ -88.0427957, 43.0906066 ], [ -88.0427908, 43.0906098 ], [ -88.0427885, 43.0906113 ], [ -88.0427854, 43.0906133 ], [ -88.0427853, 43.0906133 ], [ -88.0427819, 43.0906156 ], [ -88.0427788, 43.0906176 ], [ -88.0427763, 43.0906192 ], [ -88.0427711, 43.0906225 ], [ -88.0427694, 43.0906236 ], [ -88.042764, 43.090627 ], [ -88.0427619, 43.0906284 ], [ -88.0427583, 43.0906307 ], [ -88.0427572, 43.0906313 ], [ -88.0427487, 43.0906368 ], [ -88.0427455, 43.0906388 ], [ -88.0427399, 43.0906423 ], [ -88.0427397, 43.0906424 ], [ -88.0427382, 43.0906434 ], [ -88.0427344, 43.0906457 ], [ -88.0427309, 43.0906479 ], [ -88.0427289, 43.0906492 ], [ -88.0427286, 43.0906493 ], [ -88.0427269, 43.0906505 ], [ -88.0427249, 43.0906517 ], [ -88.0427193, 43.0906551 ], [ -88.0427175, 43.0906562 ], [ -88.0427108, 43.0906604 ], [ -88.0427087, 43.0906617 ], [ -88.0427064, 43.0906631 ], [ -88.0427034, 43.090665 ], [ -88.0426996, 43.0906673 ], [ -88.0426977, 43.0906685 ], [ -88.0426941, 43.0910724 ], [ -88.0426851, 43.0920859 ], [ -88.0426812, 43.0925158 ], [ -88.0426776, 43.0929273 ], [ -88.0426738, 43.0933526 ], [ -88.0426707, 43.093701 ], [ -88.0426683, 43.093972699999988 ], [ -88.042666, 43.0942374 ], [ -88.0426636, 43.0945022 ], [ -88.0426612, 43.094767 ], [ -88.0426589, 43.0950317 ], [ -88.0426565, 43.0952965 ], [ -88.0426542, 43.0955612 ], [ -88.0426519, 43.095826 ], [ -88.0426486, 43.09619 ], [ -88.0426422, 43.0969171 ], [ -88.0426417, 43.0969683 ], [ -88.0426666, 43.0969683 ], [ -88.042665700000015, 43.0970918 ], [ -88.042664, 43.0973322 ], [ -88.0426628, 43.097495699999989 ], [ -88.0426613, 43.0976982 ], [ -88.0426598, 43.0979006 ], [ -88.0426586, 43.0980604 ], [ -88.0420226, 43.098061 ], [ -88.041198799999989, 43.098061699999988 ], [ -88.0400028, 43.0980628 ], [ -88.0396029, 43.0980633 ], [ -88.0390412, 43.0980637 ], [ -88.0387604, 43.0980639 ], [ -88.0384594, 43.0980642 ], [ -88.0382849, 43.0980645 ], [ -88.0378057, 43.0980648 ], [ -88.0376372, 43.098065 ], [ -88.037632, 43.0982009 ], [ -88.037629, 43.0985899 ], [ -88.037628, 43.0987209 ], [ -88.037627, 43.0987339 ], [ -88.037627, 43.0987729 ], [ -88.037627, 43.0987869 ], [ -88.03796, 43.0987859 ], [ -88.0382739, 43.0987856 ], [ -88.038959, 43.0987849 ], [ -88.039293, 43.0987849 ], [ -88.0396, 43.0987839 ], [ -88.040524, 43.0987839 ], [ -88.040832, 43.0987839 ], [ -88.040827, 43.0992739 ], [ -88.0408168, 43.1005915 ], [ -88.0408141, 43.1008779 ], [ -88.040808, 43.1012369 ], [ -88.0408074, 43.1016042 ], [ -88.040804799999989, 43.1018785 ], [ -88.0408023, 43.1021529 ], [ -88.0407997, 43.102427299999988 ], [ -88.0407972, 43.1027016 ], [ -88.0407947, 43.102976 ], [ -88.0407921, 43.1032508 ], [ -88.0407896, 43.1035251 ], [ -88.040786, 43.1035969 ], [ -88.040785, 43.1036779 ], [ -88.0407855, 43.1039642 ], [ -88.0407829, 43.1042385 ], [ -88.0407817, 43.1043708 ] ] ] } },
{ "type": "Feature", "properties": { "rep_unit_id": 486, "ward": "City of Wauwatosa Ward 24B", "county": "MILWAUKEE" }, "geometry": { "type": "Polygon", "coordinates": [ [ [ -88.037576, 43.1044247 ], [ -88.0375765, 43.104424699999988 ], [ -88.0377448, 43.1044236 ], [ -88.0381942, 43.1044206 ], [ -88.0381955, 43.1042834 ], [ -88.0381958, 43.104256 ], [ -88.0383608, 43.1042548 ], [ -88.0385584, 43.1042535 ], [ -88.0387012, 43.1042526 ], [ -88.0387559, 43.1042522 ], [ -88.0389805, 43.1042507 ], [ -88.0390756, 43.10425 ], [ -88.039178, 43.1042493 ], [ -88.0393755, 43.104248 ], [ -88.0396002, 43.1042465 ], [ -88.0397496, 43.1042455 ], [ -88.0397977, 43.1042452 ], [ -88.0398994, 43.1042445 ], [ -88.0399952, 43.1042438 ], [ -88.0400491, 43.1042435 ], [ -88.0401989, 43.1042425 ], [ -88.0406706, 43.104239299999989 ], [ -88.0407829, 43.1042385 ], [ -88.0407855, 43.1039642 ], [ -88.040785, 43.1036779 ], [ -88.040786, 43.1035969 ], [ -88.0407896, 43.1035251 ], [ -88.0407921, 43.1032508 ], [ -88.0407947, 43.102976 ], [ -88.0407972, 43.1027016 ], [ -88.0407997, 43.102427299999988 ], [ -88.0408023, 43.1021529 ], [ -88.040804799999989, 43.1018785 ], [ -88.0408074, 43.1016042 ], [ -88.040808, 43.1012369 ], [ -88.0408141, 43.1008779 ], [ -88.0408168, 43.1005915 ], [ -88.040827, 43.0992739 ], [ -88.040832, 43.0987839 ], [ -88.040524, 43.0987839 ], [ -88.0396, 43.0987839 ], [ -88.039293, 43.0987849 ], [ -88.038959, 43.0987849 ], [ -88.0382739, 43.0987856 ], [ -88.03796, 43.0987859 ], [ -88.037627, 43.0987869 ], [ -88.037613, 43.1005946 ], [ -88.0376111, 43.1007889 ], [ -88.0376092, 43.100987 ], [ -88.0376073, 43.1011868 ], [ -88.037599899999989, 43.1019555 ], [ -88.0375981, 43.1021475 ], [ -88.0375963, 43.1023396 ], [ -88.0375909, 43.102902 ], [ -88.037589, 43.1030941 ], [ -88.037579400000013, 43.1040955 ], [ -88.0375779, 43.1042601 ], [ -88.0375764, 43.1044001 ], [ -88.037576, 43.1044247 ] ] ] } },
{ "type": "Feature", "properties": { "rep_unit_id": 20, "ward": "Village Elm Grove W1-4", "county": "WAUKESHA" }, "geometry": { "type": "MultiPolygon", "coordinates": [ [ [ [ -88.0971599, 43.0603918 ], [ -88.0977039, 43.0603878 ], [ -88.0979819, 43.0603878 ], [ -88.0979869, 43.0601118 ], [ -88.0979939, 43.0598408 ], [ -88.0987399, 43.0598378 ], [ -88.0987399, 43.0598278 ], [ -88.0987419, 43.0597388 ], [ -88.0990679, 43.0597427 ], [ -88.0990736, 43.0597505 ], [ -88.0991214, 43.0598148 ], [ -88.099126, 43.0598211 ], [ -88.0991426, 43.0598437 ], [ -88.0993633, 43.0598419 ], [ -88.0996342, 43.0598398 ], [ -88.1001212, 43.0598394 ], [ -88.1002037, 43.0598393 ], [ -88.100654, 43.0598369 ], [ -88.1009872, 43.059836 ], [ -88.1009978, 43.059836 ], [ -88.1010224, 43.0598359 ], [ -88.1012979, 43.0598352 ], [ -88.1014749, 43.0598347 ], [ -88.1017353, 43.0598338 ], [ -88.1018831, 43.0598332 ], [ -88.1022823, 43.0598326 ], [ -88.1027079, 43.05983 ], [ -88.1027028, 43.0600276 ], [ -88.1027005, 43.0602305 ], [ -88.1027, 43.060287 ], [ -88.1027, 43.0602894 ], [ -88.1027012, 43.0603722 ], [ -88.1027003, 43.0603966 ], [ -88.1026975, 43.0604677 ], [ -88.1027796, 43.0604673 ], [ -88.1027823, 43.0603964 ], [ -88.1027865, 43.0602867 ], [ -88.1027869, 43.0602584 ], [ -88.1027913, 43.0599204 ], [ -88.1027924, 43.0598548 ], [ -88.1027929, 43.0598287 ], [ -88.1031416, 43.0598282 ], [ -88.1034532, 43.0598266 ], [ -88.10345190000001, 43.0597667 ], [ -88.1036067, 43.0598295 ], [ -88.1037751, 43.0599049 ], [ -88.1041148, 43.0599047 ], [ -88.1041095, 43.0596526 ], [ -88.1042305, 43.0597047 ], [ -88.1045947, 43.0598611 ], [ -88.1046034, 43.0598641 ], [ -88.104612, 43.0598673 ], [ -88.1046203, 43.0598708 ], [ -88.1046286, 43.0598744 ], [ -88.1046367, 43.0598782 ], [ -88.1046446, 43.0598822 ], [ -88.1046524, 43.0598863 ], [ -88.104659900000016, 43.0598907 ], [ -88.1046673, 43.0598952 ], [ -88.1046745, 43.0598998 ], [ -88.1046815, 43.0599047 ], [ -88.1046883, 43.0599097 ], [ -88.1046949, 43.0599148 ], [ -88.1047012, 43.0599201 ], [ -88.1047074, 43.0599255 ], [ -88.1047132, 43.0599311 ], [ -88.1047189, 43.0599368 ], [ -88.1047243, 43.0599426 ], [ -88.1047281, 43.059947 ], [ -88.1047285, 43.0599476 ], [ -88.104729400000011, 43.0599486 ], [ -88.1047344, 43.0599547 ], [ -88.1047373, 43.0599586 ], [ -88.1047374, 43.0599586 ], [ -88.104739, 43.0599608 ], [ -88.1047434, 43.0599671 ], [ -88.104949, 43.0599001 ], [ -88.1051893, 43.0595985 ], [ -88.1052959, 43.0594636 ], [ -88.1053665, 43.0593744 ], [ -88.1056636, 43.059501499999989 ], [ -88.1058702, 43.0595899 ], [ -88.1062052, 43.0597415 ], [ -88.1062058, 43.0596594 ], [ -88.1062073, 43.0594278 ], [ -88.1062009, 43.0594251 ], [ -88.1059983, 43.0593351 ], [ -88.1060015, 43.059331 ], [ -88.1060261, 43.0592996 ], [ -88.1061889, 43.0590925 ], [ -88.1062096, 43.0590672 ], [ -88.1062382, 43.0590306 ], [ -88.1063011, 43.0589499 ], [ -88.1064191, 43.0587968 ], [ -88.1064097, 43.0587928 ], [ -88.106326, 43.0587562 ], [ -88.1063295, 43.058752 ], [ -88.1063295, 43.0587519 ], [ -88.106586800000017, 43.058437 ], [ -88.1065775, 43.0584329 ], [ -88.1065774, 43.058433 ], [ -88.1062146, 43.0582783 ], [ -88.1059999, 43.0581775 ], [ -88.106003700000016, 43.0581743 ], [ -88.1061726, 43.058026 ], [ -88.1061729, 43.0580257 ], [ -88.1063969, 43.0578457 ], [ -88.1062849, 43.0577707 ], [ -88.1062119, 43.0577217 ], [ -88.1059549, 43.0575257 ], [ -88.1059389, 43.0575127 ], [ -88.106009899999989, 43.0574587 ], [ -88.106096900000011, 43.0573927 ], [ -88.1060419, 43.057352699999988 ], [ -88.1060279, 43.0573407 ], [ -88.1059889, 43.0573107 ], [ -88.1059719, 43.0572957 ], [ -88.1059429, 43.0572717 ], [ -88.1059309, 43.0572607 ], [ -88.1058989, 43.0572317 ], [ -88.1060579, 43.0571427 ], [ -88.1062169, 43.0570557 ], [ -88.1064299, 43.0569357 ], [ -88.1062879, 43.0568057 ], [ -88.1062179, 43.0568047 ], [ -88.1062179, 43.0567742 ], [ -88.1062179, 43.0567577 ], [ -88.1062189, 43.0567381 ], [ -88.1062254, 43.0566115 ], [ -88.1062292, 43.0560085 ], [ -88.106229399999989, 43.0559794 ], [ -88.1062296, 43.0559535 ], [ -88.1062302, 43.0558516 ], [ -88.1062303, 43.055839 ], [ -88.1062304, 43.0558293 ], [ -88.1062305, 43.0558161 ], [ -88.1062355, 43.0550407 ], [ -88.1062404, 43.0542678 ], [ -88.1062467, 43.0532942 ], [ -88.1062475, 43.0531707 ], [ -88.106247599999989, 43.0531662 ], [ -88.1062477, 43.0531618 ], [ -88.106251, 43.0530444 ], [ -88.1062604, 43.0527071 ], [ -88.1062605, 43.0527049 ], [ -88.1062629, 43.0526597 ], [ -88.1062637, 43.0525853 ], [ -88.1062679, 43.0522227 ], [ -88.1062819, 43.0517237 ], [ -88.1062849, 43.0515977 ], [ -88.1062959, 43.0512027 ], [ -88.1063039, 43.0509307 ], [ -88.1063059, 43.0508267 ], [ -88.1063119, 43.0506427 ], [ -88.106313899999989, 43.0505637 ], [ -88.1063219, 43.0502507 ], [ -88.106330899999989, 43.0499487 ], [ -88.1063339, 43.0498217 ], [ -88.1063369, 43.0497327 ], [ -88.1063379, 43.049694699999989 ], [ -88.1063389, 43.0496697 ], [ -88.1063399, 43.0496147 ], [ -88.1063419, 43.0495447 ], [ -88.1063449, 43.0494337 ], [ -88.1063519, 43.0491847 ], [ -88.1063649, 43.0487237 ], [ -88.1063729, 43.0484437 ], [ -88.1063819, 43.0481017 ], [ -88.1063929, 43.0480307 ], [ -88.1063849, 43.0479757 ], [ -88.106393900000015, 43.0476707 ], [ -88.1064039, 43.0472937 ], [ -88.1064109, 43.0470637 ], [ -88.1064139, 43.0469367 ], [ -88.1064169, 43.0468487 ], [ -88.1064189, 43.0467777 ], [ -88.1064239, 43.0466097 ], [ -88.1064379, 43.0465387 ], [ -88.1064279, 43.0464377 ], [ -88.1064359, 43.0461507 ], [ -88.1064379, 43.0460997 ], [ -88.106438900000015, 43.0460427 ], [ -88.1064399, 43.0460127 ], [ -88.10644090000001, 43.0459867 ], [ -88.10644090000001, 43.0459717 ], [ -88.1064439, 43.0458747 ], [ -88.1064459, 43.0458067 ], [ -88.1064469, 43.0457477 ], [ -88.1064509, 43.0457247 ], [ -88.1064479, 43.0456987 ], [ -88.1064519, 43.0455427 ], [ -88.1064539, 43.0454787 ], [ -88.1064549, 43.0454157 ], [ -88.1064589, 43.0452467 ], [ -88.1064609, 43.0451927 ], [ -88.1064639, 43.0450717 ], [ -88.1064669, 43.0449587 ], [ -88.1064709, 43.0449037 ], [ -88.1064699, 43.0448307 ], [ -88.1064739, 43.0446517 ], [ -88.1064759, 43.0446007 ], [ -88.1064869, 43.0441337 ], [ -88.1064919, 43.0439457 ], [ -88.1064949, 43.0438107 ], [ -88.1064989, 43.0436837 ], [ -88.1065259, 43.0425717 ], [ -88.106527899999989, 43.0425137 ], [ -88.1065299, 43.0424397 ], [ -88.1065329, 43.0423097 ], [ -88.1065339, 43.0422597 ], [ -88.1065469, 43.0421827 ], [ -88.1065299, 43.0421507 ], [ -88.1065189, 43.0421137 ], [ -88.1065249, 43.0420907 ], [ -88.1065429, 43.0420577 ], [ -88.1065399, 43.0420227 ], [ -88.1065409, 43.0419877 ], [ -88.1065469, 43.0417657 ], [ -88.1065489, 43.0416687 ], [ -88.1065499, 43.0416337 ], [ -88.1065509, 43.0415877 ], [ -88.1065529, 43.0415217 ], [ -88.1065529, 43.0414557 ], [ -88.1065549, 43.0414127 ], [ -88.1065549, 43.041412 ], [ -88.1065799, 43.0408057 ], [ -88.1065785, 43.0407332 ], [ -88.1065898, 43.040281 ], [ -88.1065976, 43.0399681 ], [ -88.106632, 43.0385946 ], [ -88.106632, 43.0385945 ], [ -88.1068938, 43.0386001 ], [ -88.1070091, 43.0386026 ], [ -88.1070169, 43.038096 ], [ -88.107053, 43.0364311 ], [ -88.1070655, 43.0358553 ], [ -88.1066915, 43.035852 ], [ -88.106691, 43.0358544 ], [ -88.106691, 43.0358545 ], [ -88.1039447, 43.0358264 ], [ -88.10377, 43.0358246 ], [ -88.103769899999989, 43.0358273 ], [ -88.1037671, 43.0358994 ], [ -88.103767, 43.0358994 ], [ -88.1037633, 43.0359952 ], [ -88.1036221, 43.035994 ], [ -88.1035967, 43.0359938 ], [ -88.1032035, 43.0359898 ], [ -88.1026565, 43.0359863 ], [ -88.102172400000015, 43.0359823 ], [ -88.1021119, 43.0359822 ], [ -88.101974399999989, 43.0359822 ], [ -88.1019593, 43.0359822 ], [ -88.1019579, 43.0359823 ], [ -88.1018757, 43.0359825 ], [ -88.1018524, 43.0359826 ], [ -88.1018293, 43.0359829 ], [ -88.1017365, 43.0359841 ], [ -88.1016438, 43.0359866 ], [ -88.1014879, 43.0359918 ], [ -88.1014524, 43.035993 ], [ -88.1014331, 43.0359937 ], [ -88.1014148, 43.0359944 ], [ -88.1013784, 43.0359961 ], [ -88.101269, 43.036001 ], [ -88.1012373, 43.0360028 ], [ -88.1011596, 43.036007 ], [ -88.1010504, 43.0360141 ], [ -88.101023, 43.0360159 ], [ -88.1009959, 43.0360179 ], [ -88.1008909, 43.036025599999988 ], [ -88.1008747, 43.0360269 ], [ -88.1008185, 43.0360316 ], [ -88.1007778, 43.036035 ], [ -88.100669, 43.0360449 ], [ -88.1005604, 43.0360559 ], [ -88.1005061, 43.0360614 ], [ -88.1003813, 43.0360757 ], [ -88.1003726, 43.0360768 ], [ -88.1001422, 43.0361058 ], [ -88.1001396, 43.0361061 ], [ -88.0998965, 43.0361403 ], [ -88.0998873, 43.0361417 ], [ -88.0998544, 43.0361466 ], [ -88.0996534, 43.0361781 ], [ -88.099365, 43.0362288 ], [ -88.0993361, 43.0362339 ], [ -88.0992404, 43.0362501 ], [ -88.099095800000015, 43.0362746 ], [ -88.0990027, 43.0362903 ], [ -88.0988555, 43.036315 ], [ -88.0984234, 43.0363876 ], [ -88.098039899999989, 43.0364511 ], [ -88.0977878, 43.0364939 ], [ -88.0971931, 43.0365949 ], [ -88.0970567, 43.036618 ], [ -88.0969946, 43.0366286 ], [ -88.0968489, 43.0366544 ], [ -88.0968445, 43.0366552 ], [ -88.09676, 43.0366692 ], [ -88.096736, 43.0366732 ], [ -88.0967366, 43.0366374 ], [ -88.0967367, 43.0366325 ], [ -88.0967374, 43.0365967 ], [ -88.0967376, 43.0365853 ], [ -88.09673810000001, 43.0365566 ], [ -88.0967388, 43.0365176 ], [ -88.096739, 43.0365033 ], [ -88.0964854, 43.0365469 ], [ -88.096399, 43.0365604 ], [ -88.0963446, 43.0365689 ], [ -88.0962505, 43.0365825 ], [ -88.0961922, 43.0365904 ], [ -88.0961919, 43.0365904 ], [ -88.096169, 43.0365935 ], [ -88.0961562, 43.0365952 ], [ -88.0960617, 43.0366071 ], [ -88.0957769, 43.0366378 ], [ -88.0956817, 43.036646399999988 ], [ -88.095586400000016, 43.036654 ], [ -88.0954909, 43.0366609 ], [ -88.0953953, 43.0366668 ], [ -88.0952996, 43.036672 ], [ -88.0952039, 43.0366762 ], [ -88.0951081, 43.0366796 ], [ -88.0950122, 43.0366822 ], [ -88.0949163, 43.0366839 ], [ -88.0947724, 43.0366848 ], [ -88.0946765, 43.0366844 ], [ -88.0945806, 43.036683 ], [ -88.0944368, 43.0366795 ], [ -88.0943409, 43.036676 ], [ -88.0941973, 43.0366692 ], [ -88.0941017, 43.0366637 ], [ -88.0940062, 43.0366572 ], [ -88.093910799999989, 43.0366499 ], [ -88.0939092, 43.0366498 ], [ -88.0923536, 43.0365146 ], [ -88.0919717, 43.0364825 ], [ -88.0919483, 43.0364805 ], [ -88.0917778, 43.0364662 ], [ -88.0917778, 43.0364661 ], [ -88.091628, 43.0364535 ], [ -88.0903313, 43.036343 ], [ -88.089102, 43.0362424 ], [ -88.0878851, 43.0361456 ], [ -88.0868594, 43.03606 ], [ -88.086824, 43.0360573 ], [ -88.0863487, 43.036021 ], [ -88.085967200000013, 43.0359792 ], [ -88.0849914, 43.0358758 ], [ -88.0845261, 43.0358276 ], [ -88.0843938, 43.0358145 ], [ -88.0842613, 43.0358024 ], [ -88.0841287, 43.0357912 ], [ -88.0839959, 43.0357809 ], [ -88.083863, 43.0357715 ], [ -88.08373, 43.0357631 ], [ -88.083596899999989, 43.0357555 ], [ -88.0834637, 43.0357489 ], [ -88.0833304, 43.0357431 ], [ -88.0831971, 43.0357383 ], [ -88.0830637, 43.0357344 ], [ -88.0829303, 43.0357314 ], [ -88.0827968, 43.0357293 ], [ -88.0826628, 43.0357282 ], [ -88.0826594, 43.0357282 ], [ -88.0816247, 43.0357274 ], [ -88.0807303, 43.0357231 ], [ -88.0798972, 43.0357199 ], [ -88.07884, 43.0357173 ], [ -88.077960499999989, 43.0357165 ], [ -88.077368299999989, 43.0357159 ], [ -88.0771366, 43.0357172 ], [ -88.0769251, 43.0357201 ], [ -88.0767374, 43.0357247 ], [ -88.076549899999989, 43.0357312 ], [ -88.0763625, 43.0357398 ], [ -88.0762001, 43.0357488 ], [ -88.0762, 43.0357892 ], [ -88.0761998, 43.0358278 ], [ -88.0761996, 43.0358664 ], [ -88.0761994, 43.0359139 ], [ -88.0758882, 43.0359309 ], [ -88.0755275, 43.0359506 ], [ -88.0741343, 43.0360428 ], [ -88.0729027, 43.0361171 ], [ -88.0710822, 43.03624 ], [ -88.0710787, 43.0362402 ], [ -88.071046700000011, 43.0362424 ], [ -88.0710259, 43.0362437 ], [ -88.0707624, 43.0362613 ], [ -88.0703966, 43.0362857 ], [ -88.0703766, 43.036287 ], [ -88.0694796, 43.036347 ], [ -88.0691622, 43.0363683 ], [ -88.0690757, 43.0363741 ], [ -88.0669864, 43.0365154 ], [ -88.0669867, 43.0364278 ], [ -88.0669288, 43.0364308 ], [ -88.0669298, 43.0365858 ], [ -88.0669428, 43.0371178 ], [ -88.0668788, 43.0401068 ], [ -88.0668858, 43.0401418 ], [ -88.0669558, 43.0401238 ], [ -88.0670438, 43.0400948 ], [ -88.0671908, 43.0400778 ], [ -88.0677498, 43.040025799999988 ], [ -88.0682198, 43.0399958 ], [ -88.0687368, 43.0399768 ], [ -88.0689908, 43.0399718 ], [ -88.0695708, 43.0399768 ], [ -88.0701768, 43.0399998 ], [ -88.0705058, 43.0400218 ], [ -88.0708438, 43.0400498 ], [ -88.0715798, 43.0401308 ], [ -88.0718408, 43.0401648 ], [ -88.0722248, 43.0402318 ], [ -88.0726438, 43.040309799999989 ], [ -88.0731898, 43.0404238 ], [ -88.0736368, 43.040531799999989 ], [ -88.0741028, 43.0406578 ], [ -88.0744938, 43.0407748 ], [ -88.0748288, 43.0408838 ], [ -88.0751008, 43.0409778 ], [ -88.0757028, 43.0412088 ], [ -88.0761758, 43.0414158 ], [ -88.0766588, 43.0416518 ], [ -88.0769498, 43.0418098 ], [ -88.0772668, 43.0419888 ], [ -88.0781438, 43.0425258 ], [ -88.0789788, 43.0430498 ], [ -88.0789348, 43.0430728 ], [ -88.0788348, 43.0431308 ], [ -88.0787338, 43.0431878 ], [ -88.0782438, 43.0434488 ], [ -88.0780358, 43.0435638 ], [ -88.0777898, 43.0436928 ], [ -88.0775118, 43.0438628 ], [ -88.0776038, 43.0439618 ], [ -88.0780258, 43.0443768 ], [ -88.0781768, 43.0445418 ], [ -88.0782968, 43.0446828 ], [ -88.0786068, 43.0451618 ], [ -88.0788088, 43.0455138 ], [ -88.0788368, 43.0455768 ], [ -88.0788438, 43.0456278 ], [ -88.0791388, 43.0456368 ], [ -88.0804128, 43.0456558 ], [ -88.0806238, 43.0456538 ], [ -88.0810828, 43.0456618 ], [ -88.0811368, 43.0456638 ], [ -88.0816388, 43.0456768 ], [ -88.0824228, 43.0456838 ], [ -88.0825958, 43.0456908 ], [ -88.0827498, 43.0456918 ], [ -88.0829768, 43.0456978 ], [ -88.0831058, 43.0457008 ], [ -88.0837238, 43.0457058 ], [ -88.0837748, 43.0457098 ], [ -88.0841408, 43.0457168 ], [ -88.0849828, 43.0457368 ], [ -88.085315799999989, 43.0457358 ], [ -88.0854218, 43.0457388 ], [ -88.0854898, 43.0457428 ], [ -88.0857368, 43.0457568 ], [ -88.0857278, 43.0458118 ], [ -88.0857398, 43.0459128 ], [ -88.0857348, 43.0459938 ], [ -88.0857348, 43.0460338 ], [ -88.0857008, 43.0462478 ], [ -88.0856298, 43.0465288 ], [ -88.0855428, 43.0469078 ], [ -88.0854988, 43.0470658 ], [ -88.0854669, 43.0472338 ], [ -88.0854559, 43.0473438 ], [ -88.0854569, 43.0473738 ], [ -88.0854579, 43.0474358 ], [ -88.0854669, 43.0474758 ], [ -88.0854999, 43.0475478 ], [ -88.0855469, 43.0476188 ], [ -88.08560390000001, 43.0476788 ], [ -88.0857029, 43.0477598 ], [ -88.085861900000012, 43.0478578 ], [ -88.086248900000015, 43.0480758 ], [ -88.0863679, 43.0481468 ], [ -88.0865859, 43.0482988 ], [ -88.0867019, 43.0483908 ], [ -88.0867819, 43.0484538 ], [ -88.0869359, 43.0485858 ], [ -88.0870989, 43.0487118 ], [ -88.0871859, 43.0487848 ], [ -88.0875769, 43.0490708 ], [ -88.0876419, 43.0491188 ], [ -88.0877639, 43.0492038 ], [ -88.0878889, 43.049278799999989 ], [ -88.0879699, 43.0493268 ], [ -88.0879969, 43.0493398 ], [ -88.0880849, 43.0493748 ], [ -88.0881859, 43.0494088 ], [ -88.088330900000017, 43.0494308 ], [ -88.0884799, 43.0494358 ], [ -88.0886959, 43.0494298 ], [ -88.0888799, 43.0494188 ], [ -88.0888909, 43.0494808 ], [ -88.0889039, 43.0495198 ], [ -88.0891779, 43.0500188 ], [ -88.0894909, 43.0505498 ], [ -88.0897989, 43.0510288 ], [ -88.0899569, 43.0512618 ], [ -88.0900639, 43.0514068 ], [ -88.0901809, 43.0515368 ], [ -88.0903329, 43.0516698 ], [ -88.0904569, 43.0517708 ], [ -88.0906059, 43.0518668 ], [ -88.0907639, 43.0519608 ], [ -88.0910919, 43.0521168 ], [ -88.0913009, 43.0521938 ], [ -88.091566899999989, 43.0522798 ], [ -88.0917629, 43.0523378 ], [ -88.0920269, 43.052433799999989 ], [ -88.0922449, 43.0525228 ], [ -88.0928769, 43.0527628 ], [ -88.0930349, 43.0528168 ], [ -88.0933019, 43.0528888 ], [ -88.0934139, 43.0529128 ], [ -88.0935139, 43.0529268 ], [ -88.0937309, 43.0529548 ], [ -88.0942089, 43.0529728 ], [ -88.0944289, 43.0529778 ], [ -88.0959389, 43.0529888 ], [ -88.0960929, 43.0529938 ], [ -88.0962709, 43.0530058 ], [ -88.0963909, 43.0530258 ], [ -88.0964449, 43.0530538 ], [ -88.0964229, 43.0545118 ], [ -88.0964029, 43.0553028 ], [ -88.0963989, 43.0554738 ], [ -88.096386900000013, 43.0561048 ], [ -88.0963819, 43.0563448 ], [ -88.0963769, 43.0566108 ], [ -88.0963709, 43.0567618 ], [ -88.0963759, 43.0568848 ], [ -88.0963619, 43.0573838 ], [ -88.0963629, 43.0575238 ], [ -88.0963559, 43.0576218 ], [ -88.096356899999989, 43.0578058 ], [ -88.0963369, 43.0586578 ], [ -88.0963319, 43.0591208 ], [ -88.0963039, 43.0598098 ], [ -88.0962969, 43.0601578 ], [ -88.096292, 43.0603224 ], [ -88.096479699999989, 43.0603213 ], [ -88.0964763, 43.0603937 ], [ -88.0971599, 43.0603918 ] ] ] ] } },
{ "type": "Feature", "properties": { "rep_unit_id": 21, "ward": "Village Elm Grove W5-8", "county": "WAUKESHA" }, "geometry": { "type": "MultiPolygon", "coordinates": [ [ [ [ -88.0668518, 43.0526748 ], [ -88.0668538, 43.0527058 ], [ -88.0668498, 43.0530848 ], [ -88.0668548, 43.0531518 ], [ -88.0668488, 43.0533698 ], [ -88.0668459, 43.0536568 ], [ -88.0668449, 43.0538858 ], [ -88.0668459, 43.0539718 ], [ -88.0668479, 43.0541418 ], [ -88.0668439, 43.0542888 ], [ -88.0668419, 43.0546348 ], [ -88.066840900000017, 43.054969799999988 ], [ -88.0668369, 43.0553728 ], [ -88.0668309, 43.0568888 ], [ -88.0668269, 43.0577818 ], [ -88.0668249, 43.0581188 ], [ -88.0668279, 43.0592878 ], [ -88.0670099, 43.0592938 ], [ -88.0670479, 43.0592978 ], [ -88.0676789, 43.0593128 ], [ -88.0676829, 43.0590778 ], [ -88.0678049, 43.0590808 ], [ -88.0680642, 43.0590878 ], [ -88.0680642, 43.059096 ], [ -88.0681431, 43.0590982 ], [ -88.0682215, 43.0591003 ], [ -88.0682217, 43.0590884 ], [ -88.069009, 43.0591571 ], [ -88.0692322, 43.0591708 ], [ -88.0692361, 43.0591176 ], [ -88.069886, 43.0591413 ], [ -88.070023, 43.0591464 ], [ -88.0704231, 43.0593188 ], [ -88.0709104, 43.0593277 ], [ -88.0709104, 43.0593278 ], [ -88.0709154, 43.0593279 ], [ -88.070925699999989, 43.059466799999988 ], [ -88.0709572, 43.059893 ], [ -88.0709578, 43.0599004 ], [ -88.0716143, 43.0599185 ], [ -88.0717321, 43.0599216 ], [ -88.071758800000012, 43.0599222 ], [ -88.0718468, 43.0599245 ], [ -88.071853, 43.0594375 ], [ -88.0726293, 43.0594509 ], [ -88.0730846, 43.0594645 ], [ -88.0735384, 43.059478 ], [ -88.0735393, 43.0593923 ], [ -88.0740472, 43.0594049 ], [ -88.0745041, 43.0594163 ], [ -88.0745849, 43.0594127 ], [ -88.0746142, 43.0594114 ], [ -88.0750506, 43.0593922 ], [ -88.0755823, 43.0593688 ], [ -88.0760965, 43.0593461 ], [ -88.0765987, 43.059324 ], [ -88.0765987, 43.0593241 ], [ -88.0766053, 43.0593238 ], [ -88.0766009, 43.0595688 ], [ -88.0766, 43.0596162 ], [ -88.0765975, 43.0597519 ], [ -88.0765926, 43.06002 ], [ -88.0772039, 43.0600358 ], [ -88.0773109, 43.0600398 ], [ -88.0774269, 43.0600438 ], [ -88.0780319, 43.0600638 ], [ -88.0780389, 43.0595998 ], [ -88.0788779, 43.0596268 ], [ -88.0788693, 43.0596343 ], [ -88.0788834, 43.0596348 ], [ -88.0785794, 43.0599004 ], [ -88.0785773, 43.060082 ], [ -88.0785772, 43.0600895 ], [ -88.0790623, 43.0601032 ], [ -88.0799199, 43.0601273 ], [ -88.0801444, 43.0601354 ], [ -88.0807589, 43.0601553 ], [ -88.0813826, 43.0601756 ], [ -88.0815907, 43.0601823 ], [ -88.0824831, 43.0602113 ], [ -88.0827602, 43.0602203 ], [ -88.082763200000016, 43.0602204 ], [ -88.082769399999989, 43.0597979 ], [ -88.0827696, 43.0597979 ], [ -88.0830475, 43.0598035 ], [ -88.0833407, 43.0598094 ], [ -88.083390900000012, 43.0598104 ], [ -88.0838615, 43.05982 ], [ -88.0838671, 43.0598201 ], [ -88.0838663, 43.0598699 ], [ -88.0838662, 43.0598777 ], [ -88.0839828, 43.0598808 ], [ -88.084096, 43.0598837 ], [ -88.0844436, 43.0598969 ], [ -88.084822300000013, 43.0599113 ], [ -88.0851762, 43.0599218 ], [ -88.0855484, 43.0599328 ], [ -88.0862689, 43.0599542 ], [ -88.0864357, 43.0599603 ], [ -88.0865109, 43.0599631 ], [ -88.0865541, 43.0599647 ], [ -88.0865583, 43.0595131 ], [ -88.0865988, 43.0595131 ], [ -88.0866103, 43.059513 ], [ -88.0866128, 43.059513 ], [ -88.0871842, 43.059512 ], [ -88.0877113, 43.0595119 ], [ -88.0882192, 43.05951 ], [ -88.0882534, 43.0595096 ], [ -88.0882564, 43.0595096 ], [ -88.0882916, 43.0595987 ], [ -88.0884109, 43.0599039 ], [ -88.0884507, 43.0600089 ], [ -88.0885095, 43.0601639 ], [ -88.0885632, 43.0602972 ], [ -88.0885755, 43.0603278 ], [ -88.0885786, 43.0603355 ], [ -88.0885862, 43.0603354 ], [ -88.0887474, 43.0603335 ], [ -88.0889642, 43.0603344 ], [ -88.0898736, 43.0603323 ], [ -88.0905054, 43.0603307 ], [ -88.0907381, 43.0603299 ], [ -88.091254400000011, 43.0603281 ], [ -88.091257399999989, 43.0603134 ], [ -88.0914342, 43.0603137 ], [ -88.0916115, 43.060314 ], [ -88.0916981, 43.0603138 ], [ -88.09253, 43.0603121 ], [ -88.0927965, 43.0603111 ], [ -88.0934324, 43.0603089 ], [ -88.0934459, 43.0603282 ], [ -88.0937086, 43.0603272 ], [ -88.0940967, 43.060325 ], [ -88.0943173, 43.0603238 ], [ -88.0952251, 43.0603237 ], [ -88.096022800000014, 43.0603235 ], [ -88.096028, 43.0603235 ], [ -88.0961074, 43.0603235 ], [ -88.0962899, 43.0603224 ], [ -88.096292, 43.0603224 ], [ -88.0962969, 43.0601578 ], [ -88.0963039, 43.0598098 ], [ -88.0963319, 43.0591208 ], [ -88.0963369, 43.0586578 ], [ -88.096356899999989, 43.0578058 ], [ -88.0963559, 43.0576218 ], [ -88.0963629, 43.0575238 ], [ -88.0963619, 43.0573838 ], [ -88.0963759, 43.0568848 ], [ -88.0963709, 43.0567618 ], [ -88.0963769, 43.0566108 ], [ -88.0963819, 43.0563448 ], [ -88.096386900000013, 43.0561048 ], [ -88.0963989, 43.0554738 ], [ -88.0964029, 43.0553028 ], [ -88.0964229, 43.0545118 ], [ -88.0964449, 43.0530538 ], [ -88.0963909, 43.0530258 ], [ -88.0962709, 43.0530058 ], [ -88.0960929, 43.0529938 ], [ -88.0959389, 43.0529888 ], [ -88.0944289, 43.0529778 ], [ -88.0942089, 43.0529728 ], [ -88.0937309, 43.0529548 ], [ -88.0935139, 43.0529268 ], [ -88.0934139, 43.0529128 ], [ -88.0933019, 43.0528888 ], [ -88.0930349, 43.0528168 ], [ -88.0928769, 43.0527628 ], [ -88.0922449, 43.0525228 ], [ -88.0920269, 43.052433799999989 ], [ -88.0917629, 43.0523378 ], [ -88.091566899999989, 43.0522798 ], [ -88.0913009, 43.0521938 ], [ -88.0910919, 43.0521168 ], [ -88.0907639, 43.0519608 ], [ -88.0906059, 43.0518668 ], [ -88.0904569, 43.0517708 ], [ -88.0903329, 43.0516698 ], [ -88.0901809, 43.0515368 ], [ -88.0900639, 43.0514068 ], [ -88.0899569, 43.0512618 ], [ -88.0897989, 43.0510288 ], [ -88.0894909, 43.0505498 ], [ -88.0891779, 43.0500188 ], [ -88.0889039, 43.0495198 ], [ -88.0888909, 43.0494808 ], [ -88.0888799, 43.0494188 ], [ -88.0886959, 43.0494298 ], [ -88.0884799, 43.0494358 ], [ -88.088330900000017, 43.0494308 ], [ -88.0881859, 43.0494088 ], [ -88.0880849, 43.0493748 ], [ -88.0879969, 43.0493398 ], [ -88.0879699, 43.0493268 ], [ -88.0878889, 43.049278799999989 ], [ -88.0877639, 43.0492038 ], [ -88.0876419, 43.0491188 ], [ -88.0875769, 43.0490708 ], [ -88.0871859, 43.0487848 ], [ -88.0870989, 43.0487118 ], [ -88.0869359, 43.0485858 ], [ -88.0867819, 43.0484538 ], [ -88.0867019, 43.0483908 ], [ -88.0865859, 43.0482988 ], [ -88.0863679, 43.0481468 ], [ -88.086248900000015, 43.0480758 ], [ -88.085861900000012, 43.0478578 ], [ -88.0857029, 43.0477598 ], [ -88.08560390000001, 43.0476788 ], [ -88.0855469, 43.0476188 ], [ -88.0854999, 43.0475478 ], [ -88.0854669, 43.0474758 ], [ -88.0854579, 43.0474358 ], [ -88.0854569, 43.0473738 ], [ -88.0854559, 43.0473438 ], [ -88.0854669, 43.0472338 ], [ -88.0854988, 43.0470658 ], [ -88.0855428, 43.0469078 ], [ -88.0856298, 43.0465288 ], [ -88.0857008, 43.0462478 ], [ -88.0857348, 43.0460338 ], [ -88.0857348, 43.0459938 ], [ -88.0857398, 43.0459128 ], [ -88.0857278, 43.0458118 ], [ -88.0857368, 43.0457568 ], [ -88.0854898, 43.0457428 ], [ -88.0854218, 43.0457388 ], [ -88.085315799999989, 43.0457358 ], [ -88.0849828, 43.0457368 ], [ -88.0841408, 43.0457168 ], [ -88.0837748, 43.0457098 ], [ -88.0837238, 43.0457058 ], [ -88.0831058, 43.0457008 ], [ -88.0829768, 43.0456978 ], [ -88.0827498, 43.0456918 ], [ -88.0825958, 43.0456908 ], [ -88.0824228, 43.0456838 ], [ -88.0816388, 43.0456768 ], [ -88.0811368, 43.0456638 ], [ -88.0810828, 43.0456618 ], [ -88.0806238, 43.0456538 ], [ -88.0804128, 43.0456558 ], [ -88.0791388, 43.0456368 ], [ -88.0788438, 43.0456278 ], [ -88.0788368, 43.0455768 ], [ -88.0788088, 43.0455138 ], [ -88.0786068, 43.0451618 ], [ -88.0782968, 43.0446828 ], [ -88.0781768, 43.0445418 ], [ -88.0780258, 43.0443768 ], [ -88.0776038, 43.0439618 ], [ -88.0775118, 43.0438628 ], [ -88.0777898, 43.0436928 ], [ -88.0780358, 43.0435638 ], [ -88.0782438, 43.0434488 ], [ -88.0787338, 43.0431878 ], [ -88.0788348, 43.0431308 ], [ -88.0789348, 43.0430728 ], [ -88.0789788, 43.0430498 ], [ -88.0781438, 43.0425258 ], [ -88.0772668, 43.0419888 ], [ -88.0769498, 43.0418098 ], [ -88.0766588, 43.0416518 ], [ -88.0761758, 43.0414158 ], [ -88.0757028, 43.0412088 ], [ -88.0751008, 43.0409778 ], [ -88.0748288, 43.0408838 ], [ -88.0744938, 43.0407748 ], [ -88.0741028, 43.0406578 ], [ -88.0736368, 43.040531799999989 ], [ -88.0731898, 43.0404238 ], [ -88.0726438, 43.040309799999989 ], [ -88.0722248, 43.0402318 ], [ -88.0718408, 43.0401648 ], [ -88.0715798, 43.0401308 ], [ -88.0708438, 43.0400498 ], [ -88.0705058, 43.0400218 ], [ -88.0701768, 43.0399998 ], [ -88.0695708, 43.0399768 ], [ -88.0689908, 43.0399718 ], [ -88.0687368, 43.0399768 ], [ -88.0682198, 43.0399958 ], [ -88.0677498, 43.040025799999988 ], [ -88.0671908, 43.0400778 ], [ -88.0670438, 43.0400948 ], [ -88.0669558, 43.0401238 ], [ -88.0668858, 43.0401418 ], [ -88.0668918, 43.040168799999989 ], [ -88.0669218, 43.0409338 ], [ -88.0669268, 43.0422348 ], [ -88.0668948, 43.0433558 ], [ -88.0669058, 43.0440378 ], [ -88.0668988, 43.0446418 ], [ -88.0668908, 43.0452908 ], [ -88.0668898, 43.0453898 ], [ -88.0668898, 43.0454148 ], [ -88.066887799999989, 43.0454528 ], [ -88.0668868, 43.0454718 ], [ -88.0668818, 43.0455468 ], [ -88.0668848, 43.0458038 ], [ -88.0668808, 43.0460998 ], [ -88.0668788, 43.0462908 ], [ -88.0668828, 43.0464878 ], [ -88.0668808, 43.0471828 ], [ -88.0668808, 43.0472188 ], [ -88.0668808, 43.0472298 ], [ -88.0668808, 43.0472518 ], [ -88.066887799999989, 43.0478088 ], [ -88.0668808, 43.0479718 ], [ -88.066887799999989, 43.0490438 ], [ -88.0668708, 43.0490448 ], [ -88.0668718, 43.0496828 ], [ -88.0668788, 43.0499328 ], [ -88.0668778, 43.0506318 ], [ -88.0668828, 43.0507938 ], [ -88.0668818, 43.0508588 ], [ -88.0668838, 43.0509408 ], [ -88.0668538, 43.0523008 ], [ -88.0668548, 43.0525048 ], [ -88.0668548, 43.0526268 ], [ -88.0668518, 43.0526748 ] ] ] ] } },
{ "type": "Feature", "properties": { "rep_unit_id": 67, "ward": "City Brookfield W1", "county": "WAUKESHA" }, "geometry": { "type": "MultiPolygon", "coordinates": [ [ [ [ -88.0762257, 43.1035915 ], [ -88.0762248, 43.1036828 ], [ -88.0762161, 43.1045514 ], [ -88.0762153, 43.1046304 ], [ -88.0762145, 43.1047135 ], [ -88.0771978, 43.1047124 ], [ -88.0773457, 43.1047123 ], [ -88.077884, 43.1047116 ], [ -88.077977100000012, 43.1047115 ], [ -88.0781025, 43.1047114 ], [ -88.0781667, 43.1047113 ], [ -88.0781835, 43.1047113 ], [ -88.0784307, 43.104711 ], [ -88.0785078, 43.1047109 ], [ -88.0789992, 43.1047104 ], [ -88.0806774, 43.1047084 ], [ -88.080801, 43.1047083 ], [ -88.0808445, 43.1047082 ], [ -88.0826793, 43.1047061 ], [ -88.0835402, 43.1047051 ], [ -88.0856804, 43.104702499999988 ], [ -88.0858806, 43.1047022 ], [ -88.086207500000015, 43.1047019 ], [ -88.0863891, 43.1047016 ], [ -88.087356, 43.1047005 ], [ -88.088352, 43.1046993 ], [ -88.089378599999989, 43.1046981 ], [ -88.0902773, 43.104697 ], [ -88.0908693, 43.1046963 ], [ -88.0910395, 43.1046961 ], [ -88.0911706, 43.1046959 ], [ -88.091943200000017, 43.104695 ], [ -88.092016300000012, 43.1046949 ], [ -88.092631, 43.1046941 ], [ -88.0933731, 43.1046932 ], [ -88.0933998, 43.1046932 ], [ -88.0937816, 43.1046927 ], [ -88.0945712, 43.1046917 ], [ -88.0946354, 43.1046916 ], [ -88.094333, 43.1045407 ], [ -88.093531, 43.1041267 ], [ -88.09369, 43.1039607 ], [ -88.09384, 43.1037667 ], [ -88.093909, 43.1036517 ], [ -88.09397, 43.1035137 ], [ -88.094033, 43.1033137 ], [ -88.094047, 43.1032017 ], [ -88.094209, 43.1031977 ], [ -88.094378, 43.1032057 ], [ -88.094501, 43.1032167 ], [ -88.094892, 43.1032907 ], [ -88.094969, 43.1032937 ], [ -88.095035, 43.1032897 ], [ -88.095097, 43.1032737 ], [ -88.095143, 43.1032507 ], [ -88.095218, 43.1031907 ], [ -88.095263, 43.1031207 ], [ -88.095279, 43.1030247 ], [ -88.095284, 43.1028707 ], [ -88.095274, 43.1015897 ], [ -88.095258, 43.1015207 ], [ -88.095238, 43.101475699999988 ], [ -88.095211, 43.1014347 ], [ -88.095158, 43.1013897 ], [ -88.095103, 43.1013567 ], [ -88.095012, 43.1013227 ], [ -88.094943, 43.1013097 ], [ -88.094816, 43.1013007 ], [ -88.094715, 43.1013037 ], [ -88.094578, 43.1013167 ], [ -88.094423, 43.1013377 ], [ -88.094254, 43.1013717 ], [ -88.093913, 43.101452699999989 ], [ -88.093729, 43.1015007 ], [ -88.093456, 43.1015837 ], [ -88.093386, 43.1016087 ], [ -88.093326, 43.1015087 ], [ -88.093215, 43.1013017 ], [ -88.093169, 43.1012067 ], [ -88.093116, 43.1009577 ], [ -88.093108, 43.1008327 ], [ -88.093104, 43.1002297 ], [ -88.092266, 43.1002337 ], [ -88.092126, 43.1002297 ], [ -88.092003, 43.1002297 ], [ -88.091675, 43.1002177 ], [ -88.091474, 43.1002037 ], [ -88.091202, 43.100166699999988 ], [ -88.090789, 43.1000737 ], [ -88.090634, 43.1000337 ], [ -88.09035, 43.0999557 ], [ -88.090181, 43.0999147 ], [ -88.09, 43.0998777 ], [ -88.089662, 43.0998227 ], [ -88.089506, 43.0998087 ], [ -88.089312, 43.0997987 ], [ -88.089094, 43.0997937 ], [ -88.088917, 43.0997947 ], [ -88.087722, 43.0998037 ], [ -88.087465, 43.0998087 ], [ -88.087191, 43.0998067 ], [ -88.087046, 43.0998097 ], [ -88.086445, 43.0998087 ], [ -88.086455, 43.0986897 ], [ -88.086455, 43.0984617 ], [ -88.086471, 43.0975617 ], [ -88.086483, 43.0965908 ], [ -88.086484, 43.0961218 ], [ -88.086494, 43.0956258 ], [ -88.0865, 43.0954268 ], [ -88.086503, 43.0953578 ], [ -88.08653, 43.0938258 ], [ -88.086538, 43.0930918 ], [ -88.086547, 43.0928158 ], [ -88.086542, 43.0922568 ], [ -88.086568, 43.090916799999988 ], [ -88.086569, 43.0903768 ], [ -88.08658, 43.0897648 ], [ -88.08658, 43.0895918 ], [ -88.086573, 43.0894858 ], [ -88.086566, 43.0891168 ], [ -88.08657, 43.0887178 ], [ -88.086565, 43.0881908 ], [ -88.086553, 43.0867558 ], [ -88.086531, 43.0851388 ], [ -88.086531, 43.0843648 ], [ -88.086527, 43.0839948 ], [ -88.086526, 43.0839408 ], [ -88.086525, 43.0838758 ], [ -88.086524, 43.0838408 ], [ -88.086525, 43.0837688 ], [ -88.086527, 43.0836098 ], [ -88.086521, 43.0830678 ], [ -88.086525, 43.0826988 ], [ -88.086519, 43.0823878 ], [ -88.086495, 43.080829799999989 ], [ -88.086494, 43.0804248 ], [ -88.086487, 43.0802098 ], [ -88.0864609, 43.0776538 ], [ -88.086461899999989, 43.0766378 ], [ -88.0864569, 43.0764608 ], [ -88.0864589, 43.0763128 ], [ -88.0864509, 43.0758898 ], [ -88.0864529, 43.0756588 ], [ -88.086444899999989, 43.0755208 ], [ -88.0864389, 43.0751298 ], [ -88.0862619, 43.0751328 ], [ -88.0861599, 43.0751298 ], [ -88.0859719, 43.0751168 ], [ -88.0850369, 43.0750768 ], [ -88.0840259, 43.0750468 ], [ -88.0837899, 43.0750338 ], [ -88.0831389, 43.0750178 ], [ -88.0826249, 43.0749998 ], [ -88.0821119, 43.0749808 ], [ -88.0815769, 43.0749608 ], [ -88.0810899, 43.0749508 ], [ -88.0803979, 43.0749238 ], [ -88.0796379, 43.0749008 ], [ -88.0796189, 43.0748998 ], [ -88.0786929, 43.0748708 ], [ -88.0784309, 43.0748658 ], [ -88.0780629, 43.0748508 ], [ -88.0773899, 43.07483280000001 ], [ -88.0772219, 43.0748208 ], [ -88.0771009, 43.0748198 ], [ -88.0770499, 43.0748198 ], [ -88.0763679, 43.0747948 ], [ -88.0754889, 43.0747728 ], [ -88.0752089, 43.0747588 ], [ -88.0749919, 43.0747548 ], [ -88.0747929, 43.0747448 ], [ -88.0745819, 43.0747348 ], [ -88.0744919, 43.074728799999988 ], [ -88.0727849, 43.0746678 ], [ -88.0721589, 43.0746518 ], [ -88.0712059, 43.0746188 ], [ -88.0710779, 43.0746108 ], [ -88.069198899999989, 43.0745498 ], [ -88.068574900000016, 43.074542799999989 ], [ -88.067971899999989, 43.0745418 ], [ -88.0676669, 43.0745338 ], [ -88.0669679, 43.074537799999987 ], [ -88.06660380000001, 43.0745356 ], [ -88.06658, 43.0756717 ], [ -88.0665311, 43.0780012 ], [ -88.0665188, 43.0785897 ], [ -88.0665103, 43.0789928 ], [ -88.0665012, 43.0794299 ], [ -88.0664913, 43.0799015 ], [ -88.0664896, 43.079982 ], [ -88.0664721, 43.0808144 ], [ -88.0664531, 43.0817217 ], [ -88.0664415, 43.0822901 ], [ -88.0664107, 43.0837899 ], [ -88.0663652, 43.0860063 ], [ -88.066365100000013, 43.0860115 ], [ -88.0663633, 43.0861001 ], [ -88.0663042, 43.0889789 ], [ -88.0662827, 43.090139 ], [ -88.0662605, 43.0913322 ], [ -88.0662414, 43.0923578 ], [ -88.0661836, 43.095472 ], [ -88.0661695, 43.096228499999988 ], [ -88.0661388, 43.09788 ], [ -88.066129600000011, 43.0983732 ], [ -88.0662613, 43.0983843 ], [ -88.0673948, 43.0983824 ], [ -88.0680671, 43.0983813 ], [ -88.0685083, 43.0983805 ], [ -88.0695218, 43.0983787 ], [ -88.0696441, 43.0983817 ], [ -88.0697586, 43.0983845 ], [ -88.0702011, 43.0983832 ], [ -88.0712129, 43.0983803 ], [ -88.071224199999989, 43.0976537 ], [ -88.0712298, 43.0972901 ], [ -88.0712367, 43.0968451 ], [ -88.0712432, 43.0964286 ], [ -88.071282200000013, 43.0964302 ], [ -88.0722805, 43.0964695 ], [ -88.0723397, 43.0964719 ], [ -88.0730796, 43.096501 ], [ -88.0744656, 43.0965557 ], [ -88.0762859, 43.096627399999988 ], [ -88.0762958, 43.0966278 ], [ -88.0762955, 43.0966575 ], [ -88.076291, 43.0971026 ], [ -88.0762872, 43.097478599999988 ], [ -88.0762867, 43.0975281 ], [ -88.0762864, 43.0975608 ], [ -88.0762861, 43.0975945 ], [ -88.0762855, 43.0976469 ], [ -88.0762855, 43.09765 ], [ -88.0762848, 43.0977187 ], [ -88.076283, 43.0978966 ], [ -88.0762812, 43.0980744 ], [ -88.0762808, 43.0981208 ], [ -88.0762806, 43.0981382 ], [ -88.0762796, 43.0982369 ], [ -88.0762786, 43.0983374 ], [ -88.0762769, 43.0985052 ], [ -88.076276, 43.0985941 ], [ -88.0762755, 43.0986425 ], [ -88.0762752, 43.0986754 ], [ -88.0762749, 43.0987084 ], [ -88.0762738, 43.0988144 ], [ -88.0762732, 43.0988717 ], [ -88.0762732, 43.0988738 ], [ -88.076273, 43.0988949 ], [ -88.0762726, 43.0989371 ], [ -88.0762717, 43.0990268 ], [ -88.0762701, 43.09918 ], [ -88.0762691, 43.099280799999988 ], [ -88.0762686, 43.099327599999988 ], [ -88.076268, 43.0993916 ], [ -88.0762679, 43.099406 ], [ -88.0762653, 43.0996646 ], [ -88.0762651, 43.0996786 ], [ -88.0762613, 43.1000527 ], [ -88.0762609, 43.1000952 ], [ -88.0762607, 43.1001192 ], [ -88.0762604, 43.1001452 ], [ -88.0762575, 43.1004378 ], [ -88.0762571, 43.100478699999989 ], [ -88.0762536, 43.1008191 ], [ -88.0762497, 43.1012079 ], [ -88.0762469, 43.1014916 ], [ -88.0762461, 43.1015672 ], [ -88.076245899999989, 43.1015905 ], [ -88.076245899999989, 43.101591800000016 ], [ -88.0762456, 43.1016149 ], [ -88.0762447, 43.1017113 ], [ -88.0762421, 43.1019707 ], [ -88.0762394, 43.1022329 ], [ -88.0762378, 43.1023975 ], [ -88.0762377, 43.102405 ], [ -88.0762368, 43.1024913 ], [ -88.076236, 43.1025736 ], [ -88.0762305, 43.1031185 ], [ -88.0762257, 43.1035915 ] ] ] ] } },
{ "type": "Feature", "properties": { "rep_unit_id": 68, "ward": "City Brookfield W2", "county": "WAUKESHA" }, "geometry": { "type": "MultiPolygon", "coordinates": [ [ [ [ -88.0780629, 43.0748508 ], [ -88.0784309, 43.0748658 ], [ -88.0786929, 43.0748708 ], [ -88.0796189, 43.0748998 ], [ -88.0796379, 43.0749008 ], [ -88.0803979, 43.0749238 ], [ -88.0810899, 43.0749508 ], [ -88.0815769, 43.0749608 ], [ -88.0821119, 43.0749808 ], [ -88.0826249, 43.0749998 ], [ -88.0831389, 43.0750178 ], [ -88.0837899, 43.0750338 ], [ -88.0840259, 43.0750468 ], [ -88.0850369, 43.0750768 ], [ -88.0859719, 43.0751168 ], [ -88.0861599, 43.0751298 ], [ -88.0862619, 43.0751328 ], [ -88.0864389, 43.0751298 ], [ -88.0866169, 43.075119799999989 ], [ -88.087245900000013, 43.0751088 ], [ -88.0874589, 43.0751088 ], [ -88.0879679, 43.0750998 ], [ -88.0900439, 43.0750848 ], [ -88.0904449, 43.0750848 ], [ -88.0907449, 43.0750798 ], [ -88.0911039, 43.0750818 ], [ -88.0912939, 43.0750788 ], [ -88.0912879, 43.0750098 ], [ -88.0912649, 43.0749788 ], [ -88.0912579, 43.0748348 ], [ -88.0912469, 43.0748178 ], [ -88.0912279, 43.0748058 ], [ -88.0911979, 43.0747748 ], [ -88.0911159, 43.0747158 ], [ -88.0910879, 43.0746538 ], [ -88.091082899999989, 43.0745008 ], [ -88.0910909, 43.0742788 ], [ -88.0911029, 43.0742418 ], [ -88.0911589, 43.0742398 ], [ -88.0911709, 43.0741888 ], [ -88.0912119, 43.0741288 ], [ -88.0912449, 43.0741008 ], [ -88.0912709, 43.0740668 ], [ -88.0913039, 43.0739538 ], [ -88.0913039, 43.0738638 ], [ -88.0912829, 43.0738468 ], [ -88.091274900000016, 43.0737788 ], [ -88.0912789, 43.0735158 ], [ -88.091274900000016, 43.0732178 ], [ -88.091279899999989, 43.0731828 ], [ -88.0912729, 43.0731298 ], [ -88.0912729, 43.0730308 ], [ -88.0912879, 43.0728438 ], [ -88.0912939, 43.0724728 ], [ -88.0912829, 43.0723658 ], [ -88.0912879, 43.0723078 ], [ -88.0912859, 43.0721088 ], [ -88.0913019, 43.0719638 ], [ -88.0912809, 43.0716588 ], [ -88.0912869, 43.0715858 ], [ -88.0913069, 43.0714958 ], [ -88.0913189, 43.0714778 ], [ -88.091369899999989, 43.0714638 ], [ -88.0914149, 43.0714418 ], [ -88.0914349, 43.0714038 ], [ -88.0914439, 43.0713468 ], [ -88.0914499, 43.0711338 ], [ -88.091448899999989, 43.0708048 ], [ -88.0914539, 43.0707328 ], [ -88.0914639, 43.0707128 ], [ -88.0914869, 43.0706858 ], [ -88.0915199, 43.0706308 ], [ -88.0915509, 43.0706038 ], [ -88.0916219, 43.0705828 ], [ -88.0916829, 43.0705808 ], [ -88.0916839, 43.0700678 ], [ -88.0916499, 43.0700778 ], [ -88.0916019, 43.0700798 ], [ -88.0915759, 43.0700708 ], [ -88.0916269, 43.0700418 ], [ -88.0916559, 43.0699878 ], [ -88.0916419, 43.0698748 ], [ -88.0916669, 43.0698728 ], [ -88.0916889, 43.0698928 ], [ -88.0917199, 43.0699018 ], [ -88.0918019, 43.0697488 ], [ -88.092355900000015, 43.0692448 ], [ -88.0924099, 43.0692018 ], [ -88.0925139, 43.0690978 ], [ -88.0925799, 43.0690398 ], [ -88.0926459, 43.0689738 ], [ -88.0926959, 43.0689318 ], [ -88.0927749, 43.0688508 ], [ -88.0928719, 43.0687758 ], [ -88.0927639, 43.0686738 ], [ -88.0926539, 43.0685558 ], [ -88.0926119, 43.0684798 ], [ -88.0924319, 43.068266799999989 ], [ -88.0923409, 43.0681198 ], [ -88.0923309, 43.0680938 ], [ -88.0922819, 43.0680338 ], [ -88.0922469, 43.0679808 ], [ -88.0921919, 43.067912799999988 ], [ -88.0920729, 43.0677898 ], [ -88.0920319, 43.0677468 ], [ -88.0920029, 43.0677228 ], [ -88.0919679, 43.0676718 ], [ -88.0919439, 43.0676478 ], [ -88.0919149, 43.0676328 ], [ -88.0918919, 43.0676038 ], [ -88.0918319, 43.0673158 ], [ -88.0918329, 43.0672978 ], [ -88.0918439, 43.0672678 ], [ -88.091839900000011, 43.0672038 ], [ -88.0918309, 43.0671638 ], [ -88.0918069, 43.0671068 ], [ -88.0917869, 43.0670228 ], [ -88.0917419, 43.0669078 ], [ -88.0917259, 43.0668358 ], [ -88.0917169, 43.0667388 ], [ -88.0917059, 43.0666778 ], [ -88.0916849, 43.0666038 ], [ -88.091645899999989, 43.0665158 ], [ -88.0916299, 43.0664998 ], [ -88.0915969, 43.0664398 ], [ -88.091521899999989, 43.0661768 ], [ -88.0915079, 43.0660868 ], [ -88.0914739, 43.0660088 ], [ -88.0914639, 43.0659138 ], [ -88.0914399, 43.0658398 ], [ -88.091366900000011, 43.0656998 ], [ -88.0913099, 43.0656248 ], [ -88.0911759, 43.0655258 ], [ -88.0911409, 43.0654688 ], [ -88.0909319, 43.0652268 ], [ -88.0908699, 43.0651448 ], [ -88.0907809, 43.0650058 ], [ -88.0907759, 43.0649798 ], [ -88.0907969, 43.0648828 ], [ -88.0908109, 43.0648478 ], [ -88.0908329, 43.0647528 ], [ -88.0908279, 43.0646348 ], [ -88.0908119, 43.0645408 ], [ -88.0907619, 43.0644168 ], [ -88.0907499, 43.0643968 ], [ -88.0906779, 43.0643368 ], [ -88.0905869, 43.0642728 ], [ -88.0905259, 43.0642408 ], [ -88.0903219, 43.0641808 ], [ -88.0901269, 43.0641568 ], [ -88.0900959, 43.0641408 ], [ -88.0900639, 43.0641178 ], [ -88.0898999, 43.0639618 ], [ -88.0897769, 43.0638628 ], [ -88.0897409, 43.063786799999988 ], [ -88.0896489, 43.0636858 ], [ -88.0894859, 43.0635538 ], [ -88.0894449, 43.0635458 ], [ -88.0894179, 43.0635318 ], [ -88.0893639, 43.0634778 ], [ -88.0893359, 43.0634248 ], [ -88.0892659, 43.0633358 ], [ -88.0892429, 43.0633188 ], [ -88.0891529, 43.0632868 ], [ -88.0891229, 43.0632648 ], [ -88.0891099, 43.0632488 ], [ -88.089067899999989, 43.0631558 ], [ -88.0890399, 43.0631148 ], [ -88.0889769, 43.0629848 ], [ -88.088940900000011, 43.0628648 ], [ -88.088932899999989, 43.0628228 ], [ -88.0889109, 43.0625598 ], [ -88.0889149, 43.0624598 ], [ -88.0889099, 43.0624368 ], [ -88.0888839, 43.0623808 ], [ -88.0888529, 43.062272799999988 ], [ -88.0888279, 43.0620798 ], [ -88.0887689, 43.0617618 ], [ -88.0887499, 43.0616828 ], [ -88.0887349, 43.0615508 ], [ -88.0887119, 43.0614168 ], [ -88.0886799, 43.0612798 ], [ -88.0886449, 43.0610938 ], [ -88.0885989, 43.0607908 ], [ -88.0885649, 43.0606288 ], [ -88.0885479, 43.0605768 ], [ -88.0885369, 43.0604702 ], [ -88.0885755, 43.0603278 ], [ -88.0885632, 43.0602972 ], [ -88.0885095, 43.0601639 ], [ -88.0884507, 43.0600089 ], [ -88.0884109, 43.0599039 ], [ -88.0882916, 43.0595987 ], [ -88.0882564, 43.0595096 ], [ -88.0882534, 43.0595096 ], [ -88.088219099999989, 43.05951 ], [ -88.0877113, 43.0595119 ], [ -88.0871842, 43.059512 ], [ -88.0866128, 43.0595131 ], [ -88.0866103, 43.0595131 ], [ -88.0865988, 43.0595131 ], [ -88.0865583, 43.0595132 ], [ -88.0865541, 43.0599648 ], [ -88.0864357, 43.0599604 ], [ -88.0862689, 43.0599542 ], [ -88.0855483, 43.0599328 ], [ -88.0851761, 43.0599218 ], [ -88.084822300000013, 43.0599113 ], [ -88.0844436, 43.0598969 ], [ -88.0840959, 43.0598838 ], [ -88.0839828, 43.0598808 ], [ -88.0838662, 43.0598778 ], [ -88.0838663, 43.0598699 ], [ -88.0838671, 43.0598201 ], [ -88.0838615, 43.05982 ], [ -88.083390900000012, 43.0598105 ], [ -88.0833406, 43.0598095 ], [ -88.0830474, 43.0598035 ], [ -88.0827696, 43.0597979 ], [ -88.082769399999989, 43.0597979 ], [ -88.082763200000016, 43.0602204 ], [ -88.0827602, 43.0602203 ], [ -88.0824831, 43.0602113 ], [ -88.081382499999989, 43.0601756 ], [ -88.0807589, 43.0601554 ], [ -88.0801444, 43.0601355 ], [ -88.0799199, 43.0601274 ], [ -88.0790622, 43.0601032 ], [ -88.0785772, 43.0600895 ], [ -88.0785773, 43.060082 ], [ -88.0785794, 43.0599004 ], [ -88.0788834, 43.0596348 ], [ -88.0788693, 43.0596343 ], [ -88.0788779, 43.0596268 ], [ -88.0780389, 43.0595998 ], [ -88.0780319, 43.0600638 ], [ -88.0774269, 43.0600438 ], [ -88.0773109, 43.0600398 ], [ -88.0772039, 43.0600358 ], [ -88.0765926, 43.06002 ], [ -88.0765975, 43.0597519 ], [ -88.0766, 43.0596162 ], [ -88.0766009, 43.0595688 ], [ -88.0766053, 43.0593238 ], [ -88.0765987, 43.0593241 ], [ -88.0760965, 43.0593462 ], [ -88.0755822, 43.0593688 ], [ -88.0750506, 43.0593922 ], [ -88.0746142, 43.0594115 ], [ -88.0745848, 43.0594128 ], [ -88.0745041, 43.0594163 ], [ -88.0740472, 43.059405 ], [ -88.0735393, 43.0593923 ], [ -88.0735383, 43.0594781 ], [ -88.0730846, 43.0594645 ], [ -88.0726293, 43.059451 ], [ -88.071853, 43.0594376 ], [ -88.0718467, 43.0599245 ], [ -88.0717321, 43.0599216 ], [ -88.0716143, 43.0599186 ], [ -88.0709577, 43.0599004 ], [ -88.0709572, 43.059893 ], [ -88.070925699999989, 43.059466799999988 ], [ -88.0709154, 43.0593279 ], [ -88.0709104, 43.0593278 ], [ -88.0704231, 43.0593188 ], [ -88.070023, 43.0591464 ], [ -88.069886, 43.0591414 ], [ -88.0692361, 43.0591176 ], [ -88.0692322, 43.0591709 ], [ -88.069008900000014, 43.0591571 ], [ -88.0682216, 43.0590884 ], [ -88.0682215, 43.0591004 ], [ -88.068143, 43.0590982 ], [ -88.0678105, 43.0590892 ], [ -88.0676892, 43.0590858 ], [ -88.0676846, 43.0593213 ], [ -88.0670542, 43.0593055 ], [ -88.0670155, 43.0593014 ], [ -88.0668276, 43.0592991 ], [ -88.0668238, 43.059496 ], [ -88.066821600000011, 43.059938 ], [ -88.0667594, 43.0644694 ], [ -88.0667527, 43.064956699999989 ], [ -88.0667445, 43.0655605 ], [ -88.066734, 43.066319 ], [ -88.0667289, 43.0666926 ], [ -88.0667236, 43.0670814 ], [ -88.0667219, 43.0672018 ], [ -88.0667081, 43.0680659 ], [ -88.0667058, 43.0682088 ], [ -88.0666989, 43.068639 ], [ -88.0666976, 43.0687185 ], [ -88.066690799999989, 43.0691377 ], [ -88.066689400000016, 43.0692258 ], [ -88.0666832, 43.0696124 ], [ -88.066679, 43.0698729 ], [ -88.0666779, 43.0699408 ], [ -88.066677, 43.0700023 ], [ -88.0666768, 43.0700141 ], [ -88.0666758, 43.0700771 ], [ -88.0666749, 43.0701324 ], [ -88.0666734, 43.0702231 ], [ -88.0666679, 43.0705679 ], [ -88.0666667, 43.0706403 ], [ -88.0666401, 43.0722983 ], [ -88.0666342, 43.0726675 ], [ -88.066621900000015, 43.0734311 ], [ -88.0666053, 43.0744657 ], [ -88.06660380000001, 43.0745356 ], [ -88.0669679, 43.074537799999987 ], [ -88.0676669, 43.0745338 ], [ -88.067971899999989, 43.0745418 ], [ -88.068574900000016, 43.074542799999989 ], [ -88.069198899999989, 43.0745498 ], [ -88.0710779, 43.0746108 ], [ -88.0712059, 43.0746188 ], [ -88.0721589, 43.0746518 ], [ -88.0727849, 43.0746678 ], [ -88.0744919, 43.074728799999988 ], [ -88.0745819, 43.0747348 ], [ -88.0747929, 43.0747448 ], [ -88.0749919, 43.0747548 ], [ -88.0752089, 43.0747588 ], [ -88.0754889, 43.0747728 ], [ -88.0763679, 43.0747948 ], [ -88.0770499, 43.0748198 ], [ -88.0771009, 43.0748198 ], [ -88.0772219, 43.0748208 ], [ -88.0773899, 43.07483280000001 ], [ -88.0780629, 43.0748508 ] ] ] ] } },
{ "type": "Feature", "properties": { "rep_unit_id": 69, "ward": "City Brookfield W3", "county": "WAUKESHA" }, "geometry": { "type": "MultiPolygon", "coordinates": [ [ [ [ -88.09397, 43.1035137 ], [ -88.093909, 43.1036517 ], [ -88.09384, 43.1037667 ], [ -88.09369, 43.1039607 ], [ -88.093531, 43.1041267 ], [ -88.094333, 43.1045407 ], [ -88.0946354, 43.1046916 ], [ -88.0951818, 43.104691 ], [ -88.095489, 43.1046906 ], [ -88.095492299999989, 43.1046906 ], [ -88.0958709, 43.1046901 ], [ -88.095956500000014, 43.1046899 ], [ -88.0967585, 43.1046882 ], [ -88.0968763, 43.104688 ], [ -88.097365, 43.1046869 ], [ -88.0982351, 43.1046851 ], [ -88.0983947, 43.1046847 ], [ -88.0985188, 43.1046845 ], [ -88.0987508, 43.104684 ], [ -88.0993796, 43.1046826 ], [ -88.1002313, 43.1046808 ], [ -88.1007898, 43.1046796 ], [ -88.1018993, 43.1046772 ], [ -88.1021601, 43.1046767 ], [ -88.1056123, 43.1046691 ], [ -88.1057613, 43.1046688 ], [ -88.1070012, 43.1046686 ], [ -88.1077732, 43.1046685 ], [ -88.1088251, 43.1046683 ], [ -88.1104408, 43.1046679 ], [ -88.1122644, 43.1046675 ], [ -88.1123563, 43.1046675 ], [ -88.1123798, 43.1046675 ], [ -88.113166, 43.1046673 ], [ -88.1136792, 43.1046672 ], [ -88.1156167, 43.1046667 ], [ -88.1156805, 43.1046667 ], [ -88.1160121, 43.1046666 ], [ -88.116009, 43.1045567 ], [ -88.115994, 43.1044167 ], [ -88.115998, 43.1037157 ], [ -88.115995, 43.1036077 ], [ -88.115971, 43.1035097 ], [ -88.115939, 43.1034317 ], [ -88.115883, 43.103343699999982 ], [ -88.115815, 43.1032587 ], [ -88.115584, 43.1030697 ], [ -88.115481, 43.1030077 ], [ -88.114418, 43.1022497 ], [ -88.114309, 43.1021687 ], [ -88.114188, 43.1020677 ], [ -88.114107, 43.1019717 ], [ -88.114048, 43.101891699999989 ], [ -88.113991, 43.1017907 ], [ -88.113952, 43.1017057 ], [ -88.113922, 43.1015897 ], [ -88.113916, 43.1014777 ], [ -88.113928, 43.1013587 ], [ -88.113954, 43.1012347 ], [ -88.114032, 43.1010187 ], [ -88.114191, 43.100633699999989 ], [ -88.114353, 43.1002097 ], [ -88.114372, 43.1001417 ], [ -88.114391, 43.1000757 ], [ -88.114412, 43.0999247 ], [ -88.11441, 43.0998217 ], [ -88.113755, 43.0998247 ], [ -88.113592, 43.0998217 ], [ -88.113507, 43.0998147 ], [ -88.113394, 43.0997897 ], [ -88.113253, 43.0997427 ], [ -88.11306, 43.0996527 ], [ -88.112428, 43.0993277 ], [ -88.112286, 43.0992687 ], [ -88.112294, 43.0976627 ], [ -88.1123, 43.0975467 ], [ -88.112306, 43.0970357 ], [ -88.112311, 43.0966197 ], [ -88.112322, 43.0964817 ], [ -88.111995, 43.0964557 ], [ -88.111787, 43.0964247 ], [ -88.111684, 43.0963937 ], [ -88.111599, 43.0963457 ], [ -88.11156, 43.0963127 ], [ -88.111524, 43.0962827 ], [ -88.111461, 43.0961777 ], [ -88.111441, 43.0961077 ], [ -88.111434, 43.0960137 ], [ -88.111438, 43.0957637 ], [ -88.111433, 43.0956327 ], [ -88.11144, 43.0955327 ], [ -88.111451, 43.094979699999989 ], [ -88.11145, 43.0941847 ], [ -88.111467, 43.0932187 ], [ -88.111479, 43.0930987 ], [ -88.111542, 43.0929747 ], [ -88.111613, 43.0929117 ], [ -88.111729, 43.0928517 ], [ -88.111845, 43.0928207 ], [ -88.111961, 43.0928107 ], [ -88.112127, 43.0928097 ], [ -88.112727, 43.0928457 ], [ -88.11328, 43.0928657 ], [ -88.113286, 43.0927577 ], [ -88.113302, 43.0907197 ], [ -88.113305, 43.0903217 ], [ -88.113293, 43.0900267 ], [ -88.113339, 43.0898197 ], [ -88.113, 43.0898037 ], [ -88.112035, 43.0897687 ], [ -88.111508, 43.0897537 ], [ -88.110992, 43.0897317 ], [ -88.109902, 43.0897067 ], [ -88.108602, 43.0896627 ], [ -88.108168, 43.0896537 ], [ -88.107721, 43.0896327 ], [ -88.107416, 43.0896287 ], [ -88.107034, 43.0896137 ], [ -88.106201, 43.0895947 ], [ -88.105855, 43.0895867 ], [ -88.105777, 43.0895847 ], [ -88.105375, 43.0895797 ], [ -88.10521, 43.0895737 ], [ -88.104595, 43.0895667 ], [ -88.103425, 43.0895537 ], [ -88.102803, 43.0895517 ], [ -88.102494, 43.0895517 ], [ -88.102366, 43.0895497 ], [ -88.10192, 43.0895447 ], [ -88.099222, 43.0895237 ], [ -88.097564, 43.0895087 ], [ -88.097065, 43.0895097 ], [ -88.09652, 43.0895037 ], [ -88.096219, 43.0895067 ], [ -88.095365, 43.0894957 ], [ -88.094302, 43.0894947 ], [ -88.092523, 43.0895217 ], [ -88.092142, 43.0895247 ], [ -88.091626, 43.0895337 ], [ -88.091366, 43.0895347 ], [ -88.08948, 43.0895637 ], [ -88.089136, 43.0895727 ], [ -88.088312, 43.0895818 ], [ -88.087344, 43.0896058 ], [ -88.08658, 43.0895918 ], [ -88.08658, 43.0897648 ], [ -88.086569, 43.0903768 ], [ -88.086568, 43.090916799999988 ], [ -88.086542, 43.0922568 ], [ -88.086547, 43.0928158 ], [ -88.086538, 43.0930918 ], [ -88.08653, 43.0938258 ], [ -88.086503, 43.0953578 ], [ -88.0865, 43.0954268 ], [ -88.086494, 43.0956258 ], [ -88.086484, 43.0961218 ], [ -88.086483, 43.0965908 ], [ -88.086471, 43.0975617 ], [ -88.086455, 43.0984617 ], [ -88.086455, 43.0986897 ], [ -88.086445, 43.0998087 ], [ -88.087046, 43.0998097 ], [ -88.087191, 43.0998067 ], [ -88.087465, 43.0998087 ], [ -88.087722, 43.0998037 ], [ -88.088917, 43.0997947 ], [ -88.089094, 43.0997937 ], [ -88.089312, 43.0997987 ], [ -88.089506, 43.0998087 ], [ -88.089662, 43.0998227 ], [ -88.09, 43.0998777 ], [ -88.090181, 43.0999147 ], [ -88.09035, 43.0999557 ], [ -88.090634, 43.1000337 ], [ -88.090789, 43.1000737 ], [ -88.091202, 43.100166699999988 ], [ -88.091474, 43.1002037 ], [ -88.091675, 43.1002177 ], [ -88.092003, 43.1002297 ], [ -88.092126, 43.1002297 ], [ -88.092266, 43.1002337 ], [ -88.093104, 43.1002297 ], [ -88.093108, 43.1008327 ], [ -88.093116, 43.1009577 ], [ -88.093169, 43.1012067 ], [ -88.093215, 43.1013017 ], [ -88.093326, 43.1015087 ], [ -88.093386, 43.1016087 ], [ -88.093456, 43.1015837 ], [ -88.093729, 43.1015007 ], [ -88.093913, 43.101452699999989 ], [ -88.094254, 43.1013717 ], [ -88.094423, 43.1013377 ], [ -88.094578, 43.1013167 ], [ -88.094715, 43.1013037 ], [ -88.094816, 43.1013007 ], [ -88.094943, 43.1013097 ], [ -88.095012, 43.1013227 ], [ -88.095103, 43.1013567 ], [ -88.095158, 43.1013897 ], [ -88.095211, 43.1014347 ], [ -88.095238, 43.101475699999988 ], [ -88.095258, 43.1015207 ], [ -88.095274, 43.1015897 ], [ -88.095284, 43.1028707 ], [ -88.095279, 43.1030247 ], [ -88.095263, 43.1031207 ], [ -88.095218, 43.1031907 ], [ -88.095143, 43.1032507 ], [ -88.095097, 43.1032737 ], [ -88.095035, 43.1032897 ], [ -88.094969, 43.1032937 ], [ -88.094892, 43.1032907 ], [ -88.094501, 43.1032167 ], [ -88.094378, 43.1032057 ], [ -88.094209, 43.1031977 ], [ -88.094047, 43.1032017 ], [ -88.094033, 43.1033137 ], [ -88.09397, 43.1035137 ] ] ] ] } },
{ "type": "Feature", "properties": { "rep_unit_id": 70, "ward": "City Brookfield W4", "county": "WAUKESHA" }, "geometry": { "type": "MultiPolygon", "coordinates": [ [ [ [ -88.114391, 43.1000757 ], [ -88.114372, 43.1001417 ], [ -88.114353, 43.1002097 ], [ -88.114191, 43.100633699999989 ], [ -88.114032, 43.1010187 ], [ -88.113954, 43.1012347 ], [ -88.113928, 43.1013587 ], [ -88.113916, 43.1014777 ], [ -88.113922, 43.1015897 ], [ -88.113952, 43.1017057 ], [ -88.113991, 43.1017907 ], [ -88.114048, 43.101891699999989 ], [ -88.114107, 43.1019717 ], [ -88.114188, 43.1020677 ], [ -88.114309, 43.1021687 ], [ -88.114418, 43.1022497 ], [ -88.115481, 43.1030077 ], [ -88.115584, 43.1030697 ], [ -88.115815, 43.1032587 ], [ -88.115883, 43.103343699999982 ], [ -88.115939, 43.1034317 ], [ -88.115971, 43.1035097 ], [ -88.115995, 43.1036077 ], [ -88.115998, 43.1037157 ], [ -88.115994, 43.1044167 ], [ -88.116009, 43.1045567 ], [ -88.1160121, 43.1046666 ], [ -88.1168137, 43.1046662 ], [ -88.117651, 43.1046659 ], [ -88.1176883, 43.1046659 ], [ -88.1176931, 43.1046659 ], [ -88.1178054, 43.1046658 ], [ -88.1181318, 43.1046657 ], [ -88.1183272, 43.1046656 ], [ -88.1187702, 43.104665399999988 ], [ -88.1187757, 43.1046654 ], [ -88.1187809, 43.1046654 ], [ -88.1188135, 43.1046654 ], [ -88.1197607, 43.104665 ], [ -88.1198391, 43.1046649 ], [ -88.119910499999989, 43.1046649 ], [ -88.1204309, 43.1046647 ], [ -88.1206398, 43.1046646 ], [ -88.120679, 43.1046646 ], [ -88.1211341, 43.1046644 ], [ -88.12126210000001, 43.1046643 ], [ -88.122123, 43.1046639 ], [ -88.1247451, 43.1046627 ], [ -88.1256098, 43.1046622 ], [ -88.1255921, 43.1045357 ], [ -88.125590100000011, 43.1042897 ], [ -88.1256021, 43.1038547 ], [ -88.1256071, 43.1032997 ], [ -88.125604, 43.1029947 ], [ -88.1256091, 43.1028807 ], [ -88.125575, 43.1015647 ], [ -88.125577, 43.1012067 ], [ -88.125568, 43.1010797 ], [ -88.125556, 43.1000287 ], [ -88.125548, 43.0975907 ], [ -88.125546, 43.0965667 ], [ -88.12554, 43.0961287 ], [ -88.125552, 43.0954347 ], [ -88.125547, 43.0953207 ], [ -88.125562, 43.0942747 ], [ -88.125564, 43.0936127 ], [ -88.125553, 43.0926987 ], [ -88.125559, 43.092058699999988 ], [ -88.12556, 43.0919737 ], [ -88.12557, 43.091371699999989 ], [ -88.125564, 43.0911257 ], [ -88.125499, 43.090679699999988 ], [ -88.125494, 43.0901347 ], [ -88.125519, 43.0899357 ], [ -88.125634, 43.0899387 ], [ -88.125657, 43.0890067 ], [ -88.125599, 43.0884147 ], [ -88.125624, 43.0868957 ], [ -88.125639, 43.0860127 ], [ -88.125645, 43.0852037 ], [ -88.125658, 43.0846877 ], [ -88.125671, 43.0835797 ], [ -88.125691, 43.0811867 ], [ -88.125697, 43.0810727 ], [ -88.125693, 43.0809627 ], [ -88.125699, 43.0804557 ], [ -88.125703, 43.0799117 ], [ -88.1257, 43.0797247 ], [ -88.12571, 43.0791737 ], [ -88.125522, 43.0791707 ], [ -88.12511, 43.0791757 ], [ -88.124692, 43.0791577 ], [ -88.124142, 43.0791427 ], [ -88.12314, 43.0791047 ], [ -88.122967, 43.0791047 ], [ -88.122239, 43.0790877 ], [ -88.121521, 43.0790627 ], [ -88.120065, 43.0790197 ], [ -88.119897, 43.0790077 ], [ -88.117366, 43.0789467 ], [ -88.116183, 43.0789127 ], [ -88.115832, 43.0789067 ], [ -88.11562, 43.0788977 ], [ -88.11472, 43.0788747 ], [ -88.114471, 43.0788717 ], [ -88.113441, 43.0788407 ], [ -88.113108, 43.0788267 ], [ -88.112449, 43.0788117 ], [ -88.112434, 43.0788987 ], [ -88.11241, 43.0795857 ], [ -88.112375, 43.0797777 ], [ -88.112321, 43.0799227 ], [ -88.112284, 43.0799837 ], [ -88.112267, 43.0800277 ], [ -88.112232, 43.0800607 ], [ -88.112184, 43.0800927 ], [ -88.112049, 43.0801537 ], [ -88.111945, 43.0801917 ], [ -88.111828, 43.0802257 ], [ -88.111699, 43.0802577 ], [ -88.111427, 43.0803327 ], [ -88.111299, 43.0803777 ], [ -88.111081, 43.0804657 ], [ -88.111015, 43.0805037 ], [ -88.110925, 43.0805737 ], [ -88.111108, 43.0807417 ], [ -88.111205, 43.0808207 ], [ -88.111315, 43.0808987 ], [ -88.111539, 43.0810347 ], [ -88.111651, 43.0810977 ], [ -88.111768, 43.0811507 ], [ -88.112558, 43.0814607 ], [ -88.112651, 43.081513699999988 ], [ -88.112726, 43.0815667 ], [ -88.112811, 43.0816407 ], [ -88.112891, 43.0817347 ], [ -88.113021, 43.0819227 ], [ -88.113372, 43.0818167 ], [ -88.113748, 43.0817087 ], [ -88.114144, 43.0816027 ], [ -88.114416, 43.0815217 ], [ -88.11457, 43.0814907 ], [ -88.11471, 43.0814747 ], [ -88.114868, 43.0814507 ], [ -88.115197, 43.0814247 ], [ -88.11534, 43.0814167 ], [ -88.115612, 43.0814117 ], [ -88.115745, 43.0814057 ], [ -88.115708, 43.0829147 ], [ -88.115688, 43.0841797 ], [ -88.115682, 43.0849377 ], [ -88.115676, 43.0855887 ], [ -88.115658, 43.0864667 ], [ -88.115656, 43.0868767 ], [ -88.114495, 43.0868587 ], [ -88.114217, 43.0868397 ], [ -88.113891, 43.0868017 ], [ -88.11372, 43.0867907 ], [ -88.113479, 43.0868027 ], [ -88.113323, 43.0868237 ], [ -88.113129, 43.0868617 ], [ -88.112961, 43.0869097 ], [ -88.11279, 43.0869657 ], [ -88.112626, 43.0870257 ], [ -88.112389, 43.0871197 ], [ -88.112258, 43.0871607 ], [ -88.112122, 43.0871957 ], [ -88.111975, 43.0872227 ], [ -88.111834, 43.0872407 ], [ -88.111564, 43.0872587 ], [ -88.111562, 43.0873867 ], [ -88.111622, 43.0876127 ], [ -88.111662, 43.0877137 ], [ -88.111711, 43.0878137 ], [ -88.11181, 43.0879717 ], [ -88.111906, 43.0880847 ], [ -88.112095, 43.0882727 ], [ -88.112675, 43.0887027 ], [ -88.112975, 43.0888897 ], [ -88.113179, 43.0891237 ], [ -88.113249, 43.0892287 ], [ -88.113303, 43.0893447 ], [ -88.113328, 43.089472699999988 ], [ -88.113334, 43.0895457 ], [ -88.113334, 43.0896787 ], [ -88.113342, 43.0897567 ], [ -88.113339, 43.0898197 ], [ -88.113293, 43.0900267 ], [ -88.113305, 43.0903217 ], [ -88.113302, 43.0907197 ], [ -88.113286, 43.0927577 ], [ -88.11328, 43.0928657 ], [ -88.112727, 43.0928457 ], [ -88.112127, 43.0928097 ], [ -88.111961, 43.0928107 ], [ -88.111845, 43.0928207 ], [ -88.111729, 43.0928517 ], [ -88.111613, 43.0929117 ], [ -88.111542, 43.0929747 ], [ -88.111479, 43.0930987 ], [ -88.111467, 43.0932187 ], [ -88.11145, 43.0941847 ], [ -88.111451, 43.094979699999989 ], [ -88.11144, 43.0955327 ], [ -88.111433, 43.0956327 ], [ -88.111438, 43.0957637 ], [ -88.111434, 43.0960137 ], [ -88.111441, 43.0961077 ], [ -88.111461, 43.0961777 ], [ -88.111524, 43.0962827 ], [ -88.11156, 43.0963127 ], [ -88.111599, 43.0963457 ], [ -88.111684, 43.0963937 ], [ -88.111787, 43.0964247 ], [ -88.111995, 43.0964557 ], [ -88.112322, 43.0964817 ], [ -88.112311, 43.0966197 ], [ -88.112306, 43.0970357 ], [ -88.1123, 43.0975467 ], [ -88.112294, 43.0976627 ], [ -88.112286, 43.0992687 ], [ -88.112428, 43.0993277 ], [ -88.11306, 43.0996527 ], [ -88.113253, 43.0997427 ], [ -88.113394, 43.0997897 ], [ -88.113507, 43.0998147 ], [ -88.113592, 43.0998217 ], [ -88.113755, 43.0998247 ], [ -88.11441, 43.0998217 ], [ -88.114412, 43.0999247 ], [ -88.114391, 43.1000757 ] ] ] ] } },
{ "type": "Feature", "properties": { "rep_unit_id": 72, "ward": "City Brookfield W6", "county": "WAUKESHA" }, "geometry": { "type": "MultiPolygon", "coordinates": [ [ [ [ -88.125548, 43.0975907 ], [ -88.125556, 43.1000287 ], [ -88.125568, 43.1010797 ], [ -88.125577, 43.1012067 ], [ -88.125575, 43.1015647 ], [ -88.1256091, 43.1028807 ], [ -88.125604, 43.1029947 ], [ -88.1256071, 43.1032997 ], [ -88.1256021, 43.1038547 ], [ -88.125590100000011, 43.1042897 ], [ -88.1255921, 43.1045357 ], [ -88.1256098, 43.1046622 ], [ -88.1256171, 43.1046622 ], [ -88.1256224, 43.1046622 ], [ -88.1257972, 43.1046616 ], [ -88.1288656, 43.1046505 ], [ -88.1289868, 43.10465 ], [ -88.1293151, 43.1046489 ], [ -88.1297645, 43.1046472 ], [ -88.129767199999989, 43.1046472 ], [ -88.129773, 43.1046472 ], [ -88.1305511, 43.1046444 ], [ -88.1309411, 43.1046429 ], [ -88.1314871, 43.1046409 ], [ -88.132355, 43.1046378 ], [ -88.1325782, 43.104637 ], [ -88.1331412, 43.1046349 ], [ -88.1331977, 43.1046347 ], [ -88.1334558, 43.1046338 ], [ -88.1341885, 43.1046311 ], [ -88.1343356, 43.1046305 ], [ -88.1344972, 43.1046299 ], [ -88.1345128, 43.1046299 ], [ -88.1350569, 43.1046279 ], [ -88.1354989, 43.1046262 ], [ -88.1358291, 43.104625 ], [ -88.1361597, 43.1046238 ], [ -88.1362403, 43.1046235 ], [ -88.1367328, 43.1046218 ], [ -88.137541399999989, 43.1046188 ], [ -88.1375689, 43.1046187 ], [ -88.1377151, 43.1046196 ], [ -88.1378063, 43.1046178 ], [ -88.1382814, 43.1046161 ], [ -88.1384059, 43.1046156 ], [ -88.1390531, 43.104615599999988 ], [ -88.1390622, 43.1046156 ], [ -88.1390623, 43.1046132 ], [ -88.139067, 43.104455 ], [ -88.13909, 43.104281 ], [ -88.139179, 43.104093 ], [ -88.139336, 43.103874 ], [ -88.139712, 43.103375 ], [ -88.139819, 43.103205 ], [ -88.139894, 43.103052 ], [ -88.13994, 43.102892 ], [ -88.139956, 43.102724 ], [ -88.139955, 43.102571 ], [ -88.139926, 43.102388 ], [ -88.139868, 43.102194 ], [ -88.139742, 43.101919 ], [ -88.139665, 43.101742 ], [ -88.139618, 43.101546 ], [ -88.139618, 43.101395 ], [ -88.139655, 43.101247 ], [ -88.139749, 43.101043 ], [ -88.139875, 43.100835 ], [ -88.139975, 43.100657 ], [ -88.140022, 43.100521 ], [ -88.140023, 43.100437 ], [ -88.140024, 43.100392 ], [ -88.139999, 43.10029 ], [ -88.13992, 43.100145 ], [ -88.13982, 43.10002 ], [ -88.139567, 43.09973 ], [ -88.139456, 43.099575 ], [ -88.139382, 43.099423 ], [ -88.139336, 43.099268 ], [ -88.139317, 43.099087 ], [ -88.139366, 43.09888 ], [ -88.139473, 43.098701 ], [ -88.139604, 43.098554 ], [ -88.139798, 43.098372 ], [ -88.139927, 43.098212 ], [ -88.140002, 43.098068 ], [ -88.140046, 43.097915 ], [ -88.140041, 43.097778 ], [ -88.13998, 43.09764 ], [ -88.13989, 43.09752 ], [ -88.139813, 43.09743 ], [ -88.139756, 43.097305 ], [ -88.140026, 43.097302 ], [ -88.140969, 43.097316 ], [ -88.141204, 43.097313 ], [ -88.141422, 43.097297 ], [ -88.141614, 43.097263 ], [ -88.141833, 43.097212 ], [ -88.142029, 43.097145 ], [ -88.142248, 43.097047 ], [ -88.142459, 43.096943 ], [ -88.142692, 43.096846 ], [ -88.142913, 43.096788 ], [ -88.143145, 43.096761 ], [ -88.143368, 43.096757 ], [ -88.143611, 43.09678 ], [ -88.143802, 43.096812 ], [ -88.143952, 43.096852 ], [ -88.14425, 43.096946 ], [ -88.144472, 43.097043 ], [ -88.144785, 43.097183 ], [ -88.145029, 43.097267 ], [ -88.145208, 43.097306 ], [ -88.145432, 43.097332 ], [ -88.145916, 43.09736 ], [ -88.145918, 43.097126 ], [ -88.145923, 43.096956 ], [ -88.145934, 43.096626 ], [ -88.145934, 43.096431 ], [ -88.145955, 43.095563 ], [ -88.145965, 43.094898 ], [ -88.145974, 43.094227 ], [ -88.145993, 43.093571 ], [ -88.145994, 43.09324 ], [ -88.145999, 43.093023 ], [ -88.146019, 43.092169 ], [ -88.146013, 43.091848 ], [ -88.14602, 43.091593 ], [ -88.146019, 43.091009 ], [ -88.146031, 43.090678 ], [ -88.146031, 43.0906725 ], [ -88.146022, 43.0906726 ], [ -88.146022, 43.0905676 ], [ -88.14601, 43.0904566 ], [ -88.146004, 43.0896646 ], [ -88.146001, 43.0892966 ], [ -88.145996, 43.0891766 ], [ -88.146001, 43.0890006 ], [ -88.145992, 43.0887906 ], [ -88.145976, 43.0876756 ], [ -88.145977, 43.0875916 ], [ -88.145978, 43.0874576 ], [ -88.145978, 43.0873836 ], [ -88.145972, 43.0867746 ], [ -88.145935, 43.0839766 ], [ -88.145925, 43.0829336 ], [ -88.145913, 43.0824276 ], [ -88.145904, 43.0799856 ], [ -88.145902, 43.0798826 ], [ -88.145895, 43.0795866 ], [ -88.145715, 43.0795836 ], [ -88.145508, 43.0795866 ], [ -88.145321, 43.0795896 ], [ -88.145127, 43.0795876 ], [ -88.144813, 43.0795836 ], [ -88.144585, 43.0795706 ], [ -88.144407, 43.0795536 ], [ -88.144202, 43.0795226 ], [ -88.143979, 43.0794786 ], [ -88.143792, 43.0794266 ], [ -88.143409, 43.0793016 ], [ -88.143269, 43.0792636 ], [ -88.143018, 43.0791766 ], [ -88.142806, 43.0791126 ], [ -88.142523, 43.0790426 ], [ -88.14236, 43.0790086 ], [ -88.142205, 43.0789826 ], [ -88.142023, 43.0789596 ], [ -88.141644, 43.0789226 ], [ -88.141477, 43.0789106 ], [ -88.141406, 43.0791146 ], [ -88.141368, 43.0791986 ], [ -88.141292, 43.0793316 ], [ -88.14124, 43.0793906 ], [ -88.141168, 43.0794616 ], [ -88.141081, 43.0795366 ], [ -88.140779, 43.0797696 ], [ -88.140557, 43.0799566 ], [ -88.14048, 43.0800336 ], [ -88.140333, 43.080212599999989 ], [ -88.140262, 43.0803166 ], [ -88.140205, 43.0804116 ], [ -88.140093, 43.0806616 ], [ -88.140046, 43.0808056 ], [ -88.140015, 43.0809456 ], [ -88.139995, 43.0810716 ], [ -88.139979, 43.0813326 ], [ -88.139986, 43.0820326 ], [ -88.140002, 43.082410599999989 ], [ -88.139996, 43.0826986 ], [ -88.139996, 43.0831666 ], [ -88.140016, 43.0833916 ], [ -88.140041, 43.0835326 ], [ -88.140087, 43.0836836 ], [ -88.140128, 43.0837936 ], [ -88.140197, 43.0840276 ], [ -88.140222, 43.0841366 ], [ -88.140234, 43.0842506 ], [ -88.139426, 43.0842566 ], [ -88.138771, 43.0842566 ], [ -88.138655, 43.0842606 ], [ -88.137731, 43.0842607 ], [ -88.137177, 43.0842697 ], [ -88.1367, 43.0842617 ], [ -88.136581, 43.084254699999988 ], [ -88.136389, 43.0842237 ], [ -88.136194, 43.0841607 ], [ -88.13606, 43.0840997 ], [ -88.135691, 43.0838857 ], [ -88.1355, 43.0837597 ], [ -88.135387, 43.0836917 ], [ -88.135185, 43.0836027 ], [ -88.134978, 43.0835417 ], [ -88.134712, 43.0835217 ], [ -88.134627, 43.0835227 ], [ -88.134513, 43.0835317 ], [ -88.134393, 43.0835477 ], [ -88.13418, 43.0835687 ], [ -88.133918, 43.0835797 ], [ -88.132815, 43.0835567 ], [ -88.132648, 43.0835707 ], [ -88.132523, 43.0835907 ], [ -88.132378, 43.0836257 ], [ -88.132255, 43.0836687 ], [ -88.132128, 43.0837227 ], [ -88.132028, 43.0837787 ], [ -88.131916, 43.0838557 ], [ -88.131771, 43.0839967 ], [ -88.131726, 43.0840547 ], [ -88.131642, 43.0841867 ], [ -88.131584, 43.0842617 ], [ -88.131536, 43.0843147 ], [ -88.131402, 43.0844237 ], [ -88.131242, 43.0845217 ], [ -88.131132, 43.084583699999989 ], [ -88.131019, 43.0846487 ], [ -88.130942, 43.0847097 ], [ -88.130893, 43.0847657 ], [ -88.130853, 43.0848357 ], [ -88.130727, 43.0851037 ], [ -88.130555, 43.0854477 ], [ -88.1305, 43.085537699999989 ], [ -88.130484, 43.0855587 ], [ -88.130429, 43.0856347 ], [ -88.130345, 43.0857307 ], [ -88.13028, 43.085793699999989 ], [ -88.130159, 43.0858917 ], [ -88.130053, 43.0859677 ], [ -88.129952, 43.0860297 ], [ -88.129848, 43.0860837 ], [ -88.129636, 43.0861777 ], [ -88.129526, 43.0862147 ], [ -88.129398, 43.0862507 ], [ -88.129289, 43.0862767 ], [ -88.129158, 43.0862997 ], [ -88.129006, 43.0863197 ], [ -88.128876, 43.0863277 ], [ -88.128392, 43.0863267 ], [ -88.128234, 43.0863297 ], [ -88.127741, 43.0863227 ], [ -88.127609, 43.0863277 ], [ -88.127475, 43.0863407 ], [ -88.127347, 43.0863687 ], [ -88.127237, 43.0864037 ], [ -88.127128, 43.0864567 ], [ -88.127031, 43.0865137 ], [ -88.126787, 43.0866977 ], [ -88.126711, 43.0867437 ], [ -88.126569, 43.0868077 ], [ -88.126484, 43.0868377 ], [ -88.126388, 43.0868617 ], [ -88.126205, 43.0868907 ], [ -88.125965, 43.0869007 ], [ -88.125624, 43.0868957 ], [ -88.125599, 43.0884147 ], [ -88.125657, 43.0890067 ], [ -88.125634, 43.0899387 ], [ -88.125519, 43.0899357 ], [ -88.125494, 43.0901347 ], [ -88.125499, 43.090679699999988 ], [ -88.125564, 43.0911257 ], [ -88.12557, 43.091371699999989 ], [ -88.12556, 43.0919737 ], [ -88.125559, 43.092058699999988 ], [ -88.125553, 43.0926987 ], [ -88.125564, 43.0936127 ], [ -88.125562, 43.0942747 ], [ -88.125547, 43.0953207 ], [ -88.125552, 43.0954347 ], [ -88.12554, 43.0961287 ], [ -88.125546, 43.0965667 ], [ -88.125548, 43.0975907 ] ] ] ] } },
{ "type": "Feature", "properties": { "rep_unit_id": 73, "ward": "City Brookfield W7", "county": "WAUKESHA" }, "geometry": { "type": "MultiPolygon", "coordinates": [ [ [ [ -88.125965, 43.0869007 ], [ -88.126205, 43.0868907 ], [ -88.126388, 43.0868617 ], [ -88.126484, 43.0868377 ], [ -88.126569, 43.0868077 ], [ -88.126711, 43.0867437 ], [ -88.126787, 43.0866977 ], [ -88.127031, 43.0865137 ], [ -88.127128, 43.0864567 ], [ -88.127237, 43.0864037 ], [ -88.127347, 43.0863687 ], [ -88.127475, 43.0863407 ], [ -88.127609, 43.0863277 ], [ -88.127741, 43.0863227 ], [ -88.128234, 43.0863297 ], [ -88.128392, 43.0863267 ], [ -88.128876, 43.0863277 ], [ -88.129006, 43.0863197 ], [ -88.129158, 43.0862997 ], [ -88.129289, 43.0862767 ], [ -88.129398, 43.0862507 ], [ -88.129526, 43.0862147 ], [ -88.129636, 43.0861777 ], [ -88.129848, 43.0860837 ], [ -88.129952, 43.0860297 ], [ -88.130053, 43.0859677 ], [ -88.130159, 43.0858917 ], [ -88.13028, 43.085793699999989 ], [ -88.130345, 43.0857307 ], [ -88.130429, 43.0856347 ], [ -88.130484, 43.0855587 ], [ -88.1305, 43.085537699999989 ], [ -88.130555, 43.0854477 ], [ -88.130727, 43.0851037 ], [ -88.130853, 43.0848357 ], [ -88.130893, 43.0847657 ], [ -88.130942, 43.0847097 ], [ -88.131019, 43.0846487 ], [ -88.131132, 43.084583699999989 ], [ -88.131242, 43.0845217 ], [ -88.131402, 43.0844237 ], [ -88.131536, 43.0843147 ], [ -88.131584, 43.0842617 ], [ -88.131642, 43.0841867 ], [ -88.131726, 43.0840547 ], [ -88.131771, 43.0839967 ], [ -88.131916, 43.0838557 ], [ -88.132028, 43.0837787 ], [ -88.132128, 43.0837227 ], [ -88.132255, 43.0836687 ], [ -88.132378, 43.0836257 ], [ -88.132523, 43.0835907 ], [ -88.132648, 43.0835707 ], [ -88.132815, 43.0835567 ], [ -88.133918, 43.0835797 ], [ -88.13418, 43.0835687 ], [ -88.134393, 43.0835477 ], [ -88.134513, 43.0835317 ], [ -88.134627, 43.0835227 ], [ -88.134712, 43.0835217 ], [ -88.134978, 43.0835417 ], [ -88.135185, 43.0836027 ], [ -88.135387, 43.0836917 ], [ -88.1355, 43.0837597 ], [ -88.135691, 43.0838857 ], [ -88.13606, 43.0840997 ], [ -88.136194, 43.0841607 ], [ -88.136389, 43.0842237 ], [ -88.136581, 43.084254699999988 ], [ -88.1367, 43.0842617 ], [ -88.137177, 43.0842697 ], [ -88.137731, 43.0842607 ], [ -88.138655, 43.0842606 ], [ -88.138771, 43.0842566 ], [ -88.139426, 43.0842566 ], [ -88.140234, 43.0842506 ], [ -88.140222, 43.0841366 ], [ -88.140197, 43.0840276 ], [ -88.140128, 43.0837936 ], [ -88.140087, 43.0836836 ], [ -88.140041, 43.0835326 ], [ -88.140016, 43.0833916 ], [ -88.139996, 43.0831666 ], [ -88.139996, 43.0826986 ], [ -88.140002, 43.082410599999989 ], [ -88.139986, 43.0820326 ], [ -88.139979, 43.0813326 ], [ -88.139995, 43.0810716 ], [ -88.140015, 43.0809456 ], [ -88.140046, 43.0808056 ], [ -88.140093, 43.0806616 ], [ -88.140205, 43.0804116 ], [ -88.140262, 43.0803166 ], [ -88.140333, 43.080212599999989 ], [ -88.14048, 43.0800336 ], [ -88.140557, 43.0799566 ], [ -88.140779, 43.0797696 ], [ -88.141081, 43.0795366 ], [ -88.141168, 43.0794616 ], [ -88.14124, 43.0793906 ], [ -88.141292, 43.0793316 ], [ -88.141368, 43.0791986 ], [ -88.141406, 43.0791146 ], [ -88.141477, 43.0789106 ], [ -88.141644, 43.0789226 ], [ -88.142023, 43.0789596 ], [ -88.142205, 43.0789826 ], [ -88.14236, 43.0790086 ], [ -88.142523, 43.0790426 ], [ -88.142806, 43.0791126 ], [ -88.143018, 43.0791766 ], [ -88.143269, 43.0792636 ], [ -88.143409, 43.0793016 ], [ -88.143792, 43.0794266 ], [ -88.143979, 43.0794786 ], [ -88.144202, 43.0795226 ], [ -88.144407, 43.0795536 ], [ -88.144585, 43.0795706 ], [ -88.144813, 43.0795836 ], [ -88.145127, 43.0795876 ], [ -88.145321, 43.0795896 ], [ -88.145508, 43.0795866 ], [ -88.145715, 43.0795836 ], [ -88.145895, 43.0795866 ], [ -88.145899, 43.0793986 ], [ -88.145896, 43.0782656 ], [ -88.145888, 43.0774556 ], [ -88.145892, 43.076247599999988 ], [ -88.145885, 43.0759536 ], [ -88.145888, 43.0747416 ], [ -88.145894, 43.0745666 ], [ -88.145888, 43.0742236 ], [ -88.145877, 43.0737286 ], [ -88.145878, 43.0733296 ], [ -88.145865, 43.0723236 ], [ -88.144289, 43.0722856 ], [ -88.142671, 43.0722496 ], [ -88.141895, 43.0722226 ], [ -88.141308, 43.0722086 ], [ -88.140938, 43.0722076 ], [ -88.139612, 43.0721907 ], [ -88.137472, 43.0721547 ], [ -88.136978, 43.0721427 ], [ -88.136681, 43.0721277 ], [ -88.135931, 43.0720167 ], [ -88.135929, 43.0716267 ], [ -88.135913, 43.0712387 ], [ -88.135911, 43.0710297 ], [ -88.13592, 43.0709527 ], [ -88.135926, 43.0706487 ], [ -88.135919, 43.0702887 ], [ -88.135939, 43.070275699999989 ], [ -88.135988, 43.0702747 ], [ -88.136114, 43.0702827 ], [ -88.136251, 43.0703057 ], [ -88.136356, 43.0703857 ], [ -88.136424, 43.0704147 ], [ -88.136508, 43.0704797 ], [ -88.136587, 43.0705247 ], [ -88.136685, 43.0705687 ], [ -88.137068, 43.0706607 ], [ -88.137176, 43.0706757 ], [ -88.137205, 43.0706877 ], [ -88.137285, 43.0706857 ], [ -88.137478, 43.0707157 ], [ -88.137757, 43.0707737 ], [ -88.137809, 43.0707847 ], [ -88.137941, 43.0707937 ], [ -88.137974, 43.0708027 ], [ -88.13806, 43.0707997 ], [ -88.138127, 43.0707927 ], [ -88.138307, 43.0707647 ], [ -88.138391, 43.0707447 ], [ -88.138497, 43.0707307 ], [ -88.138588, 43.0707077 ], [ -88.138629, 43.0706927 ], [ -88.138691, 43.0706827 ], [ -88.138755, 43.0706807 ], [ -88.138823, 43.0707127 ], [ -88.139035, 43.0707217 ], [ -88.139227, 43.0707217 ], [ -88.13929, 43.0707347 ], [ -88.139354, 43.0707547 ], [ -88.139373, 43.0707667 ], [ -88.139483, 43.0707767 ], [ -88.139543, 43.0707867 ], [ -88.139579, 43.0708047 ], [ -88.139646, 43.0711797 ], [ -88.139665, 43.0714077 ], [ -88.139663, 43.0714387 ], [ -88.139597, 43.0714747 ], [ -88.139584, 43.0715097 ], [ -88.1396, 43.0715397 ], [ -88.139638, 43.0715537 ], [ -88.139676, 43.0715607 ], [ -88.139718, 43.0715697 ], [ -88.139762, 43.0715687 ], [ -88.139771, 43.0715377 ], [ -88.139764, 43.0715027 ], [ -88.139745, 43.0714797 ], [ -88.139698, 43.0714547 ], [ -88.139692, 43.0714277 ], [ -88.13969, 43.0712877 ], [ -88.139659, 43.070917699999988 ], [ -88.139662, 43.0708217 ], [ -88.139682, 43.0708097 ], [ -88.140145, 43.0709007 ], [ -88.14025, 43.0709167 ], [ -88.140368, 43.0709247 ], [ -88.140539, 43.0709097 ], [ -88.140591, 43.0709007 ], [ -88.140613, 43.0708907 ], [ -88.140634, 43.0708717 ], [ -88.14065, 43.0708297 ], [ -88.139953, 43.0707257 ], [ -88.138193, 43.0704677 ], [ -88.13592, 43.0701337 ], [ -88.135054, 43.0700247 ], [ -88.134645, 43.0699797 ], [ -88.134255, 43.0699457 ], [ -88.133859, 43.0699017 ], [ -88.131377, 43.0696627 ], [ -88.13055, 43.0695777 ], [ -88.12933, 43.0694537 ], [ -88.126804, 43.0691997 ], [ -88.126432, 43.0691667 ], [ -88.125913, 43.0691107 ], [ -88.125883, 43.0698437 ], [ -88.125859, 43.0715527 ], [ -88.125849, 43.071747699999989 ], [ -88.125841, 43.0719997 ], [ -88.125824, 43.0725777 ], [ -88.125778, 43.0748567 ], [ -88.125782, 43.0755787 ], [ -88.125753, 43.0764627 ], [ -88.125752, 43.0767917 ], [ -88.125743, 43.0770067 ], [ -88.12574, 43.0774227 ], [ -88.12571, 43.0791737 ], [ -88.1257, 43.0797247 ], [ -88.125703, 43.0799117 ], [ -88.125699, 43.0804557 ], [ -88.125693, 43.0809627 ], [ -88.125697, 43.0810727 ], [ -88.125691, 43.0811867 ], [ -88.125671, 43.0835797 ], [ -88.125658, 43.0846877 ], [ -88.125645, 43.0852037 ], [ -88.125639, 43.0860127 ], [ -88.125624, 43.0868957 ], [ -88.125965, 43.0869007 ] ] ] ] } },
{ "type": "Feature", "properties": { "rep_unit_id": 74, "ward": "City Brookfield W8", "county": "WAUKESHA" }, "geometry": { "type": "MultiPolygon", "coordinates": [ [ [ [ -88.124692, 43.0791577 ], [ -88.12511, 43.0791757 ], [ -88.125522, 43.0791707 ], [ -88.12571, 43.0791737 ], [ -88.12574, 43.0774227 ], [ -88.125743, 43.0770067 ], [ -88.125752, 43.0767917 ], [ -88.125753, 43.0764627 ], [ -88.125782, 43.0755787 ], [ -88.125778, 43.0748567 ], [ -88.125824, 43.0725777 ], [ -88.125841, 43.0719997 ], [ -88.125849, 43.071747699999989 ], [ -88.125859, 43.0715527 ], [ -88.125883, 43.0698437 ], [ -88.125913, 43.0691107 ], [ -88.124217, 43.0689297 ], [ -88.1209829, 43.0685527 ], [ -88.1188289, 43.0683017 ], [ -88.1166159, 43.0680457 ], [ -88.1138379, 43.0677247 ], [ -88.1117319, 43.0674817 ], [ -88.1085249, 43.0671107 ], [ -88.1082009, 43.0670737 ], [ -88.1067919, 43.0670347 ], [ -88.1060949, 43.067022699999988 ], [ -88.1043789, 43.0670197 ], [ -88.1043619, 43.0671897 ], [ -88.1043559, 43.0672237 ], [ -88.104343899999989, 43.0672447 ], [ -88.1043219, 43.0672547 ], [ -88.1042619, 43.0672617 ], [ -88.1042319, 43.0672607 ], [ -88.104208899999989, 43.067253699999988 ], [ -88.1041789, 43.0672327 ], [ -88.1041409, 43.0672217 ], [ -88.104012900000015, 43.0672297 ], [ -88.1039649, 43.0672287 ], [ -88.1038899, 43.0672357 ], [ -88.1038669, 43.0672437 ], [ -88.1038219, 43.0672797 ], [ -88.1038109, 43.0673257 ], [ -88.103799900000013, 43.0673467 ], [ -88.103797899999989, 43.0673667 ], [ -88.1038409, 43.0674297 ], [ -88.1038709, 43.0674407 ], [ -88.1039609, 43.0674407 ], [ -88.1040299, 43.0674337 ], [ -88.104096900000016, 43.0674387 ], [ -88.104186900000016, 43.0674597 ], [ -88.1042419, 43.0674567 ], [ -88.1043259, 43.0674937 ], [ -88.1043379, 43.0675107 ], [ -88.1043369, 43.0675287 ], [ -88.104315899999989, 43.0675527 ], [ -88.1043689, 43.0676587 ], [ -88.1044079, 43.0677387 ], [ -88.1044369, 43.0678007 ], [ -88.1044579, 43.0678537 ], [ -88.1044799, 43.0679167 ], [ -88.1044869, 43.0679577 ], [ -88.1045829, 43.0681467 ], [ -88.1045959, 43.0682307 ], [ -88.1045559, 43.0682307 ], [ -88.1045529, 43.0681807 ], [ -88.1044929, 43.0680327 ], [ -88.1044769, 43.0680067 ], [ -88.1043799, 43.0677407 ], [ -88.1042939, 43.0675497 ], [ -88.1042889, 43.0675067 ], [ -88.1042759, 43.0674907 ], [ -88.1042549, 43.0674807 ], [ -88.1042269, 43.0674767 ], [ -88.1041989, 43.0674817 ], [ -88.1041629, 43.0674807 ], [ -88.1040679, 43.0674537 ], [ -88.1040059, 43.0674517 ], [ -88.1039179, 43.0674597 ], [ -88.1038639, 43.067458699999989 ], [ -88.1038059, 43.0674287 ], [ -88.1037819, 43.0673907 ], [ -88.1037729, 43.0673527 ], [ -88.1037749, 43.0673027 ], [ -88.1037969, 43.0672537 ], [ -88.1038249, 43.0672357 ], [ -88.1038919, 43.0672167 ], [ -88.10401490000001, 43.0672087 ], [ -88.1041429, 43.0672067 ], [ -88.104186900000016, 43.0672147 ], [ -88.1042329, 43.0672447 ], [ -88.1042829, 43.0672427 ], [ -88.1043199, 43.0672357 ], [ -88.1043359, 43.0672217 ], [ -88.1043499, 43.0671167 ], [ -88.1043509, 43.0670197 ], [ -88.1040629, 43.0670187 ], [ -88.1034769, 43.0670087 ], [ -88.1029679, 43.0669857 ], [ -88.1028709, 43.0669777 ], [ -88.1025849, 43.0669557 ], [ -88.1021899, 43.0669117 ], [ -88.101762900000011, 43.0668487 ], [ -88.1013069, 43.0667627 ], [ -88.1008509, 43.0666577 ], [ -88.1006259, 43.0665987 ], [ -88.1003749, 43.0665257 ], [ -88.1001279, 43.0664467 ], [ -88.0998839, 43.0663637 ], [ -88.0996529, 43.0662787 ], [ -88.0994269, 43.0661887 ], [ -88.0992039, 43.0660937 ], [ -88.0989999, 43.0660007 ], [ -88.0987989, 43.0659027 ], [ -88.0983979, 43.0656887 ], [ -88.0980039, 43.0654497 ], [ -88.0979419, 43.0654087 ], [ -88.0978069, 43.0653197 ], [ -88.0976159, 43.0651848 ], [ -88.0974299, 43.0650468 ], [ -88.0972169, 43.0648778 ], [ -88.097009899999989, 43.0647028 ], [ -88.0968099, 43.0645238 ], [ -88.0966199, 43.0643428 ], [ -88.0962529, 43.0639688 ], [ -88.0960929, 43.0638128 ], [ -88.0957729, 43.0634588 ], [ -88.0954589, 43.0630868 ], [ -88.0951489, 43.0626958 ], [ -88.0945359, 43.0618728 ], [ -88.0941339, 43.0613118 ], [ -88.0938499, 43.0609018 ], [ -88.093767899999989, 43.0607708 ], [ -88.0936219, 43.0605498 ], [ -88.0953969, 43.0605488 ], [ -88.0959929, 43.0605258 ], [ -88.0962659, 43.0605198 ], [ -88.0964763, 43.0603937 ], [ -88.096479699999989, 43.0603213 ], [ -88.0962899, 43.0603224 ], [ -88.0961074, 43.0603235 ], [ -88.096028, 43.0603235 ], [ -88.0952251, 43.0603238 ], [ -88.0943172, 43.0603238 ], [ -88.0940967, 43.0603251 ], [ -88.0937086, 43.0603272 ], [ -88.0934459, 43.0603283 ], [ -88.0934324, 43.0603089 ], [ -88.0927965, 43.0603112 ], [ -88.09253, 43.0603121 ], [ -88.0916981, 43.0603139 ], [ -88.0916115, 43.060314 ], [ -88.091257399999989, 43.0603134 ], [ -88.0912543, 43.0603282 ], [ -88.0907381, 43.0603299 ], [ -88.0905054, 43.0603307 ], [ -88.0898736, 43.0603323 ], [ -88.0889641, 43.0603345 ], [ -88.0887473, 43.0603336 ], [ -88.0885861, 43.0603355 ], [ -88.0885786, 43.0603356 ], [ -88.0885755, 43.0603278 ], [ -88.0885369, 43.0604702 ], [ -88.0885479, 43.0605768 ], [ -88.0885649, 43.0606288 ], [ -88.0885989, 43.0607908 ], [ -88.0886449, 43.0610938 ], [ -88.0886799, 43.0612798 ], [ -88.0887119, 43.0614168 ], [ -88.0887349, 43.0615508 ], [ -88.0887499, 43.0616828 ], [ -88.0887689, 43.0617618 ], [ -88.0888279, 43.0620798 ], [ -88.0888529, 43.062272799999988 ], [ -88.0888839, 43.0623808 ], [ -88.0889099, 43.0624368 ], [ -88.0889149, 43.0624598 ], [ -88.0889109, 43.0625598 ], [ -88.088932899999989, 43.0628228 ], [ -88.088940900000011, 43.0628648 ], [ -88.0889769, 43.0629848 ], [ -88.0890399, 43.0631148 ], [ -88.089067899999989, 43.0631558 ], [ -88.0891099, 43.0632488 ], [ -88.0891229, 43.0632648 ], [ -88.0891529, 43.0632868 ], [ -88.0892429, 43.0633188 ], [ -88.0892659, 43.0633358 ], [ -88.0893359, 43.0634248 ], [ -88.0893639, 43.0634778 ], [ -88.0894179, 43.0635318 ], [ -88.0894449, 43.0635458 ], [ -88.0894859, 43.0635538 ], [ -88.0896489, 43.0636858 ], [ -88.0897409, 43.063786799999988 ], [ -88.0897769, 43.0638628 ], [ -88.0898999, 43.0639618 ], [ -88.0900639, 43.0641178 ], [ -88.0900959, 43.0641408 ], [ -88.0901269, 43.0641568 ], [ -88.0903219, 43.0641808 ], [ -88.0905259, 43.0642408 ], [ -88.0905869, 43.0642728 ], [ -88.0906779, 43.0643368 ], [ -88.0907499, 43.0643968 ], [ -88.0907619, 43.0644168 ], [ -88.0908119, 43.0645408 ], [ -88.0908279, 43.0646348 ], [ -88.0908329, 43.0647528 ], [ -88.0908109, 43.0648478 ], [ -88.0907969, 43.0648828 ], [ -88.0907759, 43.0649798 ], [ -88.0907809, 43.0650058 ], [ -88.0908699, 43.0651448 ], [ -88.0909319, 43.0652268 ], [ -88.0911409, 43.0654688 ], [ -88.0911759, 43.0655258 ], [ -88.0913099, 43.0656248 ], [ -88.091366900000011, 43.0656998 ], [ -88.0914399, 43.0658398 ], [ -88.0914639, 43.0659138 ], [ -88.0914739, 43.0660088 ], [ -88.0915079, 43.0660868 ], [ -88.091521899999989, 43.0661768 ], [ -88.0915969, 43.0664398 ], [ -88.0916299, 43.0664998 ], [ -88.091645899999989, 43.0665158 ], [ -88.0916849, 43.0666038 ], [ -88.0917059, 43.0666778 ], [ -88.0917169, 43.0667388 ], [ -88.0917259, 43.0668358 ], [ -88.0917419, 43.0669078 ], [ -88.0917869, 43.0670228 ], [ -88.0918069, 43.0671068 ], [ -88.0918309, 43.0671638 ], [ -88.091839900000011, 43.0672038 ], [ -88.0918439, 43.0672678 ], [ -88.0918329, 43.0672978 ], [ -88.0918319, 43.0673158 ], [ -88.0918919, 43.0676038 ], [ -88.0919149, 43.0676328 ], [ -88.0919439, 43.0676478 ], [ -88.0919679, 43.0676718 ], [ -88.0920029, 43.0677228 ], [ -88.0920319, 43.0677468 ], [ -88.0920729, 43.0677898 ], [ -88.0921919, 43.067912799999988 ], [ -88.0922469, 43.0679808 ], [ -88.0922819, 43.0680338 ], [ -88.0923309, 43.0680938 ], [ -88.0923409, 43.0681198 ], [ -88.0924319, 43.068266799999989 ], [ -88.0926119, 43.0684798 ], [ -88.0926539, 43.0685558 ], [ -88.0927639, 43.0686738 ], [ -88.0928719, 43.0687758 ], [ -88.0927749, 43.0688508 ], [ -88.0926959, 43.0689318 ], [ -88.0926459, 43.0689738 ], [ -88.0925799, 43.0690398 ], [ -88.0925139, 43.0690978 ], [ -88.0924099, 43.0692018 ], [ -88.092355900000015, 43.0692448 ], [ -88.0918019, 43.0697488 ], [ -88.0917199, 43.0699018 ], [ -88.0916889, 43.0698928 ], [ -88.0916669, 43.0698728 ], [ -88.0916419, 43.0698748 ], [ -88.0916559, 43.0699878 ], [ -88.0916269, 43.0700418 ], [ -88.0915759, 43.0700708 ], [ -88.0916019, 43.0700798 ], [ -88.0916499, 43.0700778 ], [ -88.0916839, 43.0700678 ], [ -88.0916829, 43.0705808 ], [ -88.0916219, 43.0705828 ], [ -88.0915509, 43.0706038 ], [ -88.0915199, 43.0706308 ], [ -88.0914869, 43.0706858 ], [ -88.0914639, 43.0707128 ], [ -88.0914539, 43.0707328 ], [ -88.091448899999989, 43.0708048 ], [ -88.0914499, 43.0711338 ], [ -88.0914439, 43.0713468 ], [ -88.0914349, 43.0714038 ], [ -88.0914149, 43.0714418 ], [ -88.091369899999989, 43.0714638 ], [ -88.0913189, 43.0714778 ], [ -88.0913069, 43.0714958 ], [ -88.0912869, 43.0715858 ], [ -88.0912809, 43.0716588 ], [ -88.0913019, 43.0719638 ], [ -88.0912859, 43.0721088 ], [ -88.0912879, 43.0723078 ], [ -88.0912829, 43.0723658 ], [ -88.0912939, 43.0724728 ], [ -88.0912879, 43.0728438 ], [ -88.0912729, 43.0730308 ], [ -88.0912729, 43.0731298 ], [ -88.091279899999989, 43.0731828 ], [ -88.091274900000016, 43.0732178 ], [ -88.0912789, 43.0735158 ], [ -88.091274900000016, 43.0737788 ], [ -88.0912829, 43.0738468 ], [ -88.0913039, 43.0738638 ], [ -88.0913039, 43.0739538 ], [ -88.0912709, 43.0740668 ], [ -88.0912449, 43.0741008 ], [ -88.0912119, 43.0741288 ], [ -88.0911709, 43.0741888 ], [ -88.0911589, 43.0742398 ], [ -88.0911029, 43.0742418 ], [ -88.0910909, 43.0742788 ], [ -88.091082899999989, 43.0745008 ], [ -88.0910879, 43.0746538 ], [ -88.0911159, 43.0747158 ], [ -88.0911979, 43.0747748 ], [ -88.0912279, 43.0748058 ], [ -88.0912469, 43.0748178 ], [ -88.0912579, 43.0748348 ], [ -88.0912649, 43.0749788 ], [ -88.0912879, 43.0750098 ], [ -88.0912939, 43.0750788 ], [ -88.0922119, 43.0750768 ], [ -88.0924069, 43.0750808 ], [ -88.0926159, 43.0750728 ], [ -88.0939829, 43.0750748 ], [ -88.0948399, 43.0750797 ], [ -88.0959579, 43.0750737 ], [ -88.0961589, 43.0750697 ], [ -88.0963709, 43.0750647 ], [ -88.096560900000014, 43.0750667 ], [ -88.0981649, 43.0750557 ], [ -88.1003329, 43.0750507 ], [ -88.1006879, 43.0750447 ], [ -88.1026569, 43.0750407 ], [ -88.102796900000016, 43.0750337 ], [ -88.105236, 43.0750247 ], [ -88.105597, 43.0750297 ], [ -88.105928, 43.075026699999988 ], [ -88.105932, 43.0756247 ], [ -88.105915, 43.0765137 ], [ -88.105912, 43.0770137 ], [ -88.105922, 43.0779537 ], [ -88.105917, 43.0782127 ], [ -88.105922, 43.0785007 ], [ -88.105917, 43.0786317 ], [ -88.106177, 43.0786337 ], [ -88.106723, 43.0786607 ], [ -88.107772, 43.0786857 ], [ -88.108216, 43.0786957 ], [ -88.108775, 43.0787157 ], [ -88.108995, 43.0787187 ], [ -88.109291, 43.078735699999989 ], [ -88.109426, 43.0787297 ], [ -88.109598, 43.0787377 ], [ -88.110015, 43.0787487 ], [ -88.110417, 43.0787647 ], [ -88.111326, 43.0787707 ], [ -88.112314, 43.0788017 ], [ -88.112449, 43.0788117 ], [ -88.113108, 43.0788267 ], [ -88.113441, 43.0788407 ], [ -88.114471, 43.0788717 ], [ -88.11472, 43.0788747 ], [ -88.11562, 43.0788977 ], [ -88.115832, 43.0789067 ], [ -88.116183, 43.0789127 ], [ -88.117366, 43.0789467 ], [ -88.119897, 43.0790077 ], [ -88.120065, 43.0790197 ], [ -88.121521, 43.0790627 ], [ -88.122239, 43.0790877 ], [ -88.122967, 43.0791047 ], [ -88.12314, 43.0791047 ], [ -88.124142, 43.0791427 ], [ -88.124692, 43.0791577 ] ] ] ] } },
{ "type": "Feature", "properties": { "rep_unit_id": 75, "ward": "City Brookfield W9", "county": "WAUKESHA" }, "geometry": { "type": "MultiPolygon", "coordinates": [ [ [ [ -88.104595, 43.0895667 ], [ -88.10521, 43.0895737 ], [ -88.105375, 43.0895797 ], [ -88.105777, 43.0895847 ], [ -88.105855, 43.0895867 ], [ -88.106201, 43.0895947 ], [ -88.107034, 43.0896137 ], [ -88.107416, 43.0896287 ], [ -88.107721, 43.0896327 ], [ -88.108168, 43.0896537 ], [ -88.108602, 43.0896627 ], [ -88.109902, 43.0897067 ], [ -88.110992, 43.0897317 ], [ -88.111508, 43.0897537 ], [ -88.112035, 43.0897687 ], [ -88.113, 43.0898037 ], [ -88.113339, 43.0898197 ], [ -88.113342, 43.0897567 ], [ -88.113334, 43.0896787 ], [ -88.113334, 43.0895457 ], [ -88.113328, 43.089472699999988 ], [ -88.113303, 43.0893447 ], [ -88.113249, 43.0892287 ], [ -88.113179, 43.0891237 ], [ -88.112975, 43.0888897 ], [ -88.112675, 43.0887027 ], [ -88.112095, 43.0882727 ], [ -88.111906, 43.0880847 ], [ -88.11181, 43.0879717 ], [ -88.111711, 43.0878137 ], [ -88.111662, 43.0877137 ], [ -88.111622, 43.0876127 ], [ -88.111562, 43.0873867 ], [ -88.111564, 43.0872587 ], [ -88.111834, 43.0872407 ], [ -88.111975, 43.0872227 ], [ -88.112122, 43.0871957 ], [ -88.112258, 43.0871607 ], [ -88.112389, 43.0871197 ], [ -88.112626, 43.0870257 ], [ -88.11279, 43.0869657 ], [ -88.112961, 43.0869097 ], [ -88.113129, 43.0868617 ], [ -88.113323, 43.0868237 ], [ -88.113479, 43.0868027 ], [ -88.11372, 43.0867907 ], [ -88.113891, 43.0868017 ], [ -88.114217, 43.0868397 ], [ -88.114495, 43.0868587 ], [ -88.115656, 43.0868767 ], [ -88.115658, 43.0864667 ], [ -88.115676, 43.0855887 ], [ -88.115682, 43.0849377 ], [ -88.115688, 43.0841797 ], [ -88.115708, 43.0829147 ], [ -88.115745, 43.0814057 ], [ -88.115612, 43.0814117 ], [ -88.11534, 43.0814167 ], [ -88.115197, 43.0814247 ], [ -88.114868, 43.0814507 ], [ -88.11471, 43.0814747 ], [ -88.11457, 43.0814907 ], [ -88.114416, 43.0815217 ], [ -88.114144, 43.0816027 ], [ -88.113748, 43.0817087 ], [ -88.113372, 43.0818167 ], [ -88.113021, 43.0819227 ], [ -88.112891, 43.0817347 ], [ -88.112811, 43.0816407 ], [ -88.112726, 43.0815667 ], [ -88.112651, 43.081513699999988 ], [ -88.112558, 43.0814607 ], [ -88.111768, 43.0811507 ], [ -88.111651, 43.0810977 ], [ -88.111539, 43.0810347 ], [ -88.111315, 43.0808987 ], [ -88.111205, 43.0808207 ], [ -88.111108, 43.0807417 ], [ -88.110925, 43.0805737 ], [ -88.111015, 43.0805037 ], [ -88.111081, 43.0804657 ], [ -88.111299, 43.0803777 ], [ -88.111427, 43.0803327 ], [ -88.111699, 43.0802577 ], [ -88.111828, 43.0802257 ], [ -88.111945, 43.0801917 ], [ -88.112049, 43.0801537 ], [ -88.112184, 43.0800927 ], [ -88.112232, 43.0800607 ], [ -88.112267, 43.0800277 ], [ -88.112284, 43.0799837 ], [ -88.112321, 43.0799227 ], [ -88.112375, 43.0797777 ], [ -88.11241, 43.0795857 ], [ -88.112434, 43.0788987 ], [ -88.112449, 43.0788117 ], [ -88.112314, 43.0788017 ], [ -88.111326, 43.0787707 ], [ -88.110417, 43.0787647 ], [ -88.110015, 43.0787487 ], [ -88.109598, 43.0787377 ], [ -88.109426, 43.0787297 ], [ -88.109291, 43.078735699999989 ], [ -88.108995, 43.0787187 ], [ -88.108775, 43.0787157 ], [ -88.108216, 43.0786957 ], [ -88.107772, 43.0786857 ], [ -88.106723, 43.0786607 ], [ -88.106177, 43.0786337 ], [ -88.105917, 43.0786317 ], [ -88.105922, 43.0785007 ], [ -88.105917, 43.0782127 ], [ -88.105922, 43.0779537 ], [ -88.105912, 43.0770137 ], [ -88.105915, 43.0765137 ], [ -88.105932, 43.0756247 ], [ -88.105928, 43.075026699999988 ], [ -88.105597, 43.0750297 ], [ -88.105236, 43.0750247 ], [ -88.102796900000016, 43.0750337 ], [ -88.1026569, 43.0750407 ], [ -88.1006879, 43.0750447 ], [ -88.1003329, 43.0750507 ], [ -88.0981649, 43.0750557 ], [ -88.096560900000014, 43.0750667 ], [ -88.0963709, 43.0750647 ], [ -88.0961589, 43.0750697 ], [ -88.0959579, 43.0750737 ], [ -88.0948399, 43.0750797 ], [ -88.0939829, 43.0750748 ], [ -88.0926159, 43.0750728 ], [ -88.0924069, 43.0750808 ], [ -88.0922119, 43.0750768 ], [ -88.0912939, 43.0750788 ], [ -88.0911039, 43.0750818 ], [ -88.0907449, 43.0750798 ], [ -88.0904449, 43.0750848 ], [ -88.0900439, 43.0750848 ], [ -88.0879679, 43.0750998 ], [ -88.0874589, 43.0751088 ], [ -88.087245900000013, 43.0751088 ], [ -88.0866169, 43.075119799999989 ], [ -88.0864389, 43.0751298 ], [ -88.086444899999989, 43.0755208 ], [ -88.0864529, 43.0756588 ], [ -88.0864509, 43.0758898 ], [ -88.0864589, 43.0763128 ], [ -88.0864569, 43.0764608 ], [ -88.086461899999989, 43.0766378 ], [ -88.0864609, 43.0776538 ], [ -88.086487, 43.0802098 ], [ -88.086494, 43.0804248 ], [ -88.086495, 43.080829799999989 ], [ -88.086519, 43.0823878 ], [ -88.086525, 43.0826988 ], [ -88.086521, 43.0830678 ], [ -88.086527, 43.0836098 ], [ -88.086525, 43.0837688 ], [ -88.086524, 43.0838408 ], [ -88.086525, 43.0838758 ], [ -88.086526, 43.0839408 ], [ -88.086527, 43.0839948 ], [ -88.086531, 43.0843648 ], [ -88.086531, 43.0851388 ], [ -88.086553, 43.0867558 ], [ -88.086565, 43.0881908 ], [ -88.08657, 43.0887178 ], [ -88.086566, 43.0891168 ], [ -88.086573, 43.0894858 ], [ -88.08658, 43.0895918 ], [ -88.087344, 43.0896058 ], [ -88.088312, 43.0895818 ], [ -88.089136, 43.0895727 ], [ -88.08948, 43.0895637 ], [ -88.091366, 43.0895347 ], [ -88.091626, 43.0895337 ], [ -88.092142, 43.0895247 ], [ -88.092523, 43.0895217 ], [ -88.094302, 43.0894947 ], [ -88.095365, 43.0894957 ], [ -88.096219, 43.0895067 ], [ -88.09652, 43.0895037 ], [ -88.097065, 43.0895097 ], [ -88.097564, 43.0895087 ], [ -88.099222, 43.0895237 ], [ -88.10192, 43.0895447 ], [ -88.102366, 43.0895497 ], [ -88.102494, 43.0895517 ], [ -88.102803, 43.0895517 ], [ -88.103425, 43.0895537 ], [ -88.104595, 43.0895667 ] ] ] ] } },
{ "type": "Feature", "properties": { "rep_unit_id": 80, "ward": "City Brookfield W14", "county": "WAUKESHA" }, "geometry": { "type": "MultiPolygon", "coordinates": [ [ [ [ -88.142671, 43.0722496 ], [ -88.144289, 43.0722856 ], [ -88.145865, 43.0723236 ], [ -88.145865, 43.0722916 ], [ -88.145859, 43.0718186 ], [ -88.14586, 43.0715786 ], [ -88.145865, 43.0714086 ], [ -88.145877, 43.0710196 ], [ -88.145881, 43.0705986 ], [ -88.145877, 43.0704906 ], [ -88.145888, 43.0697586 ], [ -88.145891, 43.0691246 ], [ -88.145893, 43.0677476 ], [ -88.145908, 43.0661356 ], [ -88.145914, 43.0659406 ], [ -88.145926, 43.0645296 ], [ -88.145925, 43.0644876 ], [ -88.145924, 43.0642396 ], [ -88.145936, 43.0637036 ], [ -88.145938, 43.063608599999988 ], [ -88.145948, 43.0627176 ], [ -88.145944, 43.0625986 ], [ -88.145965, 43.0615436 ], [ -88.145963, 43.0613256 ], [ -88.1439069, 43.0612767 ], [ -88.1436389, 43.0612767 ], [ -88.1427499, 43.0612597 ], [ -88.1392339, 43.0612047 ], [ -88.1390379, 43.0612027 ], [ -88.1371649, 43.0611617 ], [ -88.1370709, 43.0611587 ], [ -88.1361869, 43.0611297 ], [ -88.1352169, 43.0611037 ], [ -88.1335519, 43.061067699999988 ], [ -88.1318269, 43.0610357 ], [ -88.1316889, 43.0610297 ], [ -88.1298029, 43.0610027 ], [ -88.1287009, 43.0609797 ], [ -88.1284949, 43.0609407 ], [ -88.1283279, 43.0609247 ], [ -88.127955899999989, 43.0609017 ], [ -88.1276839, 43.0608937 ], [ -88.1274929, 43.0608927 ], [ -88.1272779, 43.0608847 ], [ -88.1263429, 43.0608757 ], [ -88.1261709, 43.0608677 ], [ -88.1261589, 43.0609887 ], [ -88.1259889, 43.0609907 ], [ -88.1256149, 43.0609897 ], [ -88.1250679, 43.0609777 ], [ -88.1244319, 43.0609627 ], [ -88.1243069, 43.0609627 ], [ -88.1236369, 43.0609277 ], [ -88.1225399, 43.0608577 ], [ -88.1223879, 43.0608517 ], [ -88.1191999, 43.0607757 ], [ -88.1170129, 43.0607227 ], [ -88.1168129, 43.0607147 ], [ -88.1136459, 43.0606377 ], [ -88.1116269, 43.0605857 ], [ -88.1115372, 43.0605845 ], [ -88.111037, 43.060552 ], [ -88.110691, 43.060521 ], [ -88.110276, 43.060507 ], [ -88.10993, 43.060499 ], [ -88.10976, 43.060495 ], [ -88.109637, 43.060492 ], [ -88.10946, 43.060488 ], [ -88.1094514, 43.0605741 ], [ -88.1094419, 43.0605727 ], [ -88.1093059, 43.0605707 ], [ -88.109305, 43.0605756 ], [ -88.108682, 43.060556 ], [ -88.108488, 43.060554 ], [ -88.108184, 43.060551 ], [ -88.107849, 43.060534 ], [ -88.107581, 43.060515 ], [ -88.107507, 43.06048 ], [ -88.107553, 43.060454 ], [ -88.108256, 43.060454 ], [ -88.106451, 43.059676 ], [ -88.106292, 43.059608 ], [ -88.10621, 43.059573 ], [ -88.10621, 43.059425 ], [ -88.1062009, 43.0594209 ], [ -88.1062009, 43.0594251 ], [ -88.1062072, 43.0594279 ], [ -88.1062057, 43.0596594 ], [ -88.1062052, 43.059741599999988 ], [ -88.1058702, 43.05959 ], [ -88.1056636, 43.059501499999989 ], [ -88.1053665, 43.0593744 ], [ -88.1052959, 43.0594637 ], [ -88.1051893, 43.0595986 ], [ -88.1049489, 43.0599001 ], [ -88.1047434, 43.0599671 ], [ -88.104739, 43.0599609 ], [ -88.1047373, 43.0599586 ], [ -88.1047344, 43.0599547 ], [ -88.104729400000011, 43.0599486 ], [ -88.1047285, 43.0599476 ], [ -88.1047243, 43.0599427 ], [ -88.1047189, 43.0599369 ], [ -88.1047132, 43.0599312 ], [ -88.104707300000015, 43.0599256 ], [ -88.1047012, 43.0599202 ], [ -88.1046949, 43.0599149 ], [ -88.1046883, 43.0599097 ], [ -88.1046815, 43.0599047 ], [ -88.1046745, 43.0598999 ], [ -88.1046673, 43.0598952 ], [ -88.104659900000016, 43.0598907 ], [ -88.1046523, 43.0598864 ], [ -88.1046446, 43.0598822 ], [ -88.1046367, 43.0598782 ], [ -88.1046286, 43.0598744 ], [ -88.1046203, 43.0598708 ], [ -88.1046119, 43.0598674 ], [ -88.1046034, 43.0598641 ], [ -88.1045947, 43.0598611 ], [ -88.1042305, 43.0597048 ], [ -88.1041094, 43.0596526 ], [ -88.1041148, 43.0599047 ], [ -88.103775, 43.059905 ], [ -88.1036067, 43.0598296 ], [ -88.1034518, 43.0597667 ], [ -88.1034532, 43.0598266 ], [ -88.1031416, 43.0598282 ], [ -88.1027929, 43.0598288 ], [ -88.1027924, 43.0598548 ], [ -88.1027913, 43.0599204 ], [ -88.1027869, 43.0602584 ], [ -88.1027865, 43.0602868 ], [ -88.1027795, 43.0604674 ], [ -88.1026975, 43.0604678 ], [ -88.1027012, 43.0603722 ], [ -88.1026999, 43.0602894 ], [ -88.1026999, 43.060287 ], [ -88.1027005, 43.0602306 ], [ -88.1027027, 43.0600277 ], [ -88.1027079, 43.05983 ], [ -88.1022823, 43.0598326 ], [ -88.1018831, 43.0598333 ], [ -88.1017353, 43.0598338 ], [ -88.1014749, 43.0598347 ], [ -88.1010224, 43.059836 ], [ -88.1009978, 43.059836 ], [ -88.1009872, 43.0598361 ], [ -88.100654, 43.059837 ], [ -88.1002037, 43.0598394 ], [ -88.1001212, 43.0598394 ], [ -88.0996342, 43.0598398 ], [ -88.0993632, 43.059842 ], [ -88.0991425, 43.0598437 ], [ -88.0991214, 43.0598148 ], [ -88.0990736, 43.0597505 ], [ -88.0990679, 43.0597427 ], [ -88.0987419, 43.0597388 ], [ -88.0987399, 43.0598278 ], [ -88.0987399, 43.0598378 ], [ -88.0979939, 43.0598408 ], [ -88.0979869, 43.0601118 ], [ -88.0979819, 43.0603878 ], [ -88.0977039, 43.0603878 ], [ -88.0971599, 43.0603918 ], [ -88.0964763, 43.0603937 ], [ -88.0962659, 43.0605198 ], [ -88.0959929, 43.0605258 ], [ -88.0953969, 43.0605488 ], [ -88.0936219, 43.0605498 ], [ -88.093767899999989, 43.0607708 ], [ -88.0938499, 43.0609018 ], [ -88.0941339, 43.0613118 ], [ -88.0945359, 43.0618728 ], [ -88.0951489, 43.0626958 ], [ -88.0954589, 43.0630868 ], [ -88.0957729, 43.0634588 ], [ -88.0960929, 43.0638128 ], [ -88.0962529, 43.0639688 ], [ -88.0966199, 43.0643428 ], [ -88.0968099, 43.0645238 ], [ -88.097009899999989, 43.0647028 ], [ -88.0972169, 43.0648778 ], [ -88.0974299, 43.0650468 ], [ -88.0976159, 43.0651848 ], [ -88.0978069, 43.0653197 ], [ -88.0979419, 43.0654087 ], [ -88.0980039, 43.0654497 ], [ -88.0983979, 43.0656887 ], [ -88.0987989, 43.0659027 ], [ -88.0989999, 43.0660007 ], [ -88.0992039, 43.0660937 ], [ -88.0994269, 43.0661887 ], [ -88.0996529, 43.0662787 ], [ -88.0998839, 43.0663637 ], [ -88.1001279, 43.0664467 ], [ -88.1003749, 43.0665257 ], [ -88.1006259, 43.0665987 ], [ -88.1008509, 43.0666577 ], [ -88.1013069, 43.0667627 ], [ -88.101762900000011, 43.0668487 ], [ -88.1021899, 43.0669117 ], [ -88.1025849, 43.0669557 ], [ -88.1028709, 43.0669777 ], [ -88.1029679, 43.0669857 ], [ -88.1034769, 43.0670087 ], [ -88.1040629, 43.0670187 ], [ -88.1043509, 43.0670197 ], [ -88.1043499, 43.0671167 ], [ -88.1043359, 43.0672217 ], [ -88.1043199, 43.0672357 ], [ -88.1042829, 43.0672427 ], [ -88.1042329, 43.0672447 ], [ -88.104186900000016, 43.0672147 ], [ -88.1041429, 43.0672067 ], [ -88.10401490000001, 43.0672087 ], [ -88.1038919, 43.0672167 ], [ -88.1038249, 43.0672357 ], [ -88.1037969, 43.0672537 ], [ -88.1037749, 43.0673027 ], [ -88.1037729, 43.0673527 ], [ -88.1037819, 43.0673907 ], [ -88.1038059, 43.0674287 ], [ -88.1038639, 43.067458699999989 ], [ -88.1039179, 43.0674597 ], [ -88.1040059, 43.0674517 ], [ -88.1040679, 43.0674537 ], [ -88.1041629, 43.0674807 ], [ -88.1041989, 43.0674817 ], [ -88.1042269, 43.0674767 ], [ -88.1042549, 43.0674807 ], [ -88.1042759, 43.0674907 ], [ -88.1042889, 43.0675067 ], [ -88.1042939, 43.0675497 ], [ -88.1043799, 43.0677407 ], [ -88.1044769, 43.0680067 ], [ -88.1044929, 43.0680327 ], [ -88.1045529, 43.0681807 ], [ -88.1045559, 43.0682307 ], [ -88.1045959, 43.0682307 ], [ -88.1045829, 43.0681467 ], [ -88.1044869, 43.0679577 ], [ -88.1044799, 43.0679167 ], [ -88.1044579, 43.0678537 ], [ -88.1044369, 43.0678007 ], [ -88.1044079, 43.0677387 ], [ -88.1043689, 43.0676587 ], [ -88.104315899999989, 43.0675527 ], [ -88.1043369, 43.0675287 ], [ -88.1043379, 43.0675107 ], [ -88.1043259, 43.0674937 ], [ -88.1042419, 43.0674567 ], [ -88.104186900000016, 43.0674597 ], [ -88.104096900000016, 43.0674387 ], [ -88.1040299, 43.0674337 ], [ -88.1039609, 43.0674407 ], [ -88.1038709, 43.0674407 ], [ -88.1038409, 43.0674297 ], [ -88.103797899999989, 43.0673667 ], [ -88.103799900000013, 43.0673467 ], [ -88.1038109, 43.0673257 ], [ -88.1038219, 43.0672797 ], [ -88.1038669, 43.0672437 ], [ -88.1038899, 43.0672357 ], [ -88.1039649, 43.0672287 ], [ -88.104012900000015, 43.0672297 ], [ -88.1041409, 43.0672217 ], [ -88.1041789, 43.0672327 ], [ -88.104208899999989, 43.067253699999988 ], [ -88.1042319, 43.0672607 ], [ -88.1042619, 43.0672617 ], [ -88.1043219, 43.0672547 ], [ -88.104343899999989, 43.0672447 ], [ -88.1043559, 43.0672237 ], [ -88.1043619, 43.0671897 ], [ -88.1043789, 43.0670197 ], [ -88.1060949, 43.067022699999988 ], [ -88.1067919, 43.0670347 ], [ -88.1082009, 43.0670737 ], [ -88.1085249, 43.0671107 ], [ -88.1117319, 43.0674817 ], [ -88.1138379, 43.0677247 ], [ -88.1166159, 43.0680457 ], [ -88.1188289, 43.0683017 ], [ -88.1209829, 43.0685527 ], [ -88.124217, 43.0689297 ], [ -88.125913, 43.0691107 ], [ -88.126432, 43.0691667 ], [ -88.126804, 43.0691997 ], [ -88.12933, 43.0694537 ], [ -88.13055, 43.0695777 ], [ -88.131377, 43.0696627 ], [ -88.133859, 43.0699017 ], [ -88.134255, 43.0699457 ], [ -88.134645, 43.0699797 ], [ -88.135054, 43.0700247 ], [ -88.13592, 43.0701337 ], [ -88.138193, 43.0704677 ], [ -88.139953, 43.0707257 ], [ -88.14065, 43.0708297 ], [ -88.140634, 43.0708717 ], [ -88.140613, 43.0708907 ], [ -88.140591, 43.0709007 ], [ -88.140539, 43.0709097 ], [ -88.140368, 43.0709247 ], [ -88.14025, 43.0709167 ], [ -88.140145, 43.0709007 ], [ -88.139682, 43.0708097 ], [ -88.139662, 43.0708217 ], [ -88.139659, 43.070917699999988 ], [ -88.13969, 43.0712877 ], [ -88.139692, 43.0714277 ], [ -88.139698, 43.0714547 ], [ -88.139745, 43.0714797 ], [ -88.139764, 43.0715027 ], [ -88.139771, 43.0715377 ], [ -88.139762, 43.0715687 ], [ -88.139718, 43.0715697 ], [ -88.139676, 43.0715607 ], [ -88.139638, 43.0715537 ], [ -88.1396, 43.0715397 ], [ -88.139584, 43.0715097 ], [ -88.139597, 43.0714747 ], [ -88.139663, 43.0714387 ], [ -88.139665, 43.0714077 ], [ -88.139646, 43.0711797 ], [ -88.139579, 43.0708047 ], [ -88.139543, 43.0707867 ], [ -88.139483, 43.0707767 ], [ -88.139373, 43.0707667 ], [ -88.139354, 43.0707547 ], [ -88.13929, 43.0707347 ], [ -88.139227, 43.0707217 ], [ -88.139035, 43.0707217 ], [ -88.138823, 43.0707127 ], [ -88.138755, 43.0706807 ], [ -88.138691, 43.0706827 ], [ -88.138629, 43.0706927 ], [ -88.138588, 43.0707077 ], [ -88.138497, 43.0707307 ], [ -88.138391, 43.0707447 ], [ -88.138307, 43.0707647 ], [ -88.138127, 43.0707927 ], [ -88.13806, 43.0707997 ], [ -88.137974, 43.0708027 ], [ -88.137941, 43.0707937 ], [ -88.137809, 43.0707847 ], [ -88.137757, 43.0707737 ], [ -88.137478, 43.0707157 ], [ -88.137285, 43.0706857 ], [ -88.137205, 43.0706877 ], [ -88.137176, 43.0706757 ], [ -88.137068, 43.0706607 ], [ -88.136685, 43.0705687 ], [ -88.136587, 43.0705247 ], [ -88.136508, 43.0704797 ], [ -88.136424, 43.0704147 ], [ -88.136356, 43.0703857 ], [ -88.136251, 43.0703057 ], [ -88.136114, 43.0702827 ], [ -88.135988, 43.0702747 ], [ -88.135939, 43.070275699999989 ], [ -88.135919, 43.0702887 ], [ -88.135926, 43.0706487 ], [ -88.13592, 43.0709527 ], [ -88.135911, 43.0710297 ], [ -88.135913, 43.0712387 ], [ -88.135929, 43.0716267 ], [ -88.135931, 43.0720167 ], [ -88.136681, 43.0721277 ], [ -88.136978, 43.0721427 ], [ -88.137472, 43.0721547 ], [ -88.139612, 43.0721907 ], [ -88.140938, 43.0722076 ], [ -88.141308, 43.0722086 ], [ -88.141895, 43.0722226 ], [ -88.142671, 43.0722496 ] ] ] ] } }
]
}
