{
"type": "FeatureCollection",
"name": "candidate-votes",
"crs": { "type": "name", "properties": { "name": "urn:ogc:def:crs:OGC:1.3:CRS84" } },
"features": [
{ "type": "Feature", "properties": { "ward": "City of Milwaukee Ward 217", "candidate": "write-in:", "votes": 0.0, "color": "#4DAF4A", "popup": "<div><strong>City of Milwaukee Ward 217</strong><div><strong>Representative to the Assembly, District 8</strong><table style='border-collapse:collapse;margin-top:4px;'><tr><th></th><th style='text-align:right;padding-right:8px;'>Votes</th><th style='text-align:right;'>Percent</th></tr><tr><td style='padding-right:8px;'>Ismael Luna</td><td style='text-align:right;padding-right:8px;'>52</td><td style='text-align:right;'>72.2%</td></tr><tr><td style='padding-right:8px;'>Sylvia Ortiz-Velez</td><td style='text-align:right;padding-right:8px;'>20</td><td style='text-align:right;'>27.8%</td></tr><tr><td style='padding-right:8px;'>write-in:</td><td style='text-align:right;padding-right:8px;'>0</td><td style='text-align:right;'>0.0%</td></tr></table></div>" }, "geometry": { "type": "Point", "coordinates": [ -87.945087660351703, 43.012415326116397 ] } },
{ "type": "Feature", "properties": { "ward": "City of Milwaukee Ward 218", "candidate": "write-in:", "votes": 0.0, "color": "#4DAF4A", "popup": "<div><strong>City of Milwaukee Ward 218</strong><div><strong>Representative to the Assembly, District 8</strong><table style='border-collapse:collapse;margin-top:4px;'><tr><th></th><th style='text-align:right;padding-right:8px;'>Votes</th><th style='text-align:right;'>Percent</th></tr><tr><td style='padding-right:8px;'>Ismael Luna</td><td style='text-align:right;padding-right:8px;'>118</td><td style='text-align:right;'>86.8%</td></tr><tr><td style='padding-right:8px;'>Sylvia Ortiz-Velez</td><td style='text-align:right;padding-right:8px;'>18</td><td style='text-align:right;'>13.2%</td></tr><tr><td style='padding-right:8px;'>write-in:</td><td style='text-align:right;padding-right:8px;'>0</td><td style='text-align:right;'>0.0%</td></tr></table></div>" }, "geometry": { "type": "Point", "coordinates": [ -87.944877268159772, 43.008107564713022 ] } },
{ "type": "Feature", "properties": { "ward": "City of Milwaukee Ward 219", "candidate": "write-in:", "votes": 0.0, "color": "#4DAF4A", "popup": "<div><strong>City of Milwaukee Ward 219</strong><div><strong>Representative to the Assembly, District 8</strong><table style='border-collapse:collapse;margin-top:4px;'><tr><th></th><th style='text-align:right;padding-right:8px;'>Votes</th><th style='text-align:right;'>Percent</th></tr><tr><td style='padding-right:8px;'>Ismael Luna</td><td style='text-align:right;padding-right:8px;'>46</td><td style='text-align:right;'>79.3%</td></tr><tr><td style='padding-right:8px;'>Sylvia Ortiz-Velez</td><td style='text-align:right;padding-right:8px;'>12</td><td style='text-align:right;'>20.7%</td></tr><tr><td style='padding-right:8px;'>write-in:</td><td style='text-align:right;padding-right:8px;'>0</td><td style='text-align:right;'>0.0%</td></tr></table></div>" }, "geometry": { "type": "Point", "coordinates": [ -87.940655360436949, 43.004849490668349 ] } },
{ "type": "Feature", "properties": { "ward": "City of Milwaukee Ward 220", "candidate": "write-in:", "votes": 0.0, "color": "#4DAF4A", "popup": "<div><strong>City of Milwaukee Ward 220</strong><div><strong>Representative to the Assembly, District 8</strong><table style='border-collapse:collapse;margin-top:4px;'><tr><th></th><th style='text-align:right;padding-right:8px;'>Votes</th><th style='text-align:right;'>Percent</th></tr><tr><td style='padding-right:8px;'>Ismael Luna</td><td style='text-align:right;padding-right:8px;'>59</td><td style='text-align:right;'>80.8%</td></tr><tr><td style='padding-right:8px;'>Sylvia Ortiz-Velez</td><td style='text-align:right;padding-right:8px;'>14</td><td style='text-align:right;'>19.2%</td></tr><tr><td style='padding-right:8px;'>write-in:</td><td style='text-align:right;padding-right:8px;'>0</td><td style='text-align:right;'>0.0%</td></tr></table></div>" }, "geometry": { "type": "Point", "coordinates": [ -87.940477309562624, 43.015875736434268 ] } },
{ "type": "Feature", "properties": { "ward": "City of Milwaukee Ward 223", "candidate": "Ismael Luna", "votes": 0.0, "color": "#E41A1C", "popup": "<div><strong>City of Milwaukee Ward 223</strong><div><strong>Representative to the Assembly, District 8</strong><table style='border-collapse:collapse;margin-top:4px;'><tr><th></th><th style='text-align:right;padding-right:8px;'>Votes</th><th style='text-align:right;'>Percent</th></tr><tr><td style='padding-right:8px;'>Ismael Luna</td><td style='text-align:right;padding-right:8px;'>0</td><td style='text-align:right;'>NaN%</td></tr><tr><td style='padding-right:8px;'>Sylvia Ortiz-Velez</td><td style='text-align:right;padding-right:8px;'>0</td><td style='text-align:right;'>NaN%</td></tr><tr><td style='padding-right:8px;'>write-in:</td><td style='text-align:right;padding-right:8px;'>0</td><td style='text-align:right;'>NaN%</td></tr></table></div>" }, "geometry": { "type": "Point", "coordinates": [ -87.91258252903063, 43.020129043800232 ] } },
{ "type": "Feature", "properties": { "ward": "City of Milwaukee Ward 223", "candidate": "Sylvia Ortiz-Velez", "votes": 0.0, "color": "#377EB8", "popup": "<div><strong>City of Milwaukee Ward 223</strong><div><strong>Representative to the Assembly, District 8</strong><table style='border-collapse:collapse;margin-top:4px;'><tr><th></th><th style='text-align:right;padding-right:8px;'>Votes</th><th style='text-align:right;'>Percent</th></tr><tr><td style='padding-right:8px;'>Ismael Luna</td><td style='text-align:right;padding-right:8px;'>0</td><td style='text-align:right;'>NaN%</td></tr><tr><td style='padding-right:8px;'>Sylvia Ortiz-Velez</td><td style='text-align:right;padding-right:8px;'>0</td><td style='text-align:right;'>NaN%</td></tr><tr><td style='padding-right:8px;'>write-in:</td><td style='text-align:right;padding-right:8px;'>0</td><td style='text-align:right;'>NaN%</td></tr></table></div>" }, "geometry": { "type": "Point", "coordinates": [ -87.91258252903063, 43.020129043800232 ] } },
{ "type": "Feature", "properties": { "ward": "City of Milwaukee Ward 223", "candidate": "write-in:", "votes": 0.0, "color": "#4DAF4A", "popup": "<div><strong>City of Milwaukee Ward 223</strong><div><strong>Representative to the Assembly, District 8</strong><table style='border-collapse:collapse;margin-top:4px;'><tr><th></th><th style='text-align:right;padding-right:8px;'>Votes</th><th style='text-align:right;'>Percent</th></tr><tr><td style='padding-right:8px;'>Ismael Luna</td><td style='text-align:right;padding-right:8px;'>0</td><td style='text-align:right;'>NaN%</td></tr><tr><td style='padding-right:8px;'>Sylvia Ortiz-Velez</td><td style='text-align:right;padding-right:8px;'>0</td><td style='text-align:right;'>NaN%</td></tr><tr><td style='padding-right:8px;'>write-in:</td><td style='text-align:right;padding-right:8px;'>0</td><td style='text-align:right;'>NaN%</td></tr></table></div>" }, "geometry": { "type": "Point", "coordinates": [ -87.91258252903063, 43.020129043800232 ] } },
{ "type": "Feature", "properties": { "ward": "City of Milwaukee Ward 224", "candidate": "write-in:", "votes": 0.0, "color": "#4DAF4A", "popup": "<div><strong>City of Milwaukee Ward 224</strong><div><strong>Representative to the Assembly, District 8</strong><table style='border-collapse:collapse;margin-top:4px;'><tr><th></th><th style='text-align:right;padding-right:8px;'>Votes</th><th style='text-align:right;'>Percent</th></tr><tr><td style='padding-right:8px;'>Ismael Luna</td><td style='text-align:right;padding-right:8px;'>37</td><td style='text-align:right;'>77.1%</td></tr><tr><td style='padding-right:8px;'>Sylvia Ortiz-Velez</td><td style='text-align:right;padding-right:8px;'>11</td><td style='text-align:right;'>22.9%</td></tr><tr><td style='padding-right:8px;'>write-in:</td><td style='text-align:right;padding-right:8px;'>0</td><td style='text-align:right;'>0.0%</td></tr></table></div>" }, "geometry": { "type": "Point", "coordinates": [ -87.935519690046419, 43.01642469800845 ] } },
{ "type": "Feature", "properties": { "ward": "City of Milwaukee Ward 225", "candidate": "write-in:", "votes": 0.0, "color": "#4DAF4A", "popup": "<div><strong>City of Milwaukee Ward 225</strong><div><strong>Representative to the Assembly, District 8</strong><table style='border-collapse:collapse;margin-top:4px;'><tr><th></th><th style='text-align:right;padding-right:8px;'>Votes</th><th style='text-align:right;'>Percent</th></tr><tr><td style='padding-right:8px;'>Ismael Luna</td><td style='text-align:right;padding-right:8px;'>71</td><td style='text-align:right;'>65.7%</td></tr><tr><td style='padding-right:8px;'>Sylvia Ortiz-Velez</td><td style='text-align:right;padding-right:8px;'>37</td><td style='text-align:right;'>34.3%</td></tr><tr><td style='padding-right:8px;'>write-in:</td><td style='text-align:right;padding-right:8px;'>0</td><td style='text-align:right;'>0.0%</td></tr></table></div>" }, "geometry": { "type": "Point", "coordinates": [ -87.933522023618764, 43.009441740290242 ] } },
{ "type": "Feature", "properties": { "ward": "City of Milwaukee Ward 226", "candidate": "write-in:", "votes": 0.0, "color": "#4DAF4A", "popup": "<div><strong>City of Milwaukee Ward 226</strong><div><strong>Representative to the Assembly, District 8</strong><table style='border-collapse:collapse;margin-top:4px;'><tr><th></th><th style='text-align:right;padding-right:8px;'>Votes</th><th style='text-align:right;'>Percent</th></tr><tr><td style='padding-right:8px;'>Ismael Luna</td><td style='text-align:right;padding-right:8px;'>32</td><td style='text-align:right;'>78.0%</td></tr><tr><td style='padding-right:8px;'>Sylvia Ortiz-Velez</td><td style='text-align:right;padding-right:8px;'>9</td><td style='text-align:right;'>22.0%</td></tr><tr><td style='padding-right:8px;'>write-in:</td><td style='text-align:right;padding-right:8px;'>0</td><td style='text-align:right;'>0.0%</td></tr></table></div>" }, "geometry": { "type": "Point", "coordinates": [ -87.929533334436286, 43.014159807470733 ] } },
{ "type": "Feature", "properties": { "ward": "City of Milwaukee Ward 227", "candidate": "write-in:", "votes": 0.0, "color": "#4DAF4A", "popup": "<div><strong>City of Milwaukee Ward 227</strong><div><strong>Representative to the Assembly, District 8</strong><table style='border-collapse:collapse;margin-top:4px;'><tr><th></th><th style='text-align:right;padding-right:8px;'>Votes</th><th style='text-align:right;'>Percent</th></tr><tr><td style='padding-right:8px;'>Ismael Luna</td><td style='text-align:right;padding-right:8px;'>24</td><td style='text-align:right;'>85.7%</td></tr><tr><td style='padding-right:8px;'>Sylvia Ortiz-Velez</td><td style='text-align:right;padding-right:8px;'>4</td><td style='text-align:right;'>14.3%</td></tr><tr><td style='padding-right:8px;'>write-in:</td><td style='text-align:right;padding-right:8px;'>0</td><td style='text-align:right;'>0.0%</td></tr></table></div>" }, "geometry": { "type": "Point", "coordinates": [ -87.930849782607723, 43.017554100717355 ] } },
{ "type": "Feature", "properties": { "ward": "City of Milwaukee Ward 228", "candidate": "write-in:", "votes": 0.0, "color": "#4DAF4A", "popup": "<div><strong>City of Milwaukee Ward 228</strong><div><strong>Representative to the Assembly, District 8</strong><table style='border-collapse:collapse;margin-top:4px;'><tr><th></th><th style='text-align:right;padding-right:8px;'>Votes</th><th style='text-align:right;'>Percent</th></tr><tr><td style='padding-right:8px;'>Ismael Luna</td><td style='text-align:right;padding-right:8px;'>52</td><td style='text-align:right;'>86.7%</td></tr><tr><td style='padding-right:8px;'>Sylvia Ortiz-Velez</td><td style='text-align:right;padding-right:8px;'>8</td><td style='text-align:right;'>13.3%</td></tr><tr><td style='padding-right:8px;'>write-in:</td><td style='text-align:right;padding-right:8px;'>0</td><td style='text-align:right;'>0.0%</td></tr></table></div>" }, "geometry": { "type": "Point", "coordinates": [ -87.928154243423492, 43.021138953221559 ] } },
{ "type": "Feature", "properties": { "ward": "City of Milwaukee Ward 229", "candidate": "Ismael Luna", "votes": 0.0, "color": "#E41A1C", "popup": "<div><strong>City of Milwaukee Ward 229</strong><div><strong>Representative to the Assembly, District 8</strong><table style='border-collapse:collapse;margin-top:4px;'><tr><th></th><th style='text-align:right;padding-right:8px;'>Votes</th><th style='text-align:right;'>Percent</th></tr><tr><td style='padding-right:8px;'>Ismael Luna</td><td style='text-align:right;padding-right:8px;'>0</td><td style='text-align:right;'>NaN%</td></tr><tr><td style='padding-right:8px;'>Sylvia Ortiz-Velez</td><td style='text-align:right;padding-right:8px;'>0</td><td style='text-align:right;'>NaN%</td></tr><tr><td style='padding-right:8px;'>write-in:</td><td style='text-align:right;padding-right:8px;'>0</td><td style='text-align:right;'>NaN%</td></tr></table></div>" }, "geometry": { "type": "Point", "coordinates": [ -87.920163806435269, 43.02359910999575 ] } },
{ "type": "Feature", "properties": { "ward": "City of Milwaukee Ward 229", "candidate": "Sylvia Ortiz-Velez", "votes": 0.0, "color": "#377EB8", "popup": "<div><strong>City of Milwaukee Ward 229</strong><div><strong>Representative to the Assembly, District 8</strong><table style='border-collapse:collapse;margin-top:4px;'><tr><th></th><th style='text-align:right;padding-right:8px;'>Votes</th><th style='text-align:right;'>Percent</th></tr><tr><td style='padding-right:8px;'>Ismael Luna</td><td style='text-align:right;padding-right:8px;'>0</td><td style='text-align:right;'>NaN%</td></tr><tr><td style='padding-right:8px;'>Sylvia Ortiz-Velez</td><td style='text-align:right;padding-right:8px;'>0</td><td style='text-align:right;'>NaN%</td></tr><tr><td style='padding-right:8px;'>write-in:</td><td style='text-align:right;padding-right:8px;'>0</td><td style='text-align:right;'>NaN%</td></tr></table></div>" }, "geometry": { "type": "Point", "coordinates": [ -87.920163806435269, 43.02359910999575 ] } },
{ "type": "Feature", "properties": { "ward": "City of Milwaukee Ward 229", "candidate": "write-in:", "votes": 0.0, "color": "#4DAF4A", "popup": "<div><strong>City of Milwaukee Ward 229</strong><div><strong>Representative to the Assembly, District 8</strong><table style='border-collapse:collapse;margin-top:4px;'><tr><th></th><th style='text-align:right;padding-right:8px;'>Votes</th><th style='text-align:right;'>Percent</th></tr><tr><td style='padding-right:8px;'>Ismael Luna</td><td style='text-align:right;padding-right:8px;'>0</td><td style='text-align:right;'>NaN%</td></tr><tr><td style='padding-right:8px;'>Sylvia Ortiz-Velez</td><td style='text-align:right;padding-right:8px;'>0</td><td style='text-align:right;'>NaN%</td></tr><tr><td style='padding-right:8px;'>write-in:</td><td style='text-align:right;padding-right:8px;'>0</td><td style='text-align:right;'>NaN%</td></tr></table></div>" }, "geometry": { "type": "Point", "coordinates": [ -87.920163806435269, 43.02359910999575 ] } },
{ "type": "Feature", "properties": { "ward": "City of Milwaukee Ward 230", "candidate": "Ismael Luna", "votes": 0.0, "color": "#E41A1C", "popup": "<div><strong>City of Milwaukee Ward 230</strong><div><strong>Representative to the Assembly, District 8</strong><table style='border-collapse:collapse;margin-top:4px;'><tr><th></th><th style='text-align:right;padding-right:8px;'>Votes</th><th style='text-align:right;'>Percent</th></tr><tr><td style='padding-right:8px;'>Ismael Luna</td><td style='text-align:right;padding-right:8px;'>0</td><td style='text-align:right;'>NaN%</td></tr><tr><td style='padding-right:8px;'>Sylvia Ortiz-Velez</td><td style='text-align:right;padding-right:8px;'>0</td><td style='text-align:right;'>NaN%</td></tr><tr><td style='padding-right:8px;'>write-in:</td><td style='text-align:right;padding-right:8px;'>0</td><td style='text-align:right;'>NaN%</td></tr></table></div>" }, "geometry": { "type": "Point", "coordinates": [ -87.911477042833468, 43.027219984850987 ] } },
{ "type": "Feature", "properties": { "ward": "City of Milwaukee Ward 230", "candidate": "Sylvia Ortiz-Velez", "votes": 0.0, "color": "#377EB8", "popup": "<div><strong>City of Milwaukee Ward 230</strong><div><strong>Representative to the Assembly, District 8</strong><table style='border-collapse:collapse;margin-top:4px;'><tr><th></th><th style='text-align:right;padding-right:8px;'>Votes</th><th style='text-align:right;'>Percent</th></tr><tr><td style='padding-right:8px;'>Ismael Luna</td><td style='text-align:right;padding-right:8px;'>0</td><td style='text-align:right;'>NaN%</td></tr><tr><td style='padding-right:8px;'>Sylvia Ortiz-Velez</td><td style='text-align:right;padding-right:8px;'>0</td><td style='text-align:right;'>NaN%</td></tr><tr><td style='padding-right:8px;'>write-in:</td><td style='text-align:right;padding-right:8px;'>0</td><td style='text-align:right;'>NaN%</td></tr></table></div>" }, "geometry": { "type": "Point", "coordinates": [ -87.911477042833468, 43.027219984850987 ] } },
{ "type": "Feature", "properties": { "ward": "City of Milwaukee Ward 230", "candidate": "write-in:", "votes": 0.0, "color": "#4DAF4A", "popup": "<div><strong>City of Milwaukee Ward 230</strong><div><strong>Representative to the Assembly, District 8</strong><table style='border-collapse:collapse;margin-top:4px;'><tr><th></th><th style='text-align:right;padding-right:8px;'>Votes</th><th style='text-align:right;'>Percent</th></tr><tr><td style='padding-right:8px;'>Ismael Luna</td><td style='text-align:right;padding-right:8px;'>0</td><td style='text-align:right;'>NaN%</td></tr><tr><td style='padding-right:8px;'>Sylvia Ortiz-Velez</td><td style='text-align:right;padding-right:8px;'>0</td><td style='text-align:right;'>NaN%</td></tr><tr><td style='padding-right:8px;'>write-in:</td><td style='text-align:right;padding-right:8px;'>0</td><td style='text-align:right;'>NaN%</td></tr></table></div>" }, "geometry": { "type": "Point", "coordinates": [ -87.911477042833468, 43.027219984850987 ] } },
{ "type": "Feature", "properties": { "ward": "City of Milwaukee Ward 231", "candidate": "write-in:", "votes": 0.0, "color": "#4DAF4A", "popup": "<div><strong>City of Milwaukee Ward 231</strong><div><strong>Representative to the Assembly, District 8</strong><table style='border-collapse:collapse;margin-top:4px;'><tr><th></th><th style='text-align:right;padding-right:8px;'>Votes</th><th style='text-align:right;'>Percent</th></tr><tr><td style='padding-right:8px;'>Ismael Luna</td><td style='text-align:right;padding-right:8px;'>64</td><td style='text-align:right;'>83.1%</td></tr><tr><td style='padding-right:8px;'>Sylvia Ortiz-Velez</td><td style='text-align:right;padding-right:8px;'>13</td><td style='text-align:right;'>16.9%</td></tr><tr><td style='padding-right:8px;'>write-in:</td><td style='text-align:right;padding-right:8px;'>0</td><td style='text-align:right;'>0.0%</td></tr></table></div>" }, "geometry": { "type": "Point", "coordinates": [ -87.922414322675323, 43.019105976402557 ] } },
{ "type": "Feature", "properties": { "ward": "City of Milwaukee Ward 232", "candidate": "write-in:", "votes": 0.0, "color": "#4DAF4A", "popup": "<div><strong>City of Milwaukee Ward 232</strong><div><strong>Representative to the Assembly, District 8</strong><table style='border-collapse:collapse;margin-top:4px;'><tr><th></th><th style='text-align:right;padding-right:8px;'>Votes</th><th style='text-align:right;'>Percent</th></tr><tr><td style='padding-right:8px;'>Ismael Luna</td><td style='text-align:right;padding-right:8px;'>79</td><td style='text-align:right;'>84.0%</td></tr><tr><td style='padding-right:8px;'>Sylvia Ortiz-Velez</td><td style='text-align:right;padding-right:8px;'>15</td><td style='text-align:right;'>16.0%</td></tr><tr><td style='padding-right:8px;'>write-in:</td><td style='text-align:right;padding-right:8px;'>0</td><td style='text-align:right;'>0.0%</td></tr></table></div>" }, "geometry": { "type": "Point", "coordinates": [ -87.922429292014911, 43.014665819451302 ] } },
{ "type": "Feature", "properties": { "ward": "City of Milwaukee Ward 233", "candidate": "Ismael Luna", "votes": 0.0, "color": "#E41A1C", "popup": "<div><strong>City of Milwaukee Ward 233</strong><div><strong>Representative to the Assembly, District 8</strong><table style='border-collapse:collapse;margin-top:4px;'><tr><th></th><th style='text-align:right;padding-right:8px;'>Votes</th><th style='text-align:right;'>Percent</th></tr><tr><td style='padding-right:8px;'>Ismael Luna</td><td style='text-align:right;padding-right:8px;'>0</td><td style='text-align:right;'>NaN%</td></tr><tr><td style='padding-right:8px;'>Sylvia Ortiz-Velez</td><td style='text-align:right;padding-right:8px;'>0</td><td style='text-align:right;'>NaN%</td></tr><tr><td style='padding-right:8px;'>write-in:</td><td style='text-align:right;padding-right:8px;'>0</td><td style='text-align:right;'>NaN%</td></tr></table></div>" }, "geometry": { "type": "Point", "coordinates": [ -87.925571618933148, 43.009374379677169 ] } },
{ "type": "Feature", "properties": { "ward": "City of Milwaukee Ward 233", "candidate": "Sylvia Ortiz-Velez", "votes": 0.0, "color": "#377EB8", "popup": "<div><strong>City of Milwaukee Ward 233</strong><div><strong>Representative to the Assembly, District 8</strong><table style='border-collapse:collapse;margin-top:4px;'><tr><th></th><th style='text-align:right;padding-right:8px;'>Votes</th><th style='text-align:right;'>Percent</th></tr><tr><td style='padding-right:8px;'>Ismael Luna</td><td style='text-align:right;padding-right:8px;'>0</td><td style='text-align:right;'>NaN%</td></tr><tr><td style='padding-right:8px;'>Sylvia Ortiz-Velez</td><td style='text-align:right;padding-right:8px;'>0</td><td style='text-align:right;'>NaN%</td></tr><tr><td style='padding-right:8px;'>write-in:</td><td style='text-align:right;padding-right:8px;'>0</td><td style='text-align:right;'>NaN%</td></tr></table></div>" }, "geometry": { "type": "Point", "coordinates": [ -87.925571618933148, 43.009374379677169 ] } },
{ "type": "Feature", "properties": { "ward": "City of Milwaukee Ward 233", "candidate": "write-in:", "votes": 0.0, "color": "#4DAF4A", "popup": "<div><strong>City of Milwaukee Ward 233</strong><div><strong>Representative to the Assembly, District 8</strong><table style='border-collapse:collapse;margin-top:4px;'><tr><th></th><th style='text-align:right;padding-right:8px;'>Votes</th><th style='text-align:right;'>Percent</th></tr><tr><td style='padding-right:8px;'>Ismael Luna</td><td style='text-align:right;padding-right:8px;'>0</td><td style='text-align:right;'>NaN%</td></tr><tr><td style='padding-right:8px;'>Sylvia Ortiz-Velez</td><td style='text-align:right;padding-right:8px;'>0</td><td style='text-align:right;'>NaN%</td></tr><tr><td style='padding-right:8px;'>write-in:</td><td style='text-align:right;padding-right:8px;'>0</td><td style='text-align:right;'>NaN%</td></tr></table></div>" }, "geometry": { "type": "Point", "coordinates": [ -87.925571618933148, 43.009374379677169 ] } },
{ "type": "Feature", "properties": { "ward": "City of Milwaukee Ward 234", "candidate": "Ismael Luna", "votes": 0.0, "color": "#E41A1C", "popup": "<div><strong>City of Milwaukee Ward 234</strong><div><strong>Representative to the Assembly, District 8</strong><table style='border-collapse:collapse;margin-top:4px;'><tr><th></th><th style='text-align:right;padding-right:8px;'>Votes</th><th style='text-align:right;'>Percent</th></tr><tr><td style='padding-right:8px;'>Ismael Luna</td><td style='text-align:right;padding-right:8px;'>0</td><td style='text-align:right;'>NaN%</td></tr><tr><td style='padding-right:8px;'>Sylvia Ortiz-Velez</td><td style='text-align:right;padding-right:8px;'>0</td><td style='text-align:right;'>NaN%</td></tr><tr><td style='padding-right:8px;'>write-in:</td><td style='text-align:right;padding-right:8px;'>0</td><td style='text-align:right;'>NaN%</td></tr></table></div>" }, "geometry": { "type": "Point", "coordinates": [ -87.919081870477072, 43.009902887073814 ] } },
{ "type": "Feature", "properties": { "ward": "City of Milwaukee Ward 234", "candidate": "Sylvia Ortiz-Velez", "votes": 0.0, "color": "#377EB8", "popup": "<div><strong>City of Milwaukee Ward 234</strong><div><strong>Representative to the Assembly, District 8</strong><table style='border-collapse:collapse;margin-top:4px;'><tr><th></th><th style='text-align:right;padding-right:8px;'>Votes</th><th style='text-align:right;'>Percent</th></tr><tr><td style='padding-right:8px;'>Ismael Luna</td><td style='text-align:right;padding-right:8px;'>0</td><td style='text-align:right;'>NaN%</td></tr><tr><td style='padding-right:8px;'>Sylvia Ortiz-Velez</td><td style='text-align:right;padding-right:8px;'>0</td><td style='text-align:right;'>NaN%</td></tr><tr><td style='padding-right:8px;'>write-in:</td><td style='text-align:right;padding-right:8px;'>0</td><td style='text-align:right;'>NaN%</td></tr></table></div>" }, "geometry": { "type": "Point", "coordinates": [ -87.919081870477072, 43.009902887073814 ] } },
{ "type": "Feature", "properties": { "ward": "City of Milwaukee Ward 234", "candidate": "write-in:", "votes": 0.0, "color": "#4DAF4A", "popup": "<div><strong>City of Milwaukee Ward 234</strong><div><strong>Representative to the Assembly, District 8</strong><table style='border-collapse:collapse;margin-top:4px;'><tr><th></th><th style='text-align:right;padding-right:8px;'>Votes</th><th style='text-align:right;'>Percent</th></tr><tr><td style='padding-right:8px;'>Ismael Luna</td><td style='text-align:right;padding-right:8px;'>0</td><td style='text-align:right;'>NaN%</td></tr><tr><td style='padding-right:8px;'>Sylvia Ortiz-Velez</td><td style='text-align:right;padding-right:8px;'>0</td><td style='text-align:right;'>NaN%</td></tr><tr><td style='padding-right:8px;'>write-in:</td><td style='text-align:right;padding-right:8px;'>0</td><td style='text-align:right;'>NaN%</td></tr></table></div>" }, "geometry": { "type": "Point", "coordinates": [ -87.919081870477072, 43.009902887073814 ] } },
{ "type": "Feature", "properties": { "ward": "City of Milwaukee Ward 235", "candidate": "write-in:", "votes": 0.0, "color": "#4DAF4A", "popup": "<div><strong>City of Milwaukee Ward 235</strong><div><strong>Representative to the Assembly, District 8</strong><table style='border-collapse:collapse;margin-top:4px;'><tr><th></th><th style='text-align:right;padding-right:8px;'>Votes</th><th style='text-align:right;'>Percent</th></tr><tr><td style='padding-right:8px;'>Ismael Luna</td><td style='text-align:right;padding-right:8px;'>67</td><td style='text-align:right;'>82.7%</td></tr><tr><td style='padding-right:8px;'>Sylvia Ortiz-Velez</td><td style='text-align:right;padding-right:8px;'>14</td><td style='text-align:right;'>17.3%</td></tr><tr><td style='padding-right:8px;'>write-in:</td><td style='text-align:right;padding-right:8px;'>0</td><td style='text-align:right;'>0.0%</td></tr></table></div>" }, "geometry": { "type": "Point", "coordinates": [ -87.913869925308589, 43.012775904837731 ] } },
{ "type": "Feature", "properties": { "ward": "City of Milwaukee Ward 243", "candidate": "write-in:", "votes": 0.0, "color": "#4DAF4A", "popup": "<div><strong>City of Milwaukee Ward 243</strong><div><strong>Representative to the Assembly, District 8</strong><table style='border-collapse:collapse;margin-top:4px;'><tr><th></th><th style='text-align:right;padding-right:8px;'>Votes</th><th style='text-align:right;'>Percent</th></tr><tr><td style='padding-right:8px;'>Ismael Luna</td><td style='text-align:right;padding-right:8px;'>67</td><td style='text-align:right;'>77.0%</td></tr><tr><td style='padding-right:8px;'>Sylvia Ortiz-Velez</td><td style='text-align:right;padding-right:8px;'>20</td><td style='text-align:right;'>23.0%</td></tr><tr><td style='padding-right:8px;'>write-in:</td><td style='text-align:right;padding-right:8px;'>0</td><td style='text-align:right;'>0.0%</td></tr></table></div>" }, "geometry": { "type": "Point", "coordinates": [ -87.922185699592944, 42.994333926893297 ] } },
{ "type": "Feature", "properties": { "ward": "City of Milwaukee Ward 244", "candidate": "write-in:", "votes": 0.0, "color": "#4DAF4A", "popup": "<div><strong>City of Milwaukee Ward 244</strong><div><strong>Representative to the Assembly, District 8</strong><table style='border-collapse:collapse;margin-top:4px;'><tr><th></th><th style='text-align:right;padding-right:8px;'>Votes</th><th style='text-align:right;'>Percent</th></tr><tr><td style='padding-right:8px;'>Ismael Luna</td><td style='text-align:right;padding-right:8px;'>33</td><td style='text-align:right;'>84.6%</td></tr><tr><td style='padding-right:8px;'>Sylvia Ortiz-Velez</td><td style='text-align:right;padding-right:8px;'>6</td><td style='text-align:right;'>15.4%</td></tr><tr><td style='padding-right:8px;'>write-in:</td><td style='text-align:right;padding-right:8px;'>0</td><td style='text-align:right;'>0.0%</td></tr></table></div>" }, "geometry": { "type": "Point", "coordinates": [ -87.931397843907632, 43.000272987421383 ] } },
{ "type": "Feature", "properties": { "ward": "City of Milwaukee Ward 245", "candidate": "write-in:", "votes": 0.0, "color": "#4DAF4A", "popup": "<div><strong>City of Milwaukee Ward 245</strong><div><strong>Representative to the Assembly, District 8</strong><table style='border-collapse:collapse;margin-top:4px;'><tr><th></th><th style='text-align:right;padding-right:8px;'>Votes</th><th style='text-align:right;'>Percent</th></tr><tr><td style='padding-right:8px;'>Ismael Luna</td><td style='text-align:right;padding-right:8px;'>19</td><td style='text-align:right;'>51.4%</td></tr><tr><td style='padding-right:8px;'>Sylvia Ortiz-Velez</td><td style='text-align:right;padding-right:8px;'>18</td><td style='text-align:right;'>48.6%</td></tr><tr><td style='padding-right:8px;'>write-in:</td><td style='text-align:right;padding-right:8px;'>0</td><td style='text-align:right;'>0.0%</td></tr></table></div>" }, "geometry": { "type": "Point", "coordinates": [ -87.927775152798276, 43.004865329665492 ] } },
{ "type": "Feature", "properties": { "ward": "City of Milwaukee Ward 246", "candidate": "write-in:", "votes": 0.0, "color": "#4DAF4A", "popup": "<div><strong>City of Milwaukee Ward 246</strong><div><strong>Representative to the Assembly, District 8</strong><table style='border-collapse:collapse;margin-top:4px;'><tr><th></th><th style='text-align:right;padding-right:8px;'>Votes</th><th style='text-align:right;'>Percent</th></tr><tr><td style='padding-right:8px;'>Ismael Luna</td><td style='text-align:right;padding-right:8px;'>18</td><td style='text-align:right;'>72.0%</td></tr><tr><td style='padding-right:8px;'>Sylvia Ortiz-Velez</td><td style='text-align:right;padding-right:8px;'>7</td><td style='text-align:right;'>28.0%</td></tr><tr><td style='padding-right:8px;'>write-in:</td><td style='text-align:right;padding-right:8px;'>0</td><td style='text-align:right;'>0.0%</td></tr></table></div>" }, "geometry": { "type": "Point", "coordinates": [ -87.931572679462306, 43.005173814515793 ] } },
{ "type": "Feature", "properties": { "ward": "City of Milwaukee Ward 247", "candidate": "write-in:", "votes": 0.0, "color": "#4DAF4A", "popup": "<div><strong>City of Milwaukee Ward 247</strong><div><strong>Representative to the Assembly, District 8</strong><table style='border-collapse:collapse;margin-top:4px;'><tr><th></th><th style='text-align:right;padding-right:8px;'>Votes</th><th style='text-align:right;'>Percent</th></tr><tr><td style='padding-right:8px;'>Ismael Luna</td><td style='text-align:right;padding-right:8px;'>58</td><td style='text-align:right;'>79.5%</td></tr><tr><td style='padding-right:8px;'>Sylvia Ortiz-Velez</td><td style='text-align:right;padding-right:8px;'>15</td><td style='text-align:right;'>20.5%</td></tr><tr><td style='padding-right:8px;'>write-in:</td><td style='text-align:right;padding-right:8px;'>0</td><td style='text-align:right;'>0.0%</td></tr></table></div>" }, "geometry": { "type": "Point", "coordinates": [ -87.93581296897149, 43.002774841038161 ] } },
{ "type": "Feature", "properties": { "ward": "City of Milwaukee Ward 280", "candidate": "write-in:", "votes": 0.0, "color": "#4DAF4A", "popup": "<div><strong>City of Milwaukee Ward 280</strong><div><strong>Representative to the Assembly, District 8</strong><table style='border-collapse:collapse;margin-top:4px;'><tr><th></th><th style='text-align:right;padding-right:8px;'>Votes</th><th style='text-align:right;'>Percent</th></tr><tr><td style='padding-right:8px;'>Ismael Luna</td><td style='text-align:right;padding-right:8px;'>88</td><td style='text-align:right;'>65.2%</td></tr><tr><td style='padding-right:8px;'>Sylvia Ortiz-Velez</td><td style='text-align:right;padding-right:8px;'>47</td><td style='text-align:right;'>34.8%</td></tr><tr><td style='padding-right:8px;'>write-in:</td><td style='text-align:right;padding-right:8px;'>0</td><td style='text-align:right;'>0.0%</td></tr></table></div>" }, "geometry": { "type": "Point", "coordinates": [ -87.918661133278576, 42.984745957369057 ] } },
{ "type": "Feature", "properties": { "ward": "City of Milwaukee Ward 283", "candidate": "Ismael Luna", "votes": 0.0, "color": "#E41A1C", "popup": "<div><strong>City of Milwaukee Ward 283</strong><div><strong>Representative to the Assembly, District 8</strong><table style='border-collapse:collapse;margin-top:4px;'><tr><th></th><th style='text-align:right;padding-right:8px;'>Votes</th><th style='text-align:right;'>Percent</th></tr><tr><td style='padding-right:8px;'>Ismael Luna</td><td style='text-align:right;padding-right:8px;'>0</td><td style='text-align:right;'>NaN%</td></tr><tr><td style='padding-right:8px;'>Sylvia Ortiz-Velez</td><td style='text-align:right;padding-right:8px;'>0</td><td style='text-align:right;'>NaN%</td></tr><tr><td style='padding-right:8px;'>write-in:</td><td style='text-align:right;padding-right:8px;'>0</td><td style='text-align:right;'>NaN%</td></tr></table></div>" }, "geometry": { "type": "Point", "coordinates": [ -87.912716721213073, 42.983445167522206 ] } },
{ "type": "Feature", "properties": { "ward": "City of Milwaukee Ward 283", "candidate": "Sylvia Ortiz-Velez", "votes": 0.0, "color": "#377EB8", "popup": "<div><strong>City of Milwaukee Ward 283</strong><div><strong>Representative to the Assembly, District 8</strong><table style='border-collapse:collapse;margin-top:4px;'><tr><th></th><th style='text-align:right;padding-right:8px;'>Votes</th><th style='text-align:right;'>Percent</th></tr><tr><td style='padding-right:8px;'>Ismael Luna</td><td style='text-align:right;padding-right:8px;'>0</td><td style='text-align:right;'>NaN%</td></tr><tr><td style='padding-right:8px;'>Sylvia Ortiz-Velez</td><td style='text-align:right;padding-right:8px;'>0</td><td style='text-align:right;'>NaN%</td></tr><tr><td style='padding-right:8px;'>write-in:</td><td style='text-align:right;padding-right:8px;'>0</td><td style='text-align:right;'>NaN%</td></tr></table></div>" }, "geometry": { "type": "Point", "coordinates": [ -87.912716721213073, 42.983445167522206 ] } },
{ "type": "Feature", "properties": { "ward": "City of Milwaukee Ward 283", "candidate": "write-in:", "votes": 0.0, "color": "#4DAF4A", "popup": "<div><strong>City of Milwaukee Ward 283</strong><div><strong>Representative to the Assembly, District 8</strong><table style='border-collapse:collapse;margin-top:4px;'><tr><th></th><th style='text-align:right;padding-right:8px;'>Votes</th><th style='text-align:right;'>Percent</th></tr><tr><td style='padding-right:8px;'>Ismael Luna</td><td style='text-align:right;padding-right:8px;'>0</td><td style='text-align:right;'>NaN%</td></tr><tr><td style='padding-right:8px;'>Sylvia Ortiz-Velez</td><td style='text-align:right;padding-right:8px;'>0</td><td style='text-align:right;'>NaN%</td></tr><tr><td style='padding-right:8px;'>write-in:</td><td style='text-align:right;padding-right:8px;'>0</td><td style='text-align:right;'>NaN%</td></tr></table></div>" }, "geometry": { "type": "Point", "coordinates": [ -87.912716721213073, 42.983445167522206 ] } },
{ "type": "Feature", "properties": { "ward": "City of Milwaukee Ward 305", "candidate": "write-in:", "votes": 0.0, "color": "#4DAF4A", "popup": "<div><strong>City of Milwaukee Ward 305</strong><div><strong>Representative to the Assembly, District 8</strong><table style='border-collapse:collapse;margin-top:4px;'><tr><th></th><th style='text-align:right;padding-right:8px;'>Votes</th><th style='text-align:right;'>Percent</th></tr><tr><td style='padding-right:8px;'>Ismael Luna</td><td style='text-align:right;padding-right:8px;'>29</td><td style='text-align:right;'>85.3%</td></tr><tr><td style='padding-right:8px;'>Sylvia Ortiz-Velez</td><td style='text-align:right;padding-right:8px;'>5</td><td style='text-align:right;'>14.7%</td></tr><tr><td style='padding-right:8px;'>write-in:</td><td style='text-align:right;padding-right:8px;'>0</td><td style='text-align:right;'>0.0%</td></tr></table></div>" }, "geometry": { "type": "Point", "coordinates": [ -87.935544084611038, 43.020969822181179 ] } },
{ "type": "Feature", "properties": { "ward": "City of Milwaukee Ward 306", "candidate": "write-in:", "votes": 0.0, "color": "#4DAF4A", "popup": "<div><strong>City of Milwaukee Ward 306</strong><div><strong>Representative to the Assembly, District 8</strong><table style='border-collapse:collapse;margin-top:4px;'><tr><th></th><th style='text-align:right;padding-right:8px;'>Votes</th><th style='text-align:right;'>Percent</th></tr><tr><td style='padding-right:8px;'>Ismael Luna</td><td style='text-align:right;padding-right:8px;'>44</td><td style='text-align:right;'>88.0%</td></tr><tr><td style='padding-right:8px;'>Sylvia Ortiz-Velez</td><td style='text-align:right;padding-right:8px;'>6</td><td style='text-align:right;'>12.0%</td></tr><tr><td style='padding-right:8px;'>write-in:</td><td style='text-align:right;padding-right:8px;'>0</td><td style='text-align:right;'>0.0%</td></tr></table></div>" }, "geometry": { "type": "Point", "coordinates": [ -87.940514726690125, 43.020850650272756 ] } },
{ "type": "Feature", "properties": { "ward": "City of Milwaukee Ward 307", "candidate": "Ismael Luna", "votes": 0.0, "color": "#E41A1C", "popup": "<div><strong>City of Milwaukee Ward 307</strong><div><strong>Representative to the Assembly, District 8</strong><table style='border-collapse:collapse;margin-top:4px;'><tr><th></th><th style='text-align:right;padding-right:8px;'>Votes</th><th style='text-align:right;'>Percent</th></tr><tr><td style='padding-right:8px;'>Ismael Luna</td><td style='text-align:right;padding-right:8px;'>0</td><td style='text-align:right;'>NaN%</td></tr><tr><td style='padding-right:8px;'>Sylvia Ortiz-Velez</td><td style='text-align:right;padding-right:8px;'>0</td><td style='text-align:right;'>NaN%</td></tr><tr><td style='padding-right:8px;'>write-in:</td><td style='text-align:right;padding-right:8px;'>0</td><td style='text-align:right;'>NaN%</td></tr></table></div>" }, "geometry": { "type": "Point", "coordinates": [ -87.927180109321341, 42.996588295780946 ] } },
{ "type": "Feature", "properties": { "ward": "City of Milwaukee Ward 307", "candidate": "Sylvia Ortiz-Velez", "votes": 0.0, "color": "#377EB8", "popup": "<div><strong>City of Milwaukee Ward 307</strong><div><strong>Representative to the Assembly, District 8</strong><table style='border-collapse:collapse;margin-top:4px;'><tr><th></th><th style='text-align:right;padding-right:8px;'>Votes</th><th style='text-align:right;'>Percent</th></tr><tr><td style='padding-right:8px;'>Ismael Luna</td><td style='text-align:right;padding-right:8px;'>0</td><td style='text-align:right;'>NaN%</td></tr><tr><td style='padding-right:8px;'>Sylvia Ortiz-Velez</td><td style='text-align:right;padding-right:8px;'>0</td><td style='text-align:right;'>NaN%</td></tr><tr><td style='padding-right:8px;'>write-in:</td><td style='text-align:right;padding-right:8px;'>0</td><td style='text-align:right;'>NaN%</td></tr></table></div>" }, "geometry": { "type": "Point", "coordinates": [ -87.927180109321341, 42.996588295780946 ] } },
{ "type": "Feature", "properties": { "ward": "City of Milwaukee Ward 307", "candidate": "write-in:", "votes": 0.0, "color": "#4DAF4A", "popup": "<div><strong>City of Milwaukee Ward 307</strong><div><strong>Representative to the Assembly, District 8</strong><table style='border-collapse:collapse;margin-top:4px;'><tr><th></th><th style='text-align:right;padding-right:8px;'>Votes</th><th style='text-align:right;'>Percent</th></tr><tr><td style='padding-right:8px;'>Ismael Luna</td><td style='text-align:right;padding-right:8px;'>0</td><td style='text-align:right;'>NaN%</td></tr><tr><td style='padding-right:8px;'>Sylvia Ortiz-Velez</td><td style='text-align:right;padding-right:8px;'>0</td><td style='text-align:right;'>NaN%</td></tr><tr><td style='padding-right:8px;'>write-in:</td><td style='text-align:right;padding-right:8px;'>0</td><td style='text-align:right;'>NaN%</td></tr></table></div>" }, "geometry": { "type": "Point", "coordinates": [ -87.927180109321341, 42.996588295780946 ] } },
{ "type": "Feature", "properties": { "ward": "City of Milwaukee Ward 308", "candidate": "Ismael Luna", "votes": 0.0, "color": "#E41A1C", "popup": "<div><strong>City of Milwaukee Ward 308</strong><div><strong>Representative to the Assembly, District 8</strong><table style='border-collapse:collapse;margin-top:4px;'><tr><th></th><th style='text-align:right;padding-right:8px;'>Votes</th><th style='text-align:right;'>Percent</th></tr><tr><td style='padding-right:8px;'>Ismael Luna</td><td style='text-align:right;padding-right:8px;'>0</td><td style='text-align:right;'>NaN%</td></tr><tr><td style='padding-right:8px;'>Sylvia Ortiz-Velez</td><td style='text-align:right;padding-right:8px;'>0</td><td style='text-align:right;'>NaN%</td></tr><tr><td style='padding-right:8px;'>write-in:</td><td style='text-align:right;padding-right:8px;'>0</td><td style='text-align:right;'>NaN%</td></tr></table></div>" }, "geometry": { "type": "Point", "coordinates": [ -87.926085229963832, 42.998416284691686 ] } },
{ "type": "Feature", "properties": { "ward": "City of Milwaukee Ward 308", "candidate": "Sylvia Ortiz-Velez", "votes": 0.0, "color": "#377EB8", "popup": "<div><strong>City of Milwaukee Ward 308</strong><div><strong>Representative to the Assembly, District 8</strong><table style='border-collapse:collapse;margin-top:4px;'><tr><th></th><th style='text-align:right;padding-right:8px;'>Votes</th><th style='text-align:right;'>Percent</th></tr><tr><td style='padding-right:8px;'>Ismael Luna</td><td style='text-align:right;padding-right:8px;'>0</td><td style='text-align:right;'>NaN%</td></tr><tr><td style='padding-right:8px;'>Sylvia Ortiz-Velez</td><td style='text-align:right;padding-right:8px;'>0</td><td style='text-align:right;'>NaN%</td></tr><tr><td style='padding-right:8px;'>write-in:</td><td style='text-align:right;padding-right:8px;'>0</td><td style='text-align:right;'>NaN%</td></tr></table></div>" }, "geometry": { "type": "Point", "coordinates": [ -87.926085229963832, 42.998416284691686 ] } },
{ "type": "Feature", "properties": { "ward": "City of Milwaukee Ward 308", "candidate": "write-in:", "votes": 0.0, "color": "#4DAF4A", "popup": "<div><strong>City of Milwaukee Ward 308</strong><div><strong>Representative to the Assembly, District 8</strong><table style='border-collapse:collapse;margin-top:4px;'><tr><th></th><th style='text-align:right;padding-right:8px;'>Votes</th><th style='text-align:right;'>Percent</th></tr><tr><td style='padding-right:8px;'>Ismael Luna</td><td style='text-align:right;padding-right:8px;'>0</td><td style='text-align:right;'>NaN%</td></tr><tr><td style='padding-right:8px;'>Sylvia Ortiz-Velez</td><td style='text-align:right;padding-right:8px;'>0</td><td style='text-align:right;'>NaN%</td></tr><tr><td style='padding-right:8px;'>write-in:</td><td style='text-align:right;padding-right:8px;'>0</td><td style='text-align:right;'>NaN%</td></tr></table></div>" }, "geometry": { "type": "Point", "coordinates": [ -87.926085229963832, 42.998416284691686 ] } },
{ "type": "Feature", "properties": { "ward": "City of Milwaukee Ward 310", "candidate": "write-in:", "votes": 0.0, "color": "#4DAF4A", "popup": "<div><strong>City of Milwaukee Ward 310</strong><div><strong>Representative to the Assembly, District 8</strong><table style='border-collapse:collapse;margin-top:4px;'><tr><th></th><th style='text-align:right;padding-right:8px;'>Votes</th><th style='text-align:right;'>Percent</th></tr><tr><td style='padding-right:8px;'>Ismael Luna</td><td style='text-align:right;padding-right:8px;'>88</td><td style='text-align:right;'>72.7%</td></tr><tr><td style='padding-right:8px;'>Sylvia Ortiz-Velez</td><td style='text-align:right;padding-right:8px;'>33</td><td style='text-align:right;'>27.3%</td></tr><tr><td style='padding-right:8px;'>write-in:</td><td style='text-align:right;padding-right:8px;'>0</td><td style='text-align:right;'>0.0%</td></tr></table></div>" }, "geometry": { "type": "Point", "coordinates": [ -87.909761706382341, 42.997296186041424 ] } },
{ "type": "Feature", "properties": { "ward": "City of Milwaukee Ward 337", "candidate": "Ismael Luna", "votes": 0.0, "color": "#E41A1C", "popup": "<div><strong>City of Milwaukee Ward 337</strong><div><strong>Representative to the Assembly, District 8</strong><table style='border-collapse:collapse;margin-top:4px;'><tr><th></th><th style='text-align:right;padding-right:8px;'>Votes</th><th style='text-align:right;'>Percent</th></tr><tr><td style='padding-right:8px;'>Ismael Luna</td><td style='text-align:right;padding-right:8px;'>0</td><td style='text-align:right;'>NaN%</td></tr><tr><td style='padding-right:8px;'>Sylvia Ortiz-Velez</td><td style='text-align:right;padding-right:8px;'>0</td><td style='text-align:right;'>NaN%</td></tr><tr><td style='padding-right:8px;'>write-in:</td><td style='text-align:right;padding-right:8px;'>0</td><td style='text-align:right;'>NaN%</td></tr></table></div>" }, "geometry": { "type": "Point", "coordinates": [ -87.932096391034349, 43.0320630872029 ] } },
{ "type": "Feature", "properties": { "ward": "City of Milwaukee Ward 337", "candidate": "Sylvia Ortiz-Velez", "votes": 0.0, "color": "#377EB8", "popup": "<div><strong>City of Milwaukee Ward 337</strong><div><strong>Representative to the Assembly, District 8</strong><table style='border-collapse:collapse;margin-top:4px;'><tr><th></th><th style='text-align:right;padding-right:8px;'>Votes</th><th style='text-align:right;'>Percent</th></tr><tr><td style='padding-right:8px;'>Ismael Luna</td><td style='text-align:right;padding-right:8px;'>0</td><td style='text-align:right;'>NaN%</td></tr><tr><td style='padding-right:8px;'>Sylvia Ortiz-Velez</td><td style='text-align:right;padding-right:8px;'>0</td><td style='text-align:right;'>NaN%</td></tr><tr><td style='padding-right:8px;'>write-in:</td><td style='text-align:right;padding-right:8px;'>0</td><td style='text-align:right;'>NaN%</td></tr></table></div>" }, "geometry": { "type": "Point", "coordinates": [ -87.932096391034349, 43.0320630872029 ] } },
{ "type": "Feature", "properties": { "ward": "City of Milwaukee Ward 337", "candidate": "write-in:", "votes": 0.0, "color": "#4DAF4A", "popup": "<div><strong>City of Milwaukee Ward 337</strong><div><strong>Representative to the Assembly, District 8</strong><table style='border-collapse:collapse;margin-top:4px;'><tr><th></th><th style='text-align:right;padding-right:8px;'>Votes</th><th style='text-align:right;'>Percent</th></tr><tr><td style='padding-right:8px;'>Ismael Luna</td><td style='text-align:right;padding-right:8px;'>0</td><td style='text-align:right;'>NaN%</td></tr><tr><td style='padding-right:8px;'>Sylvia Ortiz-Velez</td><td style='text-align:right;padding-right:8px;'>0</td><td style='text-align:right;'>NaN%</td></tr><tr><td style='padding-right:8px;'>write-in:</td><td style='text-align:right;padding-right:8px;'>0</td><td style='text-align:right;'>NaN%</td></tr></table></div>" }, "geometry": { "type": "Point", "coordinates": [ -87.932096391034349, 43.0320630872029 ] } },
{ "type": "Feature", "properties": { "ward": "City of Milwaukee Ward 339", "candidate": "Ismael Luna", "votes": 0.0, "color": "#E41A1C", "popup": "<div><strong>City of Milwaukee Ward 339</strong><div><strong>Representative to the Assembly, District 8</strong><table style='border-collapse:collapse;margin-top:4px;'><tr><th></th><th style='text-align:right;padding-right:8px;'>Votes</th><th style='text-align:right;'>Percent</th></tr><tr><td style='padding-right:8px;'>Ismael Luna</td><td style='text-align:right;padding-right:8px;'>0</td><td style='text-align:right;'>0.0%</td></tr><tr><td style='padding-right:8px;'>Sylvia Ortiz-Velez</td><td style='text-align:right;padding-right:8px;'>1</td><td style='text-align:right;'>100.0%</td></tr><tr><td style='padding-right:8px;'>write-in:</td><td style='text-align:right;padding-right:8px;'>0</td><td style='text-align:right;'>0.0%</td></tr></table></div>" }, "geometry": { "type": "Point", "coordinates": [ -87.928318960480752, 43.027968298706021 ] } },
{ "type": "Feature", "properties": { "ward": "City of Milwaukee Ward 339", "candidate": "write-in:", "votes": 0.0, "color": "#4DAF4A", "popup": "<div><strong>City of Milwaukee Ward 339</strong><div><strong>Representative to the Assembly, District 8</strong><table style='border-collapse:collapse;margin-top:4px;'><tr><th></th><th style='text-align:right;padding-right:8px;'>Votes</th><th style='text-align:right;'>Percent</th></tr><tr><td style='padding-right:8px;'>Ismael Luna</td><td style='text-align:right;padding-right:8px;'>0</td><td style='text-align:right;'>0.0%</td></tr><tr><td style='padding-right:8px;'>Sylvia Ortiz-Velez</td><td style='text-align:right;padding-right:8px;'>1</td><td style='text-align:right;'>100.0%</td></tr><tr><td style='padding-right:8px;'>write-in:</td><td style='text-align:right;padding-right:8px;'>0</td><td style='text-align:right;'>0.0%</td></tr></table></div>" }, "geometry": { "type": "Point", "coordinates": [ -87.928318960480752, 43.027968298706021 ] } },
{ "type": "Feature", "properties": { "ward": "City of Milwaukee Ward 342", "candidate": "Ismael Luna", "votes": 0.0, "color": "#E41A1C", "popup": "<div><strong>City of Milwaukee Ward 342</strong><div><strong>Representative to the Assembly, District 8</strong><table style='border-collapse:collapse;margin-top:4px;'><tr><th></th><th style='text-align:right;padding-right:8px;'>Votes</th><th style='text-align:right;'>Percent</th></tr><tr><td style='padding-right:8px;'>Ismael Luna</td><td style='text-align:right;padding-right:8px;'>0</td><td style='text-align:right;'>NaN%</td></tr><tr><td style='padding-right:8px;'>Sylvia Ortiz-Velez</td><td style='text-align:right;padding-right:8px;'>0</td><td style='text-align:right;'>NaN%</td></tr><tr><td style='padding-right:8px;'>write-in:</td><td style='text-align:right;padding-right:8px;'>0</td><td style='text-align:right;'>NaN%</td></tr></table></div>" }, "geometry": { "type": "Point", "coordinates": [ -87.911450412807525, 43.005737631509987 ] } },
{ "type": "Feature", "properties": { "ward": "City of Milwaukee Ward 342", "candidate": "Sylvia Ortiz-Velez", "votes": 0.0, "color": "#377EB8", "popup": "<div><strong>City of Milwaukee Ward 342</strong><div><strong>Representative to the Assembly, District 8</strong><table style='border-collapse:collapse;margin-top:4px;'><tr><th></th><th style='text-align:right;padding-right:8px;'>Votes</th><th style='text-align:right;'>Percent</th></tr><tr><td style='padding-right:8px;'>Ismael Luna</td><td style='text-align:right;padding-right:8px;'>0</td><td style='text-align:right;'>NaN%</td></tr><tr><td style='padding-right:8px;'>Sylvia Ortiz-Velez</td><td style='text-align:right;padding-right:8px;'>0</td><td style='text-align:right;'>NaN%</td></tr><tr><td style='padding-right:8px;'>write-in:</td><td style='text-align:right;padding-right:8px;'>0</td><td style='text-align:right;'>NaN%</td></tr></table></div>" }, "geometry": { "type": "Point", "coordinates": [ -87.911450412807525, 43.005737631509987 ] } },
{ "type": "Feature", "properties": { "ward": "City of Milwaukee Ward 342", "candidate": "write-in:", "votes": 0.0, "color": "#4DAF4A", "popup": "<div><strong>City of Milwaukee Ward 342</strong><div><strong>Representative to the Assembly, District 8</strong><table style='border-collapse:collapse;margin-top:4px;'><tr><th></th><th style='text-align:right;padding-right:8px;'>Votes</th><th style='text-align:right;'>Percent</th></tr><tr><td style='padding-right:8px;'>Ismael Luna</td><td style='text-align:right;padding-right:8px;'>0</td><td style='text-align:right;'>NaN%</td></tr><tr><td style='padding-right:8px;'>Sylvia Ortiz-Velez</td><td style='text-align:right;padding-right:8px;'>0</td><td style='text-align:right;'>NaN%</td></tr><tr><td style='padding-right:8px;'>write-in:</td><td style='text-align:right;padding-right:8px;'>0</td><td style='text-align:right;'>NaN%</td></tr></table></div>" }, "geometry": { "type": "Point", "coordinates": [ -87.911450412807525, 43.005737631509987 ] } },
{ "type": "Feature", "properties": { "ward": "City of Milwaukee Ward 242", "candidate": "write-in:", "votes": 1.0, "color": "#4DAF4A", "popup": "<div><strong>City of Milwaukee Ward 242</strong><div><strong>Representative to the Assembly, District 8</strong><table style='border-collapse:collapse;margin-top:4px;'><tr><th></th><th style='text-align:right;padding-right:8px;'>Votes</th><th style='text-align:right;'>Percent</th></tr><tr><td style='padding-right:8px;'>Ismael Luna</td><td style='text-align:right;padding-right:8px;'>56</td><td style='text-align:right;'>67.5%</td></tr><tr><td style='padding-right:8px;'>Sylvia Ortiz-Velez</td><td style='text-align:right;padding-right:8px;'>26</td><td style='text-align:right;'>31.3%</td></tr><tr><td style='padding-right:8px;'>write-in:</td><td style='text-align:right;padding-right:8px;'>1</td><td style='text-align:right;'>1.2%</td></tr></table></div>" }, "geometry": { "type": "Point", "coordinates": [ -87.921393544300514, 43.003863459131992 ] } },
{ "type": "Feature", "properties": { "ward": "City of Milwaukee Ward 309", "candidate": "write-in:", "votes": 1.0, "color": "#4DAF4A", "popup": "<div><strong>City of Milwaukee Ward 309</strong><div><strong>Representative to the Assembly, District 8</strong><table style='border-collapse:collapse;margin-top:4px;'><tr><th></th><th style='text-align:right;padding-right:8px;'>Votes</th><th style='text-align:right;'>Percent</th></tr><tr><td style='padding-right:8px;'>Ismael Luna</td><td style='text-align:right;padding-right:8px;'>62</td><td style='text-align:right;'>81.6%</td></tr><tr><td style='padding-right:8px;'>Sylvia Ortiz-Velez</td><td style='text-align:right;padding-right:8px;'>13</td><td style='text-align:right;'>17.1%</td></tr><tr><td style='padding-right:8px;'>write-in:</td><td style='text-align:right;padding-right:8px;'>1</td><td style='text-align:right;'>1.3%</td></tr></table></div>" }, "geometry": { "type": "Point", "coordinates": [ -87.915905092205506, 42.997142343816094 ] } },
{ "type": "Feature", "properties": { "ward": "City of Milwaukee Ward 339", "candidate": "Sylvia Ortiz-Velez", "votes": 1.0, "color": "#377EB8", "popup": "<div><strong>City of Milwaukee Ward 339</strong><div><strong>Representative to the Assembly, District 8</strong><table style='border-collapse:collapse;margin-top:4px;'><tr><th></th><th style='text-align:right;padding-right:8px;'>Votes</th><th style='text-align:right;'>Percent</th></tr><tr><td style='padding-right:8px;'>Ismael Luna</td><td style='text-align:right;padding-right:8px;'>0</td><td style='text-align:right;'>0.0%</td></tr><tr><td style='padding-right:8px;'>Sylvia Ortiz-Velez</td><td style='text-align:right;padding-right:8px;'>1</td><td style='text-align:right;'>100.0%</td></tr><tr><td style='padding-right:8px;'>write-in:</td><td style='text-align:right;padding-right:8px;'>0</td><td style='text-align:right;'>0.0%</td></tr></table></div>" }, "geometry": { "type": "Point", "coordinates": [ -87.928318960480752, 43.027968298706021 ] } },
{ "type": "Feature", "properties": { "ward": "City of Milwaukee Ward 227", "candidate": "Sylvia Ortiz-Velez", "votes": 4.0, "color": "#377EB8", "popup": "<div><strong>City of Milwaukee Ward 227</strong><div><strong>Representative to the Assembly, District 8</strong><table style='border-collapse:collapse;margin-top:4px;'><tr><th></th><th style='text-align:right;padding-right:8px;'>Votes</th><th style='text-align:right;'>Percent</th></tr><tr><td style='padding-right:8px;'>Ismael Luna</td><td style='text-align:right;padding-right:8px;'>24</td><td style='text-align:right;'>85.7%</td></tr><tr><td style='padding-right:8px;'>Sylvia Ortiz-Velez</td><td style='text-align:right;padding-right:8px;'>4</td><td style='text-align:right;'>14.3%</td></tr><tr><td style='padding-right:8px;'>write-in:</td><td style='text-align:right;padding-right:8px;'>0</td><td style='text-align:right;'>0.0%</td></tr></table></div>" }, "geometry": { "type": "Point", "coordinates": [ -87.930849782607723, 43.017554100717355 ] } },
{ "type": "Feature", "properties": { "ward": "City of Milwaukee Ward 305", "candidate": "Sylvia Ortiz-Velez", "votes": 5.0, "color": "#377EB8", "popup": "<div><strong>City of Milwaukee Ward 305</strong><div><strong>Representative to the Assembly, District 8</strong><table style='border-collapse:collapse;margin-top:4px;'><tr><th></th><th style='text-align:right;padding-right:8px;'>Votes</th><th style='text-align:right;'>Percent</th></tr><tr><td style='padding-right:8px;'>Ismael Luna</td><td style='text-align:right;padding-right:8px;'>29</td><td style='text-align:right;'>85.3%</td></tr><tr><td style='padding-right:8px;'>Sylvia Ortiz-Velez</td><td style='text-align:right;padding-right:8px;'>5</td><td style='text-align:right;'>14.7%</td></tr><tr><td style='padding-right:8px;'>write-in:</td><td style='text-align:right;padding-right:8px;'>0</td><td style='text-align:right;'>0.0%</td></tr></table></div>" }, "geometry": { "type": "Point", "coordinates": [ -87.935544084611038, 43.020969822181179 ] } },
{ "type": "Feature", "properties": { "ward": "City of Milwaukee Ward 244", "candidate": "Sylvia Ortiz-Velez", "votes": 6.0, "color": "#377EB8", "popup": "<div><strong>City of Milwaukee Ward 244</strong><div><strong>Representative to the Assembly, District 8</strong><table style='border-collapse:collapse;margin-top:4px;'><tr><th></th><th style='text-align:right;padding-right:8px;'>Votes</th><th style='text-align:right;'>Percent</th></tr><tr><td style='padding-right:8px;'>Ismael Luna</td><td style='text-align:right;padding-right:8px;'>33</td><td style='text-align:right;'>84.6%</td></tr><tr><td style='padding-right:8px;'>Sylvia Ortiz-Velez</td><td style='text-align:right;padding-right:8px;'>6</td><td style='text-align:right;'>15.4%</td></tr><tr><td style='padding-right:8px;'>write-in:</td><td style='text-align:right;padding-right:8px;'>0</td><td style='text-align:right;'>0.0%</td></tr></table></div>" }, "geometry": { "type": "Point", "coordinates": [ -87.931397843907632, 43.000272987421383 ] } },
{ "type": "Feature", "properties": { "ward": "City of Milwaukee Ward 306", "candidate": "Sylvia Ortiz-Velez", "votes": 6.0, "color": "#377EB8", "popup": "<div><strong>City of Milwaukee Ward 306</strong><div><strong>Representative to the Assembly, District 8</strong><table style='border-collapse:collapse;margin-top:4px;'><tr><th></th><th style='text-align:right;padding-right:8px;'>Votes</th><th style='text-align:right;'>Percent</th></tr><tr><td style='padding-right:8px;'>Ismael Luna</td><td style='text-align:right;padding-right:8px;'>44</td><td style='text-align:right;'>88.0%</td></tr><tr><td style='padding-right:8px;'>Sylvia Ortiz-Velez</td><td style='text-align:right;padding-right:8px;'>6</td><td style='text-align:right;'>12.0%</td></tr><tr><td style='padding-right:8px;'>write-in:</td><td style='text-align:right;padding-right:8px;'>0</td><td style='text-align:right;'>0.0%</td></tr></table></div>" }, "geometry": { "type": "Point", "coordinates": [ -87.940514726690125, 43.020850650272756 ] } },
{ "type": "Feature", "properties": { "ward": "City of Milwaukee Ward 246", "candidate": "Sylvia Ortiz-Velez", "votes": 7.0, "color": "#377EB8", "popup": "<div><strong>City of Milwaukee Ward 246</strong><div><strong>Representative to the Assembly, District 8</strong><table style='border-collapse:collapse;margin-top:4px;'><tr><th></th><th style='text-align:right;padding-right:8px;'>Votes</th><th style='text-align:right;'>Percent</th></tr><tr><td style='padding-right:8px;'>Ismael Luna</td><td style='text-align:right;padding-right:8px;'>18</td><td style='text-align:right;'>72.0%</td></tr><tr><td style='padding-right:8px;'>Sylvia Ortiz-Velez</td><td style='text-align:right;padding-right:8px;'>7</td><td style='text-align:right;'>28.0%</td></tr><tr><td style='padding-right:8px;'>write-in:</td><td style='text-align:right;padding-right:8px;'>0</td><td style='text-align:right;'>0.0%</td></tr></table></div>" }, "geometry": { "type": "Point", "coordinates": [ -87.931572679462306, 43.005173814515793 ] } },
{ "type": "Feature", "properties": { "ward": "City of Milwaukee Ward 228", "candidate": "Sylvia Ortiz-Velez", "votes": 8.0, "color": "#377EB8", "popup": "<div><strong>City of Milwaukee Ward 228</strong><div><strong>Representative to the Assembly, District 8</strong><table style='border-collapse:collapse;margin-top:4px;'><tr><th></th><th style='text-align:right;padding-right:8px;'>Votes</th><th style='text-align:right;'>Percent</th></tr><tr><td style='padding-right:8px;'>Ismael Luna</td><td style='text-align:right;padding-right:8px;'>52</td><td style='text-align:right;'>86.7%</td></tr><tr><td style='padding-right:8px;'>Sylvia Ortiz-Velez</td><td style='text-align:right;padding-right:8px;'>8</td><td style='text-align:right;'>13.3%</td></tr><tr><td style='padding-right:8px;'>write-in:</td><td style='text-align:right;padding-right:8px;'>0</td><td style='text-align:right;'>0.0%</td></tr></table></div>" }, "geometry": { "type": "Point", "coordinates": [ -87.928154243423492, 43.021138953221559 ] } },
{ "type": "Feature", "properties": { "ward": "City of Milwaukee Ward 226", "candidate": "Sylvia Ortiz-Velez", "votes": 9.0, "color": "#377EB8", "popup": "<div><strong>City of Milwaukee Ward 226</strong><div><strong>Representative to the Assembly, District 8</strong><table style='border-collapse:collapse;margin-top:4px;'><tr><th></th><th style='text-align:right;padding-right:8px;'>Votes</th><th style='text-align:right;'>Percent</th></tr><tr><td style='padding-right:8px;'>Ismael Luna</td><td style='text-align:right;padding-right:8px;'>32</td><td style='text-align:right;'>78.0%</td></tr><tr><td style='padding-right:8px;'>Sylvia Ortiz-Velez</td><td style='text-align:right;padding-right:8px;'>9</td><td style='text-align:right;'>22.0%</td></tr><tr><td style='padding-right:8px;'>write-in:</td><td style='text-align:right;padding-right:8px;'>0</td><td style='text-align:right;'>0.0%</td></tr></table></div>" }, "geometry": { "type": "Point", "coordinates": [ -87.929533334436286, 43.014159807470733 ] } },
{ "type": "Feature", "properties": { "ward": "City of Milwaukee Ward 224", "candidate": "Sylvia Ortiz-Velez", "votes": 11.0, "color": "#377EB8", "popup": "<div><strong>City of Milwaukee Ward 224</strong><div><strong>Representative to the Assembly, District 8</strong><table style='border-collapse:collapse;margin-top:4px;'><tr><th></th><th style='text-align:right;padding-right:8px;'>Votes</th><th style='text-align:right;'>Percent</th></tr><tr><td style='padding-right:8px;'>Ismael Luna</td><td style='text-align:right;padding-right:8px;'>37</td><td style='text-align:right;'>77.1%</td></tr><tr><td style='padding-right:8px;'>Sylvia Ortiz-Velez</td><td style='text-align:right;padding-right:8px;'>11</td><td style='text-align:right;'>22.9%</td></tr><tr><td style='padding-right:8px;'>write-in:</td><td style='text-align:right;padding-right:8px;'>0</td><td style='text-align:right;'>0.0%</td></tr></table></div>" }, "geometry": { "type": "Point", "coordinates": [ -87.935519690046419, 43.01642469800845 ] } },
{ "type": "Feature", "properties": { "ward": "City of Milwaukee Ward 219", "candidate": "Sylvia Ortiz-Velez", "votes": 12.0, "color": "#377EB8", "popup": "<div><strong>City of Milwaukee Ward 219</strong><div><strong>Representative to the Assembly, District 8</strong><table style='border-collapse:collapse;margin-top:4px;'><tr><th></th><th style='text-align:right;padding-right:8px;'>Votes</th><th style='text-align:right;'>Percent</th></tr><tr><td style='padding-right:8px;'>Ismael Luna</td><td style='text-align:right;padding-right:8px;'>46</td><td style='text-align:right;'>79.3%</td></tr><tr><td style='padding-right:8px;'>Sylvia Ortiz-Velez</td><td style='text-align:right;padding-right:8px;'>12</td><td style='text-align:right;'>20.7%</td></tr><tr><td style='padding-right:8px;'>write-in:</td><td style='text-align:right;padding-right:8px;'>0</td><td style='text-align:right;'>0.0%</td></tr></table></div>" }, "geometry": { "type": "Point", "coordinates": [ -87.940655360436949, 43.004849490668349 ] } },
{ "type": "Feature", "properties": { "ward": "City of Milwaukee Ward 231", "candidate": "Sylvia Ortiz-Velez", "votes": 13.0, "color": "#377EB8", "popup": "<div><strong>City of Milwaukee Ward 231</strong><div><strong>Representative to the Assembly, District 8</strong><table style='border-collapse:collapse;margin-top:4px;'><tr><th></th><th style='text-align:right;padding-right:8px;'>Votes</th><th style='text-align:right;'>Percent</th></tr><tr><td style='padding-right:8px;'>Ismael Luna</td><td style='text-align:right;padding-right:8px;'>64</td><td style='text-align:right;'>83.1%</td></tr><tr><td style='padding-right:8px;'>Sylvia Ortiz-Velez</td><td style='text-align:right;padding-right:8px;'>13</td><td style='text-align:right;'>16.9%</td></tr><tr><td style='padding-right:8px;'>write-in:</td><td style='text-align:right;padding-right:8px;'>0</td><td style='text-align:right;'>0.0%</td></tr></table></div>" }, "geometry": { "type": "Point", "coordinates": [ -87.922414322675323, 43.019105976402557 ] } },
{ "type": "Feature", "properties": { "ward": "City of Milwaukee Ward 309", "candidate": "Sylvia Ortiz-Velez", "votes": 13.0, "color": "#377EB8", "popup": "<div><strong>City of Milwaukee Ward 309</strong><div><strong>Representative to the Assembly, District 8</strong><table style='border-collapse:collapse;margin-top:4px;'><tr><th></th><th style='text-align:right;padding-right:8px;'>Votes</th><th style='text-align:right;'>Percent</th></tr><tr><td style='padding-right:8px;'>Ismael Luna</td><td style='text-align:right;padding-right:8px;'>62</td><td style='text-align:right;'>81.6%</td></tr><tr><td style='padding-right:8px;'>Sylvia Ortiz-Velez</td><td style='text-align:right;padding-right:8px;'>13</td><td style='text-align:right;'>17.1%</td></tr><tr><td style='padding-right:8px;'>write-in:</td><td style='text-align:right;padding-right:8px;'>1</td><td style='text-align:right;'>1.3%</td></tr></table></div>" }, "geometry": { "type": "Point", "coordinates": [ -87.915905092205506, 42.997142343816094 ] } },
{ "type": "Feature", "properties": { "ward": "City of Milwaukee Ward 220", "candidate": "Sylvia Ortiz-Velez", "votes": 14.0, "color": "#377EB8", "popup": "<div><strong>City of Milwaukee Ward 220</strong><div><strong>Representative to the Assembly, District 8</strong><table style='border-collapse:collapse;margin-top:4px;'><tr><th></th><th style='text-align:right;padding-right:8px;'>Votes</th><th style='text-align:right;'>Percent</th></tr><tr><td style='padding-right:8px;'>Ismael Luna</td><td style='text-align:right;padding-right:8px;'>59</td><td style='text-align:right;'>80.8%</td></tr><tr><td style='padding-right:8px;'>Sylvia Ortiz-Velez</td><td style='text-align:right;padding-right:8px;'>14</td><td style='text-align:right;'>19.2%</td></tr><tr><td style='padding-right:8px;'>write-in:</td><td style='text-align:right;padding-right:8px;'>0</td><td style='text-align:right;'>0.0%</td></tr></table></div>" }, "geometry": { "type": "Point", "coordinates": [ -87.940477309562624, 43.015875736434268 ] } },
{ "type": "Feature", "properties": { "ward": "City of Milwaukee Ward 235", "candidate": "Sylvia Ortiz-Velez", "votes": 14.0, "color": "#377EB8", "popup": "<div><strong>City of Milwaukee Ward 235</strong><div><strong>Representative to the Assembly, District 8</strong><table style='border-collapse:collapse;margin-top:4px;'><tr><th></th><th style='text-align:right;padding-right:8px;'>Votes</th><th style='text-align:right;'>Percent</th></tr><tr><td style='padding-right:8px;'>Ismael Luna</td><td style='text-align:right;padding-right:8px;'>67</td><td style='text-align:right;'>82.7%</td></tr><tr><td style='padding-right:8px;'>Sylvia Ortiz-Velez</td><td style='text-align:right;padding-right:8px;'>14</td><td style='text-align:right;'>17.3%</td></tr><tr><td style='padding-right:8px;'>write-in:</td><td style='text-align:right;padding-right:8px;'>0</td><td style='text-align:right;'>0.0%</td></tr></table></div>" }, "geometry": { "type": "Point", "coordinates": [ -87.913869925308589, 43.012775904837731 ] } },
{ "type": "Feature", "properties": { "ward": "City of Milwaukee Ward 232", "candidate": "Sylvia Ortiz-Velez", "votes": 15.0, "color": "#377EB8", "popup": "<div><strong>City of Milwaukee Ward 232</strong><div><strong>Representative to the Assembly, District 8</strong><table style='border-collapse:collapse;margin-top:4px;'><tr><th></th><th style='text-align:right;padding-right:8px;'>Votes</th><th style='text-align:right;'>Percent</th></tr><tr><td style='padding-right:8px;'>Ismael Luna</td><td style='text-align:right;padding-right:8px;'>79</td><td style='text-align:right;'>84.0%</td></tr><tr><td style='padding-right:8px;'>Sylvia Ortiz-Velez</td><td style='text-align:right;padding-right:8px;'>15</td><td style='text-align:right;'>16.0%</td></tr><tr><td style='padding-right:8px;'>write-in:</td><td style='text-align:right;padding-right:8px;'>0</td><td style='text-align:right;'>0.0%</td></tr></table></div>" }, "geometry": { "type": "Point", "coordinates": [ -87.922429292014911, 43.014665819451302 ] } },
{ "type": "Feature", "properties": { "ward": "City of Milwaukee Ward 247", "candidate": "Sylvia Ortiz-Velez", "votes": 15.0, "color": "#377EB8", "popup": "<div><strong>City of Milwaukee Ward 247</strong><div><strong>Representative to the Assembly, District 8</strong><table style='border-collapse:collapse;margin-top:4px;'><tr><th></th><th style='text-align:right;padding-right:8px;'>Votes</th><th style='text-align:right;'>Percent</th></tr><tr><td style='padding-right:8px;'>Ismael Luna</td><td style='text-align:right;padding-right:8px;'>58</td><td style='text-align:right;'>79.5%</td></tr><tr><td style='padding-right:8px;'>Sylvia Ortiz-Velez</td><td style='text-align:right;padding-right:8px;'>15</td><td style='text-align:right;'>20.5%</td></tr><tr><td style='padding-right:8px;'>write-in:</td><td style='text-align:right;padding-right:8px;'>0</td><td style='text-align:right;'>0.0%</td></tr></table></div>" }, "geometry": { "type": "Point", "coordinates": [ -87.93581296897149, 43.002774841038161 ] } },
{ "type": "Feature", "properties": { "ward": "City of Milwaukee Ward 218", "candidate": "Sylvia Ortiz-Velez", "votes": 18.0, "color": "#377EB8", "popup": "<div><strong>City of Milwaukee Ward 218</strong><div><strong>Representative to the Assembly, District 8</strong><table style='border-collapse:collapse;margin-top:4px;'><tr><th></th><th style='text-align:right;padding-right:8px;'>Votes</th><th style='text-align:right;'>Percent</th></tr><tr><td style='padding-right:8px;'>Ismael Luna</td><td style='text-align:right;padding-right:8px;'>118</td><td style='text-align:right;'>86.8%</td></tr><tr><td style='padding-right:8px;'>Sylvia Ortiz-Velez</td><td style='text-align:right;padding-right:8px;'>18</td><td style='text-align:right;'>13.2%</td></tr><tr><td style='padding-right:8px;'>write-in:</td><td style='text-align:right;padding-right:8px;'>0</td><td style='text-align:right;'>0.0%</td></tr></table></div>" }, "geometry": { "type": "Point", "coordinates": [ -87.944877268159772, 43.008107564713022 ] } },
{ "type": "Feature", "properties": { "ward": "City of Milwaukee Ward 245", "candidate": "Sylvia Ortiz-Velez", "votes": 18.0, "color": "#377EB8", "popup": "<div><strong>City of Milwaukee Ward 245</strong><div><strong>Representative to the Assembly, District 8</strong><table style='border-collapse:collapse;margin-top:4px;'><tr><th></th><th style='text-align:right;padding-right:8px;'>Votes</th><th style='text-align:right;'>Percent</th></tr><tr><td style='padding-right:8px;'>Ismael Luna</td><td style='text-align:right;padding-right:8px;'>19</td><td style='text-align:right;'>51.4%</td></tr><tr><td style='padding-right:8px;'>Sylvia Ortiz-Velez</td><td style='text-align:right;padding-right:8px;'>18</td><td style='text-align:right;'>48.6%</td></tr><tr><td style='padding-right:8px;'>write-in:</td><td style='text-align:right;padding-right:8px;'>0</td><td style='text-align:right;'>0.0%</td></tr></table></div>" }, "geometry": { "type": "Point", "coordinates": [ -87.927775152798276, 43.004865329665492 ] } },
{ "type": "Feature", "properties": { "ward": "City of Milwaukee Ward 246", "candidate": "Ismael Luna", "votes": 18.0, "color": "#E41A1C", "popup": "<div><strong>City of Milwaukee Ward 246</strong><div><strong>Representative to the Assembly, District 8</strong><table style='border-collapse:collapse;margin-top:4px;'><tr><th></th><th style='text-align:right;padding-right:8px;'>Votes</th><th style='text-align:right;'>Percent</th></tr><tr><td style='padding-right:8px;'>Ismael Luna</td><td style='text-align:right;padding-right:8px;'>18</td><td style='text-align:right;'>72.0%</td></tr><tr><td style='padding-right:8px;'>Sylvia Ortiz-Velez</td><td style='text-align:right;padding-right:8px;'>7</td><td style='text-align:right;'>28.0%</td></tr><tr><td style='padding-right:8px;'>write-in:</td><td style='text-align:right;padding-right:8px;'>0</td><td style='text-align:right;'>0.0%</td></tr></table></div>" }, "geometry": { "type": "Point", "coordinates": [ -87.931572679462306, 43.005173814515793 ] } },
{ "type": "Feature", "properties": { "ward": "City of Milwaukee Ward 245", "candidate": "Ismael Luna", "votes": 19.0, "color": "#E41A1C", "popup": "<div><strong>City of Milwaukee Ward 245</strong><div><strong>Representative to the Assembly, District 8</strong><table style='border-collapse:collapse;margin-top:4px;'><tr><th></th><th style='text-align:right;padding-right:8px;'>Votes</th><th style='text-align:right;'>Percent</th></tr><tr><td style='padding-right:8px;'>Ismael Luna</td><td style='text-align:right;padding-right:8px;'>19</td><td style='text-align:right;'>51.4%</td></tr><tr><td style='padding-right:8px;'>Sylvia Ortiz-Velez</td><td style='text-align:right;padding-right:8px;'>18</td><td style='text-align:right;'>48.6%</td></tr><tr><td style='padding-right:8px;'>write-in:</td><td style='text-align:right;padding-right:8px;'>0</td><td style='text-align:right;'>0.0%</td></tr></table></div>" }, "geometry": { "type": "Point", "coordinates": [ -87.927775152798276, 43.004865329665492 ] } },
{ "type": "Feature", "properties": { "ward": "City of Milwaukee Ward 217", "candidate": "Sylvia Ortiz-Velez", "votes": 20.0, "color": "#377EB8", "popup": "<div><strong>City of Milwaukee Ward 217</strong><div><strong>Representative to the Assembly, District 8</strong><table style='border-collapse:collapse;margin-top:4px;'><tr><th></th><th style='text-align:right;padding-right:8px;'>Votes</th><th style='text-align:right;'>Percent</th></tr><tr><td style='padding-right:8px;'>Ismael Luna</td><td style='text-align:right;padding-right:8px;'>52</td><td style='text-align:right;'>72.2%</td></tr><tr><td style='padding-right:8px;'>Sylvia Ortiz-Velez</td><td style='text-align:right;padding-right:8px;'>20</td><td style='text-align:right;'>27.8%</td></tr><tr><td style='padding-right:8px;'>write-in:</td><td style='text-align:right;padding-right:8px;'>0</td><td style='text-align:right;'>0.0%</td></tr></table></div>" }, "geometry": { "type": "Point", "coordinates": [ -87.945087660351703, 43.012415326116397 ] } },
{ "type": "Feature", "properties": { "ward": "City of Milwaukee Ward 243", "candidate": "Sylvia Ortiz-Velez", "votes": 20.0, "color": "#377EB8", "popup": "<div><strong>City of Milwaukee Ward 243</strong><div><strong>Representative to the Assembly, District 8</strong><table style='border-collapse:collapse;margin-top:4px;'><tr><th></th><th style='text-align:right;padding-right:8px;'>Votes</th><th style='text-align:right;'>Percent</th></tr><tr><td style='padding-right:8px;'>Ismael Luna</td><td style='text-align:right;padding-right:8px;'>67</td><td style='text-align:right;'>77.0%</td></tr><tr><td style='padding-right:8px;'>Sylvia Ortiz-Velez</td><td style='text-align:right;padding-right:8px;'>20</td><td style='text-align:right;'>23.0%</td></tr><tr><td style='padding-right:8px;'>write-in:</td><td style='text-align:right;padding-right:8px;'>0</td><td style='text-align:right;'>0.0%</td></tr></table></div>" }, "geometry": { "type": "Point", "coordinates": [ -87.922185699592944, 42.994333926893297 ] } },
{ "type": "Feature", "properties": { "ward": "City of Milwaukee Ward 227", "candidate": "Ismael Luna", "votes": 24.0, "color": "#E41A1C", "popup": "<div><strong>City of Milwaukee Ward 227</strong><div><strong>Representative to the Assembly, District 8</strong><table style='border-collapse:collapse;margin-top:4px;'><tr><th></th><th style='text-align:right;padding-right:8px;'>Votes</th><th style='text-align:right;'>Percent</th></tr><tr><td style='padding-right:8px;'>Ismael Luna</td><td style='text-align:right;padding-right:8px;'>24</td><td style='text-align:right;'>85.7%</td></tr><tr><td style='padding-right:8px;'>Sylvia Ortiz-Velez</td><td style='text-align:right;padding-right:8px;'>4</td><td style='text-align:right;'>14.3%</td></tr><tr><td style='padding-right:8px;'>write-in:</td><td style='text-align:right;padding-right:8px;'>0</td><td style='text-align:right;'>0.0%</td></tr></table></div>" }, "geometry": { "type": "Point", "coordinates": [ -87.930849782607723, 43.017554100717355 ] } },
{ "type": "Feature", "properties": { "ward": "City of Milwaukee Ward 242", "candidate": "Sylvia Ortiz-Velez", "votes": 26.0, "color": "#377EB8", "popup": "<div><strong>City of Milwaukee Ward 242</strong><div><strong>Representative to the Assembly, District 8</strong><table style='border-collapse:collapse;margin-top:4px;'><tr><th></th><th style='text-align:right;padding-right:8px;'>Votes</th><th style='text-align:right;'>Percent</th></tr><tr><td style='padding-right:8px;'>Ismael Luna</td><td style='text-align:right;padding-right:8px;'>56</td><td style='text-align:right;'>67.5%</td></tr><tr><td style='padding-right:8px;'>Sylvia Ortiz-Velez</td><td style='text-align:right;padding-right:8px;'>26</td><td style='text-align:right;'>31.3%</td></tr><tr><td style='padding-right:8px;'>write-in:</td><td style='text-align:right;padding-right:8px;'>1</td><td style='text-align:right;'>1.2%</td></tr></table></div>" }, "geometry": { "type": "Point", "coordinates": [ -87.921393544300514, 43.003863459131992 ] } },
{ "type": "Feature", "properties": { "ward": "City of Milwaukee Ward 305", "candidate": "Ismael Luna", "votes": 29.0, "color": "#E41A1C", "popup": "<div><strong>City of Milwaukee Ward 305</strong><div><strong>Representative to the Assembly, District 8</strong><table style='border-collapse:collapse;margin-top:4px;'><tr><th></th><th style='text-align:right;padding-right:8px;'>Votes</th><th style='text-align:right;'>Percent</th></tr><tr><td style='padding-right:8px;'>Ismael Luna</td><td style='text-align:right;padding-right:8px;'>29</td><td style='text-align:right;'>85.3%</td></tr><tr><td style='padding-right:8px;'>Sylvia Ortiz-Velez</td><td style='text-align:right;padding-right:8px;'>5</td><td style='text-align:right;'>14.7%</td></tr><tr><td style='padding-right:8px;'>write-in:</td><td style='text-align:right;padding-right:8px;'>0</td><td style='text-align:right;'>0.0%</td></tr></table></div>" }, "geometry": { "type": "Point", "coordinates": [ -87.935544084611038, 43.020969822181179 ] } },
{ "type": "Feature", "properties": { "ward": "City of Milwaukee Ward 226", "candidate": "Ismael Luna", "votes": 32.0, "color": "#E41A1C", "popup": "<div><strong>City of Milwaukee Ward 226</strong><div><strong>Representative to the Assembly, District 8</strong><table style='border-collapse:collapse;margin-top:4px;'><tr><th></th><th style='text-align:right;padding-right:8px;'>Votes</th><th style='text-align:right;'>Percent</th></tr><tr><td style='padding-right:8px;'>Ismael Luna</td><td style='text-align:right;padding-right:8px;'>32</td><td style='text-align:right;'>78.0%</td></tr><tr><td style='padding-right:8px;'>Sylvia Ortiz-Velez</td><td style='text-align:right;padding-right:8px;'>9</td><td style='text-align:right;'>22.0%</td></tr><tr><td style='padding-right:8px;'>write-in:</td><td style='text-align:right;padding-right:8px;'>0</td><td style='text-align:right;'>0.0%</td></tr></table></div>" }, "geometry": { "type": "Point", "coordinates": [ -87.929533334436286, 43.014159807470733 ] } },
{ "type": "Feature", "properties": { "ward": "City of Milwaukee Ward 244", "candidate": "Ismael Luna", "votes": 33.0, "color": "#E41A1C", "popup": "<div><strong>City of Milwaukee Ward 244</strong><div><strong>Representative to the Assembly, District 8</strong><table style='border-collapse:collapse;margin-top:4px;'><tr><th></th><th style='text-align:right;padding-right:8px;'>Votes</th><th style='text-align:right;'>Percent</th></tr><tr><td style='padding-right:8px;'>Ismael Luna</td><td style='text-align:right;padding-right:8px;'>33</td><td style='text-align:right;'>84.6%</td></tr><tr><td style='padding-right:8px;'>Sylvia Ortiz-Velez</td><td style='text-align:right;padding-right:8px;'>6</td><td style='text-align:right;'>15.4%</td></tr><tr><td style='padding-right:8px;'>write-in:</td><td style='text-align:right;padding-right:8px;'>0</td><td style='text-align:right;'>0.0%</td></tr></table></div>" }, "geometry": { "type": "Point", "coordinates": [ -87.931397843907632, 43.000272987421383 ] } },
{ "type": "Feature", "properties": { "ward": "City of Milwaukee Ward 310", "candidate": "Sylvia Ortiz-Velez", "votes": 33.0, "color": "#377EB8", "popup": "<div><strong>City of Milwaukee Ward 310</strong><div><strong>Representative to the Assembly, District 8</strong><table style='border-collapse:collapse;margin-top:4px;'><tr><th></th><th style='text-align:right;padding-right:8px;'>Votes</th><th style='text-align:right;'>Percent</th></tr><tr><td style='padding-right:8px;'>Ismael Luna</td><td style='text-align:right;padding-right:8px;'>88</td><td style='text-align:right;'>72.7%</td></tr><tr><td style='padding-right:8px;'>Sylvia Ortiz-Velez</td><td style='text-align:right;padding-right:8px;'>33</td><td style='text-align:right;'>27.3%</td></tr><tr><td style='padding-right:8px;'>write-in:</td><td style='text-align:right;padding-right:8px;'>0</td><td style='text-align:right;'>0.0%</td></tr></table></div>" }, "geometry": { "type": "Point", "coordinates": [ -87.909761706382341, 42.997296186041424 ] } },
{ "type": "Feature", "properties": { "ward": "City of Milwaukee Ward 224", "candidate": "Ismael Luna", "votes": 37.0, "color": "#E41A1C", "popup": "<div><strong>City of Milwaukee Ward 224</strong><div><strong>Representative to the Assembly, District 8</strong><table style='border-collapse:collapse;margin-top:4px;'><tr><th></th><th style='text-align:right;padding-right:8px;'>Votes</th><th style='text-align:right;'>Percent</th></tr><tr><td style='padding-right:8px;'>Ismael Luna</td><td style='text-align:right;padding-right:8px;'>37</td><td style='text-align:right;'>77.1%</td></tr><tr><td style='padding-right:8px;'>Sylvia Ortiz-Velez</td><td style='text-align:right;padding-right:8px;'>11</td><td style='text-align:right;'>22.9%</td></tr><tr><td style='padding-right:8px;'>write-in:</td><td style='text-align:right;padding-right:8px;'>0</td><td style='text-align:right;'>0.0%</td></tr></table></div>" }, "geometry": { "type": "Point", "coordinates": [ -87.935519690046419, 43.01642469800845 ] } },
{ "type": "Feature", "properties": { "ward": "City of Milwaukee Ward 225", "candidate": "Sylvia Ortiz-Velez", "votes": 37.0, "color": "#377EB8", "popup": "<div><strong>City of Milwaukee Ward 225</strong><div><strong>Representative to the Assembly, District 8</strong><table style='border-collapse:collapse;margin-top:4px;'><tr><th></th><th style='text-align:right;padding-right:8px;'>Votes</th><th style='text-align:right;'>Percent</th></tr><tr><td style='padding-right:8px;'>Ismael Luna</td><td style='text-align:right;padding-right:8px;'>71</td><td style='text-align:right;'>65.7%</td></tr><tr><td style='padding-right:8px;'>Sylvia Ortiz-Velez</td><td style='text-align:right;padding-right:8px;'>37</td><td style='text-align:right;'>34.3%</td></tr><tr><td style='padding-right:8px;'>write-in:</td><td style='text-align:right;padding-right:8px;'>0</td><td style='text-align:right;'>0.0%</td></tr></table></div>" }, "geometry": { "type": "Point", "coordinates": [ -87.933522023618764, 43.009441740290242 ] } },
{ "type": "Feature", "properties": { "ward": "City of Milwaukee Ward 306", "candidate": "Ismael Luna", "votes": 44.0, "color": "#E41A1C", "popup": "<div><strong>City of Milwaukee Ward 306</strong><div><strong>Representative to the Assembly, District 8</strong><table style='border-collapse:collapse;margin-top:4px;'><tr><th></th><th style='text-align:right;padding-right:8px;'>Votes</th><th style='text-align:right;'>Percent</th></tr><tr><td style='padding-right:8px;'>Ismael Luna</td><td style='text-align:right;padding-right:8px;'>44</td><td style='text-align:right;'>88.0%</td></tr><tr><td style='padding-right:8px;'>Sylvia Ortiz-Velez</td><td style='text-align:right;padding-right:8px;'>6</td><td style='text-align:right;'>12.0%</td></tr><tr><td style='padding-right:8px;'>write-in:</td><td style='text-align:right;padding-right:8px;'>0</td><td style='text-align:right;'>0.0%</td></tr></table></div>" }, "geometry": { "type": "Point", "coordinates": [ -87.940514726690125, 43.020850650272756 ] } },
{ "type": "Feature", "properties": { "ward": "City of Milwaukee Ward 219", "candidate": "Ismael Luna", "votes": 46.0, "color": "#E41A1C", "popup": "<div><strong>City of Milwaukee Ward 219</strong><div><strong>Representative to the Assembly, District 8</strong><table style='border-collapse:collapse;margin-top:4px;'><tr><th></th><th style='text-align:right;padding-right:8px;'>Votes</th><th style='text-align:right;'>Percent</th></tr><tr><td style='padding-right:8px;'>Ismael Luna</td><td style='text-align:right;padding-right:8px;'>46</td><td style='text-align:right;'>79.3%</td></tr><tr><td style='padding-right:8px;'>Sylvia Ortiz-Velez</td><td style='text-align:right;padding-right:8px;'>12</td><td style='text-align:right;'>20.7%</td></tr><tr><td style='padding-right:8px;'>write-in:</td><td style='text-align:right;padding-right:8px;'>0</td><td style='text-align:right;'>0.0%</td></tr></table></div>" }, "geometry": { "type": "Point", "coordinates": [ -87.940655360436949, 43.004849490668349 ] } },
{ "type": "Feature", "properties": { "ward": "City of Milwaukee Ward 280", "candidate": "Sylvia Ortiz-Velez", "votes": 47.0, "color": "#377EB8", "popup": "<div><strong>City of Milwaukee Ward 280</strong><div><strong>Representative to the Assembly, District 8</strong><table style='border-collapse:collapse;margin-top:4px;'><tr><th></th><th style='text-align:right;padding-right:8px;'>Votes</th><th style='text-align:right;'>Percent</th></tr><tr><td style='padding-right:8px;'>Ismael Luna</td><td style='text-align:right;padding-right:8px;'>88</td><td style='text-align:right;'>65.2%</td></tr><tr><td style='padding-right:8px;'>Sylvia Ortiz-Velez</td><td style='text-align:right;padding-right:8px;'>47</td><td style='text-align:right;'>34.8%</td></tr><tr><td style='padding-right:8px;'>write-in:</td><td style='text-align:right;padding-right:8px;'>0</td><td style='text-align:right;'>0.0%</td></tr></table></div>" }, "geometry": { "type": "Point", "coordinates": [ -87.918661133278576, 42.984745957369057 ] } },
{ "type": "Feature", "properties": { "ward": "City of Milwaukee Ward 217", "candidate": "Ismael Luna", "votes": 52.0, "color": "#E41A1C", "popup": "<div><strong>City of Milwaukee Ward 217</strong><div><strong>Representative to the Assembly, District 8</strong><table style='border-collapse:collapse;margin-top:4px;'><tr><th></th><th style='text-align:right;padding-right:8px;'>Votes</th><th style='text-align:right;'>Percent</th></tr><tr><td style='padding-right:8px;'>Ismael Luna</td><td style='text-align:right;padding-right:8px;'>52</td><td style='text-align:right;'>72.2%</td></tr><tr><td style='padding-right:8px;'>Sylvia Ortiz-Velez</td><td style='text-align:right;padding-right:8px;'>20</td><td style='text-align:right;'>27.8%</td></tr><tr><td style='padding-right:8px;'>write-in:</td><td style='text-align:right;padding-right:8px;'>0</td><td style='text-align:right;'>0.0%</td></tr></table></div>" }, "geometry": { "type": "Point", "coordinates": [ -87.945087660351703, 43.012415326116397 ] } },
{ "type": "Feature", "properties": { "ward": "City of Milwaukee Ward 228", "candidate": "Ismael Luna", "votes": 52.0, "color": "#E41A1C", "popup": "<div><strong>City of Milwaukee Ward 228</strong><div><strong>Representative to the Assembly, District 8</strong><table style='border-collapse:collapse;margin-top:4px;'><tr><th></th><th style='text-align:right;padding-right:8px;'>Votes</th><th style='text-align:right;'>Percent</th></tr><tr><td style='padding-right:8px;'>Ismael Luna</td><td style='text-align:right;padding-right:8px;'>52</td><td style='text-align:right;'>86.7%</td></tr><tr><td style='padding-right:8px;'>Sylvia Ortiz-Velez</td><td style='text-align:right;padding-right:8px;'>8</td><td style='text-align:right;'>13.3%</td></tr><tr><td style='padding-right:8px;'>write-in:</td><td style='text-align:right;padding-right:8px;'>0</td><td style='text-align:right;'>0.0%</td></tr></table></div>" }, "geometry": { "type": "Point", "coordinates": [ -87.928154243423492, 43.021138953221559 ] } },
{ "type": "Feature", "properties": { "ward": "City of Milwaukee Ward 242", "candidate": "Ismael Luna", "votes": 56.0, "color": "#E41A1C", "popup": "<div><strong>City of Milwaukee Ward 242</strong><div><strong>Representative to the Assembly, District 8</strong><table style='border-collapse:collapse;margin-top:4px;'><tr><th></th><th style='text-align:right;padding-right:8px;'>Votes</th><th style='text-align:right;'>Percent</th></tr><tr><td style='padding-right:8px;'>Ismael Luna</td><td style='text-align:right;padding-right:8px;'>56</td><td style='text-align:right;'>67.5%</td></tr><tr><td style='padding-right:8px;'>Sylvia Ortiz-Velez</td><td style='text-align:right;padding-right:8px;'>26</td><td style='text-align:right;'>31.3%</td></tr><tr><td style='padding-right:8px;'>write-in:</td><td style='text-align:right;padding-right:8px;'>1</td><td style='text-align:right;'>1.2%</td></tr></table></div>" }, "geometry": { "type": "Point", "coordinates": [ -87.921393544300514, 43.003863459131992 ] } },
{ "type": "Feature", "properties": { "ward": "City of Milwaukee Ward 247", "candidate": "Ismael Luna", "votes": 58.0, "color": "#E41A1C", "popup": "<div><strong>City of Milwaukee Ward 247</strong><div><strong>Representative to the Assembly, District 8</strong><table style='border-collapse:collapse;margin-top:4px;'><tr><th></th><th style='text-align:right;padding-right:8px;'>Votes</th><th style='text-align:right;'>Percent</th></tr><tr><td style='padding-right:8px;'>Ismael Luna</td><td style='text-align:right;padding-right:8px;'>58</td><td style='text-align:right;'>79.5%</td></tr><tr><td style='padding-right:8px;'>Sylvia Ortiz-Velez</td><td style='text-align:right;padding-right:8px;'>15</td><td style='text-align:right;'>20.5%</td></tr><tr><td style='padding-right:8px;'>write-in:</td><td style='text-align:right;padding-right:8px;'>0</td><td style='text-align:right;'>0.0%</td></tr></table></div>" }, "geometry": { "type": "Point", "coordinates": [ -87.93581296897149, 43.002774841038161 ] } },
{ "type": "Feature", "properties": { "ward": "City of Milwaukee Ward 220", "candidate": "Ismael Luna", "votes": 59.0, "color": "#E41A1C", "popup": "<div><strong>City of Milwaukee Ward 220</strong><div><strong>Representative to the Assembly, District 8</strong><table style='border-collapse:collapse;margin-top:4px;'><tr><th></th><th style='text-align:right;padding-right:8px;'>Votes</th><th style='text-align:right;'>Percent</th></tr><tr><td style='padding-right:8px;'>Ismael Luna</td><td style='text-align:right;padding-right:8px;'>59</td><td style='text-align:right;'>80.8%</td></tr><tr><td style='padding-right:8px;'>Sylvia Ortiz-Velez</td><td style='text-align:right;padding-right:8px;'>14</td><td style='text-align:right;'>19.2%</td></tr><tr><td style='padding-right:8px;'>write-in:</td><td style='text-align:right;padding-right:8px;'>0</td><td style='text-align:right;'>0.0%</td></tr></table></div>" }, "geometry": { "type": "Point", "coordinates": [ -87.940477309562624, 43.015875736434268 ] } },
{ "type": "Feature", "properties": { "ward": "City of Milwaukee Ward 309", "candidate": "Ismael Luna", "votes": 62.0, "color": "#E41A1C", "popup": "<div><strong>City of Milwaukee Ward 309</strong><div><strong>Representative to the Assembly, District 8</strong><table style='border-collapse:collapse;margin-top:4px;'><tr><th></th><th style='text-align:right;padding-right:8px;'>Votes</th><th style='text-align:right;'>Percent</th></tr><tr><td style='padding-right:8px;'>Ismael Luna</td><td style='text-align:right;padding-right:8px;'>62</td><td style='text-align:right;'>81.6%</td></tr><tr><td style='padding-right:8px;'>Sylvia Ortiz-Velez</td><td style='text-align:right;padding-right:8px;'>13</td><td style='text-align:right;'>17.1%</td></tr><tr><td style='padding-right:8px;'>write-in:</td><td style='text-align:right;padding-right:8px;'>1</td><td style='text-align:right;'>1.3%</td></tr></table></div>" }, "geometry": { "type": "Point", "coordinates": [ -87.915905092205506, 42.997142343816094 ] } },
{ "type": "Feature", "properties": { "ward": "City of Milwaukee Ward 231", "candidate": "Ismael Luna", "votes": 64.0, "color": "#E41A1C", "popup": "<div><strong>City of Milwaukee Ward 231</strong><div><strong>Representative to the Assembly, District 8</strong><table style='border-collapse:collapse;margin-top:4px;'><tr><th></th><th style='text-align:right;padding-right:8px;'>Votes</th><th style='text-align:right;'>Percent</th></tr><tr><td style='padding-right:8px;'>Ismael Luna</td><td style='text-align:right;padding-right:8px;'>64</td><td style='text-align:right;'>83.1%</td></tr><tr><td style='padding-right:8px;'>Sylvia Ortiz-Velez</td><td style='text-align:right;padding-right:8px;'>13</td><td style='text-align:right;'>16.9%</td></tr><tr><td style='padding-right:8px;'>write-in:</td><td style='text-align:right;padding-right:8px;'>0</td><td style='text-align:right;'>0.0%</td></tr></table></div>" }, "geometry": { "type": "Point", "coordinates": [ -87.922414322675323, 43.019105976402557 ] } },
{ "type": "Feature", "properties": { "ward": "City of Milwaukee Ward 235", "candidate": "Ismael Luna", "votes": 67.0, "color": "#E41A1C", "popup": "<div><strong>City of Milwaukee Ward 235</strong><div><strong>Representative to the Assembly, District 8</strong><table style='border-collapse:collapse;margin-top:4px;'><tr><th></th><th style='text-align:right;padding-right:8px;'>Votes</th><th style='text-align:right;'>Percent</th></tr><tr><td style='padding-right:8px;'>Ismael Luna</td><td style='text-align:right;padding-right:8px;'>67</td><td style='text-align:right;'>82.7%</td></tr><tr><td style='padding-right:8px;'>Sylvia Ortiz-Velez</td><td style='text-align:right;padding-right:8px;'>14</td><td style='text-align:right;'>17.3%</td></tr><tr><td style='padding-right:8px;'>write-in:</td><td style='text-align:right;padding-right:8px;'>0</td><td style='text-align:right;'>0.0%</td></tr></table></div>" }, "geometry": { "type": "Point", "coordinates": [ -87.913869925308589, 43.012775904837731 ] } },
{ "type": "Feature", "properties": { "ward": "City of Milwaukee Ward 243", "candidate": "Ismael Luna", "votes": 67.0, "color": "#E41A1C", "popup": "<div><strong>City of Milwaukee Ward 243</strong><div><strong>Representative to the Assembly, District 8</strong><table style='border-collapse:collapse;margin-top:4px;'><tr><th></th><th style='text-align:right;padding-right:8px;'>Votes</th><th style='text-align:right;'>Percent</th></tr><tr><td style='padding-right:8px;'>Ismael Luna</td><td style='text-align:right;padding-right:8px;'>67</td><td style='text-align:right;'>77.0%</td></tr><tr><td style='padding-right:8px;'>Sylvia Ortiz-Velez</td><td style='text-align:right;padding-right:8px;'>20</td><td style='text-align:right;'>23.0%</td></tr><tr><td style='padding-right:8px;'>write-in:</td><td style='text-align:right;padding-right:8px;'>0</td><td style='text-align:right;'>0.0%</td></tr></table></div>" }, "geometry": { "type": "Point", "coordinates": [ -87.922185699592944, 42.994333926893297 ] } },
{ "type": "Feature", "properties": { "ward": "City of Milwaukee Ward 225", "candidate": "Ismael Luna", "votes": 71.0, "color": "#E41A1C", "popup": "<div><strong>City of Milwaukee Ward 225</strong><div><strong>Representative to the Assembly, District 8</strong><table style='border-collapse:collapse;margin-top:4px;'><tr><th></th><th style='text-align:right;padding-right:8px;'>Votes</th><th style='text-align:right;'>Percent</th></tr><tr><td style='padding-right:8px;'>Ismael Luna</td><td style='text-align:right;padding-right:8px;'>71</td><td style='text-align:right;'>65.7%</td></tr><tr><td style='padding-right:8px;'>Sylvia Ortiz-Velez</td><td style='text-align:right;padding-right:8px;'>37</td><td style='text-align:right;'>34.3%</td></tr><tr><td style='padding-right:8px;'>write-in:</td><td style='text-align:right;padding-right:8px;'>0</td><td style='text-align:right;'>0.0%</td></tr></table></div>" }, "geometry": { "type": "Point", "coordinates": [ -87.933522023618764, 43.009441740290242 ] } },
{ "type": "Feature", "properties": { "ward": "City of Milwaukee Ward 232", "candidate": "Ismael Luna", "votes": 79.0, "color": "#E41A1C", "popup": "<div><strong>City of Milwaukee Ward 232</strong><div><strong>Representative to the Assembly, District 8</strong><table style='border-collapse:collapse;margin-top:4px;'><tr><th></th><th style='text-align:right;padding-right:8px;'>Votes</th><th style='text-align:right;'>Percent</th></tr><tr><td style='padding-right:8px;'>Ismael Luna</td><td style='text-align:right;padding-right:8px;'>79</td><td style='text-align:right;'>84.0%</td></tr><tr><td style='padding-right:8px;'>Sylvia Ortiz-Velez</td><td style='text-align:right;padding-right:8px;'>15</td><td style='text-align:right;'>16.0%</td></tr><tr><td style='padding-right:8px;'>write-in:</td><td style='text-align:right;padding-right:8px;'>0</td><td style='text-align:right;'>0.0%</td></tr></table></div>" }, "geometry": { "type": "Point", "coordinates": [ -87.922429292014911, 43.014665819451302 ] } },
{ "type": "Feature", "properties": { "ward": "City of Milwaukee Ward 280", "candidate": "Ismael Luna", "votes": 88.0, "color": "#E41A1C", "popup": "<div><strong>City of Milwaukee Ward 280</strong><div><strong>Representative to the Assembly, District 8</strong><table style='border-collapse:collapse;margin-top:4px;'><tr><th></th><th style='text-align:right;padding-right:8px;'>Votes</th><th style='text-align:right;'>Percent</th></tr><tr><td style='padding-right:8px;'>Ismael Luna</td><td style='text-align:right;padding-right:8px;'>88</td><td style='text-align:right;'>65.2%</td></tr><tr><td style='padding-right:8px;'>Sylvia Ortiz-Velez</td><td style='text-align:right;padding-right:8px;'>47</td><td style='text-align:right;'>34.8%</td></tr><tr><td style='padding-right:8px;'>write-in:</td><td style='text-align:right;padding-right:8px;'>0</td><td style='text-align:right;'>0.0%</td></tr></table></div>" }, "geometry": { "type": "Point", "coordinates": [ -87.918661133278576, 42.984745957369057 ] } },
{ "type": "Feature", "properties": { "ward": "City of Milwaukee Ward 310", "candidate": "Ismael Luna", "votes": 88.0, "color": "#E41A1C", "popup": "<div><strong>City of Milwaukee Ward 310</strong><div><strong>Representative to the Assembly, District 8</strong><table style='border-collapse:collapse;margin-top:4px;'><tr><th></th><th style='text-align:right;padding-right:8px;'>Votes</th><th style='text-align:right;'>Percent</th></tr><tr><td style='padding-right:8px;'>Ismael Luna</td><td style='text-align:right;padding-right:8px;'>88</td><td style='text-align:right;'>72.7%</td></tr><tr><td style='padding-right:8px;'>Sylvia Ortiz-Velez</td><td style='text-align:right;padding-right:8px;'>33</td><td style='text-align:right;'>27.3%</td></tr><tr><td style='padding-right:8px;'>write-in:</td><td style='text-align:right;padding-right:8px;'>0</td><td style='text-align:right;'>0.0%</td></tr></table></div>" }, "geometry": { "type": "Point", "coordinates": [ -87.909761706382341, 42.997296186041424 ] } },
{ "type": "Feature", "properties": { "ward": "City of Milwaukee Ward 218", "candidate": "Ismael Luna", "votes": 118.0, "color": "#E41A1C", "popup": "<div><strong>City of Milwaukee Ward 218</strong><div><strong>Representative to the Assembly, District 8</strong><table style='border-collapse:collapse;margin-top:4px;'><tr><th></th><th style='text-align:right;padding-right:8px;'>Votes</th><th style='text-align:right;'>Percent</th></tr><tr><td style='padding-right:8px;'>Ismael Luna</td><td style='text-align:right;padding-right:8px;'>118</td><td style='text-align:right;'>86.8%</td></tr><tr><td style='padding-right:8px;'>Sylvia Ortiz-Velez</td><td style='text-align:right;padding-right:8px;'>18</td><td style='text-align:right;'>13.2%</td></tr><tr><td style='padding-right:8px;'>write-in:</td><td style='text-align:right;padding-right:8px;'>0</td><td style='text-align:right;'>0.0%</td></tr></table></div>" }, "geometry": { "type": "Point", "coordinates": [ -87.944877268159772, 43.008107564713022 ] } }
]
}
