{
"type": "FeatureCollection",
"name": "candidate-votes",
"crs": { "type": "name", "properties": { "name": "urn:ogc:def:crs:OGC:1.3:CRS84" } },
"features": [
{ "type": "Feature", "properties": { "ward": "City of Milwaukee Ward 259", "candidate": "write-in:", "votes": 0, "color": "#984EA3", "popup": "<div><strong>City of Milwaukee Ward 259</strong><div><strong>Representative to the Assembly, District 61</strong><table style='border-collapse:collapse;margin-top:4px;'><tr><th></th><th style='text-align:right;padding-right:8px;'>Votes</th><th style='text-align:right;'>Percent</th></tr><tr><td style='padding-right:8px;'>Lawanda Chambers</td><td style='text-align:right;padding-right:8px;'>37</td><td style='text-align:right;'>41.1%</td></tr><tr><td style='padding-right:8px;'>Ben Brist</td><td style='text-align:right;padding-right:8px;'>43</td><td style='text-align:right;'>47.8%</td></tr><tr><td style='padding-right:8px;'>Brian Bock</td><td style='text-align:right;padding-right:8px;'>10</td><td style='text-align:right;'>11.1%</td></tr><tr><td style='padding-right:8px;'>write-in:</td><td style='text-align:right;padding-right:8px;'>0</td><td style='text-align:right;'>0.0%</td></tr></table></div>" }, "geometry": { "type": "Point", "coordinates": [ -88.004309445497285, 42.983560546102709 ] } },
{ "type": "Feature", "properties": { "ward": "City of Milwaukee Ward 260", "candidate": "write-in:", "votes": 0, "color": "#984EA3", "popup": "<div><strong>City of Milwaukee Ward 260</strong><div><strong>Representative to the Assembly, District 61</strong><table style='border-collapse:collapse;margin-top:4px;'><tr><th></th><th style='text-align:right;padding-right:8px;'>Votes</th><th style='text-align:right;'>Percent</th></tr><tr><td style='padding-right:8px;'>Lawanda Chambers</td><td style='text-align:right;padding-right:8px;'>105</td><td style='text-align:right;'>43.8%</td></tr><tr><td style='padding-right:8px;'>Ben Brist</td><td style='text-align:right;padding-right:8px;'>108</td><td style='text-align:right;'>45.0%</td></tr><tr><td style='padding-right:8px;'>Brian Bock</td><td style='text-align:right;padding-right:8px;'>27</td><td style='text-align:right;'>11.2%</td></tr><tr><td style='padding-right:8px;'>write-in:</td><td style='text-align:right;padding-right:8px;'>0</td><td style='text-align:right;'>0.0%</td></tr></table></div>" }, "geometry": { "type": "Point", "coordinates": [ -88.012669343652036, 42.984636808690638 ] } },
{ "type": "Feature", "properties": { "ward": "City of Milwaukee Ward 261", "candidate": "write-in:", "votes": 0, "color": "#984EA3", "popup": "<div><strong>City of Milwaukee Ward 261</strong><div><strong>Representative to the Assembly, District 61</strong><table style='border-collapse:collapse;margin-top:4px;'><tr><th></th><th style='text-align:right;padding-right:8px;'>Votes</th><th style='text-align:right;'>Percent</th></tr><tr><td style='padding-right:8px;'>Lawanda Chambers</td><td style='text-align:right;padding-right:8px;'>190</td><td style='text-align:right;'>53.4%</td></tr><tr><td style='padding-right:8px;'>Ben Brist</td><td style='text-align:right;padding-right:8px;'>131</td><td style='text-align:right;'>36.8%</td></tr><tr><td style='padding-right:8px;'>Brian Bock</td><td style='text-align:right;padding-right:8px;'>35</td><td style='text-align:right;'>9.8%</td></tr><tr><td style='padding-right:8px;'>write-in:</td><td style='text-align:right;padding-right:8px;'>0</td><td style='text-align:right;'>0.0%</td></tr></table></div>" }, "geometry": { "type": "Point", "coordinates": [ -88.025799893447243, 42.984581329233805 ] } },
{ "type": "Feature", "properties": { "ward": "City of Milwaukee Ward 262", "candidate": "write-in:", "votes": 0, "color": "#984EA3", "popup": "<div><strong>City of Milwaukee Ward 262</strong><div><strong>Representative to the Assembly, District 61</strong><table style='border-collapse:collapse;margin-top:4px;'><tr><th></th><th style='text-align:right;padding-right:8px;'>Votes</th><th style='text-align:right;'>Percent</th></tr><tr><td style='padding-right:8px;'>Lawanda Chambers</td><td style='text-align:right;padding-right:8px;'>72</td><td style='text-align:right;'>33.0%</td></tr><tr><td style='padding-right:8px;'>Ben Brist</td><td style='text-align:right;padding-right:8px;'>124</td><td style='text-align:right;'>56.9%</td></tr><tr><td style='padding-right:8px;'>Brian Bock</td><td style='text-align:right;padding-right:8px;'>22</td><td style='text-align:right;'>10.1%</td></tr><tr><td style='padding-right:8px;'>write-in:</td><td style='text-align:right;padding-right:8px;'>0</td><td style='text-align:right;'>0.0%</td></tr></table></div>" }, "geometry": { "type": "Point", "coordinates": [ -88.033892176990818, 42.976650326342146 ] } },
{ "type": "Feature", "properties": { "ward": "City of Milwaukee Ward 263", "candidate": "write-in:", "votes": 0, "color": "#984EA3", "popup": "<div><strong>City of Milwaukee Ward 263</strong><div><strong>Representative to the Assembly, District 61</strong><table style='border-collapse:collapse;margin-top:4px;'><tr><th></th><th style='text-align:right;padding-right:8px;'>Votes</th><th style='text-align:right;'>Percent</th></tr><tr><td style='padding-right:8px;'>Lawanda Chambers</td><td style='text-align:right;padding-right:8px;'>40</td><td style='text-align:right;'>35.1%</td></tr><tr><td style='padding-right:8px;'>Ben Brist</td><td style='text-align:right;padding-right:8px;'>55</td><td style='text-align:right;'>48.2%</td></tr><tr><td style='padding-right:8px;'>Brian Bock</td><td style='text-align:right;padding-right:8px;'>19</td><td style='text-align:right;'>16.7%</td></tr><tr><td style='padding-right:8px;'>write-in:</td><td style='text-align:right;padding-right:8px;'>0</td><td style='text-align:right;'>0.0%</td></tr></table></div>" }, "geometry": { "type": "Point", "coordinates": [ -88.027044685266603, 42.978131113702375 ] } },
{ "type": "Feature", "properties": { "ward": "City of Milwaukee Ward 264", "candidate": "write-in:", "votes": 0, "color": "#984EA3", "popup": "<div><strong>City of Milwaukee Ward 264</strong><div><strong>Representative to the Assembly, District 61</strong><table style='border-collapse:collapse;margin-top:4px;'><tr><th></th><th style='text-align:right;padding-right:8px;'>Votes</th><th style='text-align:right;'>Percent</th></tr><tr><td style='padding-right:8px;'>Lawanda Chambers</td><td style='text-align:right;padding-right:8px;'>56</td><td style='text-align:right;'>44.4%</td></tr><tr><td style='padding-right:8px;'>Ben Brist</td><td style='text-align:right;padding-right:8px;'>57</td><td style='text-align:right;'>45.2%</td></tr><tr><td style='padding-right:8px;'>Brian Bock</td><td style='text-align:right;padding-right:8px;'>13</td><td style='text-align:right;'>10.3%</td></tr><tr><td style='padding-right:8px;'>write-in:</td><td style='text-align:right;padding-right:8px;'>0</td><td style='text-align:right;'>0.0%</td></tr></table></div>" }, "geometry": { "type": "Point", "coordinates": [ -88.02086062027054, 42.977140794463949 ] } },
{ "type": "Feature", "properties": { "ward": "City of Milwaukee Ward 265", "candidate": "write-in:", "votes": 0, "color": "#984EA3", "popup": "<div><strong>City of Milwaukee Ward 265</strong><div><strong>Representative to the Assembly, District 61</strong><table style='border-collapse:collapse;margin-top:4px;'><tr><th></th><th style='text-align:right;padding-right:8px;'>Votes</th><th style='text-align:right;'>Percent</th></tr><tr><td style='padding-right:8px;'>Lawanda Chambers</td><td style='text-align:right;padding-right:8px;'>109</td><td style='text-align:right;'>41.1%</td></tr><tr><td style='padding-right:8px;'>Ben Brist</td><td style='text-align:right;padding-right:8px;'>129</td><td style='text-align:right;'>48.7%</td></tr><tr><td style='padding-right:8px;'>Brian Bock</td><td style='text-align:right;padding-right:8px;'>27</td><td style='text-align:right;'>10.2%</td></tr><tr><td style='padding-right:8px;'>write-in:</td><td style='text-align:right;padding-right:8px;'>0</td><td style='text-align:right;'>0.0%</td></tr></table></div>" }, "geometry": { "type": "Point", "coordinates": [ -88.012835957998107, 42.977081132073536 ] } },
{ "type": "Feature", "properties": { "ward": "City of Milwaukee Ward 266", "candidate": "write-in:", "votes": 0, "color": "#984EA3", "popup": "<div><strong>City of Milwaukee Ward 266</strong><div><strong>Representative to the Assembly, District 61</strong><table style='border-collapse:collapse;margin-top:4px;'><tr><th></th><th style='text-align:right;padding-right:8px;'>Votes</th><th style='text-align:right;'>Percent</th></tr><tr><td style='padding-right:8px;'>Lawanda Chambers</td><td style='text-align:right;padding-right:8px;'>167</td><td style='text-align:right;'>49.7%</td></tr><tr><td style='padding-right:8px;'>Ben Brist</td><td style='text-align:right;padding-right:8px;'>140</td><td style='text-align:right;'>41.7%</td></tr><tr><td style='padding-right:8px;'>Brian Bock</td><td style='text-align:right;padding-right:8px;'>29</td><td style='text-align:right;'>8.6%</td></tr><tr><td style='padding-right:8px;'>write-in:</td><td style='text-align:right;padding-right:8px;'>0</td><td style='text-align:right;'>0.0%</td></tr></table></div>" }, "geometry": { "type": "Point", "coordinates": [ -88.002976438538923, 42.973848864476004 ] } },
{ "type": "Feature", "properties": { "ward": "City of Franklin Ward 9", "candidate": "write-in:", "votes": 0, "color": "#984EA3", "popup": "<div><strong>City of Franklin Ward 9</strong><div><strong>Representative to the Assembly, District 61</strong><table style='border-collapse:collapse;margin-top:4px;'><tr><th></th><th style='text-align:right;padding-right:8px;'>Votes</th><th style='text-align:right;'>Percent</th></tr><tr><td style='padding-right:8px;'>Lawanda Chambers</td><td style='text-align:right;padding-right:8px;'>54</td><td style='text-align:right;'>39.1%</td></tr><tr><td style='padding-right:8px;'>Ben Brist</td><td style='text-align:right;padding-right:8px;'>67</td><td style='text-align:right;'>48.6%</td></tr><tr><td style='padding-right:8px;'>Brian Bock</td><td style='text-align:right;padding-right:8px;'>17</td><td style='text-align:right;'>12.3%</td></tr><tr><td style='padding-right:8px;'>write-in:</td><td style='text-align:right;padding-right:8px;'>0</td><td style='text-align:right;'>0.0%</td></tr></table></div>" }, "geometry": { "type": "Point", "coordinates": [ -87.964216639459792, 42.926680754477445 ] } },
{ "type": "Feature", "properties": { "ward": "City of Franklin Ward 10", "candidate": "write-in:", "votes": 0, "color": "#984EA3", "popup": "<div><strong>City of Franklin Ward 10</strong><div><strong>Representative to the Assembly, District 61</strong><table style='border-collapse:collapse;margin-top:4px;'><tr><th></th><th style='text-align:right;padding-right:8px;'>Votes</th><th style='text-align:right;'>Percent</th></tr><tr><td style='padding-right:8px;'>Lawanda Chambers</td><td style='text-align:right;padding-right:8px;'>36</td><td style='text-align:right;'>37.1%</td></tr><tr><td style='padding-right:8px;'>Ben Brist</td><td style='text-align:right;padding-right:8px;'>41</td><td style='text-align:right;'>42.3%</td></tr><tr><td style='padding-right:8px;'>Brian Bock</td><td style='text-align:right;padding-right:8px;'>20</td><td style='text-align:right;'>20.6%</td></tr><tr><td style='padding-right:8px;'>write-in:</td><td style='text-align:right;padding-right:8px;'>0</td><td style='text-align:right;'>0.0%</td></tr></table></div>" }, "geometry": { "type": "Point", "coordinates": [ -87.974982232796535, 42.919581718101384 ] } },
{ "type": "Feature", "properties": { "ward": "City of Greenfield Ward 8", "candidate": "write-in:", "votes": 0, "color": "#984EA3", "popup": "<div><strong>City of Greenfield Ward 8</strong><div><strong>Representative to the Assembly, District 61</strong><table style='border-collapse:collapse;margin-top:4px;'><tr><th></th><th style='text-align:right;padding-right:8px;'>Votes</th><th style='text-align:right;'>Percent</th></tr><tr><td style='padding-right:8px;'>Lawanda Chambers</td><td style='text-align:right;padding-right:8px;'>91</td><td style='text-align:right;'>37.4%</td></tr><tr><td style='padding-right:8px;'>Ben Brist</td><td style='text-align:right;padding-right:8px;'>118</td><td style='text-align:right;'>48.6%</td></tr><tr><td style='padding-right:8px;'>Brian Bock</td><td style='text-align:right;padding-right:8px;'>34</td><td style='text-align:right;'>14.0%</td></tr><tr><td style='padding-right:8px;'>write-in:</td><td style='text-align:right;padding-right:8px;'>0</td><td style='text-align:right;'>0.0%</td></tr></table></div>" }, "geometry": { "type": "Point", "coordinates": [ -88.002633201545038, 42.955064856799666 ] } },
{ "type": "Feature", "properties": { "ward": "City of Greenfield Ward 9", "candidate": "write-in:", "votes": 0, "color": "#984EA3", "popup": "<div><strong>City of Greenfield Ward 9</strong><div><strong>Representative to the Assembly, District 61</strong><table style='border-collapse:collapse;margin-top:4px;'><tr><th></th><th style='text-align:right;padding-right:8px;'>Votes</th><th style='text-align:right;'>Percent</th></tr><tr><td style='padding-right:8px;'>Lawanda Chambers</td><td style='text-align:right;padding-right:8px;'>77</td><td style='text-align:right;'>33.2%</td></tr><tr><td style='padding-right:8px;'>Ben Brist</td><td style='text-align:right;padding-right:8px;'>131</td><td style='text-align:right;'>56.5%</td></tr><tr><td style='padding-right:8px;'>Brian Bock</td><td style='text-align:right;padding-right:8px;'>24</td><td style='text-align:right;'>10.3%</td></tr><tr><td style='padding-right:8px;'>write-in:</td><td style='text-align:right;padding-right:8px;'>0</td><td style='text-align:right;'>0.0%</td></tr></table></div>" }, "geometry": { "type": "Point", "coordinates": [ -88.013245323990716, 42.959726020104924 ] } },
{ "type": "Feature", "properties": { "ward": "City of Greenfield Ward 10", "candidate": "write-in:", "votes": 0, "color": "#984EA3", "popup": "<div><strong>City of Greenfield Ward 10</strong><div><strong>Representative to the Assembly, District 61</strong><table style='border-collapse:collapse;margin-top:4px;'><tr><th></th><th style='text-align:right;padding-right:8px;'>Votes</th><th style='text-align:right;'>Percent</th></tr><tr><td style='padding-right:8px;'>Lawanda Chambers</td><td style='text-align:right;padding-right:8px;'>65</td><td style='text-align:right;'>48.1%</td></tr><tr><td style='padding-right:8px;'>Ben Brist</td><td style='text-align:right;padding-right:8px;'>53</td><td style='text-align:right;'>39.3%</td></tr><tr><td style='padding-right:8px;'>Brian Bock</td><td style='text-align:right;padding-right:8px;'>17</td><td style='text-align:right;'>12.6%</td></tr><tr><td style='padding-right:8px;'>write-in:</td><td style='text-align:right;padding-right:8px;'>0</td><td style='text-align:right;'>0.0%</td></tr></table></div>" }, "geometry": { "type": "Point", "coordinates": [ -88.023045741829762, 42.962855689094816 ] } },
{ "type": "Feature", "properties": { "ward": "City of Greenfield Ward 11", "candidate": "write-in:", "votes": 0, "color": "#984EA3", "popup": "<div><strong>City of Greenfield Ward 11</strong><div><strong>Representative to the Assembly, District 61</strong><table style='border-collapse:collapse;margin-top:4px;'><tr><th></th><th style='text-align:right;padding-right:8px;'>Votes</th><th style='text-align:right;'>Percent</th></tr><tr><td style='padding-right:8px;'>Lawanda Chambers</td><td style='text-align:right;padding-right:8px;'>117</td><td style='text-align:right;'>43.5%</td></tr><tr><td style='padding-right:8px;'>Ben Brist</td><td style='text-align:right;padding-right:8px;'>107</td><td style='text-align:right;'>39.8%</td></tr><tr><td style='padding-right:8px;'>Brian Bock</td><td style='text-align:right;padding-right:8px;'>45</td><td style='text-align:right;'>16.7%</td></tr><tr><td style='padding-right:8px;'>write-in:</td><td style='text-align:right;padding-right:8px;'>0</td><td style='text-align:right;'>0.0%</td></tr></table></div>" }, "geometry": { "type": "Point", "coordinates": [ -88.022883872431976, 42.970096774968681 ] } },
{ "type": "Feature", "properties": { "ward": "City of Greenfield Ward 12", "candidate": "write-in:", "votes": 0, "color": "#984EA3", "popup": "<div><strong>City of Greenfield Ward 12</strong><div><strong>Representative to the Assembly, District 61</strong><table style='border-collapse:collapse;margin-top:4px;'><tr><th></th><th style='text-align:right;padding-right:8px;'>Votes</th><th style='text-align:right;'>Percent</th></tr><tr><td style='padding-right:8px;'>Lawanda Chambers</td><td style='text-align:right;padding-right:8px;'>54</td><td style='text-align:right;'>36.0%</td></tr><tr><td style='padding-right:8px;'>Ben Brist</td><td style='text-align:right;padding-right:8px;'>78</td><td style='text-align:right;'>52.0%</td></tr><tr><td style='padding-right:8px;'>Brian Bock</td><td style='text-align:right;padding-right:8px;'>18</td><td style='text-align:right;'>12.0%</td></tr><tr><td style='padding-right:8px;'>write-in:</td><td style='text-align:right;padding-right:8px;'>0</td><td style='text-align:right;'>0.0%</td></tr></table></div>" }, "geometry": { "type": "Point", "coordinates": [ -88.028353234171632, 42.955557371920413 ] } },
{ "type": "Feature", "properties": { "ward": "City of Greenfield Ward 14", "candidate": "write-in:", "votes": 0, "color": "#984EA3", "popup": "<div><strong>City of Greenfield Ward 14</strong><div><strong>Representative to the Assembly, District 61</strong><table style='border-collapse:collapse;margin-top:4px;'><tr><th></th><th style='text-align:right;padding-right:8px;'>Votes</th><th style='text-align:right;'>Percent</th></tr><tr><td style='padding-right:8px;'>Lawanda Chambers</td><td style='text-align:right;padding-right:8px;'>104</td><td style='text-align:right;'>43.5%</td></tr><tr><td style='padding-right:8px;'>Ben Brist</td><td style='text-align:right;padding-right:8px;'>104</td><td style='text-align:right;'>43.5%</td></tr><tr><td style='padding-right:8px;'>Brian Bock</td><td style='text-align:right;padding-right:8px;'>31</td><td style='text-align:right;'>13.0%</td></tr><tr><td style='padding-right:8px;'>write-in:</td><td style='text-align:right;padding-right:8px;'>0</td><td style='text-align:right;'>0.0%</td></tr></table></div>" }, "geometry": { "type": "Point", "coordinates": [ -88.043213992191724, 42.978022569872181 ] } },
{ "type": "Feature", "properties": { "ward": "City of Greenfield Ward 21", "candidate": "write-in:", "votes": 0, "color": "#984EA3", "popup": "<div><strong>City of Greenfield Ward 21</strong><div><strong>Representative to the Assembly, District 61</strong><table style='border-collapse:collapse;margin-top:4px;'><tr><th></th><th style='text-align:right;padding-right:8px;'>Votes</th><th style='text-align:right;'>Percent</th></tr><tr><td style='padding-right:8px;'>Lawanda Chambers</td><td style='text-align:right;padding-right:8px;'>82</td><td style='text-align:right;'>47.4%</td></tr><tr><td style='padding-right:8px;'>Ben Brist</td><td style='text-align:right;padding-right:8px;'>52</td><td style='text-align:right;'>30.1%</td></tr><tr><td style='padding-right:8px;'>Brian Bock</td><td style='text-align:right;padding-right:8px;'>39</td><td style='text-align:right;'>22.5%</td></tr><tr><td style='padding-right:8px;'>write-in:</td><td style='text-align:right;padding-right:8px;'>0</td><td style='text-align:right;'>0.0%</td></tr></table></div>" }, "geometry": { "type": "Point", "coordinates": [ -87.982454382908685, 42.954874949501473 ] } },
{ "type": "Feature", "properties": { "ward": "City of Greenfield Ward 26", "candidate": "write-in:", "votes": 0, "color": "#984EA3", "popup": "<div><strong>City of Greenfield Ward 26</strong><div><strong>Representative to the Assembly, District 61</strong><table style='border-collapse:collapse;margin-top:4px;'><tr><th></th><th style='text-align:right;padding-right:8px;'>Votes</th><th style='text-align:right;'>Percent</th></tr><tr><td style='padding-right:8px;'>Lawanda Chambers</td><td style='text-align:right;padding-right:8px;'>11</td><td style='text-align:right;'>40.7%</td></tr><tr><td style='padding-right:8px;'>Ben Brist</td><td style='text-align:right;padding-right:8px;'>13</td><td style='text-align:right;'>48.1%</td></tr><tr><td style='padding-right:8px;'>Brian Bock</td><td style='text-align:right;padding-right:8px;'>3</td><td style='text-align:right;'>11.1%</td></tr><tr><td style='padding-right:8px;'>write-in:</td><td style='text-align:right;padding-right:8px;'>0</td><td style='text-align:right;'>0.0%</td></tr></table></div>" }, "geometry": { "type": "Point", "coordinates": [ -87.971299491588894, 42.954080573155473 ] } },
{ "type": "Feature", "properties": { "ward": "V. Hales Corners Wards 1,2,3", "candidate": "write-in:", "votes": 0, "color": "#984EA3", "popup": "<div><strong>V. Hales Corners Wards 1,2,3</strong><div><strong>Representative to the Assembly, District 61</strong><table style='border-collapse:collapse;margin-top:4px;'><tr><th></th><th style='text-align:right;padding-right:8px;'>Votes</th><th style='text-align:right;'>Percent</th></tr><tr><td style='padding-right:8px;'>Lawanda Chambers</td><td style='text-align:right;padding-right:8px;'>119</td><td style='text-align:right;'>37.8%</td></tr><tr><td style='padding-right:8px;'>Ben Brist</td><td style='text-align:right;padding-right:8px;'>149</td><td style='text-align:right;'>47.3%</td></tr><tr><td style='padding-right:8px;'>Brian Bock</td><td style='text-align:right;padding-right:8px;'>47</td><td style='text-align:right;'>14.9%</td></tr><tr><td style='padding-right:8px;'>write-in:</td><td style='text-align:right;padding-right:8px;'>0</td><td style='text-align:right;'>0.0%</td></tr></table></div>" }, "geometry": { "type": "Point", "coordinates": [ -88.063719163726887, 42.948470204636159 ] } },
{ "type": "Feature", "properties": { "ward": "V. Hales Corners Wards 4,5,6", "candidate": "write-in:", "votes": 0, "color": "#984EA3", "popup": "<div><strong>V. Hales Corners Wards 4,5,6</strong><div><strong>Representative to the Assembly, District 61</strong><table style='border-collapse:collapse;margin-top:4px;'><tr><th></th><th style='text-align:right;padding-right:8px;'>Votes</th><th style='text-align:right;'>Percent</th></tr><tr><td style='padding-right:8px;'>Lawanda Chambers</td><td style='text-align:right;padding-right:8px;'>124</td><td style='text-align:right;'>37.0%</td></tr><tr><td style='padding-right:8px;'>Ben Brist</td><td style='text-align:right;padding-right:8px;'>156</td><td style='text-align:right;'>46.6%</td></tr><tr><td style='padding-right:8px;'>Brian Bock</td><td style='text-align:right;padding-right:8px;'>55</td><td style='text-align:right;'>16.4%</td></tr><tr><td style='padding-right:8px;'>write-in:</td><td style='text-align:right;padding-right:8px;'>0</td><td style='text-align:right;'>0.0%</td></tr></table></div>" }, "geometry": { "type": "Point", "coordinates": [ -88.063267854730313, 42.940071996471957 ] } },
{ "type": "Feature", "properties": { "ward": "City of West Allis Ward 22", "candidate": "Lawanda Chambers", "votes": 0, "color": "#E41A1C", "popup": "<div><strong>City of West Allis Ward 22</strong><div><strong>Representative to the Assembly, District 61</strong><table style='border-collapse:collapse;margin-top:4px;'><tr><th></th><th style='text-align:right;padding-right:8px;'>Votes</th><th style='text-align:right;'>Percent</th></tr><tr><td style='padding-right:8px;'>Lawanda Chambers</td><td style='text-align:right;padding-right:8px;'>0</td><td style='text-align:right;'>NaN%</td></tr><tr><td style='padding-right:8px;'>Ben Brist</td><td style='text-align:right;padding-right:8px;'>0</td><td style='text-align:right;'>NaN%</td></tr><tr><td style='padding-right:8px;'>Brian Bock</td><td style='text-align:right;padding-right:8px;'>0</td><td style='text-align:right;'>NaN%</td></tr><tr><td style='padding-right:8px;'>write-in:</td><td style='text-align:right;padding-right:8px;'>0</td><td style='text-align:right;'>NaN%</td></tr></table></div>" }, "geometry": { "type": "Point", "coordinates": [ -88.058842658137266, 42.978345775885124 ] } },
{ "type": "Feature", "properties": { "ward": "City of West Allis Ward 22", "candidate": "Ben Brist", "votes": 0, "color": "#377EB8", "popup": "<div><strong>City of West Allis Ward 22</strong><div><strong>Representative to the Assembly, District 61</strong><table style='border-collapse:collapse;margin-top:4px;'><tr><th></th><th style='text-align:right;padding-right:8px;'>Votes</th><th style='text-align:right;'>Percent</th></tr><tr><td style='padding-right:8px;'>Lawanda Chambers</td><td style='text-align:right;padding-right:8px;'>0</td><td style='text-align:right;'>NaN%</td></tr><tr><td style='padding-right:8px;'>Ben Brist</td><td style='text-align:right;padding-right:8px;'>0</td><td style='text-align:right;'>NaN%</td></tr><tr><td style='padding-right:8px;'>Brian Bock</td><td style='text-align:right;padding-right:8px;'>0</td><td style='text-align:right;'>NaN%</td></tr><tr><td style='padding-right:8px;'>write-in:</td><td style='text-align:right;padding-right:8px;'>0</td><td style='text-align:right;'>NaN%</td></tr></table></div>" }, "geometry": { "type": "Point", "coordinates": [ -88.058842658137266, 42.978345775885124 ] } },
{ "type": "Feature", "properties": { "ward": "City of West Allis Ward 22", "candidate": "Brian Bock", "votes": 0, "color": "#4DAF4A", "popup": "<div><strong>City of West Allis Ward 22</strong><div><strong>Representative to the Assembly, District 61</strong><table style='border-collapse:collapse;margin-top:4px;'><tr><th></th><th style='text-align:right;padding-right:8px;'>Votes</th><th style='text-align:right;'>Percent</th></tr><tr><td style='padding-right:8px;'>Lawanda Chambers</td><td style='text-align:right;padding-right:8px;'>0</td><td style='text-align:right;'>NaN%</td></tr><tr><td style='padding-right:8px;'>Ben Brist</td><td style='text-align:right;padding-right:8px;'>0</td><td style='text-align:right;'>NaN%</td></tr><tr><td style='padding-right:8px;'>Brian Bock</td><td style='text-align:right;padding-right:8px;'>0</td><td style='text-align:right;'>NaN%</td></tr><tr><td style='padding-right:8px;'>write-in:</td><td style='text-align:right;padding-right:8px;'>0</td><td style='text-align:right;'>NaN%</td></tr></table></div>" }, "geometry": { "type": "Point", "coordinates": [ -88.058842658137266, 42.978345775885124 ] } },
{ "type": "Feature", "properties": { "ward": "City of West Allis Ward 22", "candidate": "write-in:", "votes": 0, "color": "#984EA3", "popup": "<div><strong>City of West Allis Ward 22</strong><div><strong>Representative to the Assembly, District 61</strong><table style='border-collapse:collapse;margin-top:4px;'><tr><th></th><th style='text-align:right;padding-right:8px;'>Votes</th><th style='text-align:right;'>Percent</th></tr><tr><td style='padding-right:8px;'>Lawanda Chambers</td><td style='text-align:right;padding-right:8px;'>0</td><td style='text-align:right;'>NaN%</td></tr><tr><td style='padding-right:8px;'>Ben Brist</td><td style='text-align:right;padding-right:8px;'>0</td><td style='text-align:right;'>NaN%</td></tr><tr><td style='padding-right:8px;'>Brian Bock</td><td style='text-align:right;padding-right:8px;'>0</td><td style='text-align:right;'>NaN%</td></tr><tr><td style='padding-right:8px;'>write-in:</td><td style='text-align:right;padding-right:8px;'>0</td><td style='text-align:right;'>NaN%</td></tr></table></div>" }, "geometry": { "type": "Point", "coordinates": [ -88.058842658137266, 42.978345775885124 ] } },
{ "type": "Feature", "properties": { "ward": "V. Greendale Wards 1,2,3,4.9,10", "candidate": "write-in:", "votes": 1, "color": "#984EA3", "popup": "<div><strong>V. Greendale Wards 1,2,3,4.9,10</strong><div><strong>Representative to the Assembly, District 61</strong><table style='border-collapse:collapse;margin-top:4px;'><tr><th></th><th style='text-align:right;padding-right:8px;'>Votes</th><th style='text-align:right;'>Percent</th></tr><tr><td style='padding-right:8px;'>Lawanda Chambers</td><td style='text-align:right;padding-right:8px;'>428</td><td style='text-align:right;'>28.3%</td></tr><tr><td style='padding-right:8px;'>Ben Brist</td><td style='text-align:right;padding-right:8px;'>646</td><td style='text-align:right;'>42.7%</td></tr><tr><td style='padding-right:8px;'>Brian Bock</td><td style='text-align:right;padding-right:8px;'>439</td><td style='text-align:right;'>29.0%</td></tr><tr><td style='padding-right:8px;'>write-in:</td><td style='text-align:right;padding-right:8px;'>1</td><td style='text-align:right;'>0.1%</td></tr></table></div>" }, "geometry": { "type": "Point", "coordinates": [ -88.009698813588798, 42.937589667938383 ] } },
{ "type": "Feature", "properties": { "ward": "V. Greendale Wards 5,6,7,8,11", "candidate": "write-in:", "votes": 1, "color": "#984EA3", "popup": "<div><strong>V. Greendale Wards 5,6,7,8,11</strong><div><strong>Representative to the Assembly, District 61</strong><table style='border-collapse:collapse;margin-top:4px;'><tr><th></th><th style='text-align:right;padding-right:8px;'>Votes</th><th style='text-align:right;'>Percent</th></tr><tr><td style='padding-right:8px;'>Lawanda Chambers</td><td style='text-align:right;padding-right:8px;'>321</td><td style='text-align:right;'>34.0%</td></tr><tr><td style='padding-right:8px;'>Ben Brist</td><td style='text-align:right;padding-right:8px;'>385</td><td style='text-align:right;'>40.7%</td></tr><tr><td style='padding-right:8px;'>Brian Bock</td><td style='text-align:right;padding-right:8px;'>238</td><td style='text-align:right;'>25.2%</td></tr><tr><td style='padding-right:8px;'>write-in:</td><td style='text-align:right;padding-right:8px;'>1</td><td style='text-align:right;'>0.1%</td></tr></table></div>" }, "geometry": { "type": "Point", "coordinates": [ -87.980162125986965, 42.93461481547763 ] } },
{ "type": "Feature", "properties": { "ward": "City of Greenfield Ward 13", "candidate": "write-in:", "votes": 1, "color": "#984EA3", "popup": "<div><strong>City of Greenfield Ward 13</strong><div><strong>Representative to the Assembly, District 61</strong><table style='border-collapse:collapse;margin-top:4px;'><tr><th></th><th style='text-align:right;padding-right:8px;'>Votes</th><th style='text-align:right;'>Percent</th></tr><tr><td style='padding-right:8px;'>Lawanda Chambers</td><td style='text-align:right;padding-right:8px;'>114</td><td style='text-align:right;'>41.5%</td></tr><tr><td style='padding-right:8px;'>Ben Brist</td><td style='text-align:right;padding-right:8px;'>113</td><td style='text-align:right;'>41.1%</td></tr><tr><td style='padding-right:8px;'>Brian Bock</td><td style='text-align:right;padding-right:8px;'>47</td><td style='text-align:right;'>17.1%</td></tr><tr><td style='padding-right:8px;'>write-in:</td><td style='text-align:right;padding-right:8px;'>1</td><td style='text-align:right;'>0.4%</td></tr></table></div>" }, "geometry": { "type": "Point", "coordinates": [ -88.042020611069105, 42.96944834383175 ] } },
{ "type": "Feature", "properties": { "ward": "City of Greenfield Ward 15", "candidate": "write-in:", "votes": 1, "color": "#984EA3", "popup": "<div><strong>City of Greenfield Ward 15</strong><div><strong>Representative to the Assembly, District 61</strong><table style='border-collapse:collapse;margin-top:4px;'><tr><th></th><th style='text-align:right;padding-right:8px;'>Votes</th><th style='text-align:right;'>Percent</th></tr><tr><td style='padding-right:8px;'>Lawanda Chambers</td><td style='text-align:right;padding-right:8px;'>144</td><td style='text-align:right;'>42.0%</td></tr><tr><td style='padding-right:8px;'>Ben Brist</td><td style='text-align:right;padding-right:8px;'>132</td><td style='text-align:right;'>38.5%</td></tr><tr><td style='padding-right:8px;'>Brian Bock</td><td style='text-align:right;padding-right:8px;'>66</td><td style='text-align:right;'>19.2%</td></tr><tr><td style='padding-right:8px;'>write-in:</td><td style='text-align:right;padding-right:8px;'>1</td><td style='text-align:right;'>0.3%</td></tr></table></div>" }, "geometry": { "type": "Point", "coordinates": [ -88.062761080499456, 42.969033901578413 ] } },
{ "type": "Feature", "properties": { "ward": "City of Greenfield Ward 16", "candidate": "write-in:", "votes": 1, "color": "#984EA3", "popup": "<div><strong>City of Greenfield Ward 16</strong><div><strong>Representative to the Assembly, District 61</strong><table style='border-collapse:collapse;margin-top:4px;'><tr><th></th><th style='text-align:right;padding-right:8px;'>Votes</th><th style='text-align:right;'>Percent</th></tr><tr><td style='padding-right:8px;'>Lawanda Chambers</td><td style='text-align:right;padding-right:8px;'>115</td><td style='text-align:right;'>36.7%</td></tr><tr><td style='padding-right:8px;'>Ben Brist</td><td style='text-align:right;padding-right:8px;'>136</td><td style='text-align:right;'>43.5%</td></tr><tr><td style='padding-right:8px;'>Brian Bock</td><td style='text-align:right;padding-right:8px;'>61</td><td style='text-align:right;'>19.5%</td></tr><tr><td style='padding-right:8px;'>write-in:</td><td style='text-align:right;padding-right:8px;'>1</td><td style='text-align:right;'>0.3%</td></tr></table></div>" }, "geometry": { "type": "Point", "coordinates": [ -88.052357880875817, 42.956546141268511 ] } },
{ "type": "Feature", "properties": { "ward": "V. Hales Corners Wards 7,8,9", "candidate": "write-in:", "votes": 1, "color": "#984EA3", "popup": "<div><strong>V. Hales Corners Wards 7,8,9</strong><div><strong>Representative to the Assembly, District 61</strong><table style='border-collapse:collapse;margin-top:4px;'><tr><th></th><th style='text-align:right;padding-right:8px;'>Votes</th><th style='text-align:right;'>Percent</th></tr><tr><td style='padding-right:8px;'>Lawanda Chambers</td><td style='text-align:right;padding-right:8px;'>129</td><td style='text-align:right;'>34.1%</td></tr><tr><td style='padding-right:8px;'>Ben Brist</td><td style='text-align:right;padding-right:8px;'>180</td><td style='text-align:right;'>47.6%</td></tr><tr><td style='padding-right:8px;'>Brian Bock</td><td style='text-align:right;padding-right:8px;'>68</td><td style='text-align:right;'>18.0%</td></tr><tr><td style='padding-right:8px;'>write-in:</td><td style='text-align:right;padding-right:8px;'>1</td><td style='text-align:right;'>0.3%</td></tr></table></div>" }, "geometry": { "type": "Point", "coordinates": [ -88.036543466765394, 42.936165597776487 ] } },
{ "type": "Feature", "properties": { "ward": "City of Greenfield Ward 24", "candidate": "write-in:", "votes": 3, "color": "#984EA3", "popup": "<div><strong>City of Greenfield Ward 24</strong><div><strong>Representative to the Assembly, District 61</strong><table style='border-collapse:collapse;margin-top:4px;'><tr><th></th><th style='text-align:right;padding-right:8px;'>Votes</th><th style='text-align:right;'>Percent</th></tr><tr><td style='padding-right:8px;'>Lawanda Chambers</td><td style='text-align:right;padding-right:8px;'>116</td><td style='text-align:right;'>36.9%</td></tr><tr><td style='padding-right:8px;'>Ben Brist</td><td style='text-align:right;padding-right:8px;'>157</td><td style='text-align:right;'>50.0%</td></tr><tr><td style='padding-right:8px;'>Brian Bock</td><td style='text-align:right;padding-right:8px;'>38</td><td style='text-align:right;'>12.1%</td></tr><tr><td style='padding-right:8px;'>write-in:</td><td style='text-align:right;padding-right:8px;'>3</td><td style='text-align:right;'>1.0%</td></tr></table></div>" }, "geometry": { "type": "Point", "coordinates": [ -87.973367149888148, 42.948763041555495 ] } },
{ "type": "Feature", "properties": { "ward": "City of Greenfield Ward 26", "candidate": "Brian Bock", "votes": 3, "color": "#4DAF4A", "popup": "<div><strong>City of Greenfield Ward 26</strong><div><strong>Representative to the Assembly, District 61</strong><table style='border-collapse:collapse;margin-top:4px;'><tr><th></th><th style='text-align:right;padding-right:8px;'>Votes</th><th style='text-align:right;'>Percent</th></tr><tr><td style='padding-right:8px;'>Lawanda Chambers</td><td style='text-align:right;padding-right:8px;'>11</td><td style='text-align:right;'>40.7%</td></tr><tr><td style='padding-right:8px;'>Ben Brist</td><td style='text-align:right;padding-right:8px;'>13</td><td style='text-align:right;'>48.1%</td></tr><tr><td style='padding-right:8px;'>Brian Bock</td><td style='text-align:right;padding-right:8px;'>3</td><td style='text-align:right;'>11.1%</td></tr><tr><td style='padding-right:8px;'>write-in:</td><td style='text-align:right;padding-right:8px;'>0</td><td style='text-align:right;'>0.0%</td></tr></table></div>" }, "geometry": { "type": "Point", "coordinates": [ -87.971299491588894, 42.954080573155473 ] } },
{ "type": "Feature", "properties": { "ward": "City of Milwaukee Ward 259", "candidate": "Brian Bock", "votes": 10, "color": "#4DAF4A", "popup": "<div><strong>City of Milwaukee Ward 259</strong><div><strong>Representative to the Assembly, District 61</strong><table style='border-collapse:collapse;margin-top:4px;'><tr><th></th><th style='text-align:right;padding-right:8px;'>Votes</th><th style='text-align:right;'>Percent</th></tr><tr><td style='padding-right:8px;'>Lawanda Chambers</td><td style='text-align:right;padding-right:8px;'>37</td><td style='text-align:right;'>41.1%</td></tr><tr><td style='padding-right:8px;'>Ben Brist</td><td style='text-align:right;padding-right:8px;'>43</td><td style='text-align:right;'>47.8%</td></tr><tr><td style='padding-right:8px;'>Brian Bock</td><td style='text-align:right;padding-right:8px;'>10</td><td style='text-align:right;'>11.1%</td></tr><tr><td style='padding-right:8px;'>write-in:</td><td style='text-align:right;padding-right:8px;'>0</td><td style='text-align:right;'>0.0%</td></tr></table></div>" }, "geometry": { "type": "Point", "coordinates": [ -88.004309445497285, 42.983560546102709 ] } },
{ "type": "Feature", "properties": { "ward": "City of Greenfield Ward 26", "candidate": "Lawanda Chambers", "votes": 11, "color": "#E41A1C", "popup": "<div><strong>City of Greenfield Ward 26</strong><div><strong>Representative to the Assembly, District 61</strong><table style='border-collapse:collapse;margin-top:4px;'><tr><th></th><th style='text-align:right;padding-right:8px;'>Votes</th><th style='text-align:right;'>Percent</th></tr><tr><td style='padding-right:8px;'>Lawanda Chambers</td><td style='text-align:right;padding-right:8px;'>11</td><td style='text-align:right;'>40.7%</td></tr><tr><td style='padding-right:8px;'>Ben Brist</td><td style='text-align:right;padding-right:8px;'>13</td><td style='text-align:right;'>48.1%</td></tr><tr><td style='padding-right:8px;'>Brian Bock</td><td style='text-align:right;padding-right:8px;'>3</td><td style='text-align:right;'>11.1%</td></tr><tr><td style='padding-right:8px;'>write-in:</td><td style='text-align:right;padding-right:8px;'>0</td><td style='text-align:right;'>0.0%</td></tr></table></div>" }, "geometry": { "type": "Point", "coordinates": [ -87.971299491588894, 42.954080573155473 ] } },
{ "type": "Feature", "properties": { "ward": "City of Milwaukee Ward 264", "candidate": "Brian Bock", "votes": 13, "color": "#4DAF4A", "popup": "<div><strong>City of Milwaukee Ward 264</strong><div><strong>Representative to the Assembly, District 61</strong><table style='border-collapse:collapse;margin-top:4px;'><tr><th></th><th style='text-align:right;padding-right:8px;'>Votes</th><th style='text-align:right;'>Percent</th></tr><tr><td style='padding-right:8px;'>Lawanda Chambers</td><td style='text-align:right;padding-right:8px;'>56</td><td style='text-align:right;'>44.4%</td></tr><tr><td style='padding-right:8px;'>Ben Brist</td><td style='text-align:right;padding-right:8px;'>57</td><td style='text-align:right;'>45.2%</td></tr><tr><td style='padding-right:8px;'>Brian Bock</td><td style='text-align:right;padding-right:8px;'>13</td><td style='text-align:right;'>10.3%</td></tr><tr><td style='padding-right:8px;'>write-in:</td><td style='text-align:right;padding-right:8px;'>0</td><td style='text-align:right;'>0.0%</td></tr></table></div>" }, "geometry": { "type": "Point", "coordinates": [ -88.02086062027054, 42.977140794463949 ] } },
{ "type": "Feature", "properties": { "ward": "City of Greenfield Ward 26", "candidate": "Ben Brist", "votes": 13, "color": "#377EB8", "popup": "<div><strong>City of Greenfield Ward 26</strong><div><strong>Representative to the Assembly, District 61</strong><table style='border-collapse:collapse;margin-top:4px;'><tr><th></th><th style='text-align:right;padding-right:8px;'>Votes</th><th style='text-align:right;'>Percent</th></tr><tr><td style='padding-right:8px;'>Lawanda Chambers</td><td style='text-align:right;padding-right:8px;'>11</td><td style='text-align:right;'>40.7%</td></tr><tr><td style='padding-right:8px;'>Ben Brist</td><td style='text-align:right;padding-right:8px;'>13</td><td style='text-align:right;'>48.1%</td></tr><tr><td style='padding-right:8px;'>Brian Bock</td><td style='text-align:right;padding-right:8px;'>3</td><td style='text-align:right;'>11.1%</td></tr><tr><td style='padding-right:8px;'>write-in:</td><td style='text-align:right;padding-right:8px;'>0</td><td style='text-align:right;'>0.0%</td></tr></table></div>" }, "geometry": { "type": "Point", "coordinates": [ -87.971299491588894, 42.954080573155473 ] } },
{ "type": "Feature", "properties": { "ward": "City of Franklin Ward 9", "candidate": "Brian Bock", "votes": 17, "color": "#4DAF4A", "popup": "<div><strong>City of Franklin Ward 9</strong><div><strong>Representative to the Assembly, District 61</strong><table style='border-collapse:collapse;margin-top:4px;'><tr><th></th><th style='text-align:right;padding-right:8px;'>Votes</th><th style='text-align:right;'>Percent</th></tr><tr><td style='padding-right:8px;'>Lawanda Chambers</td><td style='text-align:right;padding-right:8px;'>54</td><td style='text-align:right;'>39.1%</td></tr><tr><td style='padding-right:8px;'>Ben Brist</td><td style='text-align:right;padding-right:8px;'>67</td><td style='text-align:right;'>48.6%</td></tr><tr><td style='padding-right:8px;'>Brian Bock</td><td style='text-align:right;padding-right:8px;'>17</td><td style='text-align:right;'>12.3%</td></tr><tr><td style='padding-right:8px;'>write-in:</td><td style='text-align:right;padding-right:8px;'>0</td><td style='text-align:right;'>0.0%</td></tr></table></div>" }, "geometry": { "type": "Point", "coordinates": [ -87.964216639459792, 42.926680754477445 ] } },
{ "type": "Feature", "properties": { "ward": "City of Greenfield Ward 10", "candidate": "Brian Bock", "votes": 17, "color": "#4DAF4A", "popup": "<div><strong>City of Greenfield Ward 10</strong><div><strong>Representative to the Assembly, District 61</strong><table style='border-collapse:collapse;margin-top:4px;'><tr><th></th><th style='text-align:right;padding-right:8px;'>Votes</th><th style='text-align:right;'>Percent</th></tr><tr><td style='padding-right:8px;'>Lawanda Chambers</td><td style='text-align:right;padding-right:8px;'>65</td><td style='text-align:right;'>48.1%</td></tr><tr><td style='padding-right:8px;'>Ben Brist</td><td style='text-align:right;padding-right:8px;'>53</td><td style='text-align:right;'>39.3%</td></tr><tr><td style='padding-right:8px;'>Brian Bock</td><td style='text-align:right;padding-right:8px;'>17</td><td style='text-align:right;'>12.6%</td></tr><tr><td style='padding-right:8px;'>write-in:</td><td style='text-align:right;padding-right:8px;'>0</td><td style='text-align:right;'>0.0%</td></tr></table></div>" }, "geometry": { "type": "Point", "coordinates": [ -88.023045741829762, 42.962855689094816 ] } },
{ "type": "Feature", "properties": { "ward": "City of Greenfield Ward 12", "candidate": "Brian Bock", "votes": 18, "color": "#4DAF4A", "popup": "<div><strong>City of Greenfield Ward 12</strong><div><strong>Representative to the Assembly, District 61</strong><table style='border-collapse:collapse;margin-top:4px;'><tr><th></th><th style='text-align:right;padding-right:8px;'>Votes</th><th style='text-align:right;'>Percent</th></tr><tr><td style='padding-right:8px;'>Lawanda Chambers</td><td style='text-align:right;padding-right:8px;'>54</td><td style='text-align:right;'>36.0%</td></tr><tr><td style='padding-right:8px;'>Ben Brist</td><td style='text-align:right;padding-right:8px;'>78</td><td style='text-align:right;'>52.0%</td></tr><tr><td style='padding-right:8px;'>Brian Bock</td><td style='text-align:right;padding-right:8px;'>18</td><td style='text-align:right;'>12.0%</td></tr><tr><td style='padding-right:8px;'>write-in:</td><td style='text-align:right;padding-right:8px;'>0</td><td style='text-align:right;'>0.0%</td></tr></table></div>" }, "geometry": { "type": "Point", "coordinates": [ -88.028353234171632, 42.955557371920413 ] } },
{ "type": "Feature", "properties": { "ward": "City of Milwaukee Ward 263", "candidate": "Brian Bock", "votes": 19, "color": "#4DAF4A", "popup": "<div><strong>City of Milwaukee Ward 263</strong><div><strong>Representative to the Assembly, District 61</strong><table style='border-collapse:collapse;margin-top:4px;'><tr><th></th><th style='text-align:right;padding-right:8px;'>Votes</th><th style='text-align:right;'>Percent</th></tr><tr><td style='padding-right:8px;'>Lawanda Chambers</td><td style='text-align:right;padding-right:8px;'>40</td><td style='text-align:right;'>35.1%</td></tr><tr><td style='padding-right:8px;'>Ben Brist</td><td style='text-align:right;padding-right:8px;'>55</td><td style='text-align:right;'>48.2%</td></tr><tr><td style='padding-right:8px;'>Brian Bock</td><td style='text-align:right;padding-right:8px;'>19</td><td style='text-align:right;'>16.7%</td></tr><tr><td style='padding-right:8px;'>write-in:</td><td style='text-align:right;padding-right:8px;'>0</td><td style='text-align:right;'>0.0%</td></tr></table></div>" }, "geometry": { "type": "Point", "coordinates": [ -88.027044685266603, 42.978131113702375 ] } },
{ "type": "Feature", "properties": { "ward": "City of Franklin Ward 10", "candidate": "Brian Bock", "votes": 20, "color": "#4DAF4A", "popup": "<div><strong>City of Franklin Ward 10</strong><div><strong>Representative to the Assembly, District 61</strong><table style='border-collapse:collapse;margin-top:4px;'><tr><th></th><th style='text-align:right;padding-right:8px;'>Votes</th><th style='text-align:right;'>Percent</th></tr><tr><td style='padding-right:8px;'>Lawanda Chambers</td><td style='text-align:right;padding-right:8px;'>36</td><td style='text-align:right;'>37.1%</td></tr><tr><td style='padding-right:8px;'>Ben Brist</td><td style='text-align:right;padding-right:8px;'>41</td><td style='text-align:right;'>42.3%</td></tr><tr><td style='padding-right:8px;'>Brian Bock</td><td style='text-align:right;padding-right:8px;'>20</td><td style='text-align:right;'>20.6%</td></tr><tr><td style='padding-right:8px;'>write-in:</td><td style='text-align:right;padding-right:8px;'>0</td><td style='text-align:right;'>0.0%</td></tr></table></div>" }, "geometry": { "type": "Point", "coordinates": [ -87.974982232796535, 42.919581718101384 ] } },
{ "type": "Feature", "properties": { "ward": "City of Milwaukee Ward 262", "candidate": "Brian Bock", "votes": 22, "color": "#4DAF4A", "popup": "<div><strong>City of Milwaukee Ward 262</strong><div><strong>Representative to the Assembly, District 61</strong><table style='border-collapse:collapse;margin-top:4px;'><tr><th></th><th style='text-align:right;padding-right:8px;'>Votes</th><th style='text-align:right;'>Percent</th></tr><tr><td style='padding-right:8px;'>Lawanda Chambers</td><td style='text-align:right;padding-right:8px;'>72</td><td style='text-align:right;'>33.0%</td></tr><tr><td style='padding-right:8px;'>Ben Brist</td><td style='text-align:right;padding-right:8px;'>124</td><td style='text-align:right;'>56.9%</td></tr><tr><td style='padding-right:8px;'>Brian Bock</td><td style='text-align:right;padding-right:8px;'>22</td><td style='text-align:right;'>10.1%</td></tr><tr><td style='padding-right:8px;'>write-in:</td><td style='text-align:right;padding-right:8px;'>0</td><td style='text-align:right;'>0.0%</td></tr></table></div>" }, "geometry": { "type": "Point", "coordinates": [ -88.033892176990818, 42.976650326342146 ] } },
{ "type": "Feature", "properties": { "ward": "City of Greenfield Ward 9", "candidate": "Brian Bock", "votes": 24, "color": "#4DAF4A", "popup": "<div><strong>City of Greenfield Ward 9</strong><div><strong>Representative to the Assembly, District 61</strong><table style='border-collapse:collapse;margin-top:4px;'><tr><th></th><th style='text-align:right;padding-right:8px;'>Votes</th><th style='text-align:right;'>Percent</th></tr><tr><td style='padding-right:8px;'>Lawanda Chambers</td><td style='text-align:right;padding-right:8px;'>77</td><td style='text-align:right;'>33.2%</td></tr><tr><td style='padding-right:8px;'>Ben Brist</td><td style='text-align:right;padding-right:8px;'>131</td><td style='text-align:right;'>56.5%</td></tr><tr><td style='padding-right:8px;'>Brian Bock</td><td style='text-align:right;padding-right:8px;'>24</td><td style='text-align:right;'>10.3%</td></tr><tr><td style='padding-right:8px;'>write-in:</td><td style='text-align:right;padding-right:8px;'>0</td><td style='text-align:right;'>0.0%</td></tr></table></div>" }, "geometry": { "type": "Point", "coordinates": [ -88.013245323990716, 42.959726020104924 ] } },
{ "type": "Feature", "properties": { "ward": "City of Milwaukee Ward 260", "candidate": "Brian Bock", "votes": 27, "color": "#4DAF4A", "popup": "<div><strong>City of Milwaukee Ward 260</strong><div><strong>Representative to the Assembly, District 61</strong><table style='border-collapse:collapse;margin-top:4px;'><tr><th></th><th style='text-align:right;padding-right:8px;'>Votes</th><th style='text-align:right;'>Percent</th></tr><tr><td style='padding-right:8px;'>Lawanda Chambers</td><td style='text-align:right;padding-right:8px;'>105</td><td style='text-align:right;'>43.8%</td></tr><tr><td style='padding-right:8px;'>Ben Brist</td><td style='text-align:right;padding-right:8px;'>108</td><td style='text-align:right;'>45.0%</td></tr><tr><td style='padding-right:8px;'>Brian Bock</td><td style='text-align:right;padding-right:8px;'>27</td><td style='text-align:right;'>11.2%</td></tr><tr><td style='padding-right:8px;'>write-in:</td><td style='text-align:right;padding-right:8px;'>0</td><td style='text-align:right;'>0.0%</td></tr></table></div>" }, "geometry": { "type": "Point", "coordinates": [ -88.012669343652036, 42.984636808690638 ] } },
{ "type": "Feature", "properties": { "ward": "City of Milwaukee Ward 265", "candidate": "Brian Bock", "votes": 27, "color": "#4DAF4A", "popup": "<div><strong>City of Milwaukee Ward 265</strong><div><strong>Representative to the Assembly, District 61</strong><table style='border-collapse:collapse;margin-top:4px;'><tr><th></th><th style='text-align:right;padding-right:8px;'>Votes</th><th style='text-align:right;'>Percent</th></tr><tr><td style='padding-right:8px;'>Lawanda Chambers</td><td style='text-align:right;padding-right:8px;'>109</td><td style='text-align:right;'>41.1%</td></tr><tr><td style='padding-right:8px;'>Ben Brist</td><td style='text-align:right;padding-right:8px;'>129</td><td style='text-align:right;'>48.7%</td></tr><tr><td style='padding-right:8px;'>Brian Bock</td><td style='text-align:right;padding-right:8px;'>27</td><td style='text-align:right;'>10.2%</td></tr><tr><td style='padding-right:8px;'>write-in:</td><td style='text-align:right;padding-right:8px;'>0</td><td style='text-align:right;'>0.0%</td></tr></table></div>" }, "geometry": { "type": "Point", "coordinates": [ -88.012835957998107, 42.977081132073536 ] } },
{ "type": "Feature", "properties": { "ward": "City of Milwaukee Ward 266", "candidate": "Brian Bock", "votes": 29, "color": "#4DAF4A", "popup": "<div><strong>City of Milwaukee Ward 266</strong><div><strong>Representative to the Assembly, District 61</strong><table style='border-collapse:collapse;margin-top:4px;'><tr><th></th><th style='text-align:right;padding-right:8px;'>Votes</th><th style='text-align:right;'>Percent</th></tr><tr><td style='padding-right:8px;'>Lawanda Chambers</td><td style='text-align:right;padding-right:8px;'>167</td><td style='text-align:right;'>49.7%</td></tr><tr><td style='padding-right:8px;'>Ben Brist</td><td style='text-align:right;padding-right:8px;'>140</td><td style='text-align:right;'>41.7%</td></tr><tr><td style='padding-right:8px;'>Brian Bock</td><td style='text-align:right;padding-right:8px;'>29</td><td style='text-align:right;'>8.6%</td></tr><tr><td style='padding-right:8px;'>write-in:</td><td style='text-align:right;padding-right:8px;'>0</td><td style='text-align:right;'>0.0%</td></tr></table></div>" }, "geometry": { "type": "Point", "coordinates": [ -88.002976438538923, 42.973848864476004 ] } },
{ "type": "Feature", "properties": { "ward": "City of Greenfield Ward 14", "candidate": "Brian Bock", "votes": 31, "color": "#4DAF4A", "popup": "<div><strong>City of Greenfield Ward 14</strong><div><strong>Representative to the Assembly, District 61</strong><table style='border-collapse:collapse;margin-top:4px;'><tr><th></th><th style='text-align:right;padding-right:8px;'>Votes</th><th style='text-align:right;'>Percent</th></tr><tr><td style='padding-right:8px;'>Lawanda Chambers</td><td style='text-align:right;padding-right:8px;'>104</td><td style='text-align:right;'>43.5%</td></tr><tr><td style='padding-right:8px;'>Ben Brist</td><td style='text-align:right;padding-right:8px;'>104</td><td style='text-align:right;'>43.5%</td></tr><tr><td style='padding-right:8px;'>Brian Bock</td><td style='text-align:right;padding-right:8px;'>31</td><td style='text-align:right;'>13.0%</td></tr><tr><td style='padding-right:8px;'>write-in:</td><td style='text-align:right;padding-right:8px;'>0</td><td style='text-align:right;'>0.0%</td></tr></table></div>" }, "geometry": { "type": "Point", "coordinates": [ -88.043213992191724, 42.978022569872181 ] } },
{ "type": "Feature", "properties": { "ward": "City of Greenfield Ward 8", "candidate": "Brian Bock", "votes": 34, "color": "#4DAF4A", "popup": "<div><strong>City of Greenfield Ward 8</strong><div><strong>Representative to the Assembly, District 61</strong><table style='border-collapse:collapse;margin-top:4px;'><tr><th></th><th style='text-align:right;padding-right:8px;'>Votes</th><th style='text-align:right;'>Percent</th></tr><tr><td style='padding-right:8px;'>Lawanda Chambers</td><td style='text-align:right;padding-right:8px;'>91</td><td style='text-align:right;'>37.4%</td></tr><tr><td style='padding-right:8px;'>Ben Brist</td><td style='text-align:right;padding-right:8px;'>118</td><td style='text-align:right;'>48.6%</td></tr><tr><td style='padding-right:8px;'>Brian Bock</td><td style='text-align:right;padding-right:8px;'>34</td><td style='text-align:right;'>14.0%</td></tr><tr><td style='padding-right:8px;'>write-in:</td><td style='text-align:right;padding-right:8px;'>0</td><td style='text-align:right;'>0.0%</td></tr></table></div>" }, "geometry": { "type": "Point", "coordinates": [ -88.002633201545038, 42.955064856799666 ] } },
{ "type": "Feature", "properties": { "ward": "City of Milwaukee Ward 261", "candidate": "Brian Bock", "votes": 35, "color": "#4DAF4A", "popup": "<div><strong>City of Milwaukee Ward 261</strong><div><strong>Representative to the Assembly, District 61</strong><table style='border-collapse:collapse;margin-top:4px;'><tr><th></th><th style='text-align:right;padding-right:8px;'>Votes</th><th style='text-align:right;'>Percent</th></tr><tr><td style='padding-right:8px;'>Lawanda Chambers</td><td style='text-align:right;padding-right:8px;'>190</td><td style='text-align:right;'>53.4%</td></tr><tr><td style='padding-right:8px;'>Ben Brist</td><td style='text-align:right;padding-right:8px;'>131</td><td style='text-align:right;'>36.8%</td></tr><tr><td style='padding-right:8px;'>Brian Bock</td><td style='text-align:right;padding-right:8px;'>35</td><td style='text-align:right;'>9.8%</td></tr><tr><td style='padding-right:8px;'>write-in:</td><td style='text-align:right;padding-right:8px;'>0</td><td style='text-align:right;'>0.0%</td></tr></table></div>" }, "geometry": { "type": "Point", "coordinates": [ -88.025799893447243, 42.984581329233805 ] } },
{ "type": "Feature", "properties": { "ward": "City of Franklin Ward 10", "candidate": "Lawanda Chambers", "votes": 36, "color": "#E41A1C", "popup": "<div><strong>City of Franklin Ward 10</strong><div><strong>Representative to the Assembly, District 61</strong><table style='border-collapse:collapse;margin-top:4px;'><tr><th></th><th style='text-align:right;padding-right:8px;'>Votes</th><th style='text-align:right;'>Percent</th></tr><tr><td style='padding-right:8px;'>Lawanda Chambers</td><td style='text-align:right;padding-right:8px;'>36</td><td style='text-align:right;'>37.1%</td></tr><tr><td style='padding-right:8px;'>Ben Brist</td><td style='text-align:right;padding-right:8px;'>41</td><td style='text-align:right;'>42.3%</td></tr><tr><td style='padding-right:8px;'>Brian Bock</td><td style='text-align:right;padding-right:8px;'>20</td><td style='text-align:right;'>20.6%</td></tr><tr><td style='padding-right:8px;'>write-in:</td><td style='text-align:right;padding-right:8px;'>0</td><td style='text-align:right;'>0.0%</td></tr></table></div>" }, "geometry": { "type": "Point", "coordinates": [ -87.974982232796535, 42.919581718101384 ] } },
{ "type": "Feature", "properties": { "ward": "City of Milwaukee Ward 259", "candidate": "Lawanda Chambers", "votes": 37, "color": "#E41A1C", "popup": "<div><strong>City of Milwaukee Ward 259</strong><div><strong>Representative to the Assembly, District 61</strong><table style='border-collapse:collapse;margin-top:4px;'><tr><th></th><th style='text-align:right;padding-right:8px;'>Votes</th><th style='text-align:right;'>Percent</th></tr><tr><td style='padding-right:8px;'>Lawanda Chambers</td><td style='text-align:right;padding-right:8px;'>37</td><td style='text-align:right;'>41.1%</td></tr><tr><td style='padding-right:8px;'>Ben Brist</td><td style='text-align:right;padding-right:8px;'>43</td><td style='text-align:right;'>47.8%</td></tr><tr><td style='padding-right:8px;'>Brian Bock</td><td style='text-align:right;padding-right:8px;'>10</td><td style='text-align:right;'>11.1%</td></tr><tr><td style='padding-right:8px;'>write-in:</td><td style='text-align:right;padding-right:8px;'>0</td><td style='text-align:right;'>0.0%</td></tr></table></div>" }, "geometry": { "type": "Point", "coordinates": [ -88.004309445497285, 42.983560546102709 ] } },
{ "type": "Feature", "properties": { "ward": "City of Greenfield Ward 24", "candidate": "Brian Bock", "votes": 38, "color": "#4DAF4A", "popup": "<div><strong>City of Greenfield Ward 24</strong><div><strong>Representative to the Assembly, District 61</strong><table style='border-collapse:collapse;margin-top:4px;'><tr><th></th><th style='text-align:right;padding-right:8px;'>Votes</th><th style='text-align:right;'>Percent</th></tr><tr><td style='padding-right:8px;'>Lawanda Chambers</td><td style='text-align:right;padding-right:8px;'>116</td><td style='text-align:right;'>36.9%</td></tr><tr><td style='padding-right:8px;'>Ben Brist</td><td style='text-align:right;padding-right:8px;'>157</td><td style='text-align:right;'>50.0%</td></tr><tr><td style='padding-right:8px;'>Brian Bock</td><td style='text-align:right;padding-right:8px;'>38</td><td style='text-align:right;'>12.1%</td></tr><tr><td style='padding-right:8px;'>write-in:</td><td style='text-align:right;padding-right:8px;'>3</td><td style='text-align:right;'>1.0%</td></tr></table></div>" }, "geometry": { "type": "Point", "coordinates": [ -87.973367149888148, 42.948763041555495 ] } },
{ "type": "Feature", "properties": { "ward": "City of Greenfield Ward 21", "candidate": "Brian Bock", "votes": 39, "color": "#4DAF4A", "popup": "<div><strong>City of Greenfield Ward 21</strong><div><strong>Representative to the Assembly, District 61</strong><table style='border-collapse:collapse;margin-top:4px;'><tr><th></th><th style='text-align:right;padding-right:8px;'>Votes</th><th style='text-align:right;'>Percent</th></tr><tr><td style='padding-right:8px;'>Lawanda Chambers</td><td style='text-align:right;padding-right:8px;'>82</td><td style='text-align:right;'>47.4%</td></tr><tr><td style='padding-right:8px;'>Ben Brist</td><td style='text-align:right;padding-right:8px;'>52</td><td style='text-align:right;'>30.1%</td></tr><tr><td style='padding-right:8px;'>Brian Bock</td><td style='text-align:right;padding-right:8px;'>39</td><td style='text-align:right;'>22.5%</td></tr><tr><td style='padding-right:8px;'>write-in:</td><td style='text-align:right;padding-right:8px;'>0</td><td style='text-align:right;'>0.0%</td></tr></table></div>" }, "geometry": { "type": "Point", "coordinates": [ -87.982454382908685, 42.954874949501473 ] } },
{ "type": "Feature", "properties": { "ward": "City of Milwaukee Ward 263", "candidate": "Lawanda Chambers", "votes": 40, "color": "#E41A1C", "popup": "<div><strong>City of Milwaukee Ward 263</strong><div><strong>Representative to the Assembly, District 61</strong><table style='border-collapse:collapse;margin-top:4px;'><tr><th></th><th style='text-align:right;padding-right:8px;'>Votes</th><th style='text-align:right;'>Percent</th></tr><tr><td style='padding-right:8px;'>Lawanda Chambers</td><td style='text-align:right;padding-right:8px;'>40</td><td style='text-align:right;'>35.1%</td></tr><tr><td style='padding-right:8px;'>Ben Brist</td><td style='text-align:right;padding-right:8px;'>55</td><td style='text-align:right;'>48.2%</td></tr><tr><td style='padding-right:8px;'>Brian Bock</td><td style='text-align:right;padding-right:8px;'>19</td><td style='text-align:right;'>16.7%</td></tr><tr><td style='padding-right:8px;'>write-in:</td><td style='text-align:right;padding-right:8px;'>0</td><td style='text-align:right;'>0.0%</td></tr></table></div>" }, "geometry": { "type": "Point", "coordinates": [ -88.027044685266603, 42.978131113702375 ] } },
{ "type": "Feature", "properties": { "ward": "City of Franklin Ward 10", "candidate": "Ben Brist", "votes": 41, "color": "#377EB8", "popup": "<div><strong>City of Franklin Ward 10</strong><div><strong>Representative to the Assembly, District 61</strong><table style='border-collapse:collapse;margin-top:4px;'><tr><th></th><th style='text-align:right;padding-right:8px;'>Votes</th><th style='text-align:right;'>Percent</th></tr><tr><td style='padding-right:8px;'>Lawanda Chambers</td><td style='text-align:right;padding-right:8px;'>36</td><td style='text-align:right;'>37.1%</td></tr><tr><td style='padding-right:8px;'>Ben Brist</td><td style='text-align:right;padding-right:8px;'>41</td><td style='text-align:right;'>42.3%</td></tr><tr><td style='padding-right:8px;'>Brian Bock</td><td style='text-align:right;padding-right:8px;'>20</td><td style='text-align:right;'>20.6%</td></tr><tr><td style='padding-right:8px;'>write-in:</td><td style='text-align:right;padding-right:8px;'>0</td><td style='text-align:right;'>0.0%</td></tr></table></div>" }, "geometry": { "type": "Point", "coordinates": [ -87.974982232796535, 42.919581718101384 ] } },
{ "type": "Feature", "properties": { "ward": "City of Milwaukee Ward 259", "candidate": "Ben Brist", "votes": 43, "color": "#377EB8", "popup": "<div><strong>City of Milwaukee Ward 259</strong><div><strong>Representative to the Assembly, District 61</strong><table style='border-collapse:collapse;margin-top:4px;'><tr><th></th><th style='text-align:right;padding-right:8px;'>Votes</th><th style='text-align:right;'>Percent</th></tr><tr><td style='padding-right:8px;'>Lawanda Chambers</td><td style='text-align:right;padding-right:8px;'>37</td><td style='text-align:right;'>41.1%</td></tr><tr><td style='padding-right:8px;'>Ben Brist</td><td style='text-align:right;padding-right:8px;'>43</td><td style='text-align:right;'>47.8%</td></tr><tr><td style='padding-right:8px;'>Brian Bock</td><td style='text-align:right;padding-right:8px;'>10</td><td style='text-align:right;'>11.1%</td></tr><tr><td style='padding-right:8px;'>write-in:</td><td style='text-align:right;padding-right:8px;'>0</td><td style='text-align:right;'>0.0%</td></tr></table></div>" }, "geometry": { "type": "Point", "coordinates": [ -88.004309445497285, 42.983560546102709 ] } },
{ "type": "Feature", "properties": { "ward": "City of Greenfield Ward 11", "candidate": "Brian Bock", "votes": 45, "color": "#4DAF4A", "popup": "<div><strong>City of Greenfield Ward 11</strong><div><strong>Representative to the Assembly, District 61</strong><table style='border-collapse:collapse;margin-top:4px;'><tr><th></th><th style='text-align:right;padding-right:8px;'>Votes</th><th style='text-align:right;'>Percent</th></tr><tr><td style='padding-right:8px;'>Lawanda Chambers</td><td style='text-align:right;padding-right:8px;'>117</td><td style='text-align:right;'>43.5%</td></tr><tr><td style='padding-right:8px;'>Ben Brist</td><td style='text-align:right;padding-right:8px;'>107</td><td style='text-align:right;'>39.8%</td></tr><tr><td style='padding-right:8px;'>Brian Bock</td><td style='text-align:right;padding-right:8px;'>45</td><td style='text-align:right;'>16.7%</td></tr><tr><td style='padding-right:8px;'>write-in:</td><td style='text-align:right;padding-right:8px;'>0</td><td style='text-align:right;'>0.0%</td></tr></table></div>" }, "geometry": { "type": "Point", "coordinates": [ -88.022883872431976, 42.970096774968681 ] } },
{ "type": "Feature", "properties": { "ward": "City of Greenfield Ward 13", "candidate": "Brian Bock", "votes": 47, "color": "#4DAF4A", "popup": "<div><strong>City of Greenfield Ward 13</strong><div><strong>Representative to the Assembly, District 61</strong><table style='border-collapse:collapse;margin-top:4px;'><tr><th></th><th style='text-align:right;padding-right:8px;'>Votes</th><th style='text-align:right;'>Percent</th></tr><tr><td style='padding-right:8px;'>Lawanda Chambers</td><td style='text-align:right;padding-right:8px;'>114</td><td style='text-align:right;'>41.5%</td></tr><tr><td style='padding-right:8px;'>Ben Brist</td><td style='text-align:right;padding-right:8px;'>113</td><td style='text-align:right;'>41.1%</td></tr><tr><td style='padding-right:8px;'>Brian Bock</td><td style='text-align:right;padding-right:8px;'>47</td><td style='text-align:right;'>17.1%</td></tr><tr><td style='padding-right:8px;'>write-in:</td><td style='text-align:right;padding-right:8px;'>1</td><td style='text-align:right;'>0.4%</td></tr></table></div>" }, "geometry": { "type": "Point", "coordinates": [ -88.042020611069105, 42.96944834383175 ] } },
{ "type": "Feature", "properties": { "ward": "V. Hales Corners Wards 1,2,3", "candidate": "Brian Bock", "votes": 47, "color": "#4DAF4A", "popup": "<div><strong>V. Hales Corners Wards 1,2,3</strong><div><strong>Representative to the Assembly, District 61</strong><table style='border-collapse:collapse;margin-top:4px;'><tr><th></th><th style='text-align:right;padding-right:8px;'>Votes</th><th style='text-align:right;'>Percent</th></tr><tr><td style='padding-right:8px;'>Lawanda Chambers</td><td style='text-align:right;padding-right:8px;'>119</td><td style='text-align:right;'>37.8%</td></tr><tr><td style='padding-right:8px;'>Ben Brist</td><td style='text-align:right;padding-right:8px;'>149</td><td style='text-align:right;'>47.3%</td></tr><tr><td style='padding-right:8px;'>Brian Bock</td><td style='text-align:right;padding-right:8px;'>47</td><td style='text-align:right;'>14.9%</td></tr><tr><td style='padding-right:8px;'>write-in:</td><td style='text-align:right;padding-right:8px;'>0</td><td style='text-align:right;'>0.0%</td></tr></table></div>" }, "geometry": { "type": "Point", "coordinates": [ -88.063719163726887, 42.948470204636159 ] } },
{ "type": "Feature", "properties": { "ward": "City of Greenfield Ward 21", "candidate": "Ben Brist", "votes": 52, "color": "#377EB8", "popup": "<div><strong>City of Greenfield Ward 21</strong><div><strong>Representative to the Assembly, District 61</strong><table style='border-collapse:collapse;margin-top:4px;'><tr><th></th><th style='text-align:right;padding-right:8px;'>Votes</th><th style='text-align:right;'>Percent</th></tr><tr><td style='padding-right:8px;'>Lawanda Chambers</td><td style='text-align:right;padding-right:8px;'>82</td><td style='text-align:right;'>47.4%</td></tr><tr><td style='padding-right:8px;'>Ben Brist</td><td style='text-align:right;padding-right:8px;'>52</td><td style='text-align:right;'>30.1%</td></tr><tr><td style='padding-right:8px;'>Brian Bock</td><td style='text-align:right;padding-right:8px;'>39</td><td style='text-align:right;'>22.5%</td></tr><tr><td style='padding-right:8px;'>write-in:</td><td style='text-align:right;padding-right:8px;'>0</td><td style='text-align:right;'>0.0%</td></tr></table></div>" }, "geometry": { "type": "Point", "coordinates": [ -87.982454382908685, 42.954874949501473 ] } },
{ "type": "Feature", "properties": { "ward": "City of Greenfield Ward 10", "candidate": "Ben Brist", "votes": 53, "color": "#377EB8", "popup": "<div><strong>City of Greenfield Ward 10</strong><div><strong>Representative to the Assembly, District 61</strong><table style='border-collapse:collapse;margin-top:4px;'><tr><th></th><th style='text-align:right;padding-right:8px;'>Votes</th><th style='text-align:right;'>Percent</th></tr><tr><td style='padding-right:8px;'>Lawanda Chambers</td><td style='text-align:right;padding-right:8px;'>65</td><td style='text-align:right;'>48.1%</td></tr><tr><td style='padding-right:8px;'>Ben Brist</td><td style='text-align:right;padding-right:8px;'>53</td><td style='text-align:right;'>39.3%</td></tr><tr><td style='padding-right:8px;'>Brian Bock</td><td style='text-align:right;padding-right:8px;'>17</td><td style='text-align:right;'>12.6%</td></tr><tr><td style='padding-right:8px;'>write-in:</td><td style='text-align:right;padding-right:8px;'>0</td><td style='text-align:right;'>0.0%</td></tr></table></div>" }, "geometry": { "type": "Point", "coordinates": [ -88.023045741829762, 42.962855689094816 ] } },
{ "type": "Feature", "properties": { "ward": "City of Franklin Ward 9", "candidate": "Lawanda Chambers", "votes": 54, "color": "#E41A1C", "popup": "<div><strong>City of Franklin Ward 9</strong><div><strong>Representative to the Assembly, District 61</strong><table style='border-collapse:collapse;margin-top:4px;'><tr><th></th><th style='text-align:right;padding-right:8px;'>Votes</th><th style='text-align:right;'>Percent</th></tr><tr><td style='padding-right:8px;'>Lawanda Chambers</td><td style='text-align:right;padding-right:8px;'>54</td><td style='text-align:right;'>39.1%</td></tr><tr><td style='padding-right:8px;'>Ben Brist</td><td style='text-align:right;padding-right:8px;'>67</td><td style='text-align:right;'>48.6%</td></tr><tr><td style='padding-right:8px;'>Brian Bock</td><td style='text-align:right;padding-right:8px;'>17</td><td style='text-align:right;'>12.3%</td></tr><tr><td style='padding-right:8px;'>write-in:</td><td style='text-align:right;padding-right:8px;'>0</td><td style='text-align:right;'>0.0%</td></tr></table></div>" }, "geometry": { "type": "Point", "coordinates": [ -87.964216639459792, 42.926680754477445 ] } },
{ "type": "Feature", "properties": { "ward": "City of Greenfield Ward 12", "candidate": "Lawanda Chambers", "votes": 54, "color": "#E41A1C", "popup": "<div><strong>City of Greenfield Ward 12</strong><div><strong>Representative to the Assembly, District 61</strong><table style='border-collapse:collapse;margin-top:4px;'><tr><th></th><th style='text-align:right;padding-right:8px;'>Votes</th><th style='text-align:right;'>Percent</th></tr><tr><td style='padding-right:8px;'>Lawanda Chambers</td><td style='text-align:right;padding-right:8px;'>54</td><td style='text-align:right;'>36.0%</td></tr><tr><td style='padding-right:8px;'>Ben Brist</td><td style='text-align:right;padding-right:8px;'>78</td><td style='text-align:right;'>52.0%</td></tr><tr><td style='padding-right:8px;'>Brian Bock</td><td style='text-align:right;padding-right:8px;'>18</td><td style='text-align:right;'>12.0%</td></tr><tr><td style='padding-right:8px;'>write-in:</td><td style='text-align:right;padding-right:8px;'>0</td><td style='text-align:right;'>0.0%</td></tr></table></div>" }, "geometry": { "type": "Point", "coordinates": [ -88.028353234171632, 42.955557371920413 ] } },
{ "type": "Feature", "properties": { "ward": "City of Milwaukee Ward 263", "candidate": "Ben Brist", "votes": 55, "color": "#377EB8", "popup": "<div><strong>City of Milwaukee Ward 263</strong><div><strong>Representative to the Assembly, District 61</strong><table style='border-collapse:collapse;margin-top:4px;'><tr><th></th><th style='text-align:right;padding-right:8px;'>Votes</th><th style='text-align:right;'>Percent</th></tr><tr><td style='padding-right:8px;'>Lawanda Chambers</td><td style='text-align:right;padding-right:8px;'>40</td><td style='text-align:right;'>35.1%</td></tr><tr><td style='padding-right:8px;'>Ben Brist</td><td style='text-align:right;padding-right:8px;'>55</td><td style='text-align:right;'>48.2%</td></tr><tr><td style='padding-right:8px;'>Brian Bock</td><td style='text-align:right;padding-right:8px;'>19</td><td style='text-align:right;'>16.7%</td></tr><tr><td style='padding-right:8px;'>write-in:</td><td style='text-align:right;padding-right:8px;'>0</td><td style='text-align:right;'>0.0%</td></tr></table></div>" }, "geometry": { "type": "Point", "coordinates": [ -88.027044685266603, 42.978131113702375 ] } },
{ "type": "Feature", "properties": { "ward": "V. Hales Corners Wards 4,5,6", "candidate": "Brian Bock", "votes": 55, "color": "#4DAF4A", "popup": "<div><strong>V. Hales Corners Wards 4,5,6</strong><div><strong>Representative to the Assembly, District 61</strong><table style='border-collapse:collapse;margin-top:4px;'><tr><th></th><th style='text-align:right;padding-right:8px;'>Votes</th><th style='text-align:right;'>Percent</th></tr><tr><td style='padding-right:8px;'>Lawanda Chambers</td><td style='text-align:right;padding-right:8px;'>124</td><td style='text-align:right;'>37.0%</td></tr><tr><td style='padding-right:8px;'>Ben Brist</td><td style='text-align:right;padding-right:8px;'>156</td><td style='text-align:right;'>46.6%</td></tr><tr><td style='padding-right:8px;'>Brian Bock</td><td style='text-align:right;padding-right:8px;'>55</td><td style='text-align:right;'>16.4%</td></tr><tr><td style='padding-right:8px;'>write-in:</td><td style='text-align:right;padding-right:8px;'>0</td><td style='text-align:right;'>0.0%</td></tr></table></div>" }, "geometry": { "type": "Point", "coordinates": [ -88.063267854730313, 42.940071996471957 ] } },
{ "type": "Feature", "properties": { "ward": "City of Milwaukee Ward 264", "candidate": "Lawanda Chambers", "votes": 56, "color": "#E41A1C", "popup": "<div><strong>City of Milwaukee Ward 264</strong><div><strong>Representative to the Assembly, District 61</strong><table style='border-collapse:collapse;margin-top:4px;'><tr><th></th><th style='text-align:right;padding-right:8px;'>Votes</th><th style='text-align:right;'>Percent</th></tr><tr><td style='padding-right:8px;'>Lawanda Chambers</td><td style='text-align:right;padding-right:8px;'>56</td><td style='text-align:right;'>44.4%</td></tr><tr><td style='padding-right:8px;'>Ben Brist</td><td style='text-align:right;padding-right:8px;'>57</td><td style='text-align:right;'>45.2%</td></tr><tr><td style='padding-right:8px;'>Brian Bock</td><td style='text-align:right;padding-right:8px;'>13</td><td style='text-align:right;'>10.3%</td></tr><tr><td style='padding-right:8px;'>write-in:</td><td style='text-align:right;padding-right:8px;'>0</td><td style='text-align:right;'>0.0%</td></tr></table></div>" }, "geometry": { "type": "Point", "coordinates": [ -88.02086062027054, 42.977140794463949 ] } },
{ "type": "Feature", "properties": { "ward": "City of Milwaukee Ward 264", "candidate": "Ben Brist", "votes": 57, "color": "#377EB8", "popup": "<div><strong>City of Milwaukee Ward 264</strong><div><strong>Representative to the Assembly, District 61</strong><table style='border-collapse:collapse;margin-top:4px;'><tr><th></th><th style='text-align:right;padding-right:8px;'>Votes</th><th style='text-align:right;'>Percent</th></tr><tr><td style='padding-right:8px;'>Lawanda Chambers</td><td style='text-align:right;padding-right:8px;'>56</td><td style='text-align:right;'>44.4%</td></tr><tr><td style='padding-right:8px;'>Ben Brist</td><td style='text-align:right;padding-right:8px;'>57</td><td style='text-align:right;'>45.2%</td></tr><tr><td style='padding-right:8px;'>Brian Bock</td><td style='text-align:right;padding-right:8px;'>13</td><td style='text-align:right;'>10.3%</td></tr><tr><td style='padding-right:8px;'>write-in:</td><td style='text-align:right;padding-right:8px;'>0</td><td style='text-align:right;'>0.0%</td></tr></table></div>" }, "geometry": { "type": "Point", "coordinates": [ -88.02086062027054, 42.977140794463949 ] } },
{ "type": "Feature", "properties": { "ward": "City of Greenfield Ward 16", "candidate": "Brian Bock", "votes": 61, "color": "#4DAF4A", "popup": "<div><strong>City of Greenfield Ward 16</strong><div><strong>Representative to the Assembly, District 61</strong><table style='border-collapse:collapse;margin-top:4px;'><tr><th></th><th style='text-align:right;padding-right:8px;'>Votes</th><th style='text-align:right;'>Percent</th></tr><tr><td style='padding-right:8px;'>Lawanda Chambers</td><td style='text-align:right;padding-right:8px;'>115</td><td style='text-align:right;'>36.7%</td></tr><tr><td style='padding-right:8px;'>Ben Brist</td><td style='text-align:right;padding-right:8px;'>136</td><td style='text-align:right;'>43.5%</td></tr><tr><td style='padding-right:8px;'>Brian Bock</td><td style='text-align:right;padding-right:8px;'>61</td><td style='text-align:right;'>19.5%</td></tr><tr><td style='padding-right:8px;'>write-in:</td><td style='text-align:right;padding-right:8px;'>1</td><td style='text-align:right;'>0.3%</td></tr></table></div>" }, "geometry": { "type": "Point", "coordinates": [ -88.052357880875817, 42.956546141268511 ] } },
{ "type": "Feature", "properties": { "ward": "City of Greenfield Ward 10", "candidate": "Lawanda Chambers", "votes": 65, "color": "#E41A1C", "popup": "<div><strong>City of Greenfield Ward 10</strong><div><strong>Representative to the Assembly, District 61</strong><table style='border-collapse:collapse;margin-top:4px;'><tr><th></th><th style='text-align:right;padding-right:8px;'>Votes</th><th style='text-align:right;'>Percent</th></tr><tr><td style='padding-right:8px;'>Lawanda Chambers</td><td style='text-align:right;padding-right:8px;'>65</td><td style='text-align:right;'>48.1%</td></tr><tr><td style='padding-right:8px;'>Ben Brist</td><td style='text-align:right;padding-right:8px;'>53</td><td style='text-align:right;'>39.3%</td></tr><tr><td style='padding-right:8px;'>Brian Bock</td><td style='text-align:right;padding-right:8px;'>17</td><td style='text-align:right;'>12.6%</td></tr><tr><td style='padding-right:8px;'>write-in:</td><td style='text-align:right;padding-right:8px;'>0</td><td style='text-align:right;'>0.0%</td></tr></table></div>" }, "geometry": { "type": "Point", "coordinates": [ -88.023045741829762, 42.962855689094816 ] } },
{ "type": "Feature", "properties": { "ward": "City of Greenfield Ward 15", "candidate": "Brian Bock", "votes": 66, "color": "#4DAF4A", "popup": "<div><strong>City of Greenfield Ward 15</strong><div><strong>Representative to the Assembly, District 61</strong><table style='border-collapse:collapse;margin-top:4px;'><tr><th></th><th style='text-align:right;padding-right:8px;'>Votes</th><th style='text-align:right;'>Percent</th></tr><tr><td style='padding-right:8px;'>Lawanda Chambers</td><td style='text-align:right;padding-right:8px;'>144</td><td style='text-align:right;'>42.0%</td></tr><tr><td style='padding-right:8px;'>Ben Brist</td><td style='text-align:right;padding-right:8px;'>132</td><td style='text-align:right;'>38.5%</td></tr><tr><td style='padding-right:8px;'>Brian Bock</td><td style='text-align:right;padding-right:8px;'>66</td><td style='text-align:right;'>19.2%</td></tr><tr><td style='padding-right:8px;'>write-in:</td><td style='text-align:right;padding-right:8px;'>1</td><td style='text-align:right;'>0.3%</td></tr></table></div>" }, "geometry": { "type": "Point", "coordinates": [ -88.062761080499456, 42.969033901578413 ] } },
{ "type": "Feature", "properties": { "ward": "City of Franklin Ward 9", "candidate": "Ben Brist", "votes": 67, "color": "#377EB8", "popup": "<div><strong>City of Franklin Ward 9</strong><div><strong>Representative to the Assembly, District 61</strong><table style='border-collapse:collapse;margin-top:4px;'><tr><th></th><th style='text-align:right;padding-right:8px;'>Votes</th><th style='text-align:right;'>Percent</th></tr><tr><td style='padding-right:8px;'>Lawanda Chambers</td><td style='text-align:right;padding-right:8px;'>54</td><td style='text-align:right;'>39.1%</td></tr><tr><td style='padding-right:8px;'>Ben Brist</td><td style='text-align:right;padding-right:8px;'>67</td><td style='text-align:right;'>48.6%</td></tr><tr><td style='padding-right:8px;'>Brian Bock</td><td style='text-align:right;padding-right:8px;'>17</td><td style='text-align:right;'>12.3%</td></tr><tr><td style='padding-right:8px;'>write-in:</td><td style='text-align:right;padding-right:8px;'>0</td><td style='text-align:right;'>0.0%</td></tr></table></div>" }, "geometry": { "type": "Point", "coordinates": [ -87.964216639459792, 42.926680754477445 ] } },
{ "type": "Feature", "properties": { "ward": "V. Hales Corners Wards 7,8,9", "candidate": "Brian Bock", "votes": 68, "color": "#4DAF4A", "popup": "<div><strong>V. Hales Corners Wards 7,8,9</strong><div><strong>Representative to the Assembly, District 61</strong><table style='border-collapse:collapse;margin-top:4px;'><tr><th></th><th style='text-align:right;padding-right:8px;'>Votes</th><th style='text-align:right;'>Percent</th></tr><tr><td style='padding-right:8px;'>Lawanda Chambers</td><td style='text-align:right;padding-right:8px;'>129</td><td style='text-align:right;'>34.1%</td></tr><tr><td style='padding-right:8px;'>Ben Brist</td><td style='text-align:right;padding-right:8px;'>180</td><td style='text-align:right;'>47.6%</td></tr><tr><td style='padding-right:8px;'>Brian Bock</td><td style='text-align:right;padding-right:8px;'>68</td><td style='text-align:right;'>18.0%</td></tr><tr><td style='padding-right:8px;'>write-in:</td><td style='text-align:right;padding-right:8px;'>1</td><td style='text-align:right;'>0.3%</td></tr></table></div>" }, "geometry": { "type": "Point", "coordinates": [ -88.036543466765394, 42.936165597776487 ] } },
{ "type": "Feature", "properties": { "ward": "City of Milwaukee Ward 262", "candidate": "Lawanda Chambers", "votes": 72, "color": "#E41A1C", "popup": "<div><strong>City of Milwaukee Ward 262</strong><div><strong>Representative to the Assembly, District 61</strong><table style='border-collapse:collapse;margin-top:4px;'><tr><th></th><th style='text-align:right;padding-right:8px;'>Votes</th><th style='text-align:right;'>Percent</th></tr><tr><td style='padding-right:8px;'>Lawanda Chambers</td><td style='text-align:right;padding-right:8px;'>72</td><td style='text-align:right;'>33.0%</td></tr><tr><td style='padding-right:8px;'>Ben Brist</td><td style='text-align:right;padding-right:8px;'>124</td><td style='text-align:right;'>56.9%</td></tr><tr><td style='padding-right:8px;'>Brian Bock</td><td style='text-align:right;padding-right:8px;'>22</td><td style='text-align:right;'>10.1%</td></tr><tr><td style='padding-right:8px;'>write-in:</td><td style='text-align:right;padding-right:8px;'>0</td><td style='text-align:right;'>0.0%</td></tr></table></div>" }, "geometry": { "type": "Point", "coordinates": [ -88.033892176990818, 42.976650326342146 ] } },
{ "type": "Feature", "properties": { "ward": "City of Greenfield Ward 9", "candidate": "Lawanda Chambers", "votes": 77, "color": "#E41A1C", "popup": "<div><strong>City of Greenfield Ward 9</strong><div><strong>Representative to the Assembly, District 61</strong><table style='border-collapse:collapse;margin-top:4px;'><tr><th></th><th style='text-align:right;padding-right:8px;'>Votes</th><th style='text-align:right;'>Percent</th></tr><tr><td style='padding-right:8px;'>Lawanda Chambers</td><td style='text-align:right;padding-right:8px;'>77</td><td style='text-align:right;'>33.2%</td></tr><tr><td style='padding-right:8px;'>Ben Brist</td><td style='text-align:right;padding-right:8px;'>131</td><td style='text-align:right;'>56.5%</td></tr><tr><td style='padding-right:8px;'>Brian Bock</td><td style='text-align:right;padding-right:8px;'>24</td><td style='text-align:right;'>10.3%</td></tr><tr><td style='padding-right:8px;'>write-in:</td><td style='text-align:right;padding-right:8px;'>0</td><td style='text-align:right;'>0.0%</td></tr></table></div>" }, "geometry": { "type": "Point", "coordinates": [ -88.013245323990716, 42.959726020104924 ] } },
{ "type": "Feature", "properties": { "ward": "City of Greenfield Ward 12", "candidate": "Ben Brist", "votes": 78, "color": "#377EB8", "popup": "<div><strong>City of Greenfield Ward 12</strong><div><strong>Representative to the Assembly, District 61</strong><table style='border-collapse:collapse;margin-top:4px;'><tr><th></th><th style='text-align:right;padding-right:8px;'>Votes</th><th style='text-align:right;'>Percent</th></tr><tr><td style='padding-right:8px;'>Lawanda Chambers</td><td style='text-align:right;padding-right:8px;'>54</td><td style='text-align:right;'>36.0%</td></tr><tr><td style='padding-right:8px;'>Ben Brist</td><td style='text-align:right;padding-right:8px;'>78</td><td style='text-align:right;'>52.0%</td></tr><tr><td style='padding-right:8px;'>Brian Bock</td><td style='text-align:right;padding-right:8px;'>18</td><td style='text-align:right;'>12.0%</td></tr><tr><td style='padding-right:8px;'>write-in:</td><td style='text-align:right;padding-right:8px;'>0</td><td style='text-align:right;'>0.0%</td></tr></table></div>" }, "geometry": { "type": "Point", "coordinates": [ -88.028353234171632, 42.955557371920413 ] } },
{ "type": "Feature", "properties": { "ward": "City of Greenfield Ward 21", "candidate": "Lawanda Chambers", "votes": 82, "color": "#E41A1C", "popup": "<div><strong>City of Greenfield Ward 21</strong><div><strong>Representative to the Assembly, District 61</strong><table style='border-collapse:collapse;margin-top:4px;'><tr><th></th><th style='text-align:right;padding-right:8px;'>Votes</th><th style='text-align:right;'>Percent</th></tr><tr><td style='padding-right:8px;'>Lawanda Chambers</td><td style='text-align:right;padding-right:8px;'>82</td><td style='text-align:right;'>47.4%</td></tr><tr><td style='padding-right:8px;'>Ben Brist</td><td style='text-align:right;padding-right:8px;'>52</td><td style='text-align:right;'>30.1%</td></tr><tr><td style='padding-right:8px;'>Brian Bock</td><td style='text-align:right;padding-right:8px;'>39</td><td style='text-align:right;'>22.5%</td></tr><tr><td style='padding-right:8px;'>write-in:</td><td style='text-align:right;padding-right:8px;'>0</td><td style='text-align:right;'>0.0%</td></tr></table></div>" }, "geometry": { "type": "Point", "coordinates": [ -87.982454382908685, 42.954874949501473 ] } },
{ "type": "Feature", "properties": { "ward": "City of Greenfield Ward 8", "candidate": "Lawanda Chambers", "votes": 91, "color": "#E41A1C", "popup": "<div><strong>City of Greenfield Ward 8</strong><div><strong>Representative to the Assembly, District 61</strong><table style='border-collapse:collapse;margin-top:4px;'><tr><th></th><th style='text-align:right;padding-right:8px;'>Votes</th><th style='text-align:right;'>Percent</th></tr><tr><td style='padding-right:8px;'>Lawanda Chambers</td><td style='text-align:right;padding-right:8px;'>91</td><td style='text-align:right;'>37.4%</td></tr><tr><td style='padding-right:8px;'>Ben Brist</td><td style='text-align:right;padding-right:8px;'>118</td><td style='text-align:right;'>48.6%</td></tr><tr><td style='padding-right:8px;'>Brian Bock</td><td style='text-align:right;padding-right:8px;'>34</td><td style='text-align:right;'>14.0%</td></tr><tr><td style='padding-right:8px;'>write-in:</td><td style='text-align:right;padding-right:8px;'>0</td><td style='text-align:right;'>0.0%</td></tr></table></div>" }, "geometry": { "type": "Point", "coordinates": [ -88.002633201545038, 42.955064856799666 ] } },
{ "type": "Feature", "properties": { "ward": "City of Greenfield Ward 14", "candidate": "Lawanda Chambers", "votes": 104, "color": "#E41A1C", "popup": "<div><strong>City of Greenfield Ward 14</strong><div><strong>Representative to the Assembly, District 61</strong><table style='border-collapse:collapse;margin-top:4px;'><tr><th></th><th style='text-align:right;padding-right:8px;'>Votes</th><th style='text-align:right;'>Percent</th></tr><tr><td style='padding-right:8px;'>Lawanda Chambers</td><td style='text-align:right;padding-right:8px;'>104</td><td style='text-align:right;'>43.5%</td></tr><tr><td style='padding-right:8px;'>Ben Brist</td><td style='text-align:right;padding-right:8px;'>104</td><td style='text-align:right;'>43.5%</td></tr><tr><td style='padding-right:8px;'>Brian Bock</td><td style='text-align:right;padding-right:8px;'>31</td><td style='text-align:right;'>13.0%</td></tr><tr><td style='padding-right:8px;'>write-in:</td><td style='text-align:right;padding-right:8px;'>0</td><td style='text-align:right;'>0.0%</td></tr></table></div>" }, "geometry": { "type": "Point", "coordinates": [ -88.043213992191724, 42.978022569872181 ] } },
{ "type": "Feature", "properties": { "ward": "City of Greenfield Ward 14", "candidate": "Ben Brist", "votes": 104, "color": "#377EB8", "popup": "<div><strong>City of Greenfield Ward 14</strong><div><strong>Representative to the Assembly, District 61</strong><table style='border-collapse:collapse;margin-top:4px;'><tr><th></th><th style='text-align:right;padding-right:8px;'>Votes</th><th style='text-align:right;'>Percent</th></tr><tr><td style='padding-right:8px;'>Lawanda Chambers</td><td style='text-align:right;padding-right:8px;'>104</td><td style='text-align:right;'>43.5%</td></tr><tr><td style='padding-right:8px;'>Ben Brist</td><td style='text-align:right;padding-right:8px;'>104</td><td style='text-align:right;'>43.5%</td></tr><tr><td style='padding-right:8px;'>Brian Bock</td><td style='text-align:right;padding-right:8px;'>31</td><td style='text-align:right;'>13.0%</td></tr><tr><td style='padding-right:8px;'>write-in:</td><td style='text-align:right;padding-right:8px;'>0</td><td style='text-align:right;'>0.0%</td></tr></table></div>" }, "geometry": { "type": "Point", "coordinates": [ -88.043213992191724, 42.978022569872181 ] } },
{ "type": "Feature", "properties": { "ward": "City of Milwaukee Ward 260", "candidate": "Lawanda Chambers", "votes": 105, "color": "#E41A1C", "popup": "<div><strong>City of Milwaukee Ward 260</strong><div><strong>Representative to the Assembly, District 61</strong><table style='border-collapse:collapse;margin-top:4px;'><tr><th></th><th style='text-align:right;padding-right:8px;'>Votes</th><th style='text-align:right;'>Percent</th></tr><tr><td style='padding-right:8px;'>Lawanda Chambers</td><td style='text-align:right;padding-right:8px;'>105</td><td style='text-align:right;'>43.8%</td></tr><tr><td style='padding-right:8px;'>Ben Brist</td><td style='text-align:right;padding-right:8px;'>108</td><td style='text-align:right;'>45.0%</td></tr><tr><td style='padding-right:8px;'>Brian Bock</td><td style='text-align:right;padding-right:8px;'>27</td><td style='text-align:right;'>11.2%</td></tr><tr><td style='padding-right:8px;'>write-in:</td><td style='text-align:right;padding-right:8px;'>0</td><td style='text-align:right;'>0.0%</td></tr></table></div>" }, "geometry": { "type": "Point", "coordinates": [ -88.012669343652036, 42.984636808690638 ] } },
{ "type": "Feature", "properties": { "ward": "City of Greenfield Ward 11", "candidate": "Ben Brist", "votes": 107, "color": "#377EB8", "popup": "<div><strong>City of Greenfield Ward 11</strong><div><strong>Representative to the Assembly, District 61</strong><table style='border-collapse:collapse;margin-top:4px;'><tr><th></th><th style='text-align:right;padding-right:8px;'>Votes</th><th style='text-align:right;'>Percent</th></tr><tr><td style='padding-right:8px;'>Lawanda Chambers</td><td style='text-align:right;padding-right:8px;'>117</td><td style='text-align:right;'>43.5%</td></tr><tr><td style='padding-right:8px;'>Ben Brist</td><td style='text-align:right;padding-right:8px;'>107</td><td style='text-align:right;'>39.8%</td></tr><tr><td style='padding-right:8px;'>Brian Bock</td><td style='text-align:right;padding-right:8px;'>45</td><td style='text-align:right;'>16.7%</td></tr><tr><td style='padding-right:8px;'>write-in:</td><td style='text-align:right;padding-right:8px;'>0</td><td style='text-align:right;'>0.0%</td></tr></table></div>" }, "geometry": { "type": "Point", "coordinates": [ -88.022883872431976, 42.970096774968681 ] } },
{ "type": "Feature", "properties": { "ward": "City of Milwaukee Ward 260", "candidate": "Ben Brist", "votes": 108, "color": "#377EB8", "popup": "<div><strong>City of Milwaukee Ward 260</strong><div><strong>Representative to the Assembly, District 61</strong><table style='border-collapse:collapse;margin-top:4px;'><tr><th></th><th style='text-align:right;padding-right:8px;'>Votes</th><th style='text-align:right;'>Percent</th></tr><tr><td style='padding-right:8px;'>Lawanda Chambers</td><td style='text-align:right;padding-right:8px;'>105</td><td style='text-align:right;'>43.8%</td></tr><tr><td style='padding-right:8px;'>Ben Brist</td><td style='text-align:right;padding-right:8px;'>108</td><td style='text-align:right;'>45.0%</td></tr><tr><td style='padding-right:8px;'>Brian Bock</td><td style='text-align:right;padding-right:8px;'>27</td><td style='text-align:right;'>11.2%</td></tr><tr><td style='padding-right:8px;'>write-in:</td><td style='text-align:right;padding-right:8px;'>0</td><td style='text-align:right;'>0.0%</td></tr></table></div>" }, "geometry": { "type": "Point", "coordinates": [ -88.012669343652036, 42.984636808690638 ] } },
{ "type": "Feature", "properties": { "ward": "City of Milwaukee Ward 265", "candidate": "Lawanda Chambers", "votes": 109, "color": "#E41A1C", "popup": "<div><strong>City of Milwaukee Ward 265</strong><div><strong>Representative to the Assembly, District 61</strong><table style='border-collapse:collapse;margin-top:4px;'><tr><th></th><th style='text-align:right;padding-right:8px;'>Votes</th><th style='text-align:right;'>Percent</th></tr><tr><td style='padding-right:8px;'>Lawanda Chambers</td><td style='text-align:right;padding-right:8px;'>109</td><td style='text-align:right;'>41.1%</td></tr><tr><td style='padding-right:8px;'>Ben Brist</td><td style='text-align:right;padding-right:8px;'>129</td><td style='text-align:right;'>48.7%</td></tr><tr><td style='padding-right:8px;'>Brian Bock</td><td style='text-align:right;padding-right:8px;'>27</td><td style='text-align:right;'>10.2%</td></tr><tr><td style='padding-right:8px;'>write-in:</td><td style='text-align:right;padding-right:8px;'>0</td><td style='text-align:right;'>0.0%</td></tr></table></div>" }, "geometry": { "type": "Point", "coordinates": [ -88.012835957998107, 42.977081132073536 ] } },
{ "type": "Feature", "properties": { "ward": "City of Greenfield Ward 13", "candidate": "Ben Brist", "votes": 113, "color": "#377EB8", "popup": "<div><strong>City of Greenfield Ward 13</strong><div><strong>Representative to the Assembly, District 61</strong><table style='border-collapse:collapse;margin-top:4px;'><tr><th></th><th style='text-align:right;padding-right:8px;'>Votes</th><th style='text-align:right;'>Percent</th></tr><tr><td style='padding-right:8px;'>Lawanda Chambers</td><td style='text-align:right;padding-right:8px;'>114</td><td style='text-align:right;'>41.5%</td></tr><tr><td style='padding-right:8px;'>Ben Brist</td><td style='text-align:right;padding-right:8px;'>113</td><td style='text-align:right;'>41.1%</td></tr><tr><td style='padding-right:8px;'>Brian Bock</td><td style='text-align:right;padding-right:8px;'>47</td><td style='text-align:right;'>17.1%</td></tr><tr><td style='padding-right:8px;'>write-in:</td><td style='text-align:right;padding-right:8px;'>1</td><td style='text-align:right;'>0.4%</td></tr></table></div>" }, "geometry": { "type": "Point", "coordinates": [ -88.042020611069105, 42.96944834383175 ] } },
{ "type": "Feature", "properties": { "ward": "City of Greenfield Ward 13", "candidate": "Lawanda Chambers", "votes": 114, "color": "#E41A1C", "popup": "<div><strong>City of Greenfield Ward 13</strong><div><strong>Representative to the Assembly, District 61</strong><table style='border-collapse:collapse;margin-top:4px;'><tr><th></th><th style='text-align:right;padding-right:8px;'>Votes</th><th style='text-align:right;'>Percent</th></tr><tr><td style='padding-right:8px;'>Lawanda Chambers</td><td style='text-align:right;padding-right:8px;'>114</td><td style='text-align:right;'>41.5%</td></tr><tr><td style='padding-right:8px;'>Ben Brist</td><td style='text-align:right;padding-right:8px;'>113</td><td style='text-align:right;'>41.1%</td></tr><tr><td style='padding-right:8px;'>Brian Bock</td><td style='text-align:right;padding-right:8px;'>47</td><td style='text-align:right;'>17.1%</td></tr><tr><td style='padding-right:8px;'>write-in:</td><td style='text-align:right;padding-right:8px;'>1</td><td style='text-align:right;'>0.4%</td></tr></table></div>" }, "geometry": { "type": "Point", "coordinates": [ -88.042020611069105, 42.96944834383175 ] } },
{ "type": "Feature", "properties": { "ward": "City of Greenfield Ward 16", "candidate": "Lawanda Chambers", "votes": 115, "color": "#E41A1C", "popup": "<div><strong>City of Greenfield Ward 16</strong><div><strong>Representative to the Assembly, District 61</strong><table style='border-collapse:collapse;margin-top:4px;'><tr><th></th><th style='text-align:right;padding-right:8px;'>Votes</th><th style='text-align:right;'>Percent</th></tr><tr><td style='padding-right:8px;'>Lawanda Chambers</td><td style='text-align:right;padding-right:8px;'>115</td><td style='text-align:right;'>36.7%</td></tr><tr><td style='padding-right:8px;'>Ben Brist</td><td style='text-align:right;padding-right:8px;'>136</td><td style='text-align:right;'>43.5%</td></tr><tr><td style='padding-right:8px;'>Brian Bock</td><td style='text-align:right;padding-right:8px;'>61</td><td style='text-align:right;'>19.5%</td></tr><tr><td style='padding-right:8px;'>write-in:</td><td style='text-align:right;padding-right:8px;'>1</td><td style='text-align:right;'>0.3%</td></tr></table></div>" }, "geometry": { "type": "Point", "coordinates": [ -88.052357880875817, 42.956546141268511 ] } },
{ "type": "Feature", "properties": { "ward": "City of Greenfield Ward 24", "candidate": "Lawanda Chambers", "votes": 116, "color": "#E41A1C", "popup": "<div><strong>City of Greenfield Ward 24</strong><div><strong>Representative to the Assembly, District 61</strong><table style='border-collapse:collapse;margin-top:4px;'><tr><th></th><th style='text-align:right;padding-right:8px;'>Votes</th><th style='text-align:right;'>Percent</th></tr><tr><td style='padding-right:8px;'>Lawanda Chambers</td><td style='text-align:right;padding-right:8px;'>116</td><td style='text-align:right;'>36.9%</td></tr><tr><td style='padding-right:8px;'>Ben Brist</td><td style='text-align:right;padding-right:8px;'>157</td><td style='text-align:right;'>50.0%</td></tr><tr><td style='padding-right:8px;'>Brian Bock</td><td style='text-align:right;padding-right:8px;'>38</td><td style='text-align:right;'>12.1%</td></tr><tr><td style='padding-right:8px;'>write-in:</td><td style='text-align:right;padding-right:8px;'>3</td><td style='text-align:right;'>1.0%</td></tr></table></div>" }, "geometry": { "type": "Point", "coordinates": [ -87.973367149888148, 42.948763041555495 ] } },
{ "type": "Feature", "properties": { "ward": "City of Greenfield Ward 11", "candidate": "Lawanda Chambers", "votes": 117, "color": "#E41A1C", "popup": "<div><strong>City of Greenfield Ward 11</strong><div><strong>Representative to the Assembly, District 61</strong><table style='border-collapse:collapse;margin-top:4px;'><tr><th></th><th style='text-align:right;padding-right:8px;'>Votes</th><th style='text-align:right;'>Percent</th></tr><tr><td style='padding-right:8px;'>Lawanda Chambers</td><td style='text-align:right;padding-right:8px;'>117</td><td style='text-align:right;'>43.5%</td></tr><tr><td style='padding-right:8px;'>Ben Brist</td><td style='text-align:right;padding-right:8px;'>107</td><td style='text-align:right;'>39.8%</td></tr><tr><td style='padding-right:8px;'>Brian Bock</td><td style='text-align:right;padding-right:8px;'>45</td><td style='text-align:right;'>16.7%</td></tr><tr><td style='padding-right:8px;'>write-in:</td><td style='text-align:right;padding-right:8px;'>0</td><td style='text-align:right;'>0.0%</td></tr></table></div>" }, "geometry": { "type": "Point", "coordinates": [ -88.022883872431976, 42.970096774968681 ] } },
{ "type": "Feature", "properties": { "ward": "City of Greenfield Ward 8", "candidate": "Ben Brist", "votes": 118, "color": "#377EB8", "popup": "<div><strong>City of Greenfield Ward 8</strong><div><strong>Representative to the Assembly, District 61</strong><table style='border-collapse:collapse;margin-top:4px;'><tr><th></th><th style='text-align:right;padding-right:8px;'>Votes</th><th style='text-align:right;'>Percent</th></tr><tr><td style='padding-right:8px;'>Lawanda Chambers</td><td style='text-align:right;padding-right:8px;'>91</td><td style='text-align:right;'>37.4%</td></tr><tr><td style='padding-right:8px;'>Ben Brist</td><td style='text-align:right;padding-right:8px;'>118</td><td style='text-align:right;'>48.6%</td></tr><tr><td style='padding-right:8px;'>Brian Bock</td><td style='text-align:right;padding-right:8px;'>34</td><td style='text-align:right;'>14.0%</td></tr><tr><td style='padding-right:8px;'>write-in:</td><td style='text-align:right;padding-right:8px;'>0</td><td style='text-align:right;'>0.0%</td></tr></table></div>" }, "geometry": { "type": "Point", "coordinates": [ -88.002633201545038, 42.955064856799666 ] } },
{ "type": "Feature", "properties": { "ward": "V. Hales Corners Wards 1,2,3", "candidate": "Lawanda Chambers", "votes": 119, "color": "#E41A1C", "popup": "<div><strong>V. Hales Corners Wards 1,2,3</strong><div><strong>Representative to the Assembly, District 61</strong><table style='border-collapse:collapse;margin-top:4px;'><tr><th></th><th style='text-align:right;padding-right:8px;'>Votes</th><th style='text-align:right;'>Percent</th></tr><tr><td style='padding-right:8px;'>Lawanda Chambers</td><td style='text-align:right;padding-right:8px;'>119</td><td style='text-align:right;'>37.8%</td></tr><tr><td style='padding-right:8px;'>Ben Brist</td><td style='text-align:right;padding-right:8px;'>149</td><td style='text-align:right;'>47.3%</td></tr><tr><td style='padding-right:8px;'>Brian Bock</td><td style='text-align:right;padding-right:8px;'>47</td><td style='text-align:right;'>14.9%</td></tr><tr><td style='padding-right:8px;'>write-in:</td><td style='text-align:right;padding-right:8px;'>0</td><td style='text-align:right;'>0.0%</td></tr></table></div>" }, "geometry": { "type": "Point", "coordinates": [ -88.063719163726887, 42.948470204636159 ] } },
{ "type": "Feature", "properties": { "ward": "City of Milwaukee Ward 262", "candidate": "Ben Brist", "votes": 124, "color": "#377EB8", "popup": "<div><strong>City of Milwaukee Ward 262</strong><div><strong>Representative to the Assembly, District 61</strong><table style='border-collapse:collapse;margin-top:4px;'><tr><th></th><th style='text-align:right;padding-right:8px;'>Votes</th><th style='text-align:right;'>Percent</th></tr><tr><td style='padding-right:8px;'>Lawanda Chambers</td><td style='text-align:right;padding-right:8px;'>72</td><td style='text-align:right;'>33.0%</td></tr><tr><td style='padding-right:8px;'>Ben Brist</td><td style='text-align:right;padding-right:8px;'>124</td><td style='text-align:right;'>56.9%</td></tr><tr><td style='padding-right:8px;'>Brian Bock</td><td style='text-align:right;padding-right:8px;'>22</td><td style='text-align:right;'>10.1%</td></tr><tr><td style='padding-right:8px;'>write-in:</td><td style='text-align:right;padding-right:8px;'>0</td><td style='text-align:right;'>0.0%</td></tr></table></div>" }, "geometry": { "type": "Point", "coordinates": [ -88.033892176990818, 42.976650326342146 ] } },
{ "type": "Feature", "properties": { "ward": "V. Hales Corners Wards 4,5,6", "candidate": "Lawanda Chambers", "votes": 124, "color": "#E41A1C", "popup": "<div><strong>V. Hales Corners Wards 4,5,6</strong><div><strong>Representative to the Assembly, District 61</strong><table style='border-collapse:collapse;margin-top:4px;'><tr><th></th><th style='text-align:right;padding-right:8px;'>Votes</th><th style='text-align:right;'>Percent</th></tr><tr><td style='padding-right:8px;'>Lawanda Chambers</td><td style='text-align:right;padding-right:8px;'>124</td><td style='text-align:right;'>37.0%</td></tr><tr><td style='padding-right:8px;'>Ben Brist</td><td style='text-align:right;padding-right:8px;'>156</td><td style='text-align:right;'>46.6%</td></tr><tr><td style='padding-right:8px;'>Brian Bock</td><td style='text-align:right;padding-right:8px;'>55</td><td style='text-align:right;'>16.4%</td></tr><tr><td style='padding-right:8px;'>write-in:</td><td style='text-align:right;padding-right:8px;'>0</td><td style='text-align:right;'>0.0%</td></tr></table></div>" }, "geometry": { "type": "Point", "coordinates": [ -88.063267854730313, 42.940071996471957 ] } },
{ "type": "Feature", "properties": { "ward": "City of Milwaukee Ward 265", "candidate": "Ben Brist", "votes": 129, "color": "#377EB8", "popup": "<div><strong>City of Milwaukee Ward 265</strong><div><strong>Representative to the Assembly, District 61</strong><table style='border-collapse:collapse;margin-top:4px;'><tr><th></th><th style='text-align:right;padding-right:8px;'>Votes</th><th style='text-align:right;'>Percent</th></tr><tr><td style='padding-right:8px;'>Lawanda Chambers</td><td style='text-align:right;padding-right:8px;'>109</td><td style='text-align:right;'>41.1%</td></tr><tr><td style='padding-right:8px;'>Ben Brist</td><td style='text-align:right;padding-right:8px;'>129</td><td style='text-align:right;'>48.7%</td></tr><tr><td style='padding-right:8px;'>Brian Bock</td><td style='text-align:right;padding-right:8px;'>27</td><td style='text-align:right;'>10.2%</td></tr><tr><td style='padding-right:8px;'>write-in:</td><td style='text-align:right;padding-right:8px;'>0</td><td style='text-align:right;'>0.0%</td></tr></table></div>" }, "geometry": { "type": "Point", "coordinates": [ -88.012835957998107, 42.977081132073536 ] } },
{ "type": "Feature", "properties": { "ward": "V. Hales Corners Wards 7,8,9", "candidate": "Lawanda Chambers", "votes": 129, "color": "#E41A1C", "popup": "<div><strong>V. Hales Corners Wards 7,8,9</strong><div><strong>Representative to the Assembly, District 61</strong><table style='border-collapse:collapse;margin-top:4px;'><tr><th></th><th style='text-align:right;padding-right:8px;'>Votes</th><th style='text-align:right;'>Percent</th></tr><tr><td style='padding-right:8px;'>Lawanda Chambers</td><td style='text-align:right;padding-right:8px;'>129</td><td style='text-align:right;'>34.1%</td></tr><tr><td style='padding-right:8px;'>Ben Brist</td><td style='text-align:right;padding-right:8px;'>180</td><td style='text-align:right;'>47.6%</td></tr><tr><td style='padding-right:8px;'>Brian Bock</td><td style='text-align:right;padding-right:8px;'>68</td><td style='text-align:right;'>18.0%</td></tr><tr><td style='padding-right:8px;'>write-in:</td><td style='text-align:right;padding-right:8px;'>1</td><td style='text-align:right;'>0.3%</td></tr></table></div>" }, "geometry": { "type": "Point", "coordinates": [ -88.036543466765394, 42.936165597776487 ] } },
{ "type": "Feature", "properties": { "ward": "City of Milwaukee Ward 261", "candidate": "Ben Brist", "votes": 131, "color": "#377EB8", "popup": "<div><strong>City of Milwaukee Ward 261</strong><div><strong>Representative to the Assembly, District 61</strong><table style='border-collapse:collapse;margin-top:4px;'><tr><th></th><th style='text-align:right;padding-right:8px;'>Votes</th><th style='text-align:right;'>Percent</th></tr><tr><td style='padding-right:8px;'>Lawanda Chambers</td><td style='text-align:right;padding-right:8px;'>190</td><td style='text-align:right;'>53.4%</td></tr><tr><td style='padding-right:8px;'>Ben Brist</td><td style='text-align:right;padding-right:8px;'>131</td><td style='text-align:right;'>36.8%</td></tr><tr><td style='padding-right:8px;'>Brian Bock</td><td style='text-align:right;padding-right:8px;'>35</td><td style='text-align:right;'>9.8%</td></tr><tr><td style='padding-right:8px;'>write-in:</td><td style='text-align:right;padding-right:8px;'>0</td><td style='text-align:right;'>0.0%</td></tr></table></div>" }, "geometry": { "type": "Point", "coordinates": [ -88.025799893447243, 42.984581329233805 ] } },
{ "type": "Feature", "properties": { "ward": "City of Greenfield Ward 9", "candidate": "Ben Brist", "votes": 131, "color": "#377EB8", "popup": "<div><strong>City of Greenfield Ward 9</strong><div><strong>Representative to the Assembly, District 61</strong><table style='border-collapse:collapse;margin-top:4px;'><tr><th></th><th style='text-align:right;padding-right:8px;'>Votes</th><th style='text-align:right;'>Percent</th></tr><tr><td style='padding-right:8px;'>Lawanda Chambers</td><td style='text-align:right;padding-right:8px;'>77</td><td style='text-align:right;'>33.2%</td></tr><tr><td style='padding-right:8px;'>Ben Brist</td><td style='text-align:right;padding-right:8px;'>131</td><td style='text-align:right;'>56.5%</td></tr><tr><td style='padding-right:8px;'>Brian Bock</td><td style='text-align:right;padding-right:8px;'>24</td><td style='text-align:right;'>10.3%</td></tr><tr><td style='padding-right:8px;'>write-in:</td><td style='text-align:right;padding-right:8px;'>0</td><td style='text-align:right;'>0.0%</td></tr></table></div>" }, "geometry": { "type": "Point", "coordinates": [ -88.013245323990716, 42.959726020104924 ] } },
{ "type": "Feature", "properties": { "ward": "City of Greenfield Ward 15", "candidate": "Ben Brist", "votes": 132, "color": "#377EB8", "popup": "<div><strong>City of Greenfield Ward 15</strong><div><strong>Representative to the Assembly, District 61</strong><table style='border-collapse:collapse;margin-top:4px;'><tr><th></th><th style='text-align:right;padding-right:8px;'>Votes</th><th style='text-align:right;'>Percent</th></tr><tr><td style='padding-right:8px;'>Lawanda Chambers</td><td style='text-align:right;padding-right:8px;'>144</td><td style='text-align:right;'>42.0%</td></tr><tr><td style='padding-right:8px;'>Ben Brist</td><td style='text-align:right;padding-right:8px;'>132</td><td style='text-align:right;'>38.5%</td></tr><tr><td style='padding-right:8px;'>Brian Bock</td><td style='text-align:right;padding-right:8px;'>66</td><td style='text-align:right;'>19.2%</td></tr><tr><td style='padding-right:8px;'>write-in:</td><td style='text-align:right;padding-right:8px;'>1</td><td style='text-align:right;'>0.3%</td></tr></table></div>" }, "geometry": { "type": "Point", "coordinates": [ -88.062761080499456, 42.969033901578413 ] } },
{ "type": "Feature", "properties": { "ward": "City of Greenfield Ward 16", "candidate": "Ben Brist", "votes": 136, "color": "#377EB8", "popup": "<div><strong>City of Greenfield Ward 16</strong><div><strong>Representative to the Assembly, District 61</strong><table style='border-collapse:collapse;margin-top:4px;'><tr><th></th><th style='text-align:right;padding-right:8px;'>Votes</th><th style='text-align:right;'>Percent</th></tr><tr><td style='padding-right:8px;'>Lawanda Chambers</td><td style='text-align:right;padding-right:8px;'>115</td><td style='text-align:right;'>36.7%</td></tr><tr><td style='padding-right:8px;'>Ben Brist</td><td style='text-align:right;padding-right:8px;'>136</td><td style='text-align:right;'>43.5%</td></tr><tr><td style='padding-right:8px;'>Brian Bock</td><td style='text-align:right;padding-right:8px;'>61</td><td style='text-align:right;'>19.5%</td></tr><tr><td style='padding-right:8px;'>write-in:</td><td style='text-align:right;padding-right:8px;'>1</td><td style='text-align:right;'>0.3%</td></tr></table></div>" }, "geometry": { "type": "Point", "coordinates": [ -88.052357880875817, 42.956546141268511 ] } },
{ "type": "Feature", "properties": { "ward": "City of Milwaukee Ward 266", "candidate": "Ben Brist", "votes": 140, "color": "#377EB8", "popup": "<div><strong>City of Milwaukee Ward 266</strong><div><strong>Representative to the Assembly, District 61</strong><table style='border-collapse:collapse;margin-top:4px;'><tr><th></th><th style='text-align:right;padding-right:8px;'>Votes</th><th style='text-align:right;'>Percent</th></tr><tr><td style='padding-right:8px;'>Lawanda Chambers</td><td style='text-align:right;padding-right:8px;'>167</td><td style='text-align:right;'>49.7%</td></tr><tr><td style='padding-right:8px;'>Ben Brist</td><td style='text-align:right;padding-right:8px;'>140</td><td style='text-align:right;'>41.7%</td></tr><tr><td style='padding-right:8px;'>Brian Bock</td><td style='text-align:right;padding-right:8px;'>29</td><td style='text-align:right;'>8.6%</td></tr><tr><td style='padding-right:8px;'>write-in:</td><td style='text-align:right;padding-right:8px;'>0</td><td style='text-align:right;'>0.0%</td></tr></table></div>" }, "geometry": { "type": "Point", "coordinates": [ -88.002976438538923, 42.973848864476004 ] } },
{ "type": "Feature", "properties": { "ward": "City of Greenfield Ward 15", "candidate": "Lawanda Chambers", "votes": 144, "color": "#E41A1C", "popup": "<div><strong>City of Greenfield Ward 15</strong><div><strong>Representative to the Assembly, District 61</strong><table style='border-collapse:collapse;margin-top:4px;'><tr><th></th><th style='text-align:right;padding-right:8px;'>Votes</th><th style='text-align:right;'>Percent</th></tr><tr><td style='padding-right:8px;'>Lawanda Chambers</td><td style='text-align:right;padding-right:8px;'>144</td><td style='text-align:right;'>42.0%</td></tr><tr><td style='padding-right:8px;'>Ben Brist</td><td style='text-align:right;padding-right:8px;'>132</td><td style='text-align:right;'>38.5%</td></tr><tr><td style='padding-right:8px;'>Brian Bock</td><td style='text-align:right;padding-right:8px;'>66</td><td style='text-align:right;'>19.2%</td></tr><tr><td style='padding-right:8px;'>write-in:</td><td style='text-align:right;padding-right:8px;'>1</td><td style='text-align:right;'>0.3%</td></tr></table></div>" }, "geometry": { "type": "Point", "coordinates": [ -88.062761080499456, 42.969033901578413 ] } },
{ "type": "Feature", "properties": { "ward": "V. Hales Corners Wards 1,2,3", "candidate": "Ben Brist", "votes": 149, "color": "#377EB8", "popup": "<div><strong>V. Hales Corners Wards 1,2,3</strong><div><strong>Representative to the Assembly, District 61</strong><table style='border-collapse:collapse;margin-top:4px;'><tr><th></th><th style='text-align:right;padding-right:8px;'>Votes</th><th style='text-align:right;'>Percent</th></tr><tr><td style='padding-right:8px;'>Lawanda Chambers</td><td style='text-align:right;padding-right:8px;'>119</td><td style='text-align:right;'>37.8%</td></tr><tr><td style='padding-right:8px;'>Ben Brist</td><td style='text-align:right;padding-right:8px;'>149</td><td style='text-align:right;'>47.3%</td></tr><tr><td style='padding-right:8px;'>Brian Bock</td><td style='text-align:right;padding-right:8px;'>47</td><td style='text-align:right;'>14.9%</td></tr><tr><td style='padding-right:8px;'>write-in:</td><td style='text-align:right;padding-right:8px;'>0</td><td style='text-align:right;'>0.0%</td></tr></table></div>" }, "geometry": { "type": "Point", "coordinates": [ -88.063719163726887, 42.948470204636159 ] } },
{ "type": "Feature", "properties": { "ward": "V. Hales Corners Wards 4,5,6", "candidate": "Ben Brist", "votes": 156, "color": "#377EB8", "popup": "<div><strong>V. Hales Corners Wards 4,5,6</strong><div><strong>Representative to the Assembly, District 61</strong><table style='border-collapse:collapse;margin-top:4px;'><tr><th></th><th style='text-align:right;padding-right:8px;'>Votes</th><th style='text-align:right;'>Percent</th></tr><tr><td style='padding-right:8px;'>Lawanda Chambers</td><td style='text-align:right;padding-right:8px;'>124</td><td style='text-align:right;'>37.0%</td></tr><tr><td style='padding-right:8px;'>Ben Brist</td><td style='text-align:right;padding-right:8px;'>156</td><td style='text-align:right;'>46.6%</td></tr><tr><td style='padding-right:8px;'>Brian Bock</td><td style='text-align:right;padding-right:8px;'>55</td><td style='text-align:right;'>16.4%</td></tr><tr><td style='padding-right:8px;'>write-in:</td><td style='text-align:right;padding-right:8px;'>0</td><td style='text-align:right;'>0.0%</td></tr></table></div>" }, "geometry": { "type": "Point", "coordinates": [ -88.063267854730313, 42.940071996471957 ] } },
{ "type": "Feature", "properties": { "ward": "City of Greenfield Ward 24", "candidate": "Ben Brist", "votes": 157, "color": "#377EB8", "popup": "<div><strong>City of Greenfield Ward 24</strong><div><strong>Representative to the Assembly, District 61</strong><table style='border-collapse:collapse;margin-top:4px;'><tr><th></th><th style='text-align:right;padding-right:8px;'>Votes</th><th style='text-align:right;'>Percent</th></tr><tr><td style='padding-right:8px;'>Lawanda Chambers</td><td style='text-align:right;padding-right:8px;'>116</td><td style='text-align:right;'>36.9%</td></tr><tr><td style='padding-right:8px;'>Ben Brist</td><td style='text-align:right;padding-right:8px;'>157</td><td style='text-align:right;'>50.0%</td></tr><tr><td style='padding-right:8px;'>Brian Bock</td><td style='text-align:right;padding-right:8px;'>38</td><td style='text-align:right;'>12.1%</td></tr><tr><td style='padding-right:8px;'>write-in:</td><td style='text-align:right;padding-right:8px;'>3</td><td style='text-align:right;'>1.0%</td></tr></table></div>" }, "geometry": { "type": "Point", "coordinates": [ -87.973367149888148, 42.948763041555495 ] } },
{ "type": "Feature", "properties": { "ward": "City of Milwaukee Ward 266", "candidate": "Lawanda Chambers", "votes": 167, "color": "#E41A1C", "popup": "<div><strong>City of Milwaukee Ward 266</strong><div><strong>Representative to the Assembly, District 61</strong><table style='border-collapse:collapse;margin-top:4px;'><tr><th></th><th style='text-align:right;padding-right:8px;'>Votes</th><th style='text-align:right;'>Percent</th></tr><tr><td style='padding-right:8px;'>Lawanda Chambers</td><td style='text-align:right;padding-right:8px;'>167</td><td style='text-align:right;'>49.7%</td></tr><tr><td style='padding-right:8px;'>Ben Brist</td><td style='text-align:right;padding-right:8px;'>140</td><td style='text-align:right;'>41.7%</td></tr><tr><td style='padding-right:8px;'>Brian Bock</td><td style='text-align:right;padding-right:8px;'>29</td><td style='text-align:right;'>8.6%</td></tr><tr><td style='padding-right:8px;'>write-in:</td><td style='text-align:right;padding-right:8px;'>0</td><td style='text-align:right;'>0.0%</td></tr></table></div>" }, "geometry": { "type": "Point", "coordinates": [ -88.002976438538923, 42.973848864476004 ] } },
{ "type": "Feature", "properties": { "ward": "V. Hales Corners Wards 7,8,9", "candidate": "Ben Brist", "votes": 180, "color": "#377EB8", "popup": "<div><strong>V. Hales Corners Wards 7,8,9</strong><div><strong>Representative to the Assembly, District 61</strong><table style='border-collapse:collapse;margin-top:4px;'><tr><th></th><th style='text-align:right;padding-right:8px;'>Votes</th><th style='text-align:right;'>Percent</th></tr><tr><td style='padding-right:8px;'>Lawanda Chambers</td><td style='text-align:right;padding-right:8px;'>129</td><td style='text-align:right;'>34.1%</td></tr><tr><td style='padding-right:8px;'>Ben Brist</td><td style='text-align:right;padding-right:8px;'>180</td><td style='text-align:right;'>47.6%</td></tr><tr><td style='padding-right:8px;'>Brian Bock</td><td style='text-align:right;padding-right:8px;'>68</td><td style='text-align:right;'>18.0%</td></tr><tr><td style='padding-right:8px;'>write-in:</td><td style='text-align:right;padding-right:8px;'>1</td><td style='text-align:right;'>0.3%</td></tr></table></div>" }, "geometry": { "type": "Point", "coordinates": [ -88.036543466765394, 42.936165597776487 ] } },
{ "type": "Feature", "properties": { "ward": "City of Milwaukee Ward 261", "candidate": "Lawanda Chambers", "votes": 190, "color": "#E41A1C", "popup": "<div><strong>City of Milwaukee Ward 261</strong><div><strong>Representative to the Assembly, District 61</strong><table style='border-collapse:collapse;margin-top:4px;'><tr><th></th><th style='text-align:right;padding-right:8px;'>Votes</th><th style='text-align:right;'>Percent</th></tr><tr><td style='padding-right:8px;'>Lawanda Chambers</td><td style='text-align:right;padding-right:8px;'>190</td><td style='text-align:right;'>53.4%</td></tr><tr><td style='padding-right:8px;'>Ben Brist</td><td style='text-align:right;padding-right:8px;'>131</td><td style='text-align:right;'>36.8%</td></tr><tr><td style='padding-right:8px;'>Brian Bock</td><td style='text-align:right;padding-right:8px;'>35</td><td style='text-align:right;'>9.8%</td></tr><tr><td style='padding-right:8px;'>write-in:</td><td style='text-align:right;padding-right:8px;'>0</td><td style='text-align:right;'>0.0%</td></tr></table></div>" }, "geometry": { "type": "Point", "coordinates": [ -88.025799893447243, 42.984581329233805 ] } },
{ "type": "Feature", "properties": { "ward": "V. Greendale Wards 5,6,7,8,11", "candidate": "Brian Bock", "votes": 238, "color": "#4DAF4A", "popup": "<div><strong>V. Greendale Wards 5,6,7,8,11</strong><div><strong>Representative to the Assembly, District 61</strong><table style='border-collapse:collapse;margin-top:4px;'><tr><th></th><th style='text-align:right;padding-right:8px;'>Votes</th><th style='text-align:right;'>Percent</th></tr><tr><td style='padding-right:8px;'>Lawanda Chambers</td><td style='text-align:right;padding-right:8px;'>321</td><td style='text-align:right;'>34.0%</td></tr><tr><td style='padding-right:8px;'>Ben Brist</td><td style='text-align:right;padding-right:8px;'>385</td><td style='text-align:right;'>40.7%</td></tr><tr><td style='padding-right:8px;'>Brian Bock</td><td style='text-align:right;padding-right:8px;'>238</td><td style='text-align:right;'>25.2%</td></tr><tr><td style='padding-right:8px;'>write-in:</td><td style='text-align:right;padding-right:8px;'>1</td><td style='text-align:right;'>0.1%</td></tr></table></div>" }, "geometry": { "type": "Point", "coordinates": [ -87.980162125986965, 42.93461481547763 ] } },
{ "type": "Feature", "properties": { "ward": "V. Greendale Wards 5,6,7,8,11", "candidate": "Lawanda Chambers", "votes": 321, "color": "#E41A1C", "popup": "<div><strong>V. Greendale Wards 5,6,7,8,11</strong><div><strong>Representative to the Assembly, District 61</strong><table style='border-collapse:collapse;margin-top:4px;'><tr><th></th><th style='text-align:right;padding-right:8px;'>Votes</th><th style='text-align:right;'>Percent</th></tr><tr><td style='padding-right:8px;'>Lawanda Chambers</td><td style='text-align:right;padding-right:8px;'>321</td><td style='text-align:right;'>34.0%</td></tr><tr><td style='padding-right:8px;'>Ben Brist</td><td style='text-align:right;padding-right:8px;'>385</td><td style='text-align:right;'>40.7%</td></tr><tr><td style='padding-right:8px;'>Brian Bock</td><td style='text-align:right;padding-right:8px;'>238</td><td style='text-align:right;'>25.2%</td></tr><tr><td style='padding-right:8px;'>write-in:</td><td style='text-align:right;padding-right:8px;'>1</td><td style='text-align:right;'>0.1%</td></tr></table></div>" }, "geometry": { "type": "Point", "coordinates": [ -87.980162125986965, 42.93461481547763 ] } },
{ "type": "Feature", "properties": { "ward": "V. Greendale Wards 5,6,7,8,11", "candidate": "Ben Brist", "votes": 385, "color": "#377EB8", "popup": "<div><strong>V. Greendale Wards 5,6,7,8,11</strong><div><strong>Representative to the Assembly, District 61</strong><table style='border-collapse:collapse;margin-top:4px;'><tr><th></th><th style='text-align:right;padding-right:8px;'>Votes</th><th style='text-align:right;'>Percent</th></tr><tr><td style='padding-right:8px;'>Lawanda Chambers</td><td style='text-align:right;padding-right:8px;'>321</td><td style='text-align:right;'>34.0%</td></tr><tr><td style='padding-right:8px;'>Ben Brist</td><td style='text-align:right;padding-right:8px;'>385</td><td style='text-align:right;'>40.7%</td></tr><tr><td style='padding-right:8px;'>Brian Bock</td><td style='text-align:right;padding-right:8px;'>238</td><td style='text-align:right;'>25.2%</td></tr><tr><td style='padding-right:8px;'>write-in:</td><td style='text-align:right;padding-right:8px;'>1</td><td style='text-align:right;'>0.1%</td></tr></table></div>" }, "geometry": { "type": "Point", "coordinates": [ -87.980162125986965, 42.93461481547763 ] } },
{ "type": "Feature", "properties": { "ward": "V. Greendale Wards 1,2,3,4.9,10", "candidate": "Lawanda Chambers", "votes": 428, "color": "#E41A1C", "popup": "<div><strong>V. Greendale Wards 1,2,3,4.9,10</strong><div><strong>Representative to the Assembly, District 61</strong><table style='border-collapse:collapse;margin-top:4px;'><tr><th></th><th style='text-align:right;padding-right:8px;'>Votes</th><th style='text-align:right;'>Percent</th></tr><tr><td style='padding-right:8px;'>Lawanda Chambers</td><td style='text-align:right;padding-right:8px;'>428</td><td style='text-align:right;'>28.3%</td></tr><tr><td style='padding-right:8px;'>Ben Brist</td><td style='text-align:right;padding-right:8px;'>646</td><td style='text-align:right;'>42.7%</td></tr><tr><td style='padding-right:8px;'>Brian Bock</td><td style='text-align:right;padding-right:8px;'>439</td><td style='text-align:right;'>29.0%</td></tr><tr><td style='padding-right:8px;'>write-in:</td><td style='text-align:right;padding-right:8px;'>1</td><td style='text-align:right;'>0.1%</td></tr></table></div>" }, "geometry": { "type": "Point", "coordinates": [ -88.009698813588798, 42.937589667938383 ] } },
{ "type": "Feature", "properties": { "ward": "V. Greendale Wards 1,2,3,4.9,10", "candidate": "Brian Bock", "votes": 439, "color": "#4DAF4A", "popup": "<div><strong>V. Greendale Wards 1,2,3,4.9,10</strong><div><strong>Representative to the Assembly, District 61</strong><table style='border-collapse:collapse;margin-top:4px;'><tr><th></th><th style='text-align:right;padding-right:8px;'>Votes</th><th style='text-align:right;'>Percent</th></tr><tr><td style='padding-right:8px;'>Lawanda Chambers</td><td style='text-align:right;padding-right:8px;'>428</td><td style='text-align:right;'>28.3%</td></tr><tr><td style='padding-right:8px;'>Ben Brist</td><td style='text-align:right;padding-right:8px;'>646</td><td style='text-align:right;'>42.7%</td></tr><tr><td style='padding-right:8px;'>Brian Bock</td><td style='text-align:right;padding-right:8px;'>439</td><td style='text-align:right;'>29.0%</td></tr><tr><td style='padding-right:8px;'>write-in:</td><td style='text-align:right;padding-right:8px;'>1</td><td style='text-align:right;'>0.1%</td></tr></table></div>" }, "geometry": { "type": "Point", "coordinates": [ -88.009698813588798, 42.937589667938383 ] } },
{ "type": "Feature", "properties": { "ward": "V. Greendale Wards 1,2,3,4.9,10", "candidate": "Ben Brist", "votes": 646, "color": "#377EB8", "popup": "<div><strong>V. Greendale Wards 1,2,3,4.9,10</strong><div><strong>Representative to the Assembly, District 61</strong><table style='border-collapse:collapse;margin-top:4px;'><tr><th></th><th style='text-align:right;padding-right:8px;'>Votes</th><th style='text-align:right;'>Percent</th></tr><tr><td style='padding-right:8px;'>Lawanda Chambers</td><td style='text-align:right;padding-right:8px;'>428</td><td style='text-align:right;'>28.3%</td></tr><tr><td style='padding-right:8px;'>Ben Brist</td><td style='text-align:right;padding-right:8px;'>646</td><td style='text-align:right;'>42.7%</td></tr><tr><td style='padding-right:8px;'>Brian Bock</td><td style='text-align:right;padding-right:8px;'>439</td><td style='text-align:right;'>29.0%</td></tr><tr><td style='padding-right:8px;'>write-in:</td><td style='text-align:right;padding-right:8px;'>1</td><td style='text-align:right;'>0.1%</td></tr></table></div>" }, "geometry": { "type": "Point", "coordinates": [ -88.009698813588798, 42.937589667938383 ] } }
]
}
