{
"type": "FeatureCollection",
"name": "wards",
"crs": { "type": "name", "properties": { "name": "urn:ogc:def:crs:OGC:1.3:CRS84" } },
"features": [
{ "type": "Feature", "properties": { "rep_unit_id": 259, "ward": "City of Milwaukee Ward 259", "county": "MILWAUKEE" }, "geometry": { "type": "Polygon", "coordinates": [ [ [ -88.0020667, 42.9883207 ], [ -88.0020991, 42.9883204 ], [ -88.0026814, 42.988315799999988 ], [ -88.003366, 42.9883105 ], [ -88.0051617, 42.9882964 ], [ -88.0076412, 42.9882768 ], [ -88.0076514, 42.987876 ], [ -88.0076775, 42.986691 ], [ -88.0076875, 42.986296 ], [ -88.0076945, 42.985966 ], [ -88.0077165, 42.9849759 ], [ -88.0077245, 42.9846469 ], [ -88.0077405, 42.9839199 ], [ -88.0077905, 42.9817399 ], [ -88.0078075, 42.9810139 ], [ -88.0075385, 42.9810149 ], [ -88.0067316, 42.9810209 ], [ -88.006463599999989, 42.9810229 ], [ -88.0058456, 42.9810259 ], [ -88.0039946, 42.9810388 ], [ -88.0033776, 42.9810428 ], [ -88.0030766, 42.981043799999988 ], [ -88.0021767, 42.9810498 ], [ -88.0018777, 42.9810528 ], [ -88.0014227, 42.9810548 ], [ -88.0000577, 42.9810648 ], [ -87.9996037, 42.9810678 ], [ -87.9995437, 42.9810678 ], [ -87.9992531, 42.9810632 ], [ -87.9992373, 42.9811876 ], [ -87.99929, 42.9817121 ], [ -87.9995562, 42.982503 ], [ -88.0000929, 42.9832479 ], [ -88.0009266, 42.9844248 ], [ -88.0010538, 42.9845612 ], [ -88.0014418, 42.9849514 ], [ -88.001453, 42.9864246 ], [ -88.0015892, 42.9867501 ], [ -88.002008, 42.9867472 ], [ -88.0021195, 42.9867494 ], [ -88.0020667, 42.9883207 ] ] ] } },
{ "type": "Feature", "properties": { "rep_unit_id": 260, "ward": "City of Milwaukee Ward 260", "county": "MILWAUKEE" }, "geometry": { "type": "Polygon", "coordinates": [ [ [ -88.0076412, 42.9882768 ], [ -88.0091724, 42.9882711 ], [ -88.0096967, 42.9882692 ], [ -88.0103882, 42.9882666 ], [ -88.0125951, 42.9882583 ], [ -88.0138354, 42.9882536 ], [ -88.014303, 42.9882518 ], [ -88.014513799999989, 42.988251 ], [ -88.0150743, 42.9882489 ], [ -88.0163133, 42.9882442 ], [ -88.0175522, 42.9882394 ], [ -88.0175602, 42.9878721 ], [ -88.0175802, 42.9867871 ], [ -88.0175872, 42.9864261 ], [ -88.0175932, 42.9860631 ], [ -88.0176142, 42.984975 ], [ -88.0176222, 42.984613 ], [ -88.0176282, 42.984253 ], [ -88.0176483, 42.983174 ], [ -88.0176563, 42.982815 ], [ -88.0176623, 42.982454 ], [ -88.0176823, 42.981371 ], [ -88.0176873, 42.981139 ], [ -88.0176903, 42.981011 ], [ -88.0174333, 42.981011 ], [ -88.0166653, 42.981011 ], [ -88.0164093, 42.981012 ], [ -88.0161653, 42.981012 ], [ -88.0154333, 42.981012 ], [ -88.0151893, 42.9810119 ], [ -88.0149444, 42.9810119 ], [ -88.0142104, 42.9810119 ], [ -88.0139664, 42.9810119 ], [ -88.0137214, 42.9810119 ], [ -88.0129904, 42.9810119 ], [ -88.0127464, 42.9810129 ], [ -88.0125124, 42.9810129 ], [ -88.0118124, 42.9810129 ], [ -88.011579400000016, 42.9810129 ], [ -88.0111324, 42.9810129 ], [ -88.0097915, 42.9810129 ], [ -88.0093455, 42.9810139 ], [ -88.0090375, 42.9810139 ], [ -88.0081145, 42.9810139 ], [ -88.0078075, 42.9810139 ], [ -88.0077905, 42.9817399 ], [ -88.0077405, 42.9839199 ], [ -88.0077245, 42.9846469 ], [ -88.0077165, 42.9849759 ], [ -88.0076945, 42.985966 ], [ -88.0076875, 42.986296 ], [ -88.0076775, 42.986691 ], [ -88.0076514, 42.987876 ], [ -88.0076412, 42.9882768 ] ] ] } },
{ "type": "Feature", "properties": { "rep_unit_id": 261, "ward": "City of Milwaukee Ward 261", "county": "MILWAUKEE" }, "geometry": { "type": "Polygon", "coordinates": [ [ [ -88.0175522, 42.9882394 ], [ -88.022438, 42.988221 ], [ -88.0225066, 42.9882207 ], [ -88.0242114, 42.9882142 ], [ -88.027461, 42.9882018 ], [ -88.0274639, 42.9882017 ], [ -88.0286942, 42.9881902 ], [ -88.0290521, 42.9881868 ], [ -88.0299275, 42.9881785 ], [ -88.0310297, 42.9881682 ], [ -88.0311608, 42.9881669 ], [ -88.032381199999989, 42.9881554 ], [ -88.0324933, 42.9881543 ], [ -88.0336017, 42.9881439 ], [ -88.033622799999989, 42.9877742 ], [ -88.0336388, 42.986680199999988 ], [ -88.0336448, 42.9863162 ], [ -88.0336498, 42.9859552 ], [ -88.0336658, 42.9848742 ], [ -88.0336719, 42.9845142 ], [ -88.0336759, 42.9842192 ], [ -88.0336879, 42.9833332 ], [ -88.0336929, 42.9830392 ], [ -88.0334509, 42.983173199999989 ], [ -88.0327289, 42.9835762 ], [ -88.0324879, 42.9837112 ], [ -88.0322109, 42.9838642 ], [ -88.0313829, 42.9843272 ], [ -88.0311069, 42.9844812 ], [ -88.0310339, 42.9845212 ], [ -88.0308179, 42.9846412 ], [ -88.0307459, 42.9846822 ], [ -88.0307609, 42.9839301 ], [ -88.030807, 42.9816761 ], [ -88.030823, 42.9809251 ], [ -88.030501, 42.9809261 ], [ -88.029535, 42.9809321 ], [ -88.029214, 42.980935099999989 ], [ -88.028892, 42.9809361 ], [ -88.027926, 42.9809431 ], [ -88.027605, 42.9809451 ], [ -88.0273161, 42.9809461 ], [ -88.0264501, 42.9809521 ], [ -88.0261621, 42.9809541 ], [ -88.0260461, 42.9809541 ], [ -88.0254571, 42.980958 ], [ -88.023344100000017, 42.980973 ], [ -88.0226402, 42.980978 ], [ -88.021419200000011, 42.980986 ], [ -88.0201962, 42.980994 ], [ -88.0199502, 42.980995 ], [ -88.0192132, 42.981001 ], [ -88.018968300000012, 42.981003 ], [ -88.0187123, 42.981004 ], [ -88.0179453, 42.981009 ], [ -88.0176903, 42.981011 ], [ -88.0176873, 42.981139 ], [ -88.0176823, 42.981371 ], [ -88.0176623, 42.982454 ], [ -88.0176563, 42.982815 ], [ -88.0176483, 42.983174 ], [ -88.0176282, 42.984253 ], [ -88.0176222, 42.984613 ], [ -88.0176142, 42.984975 ], [ -88.0175932, 42.9860631 ], [ -88.0175872, 42.9864261 ], [ -88.0175802, 42.9867871 ], [ -88.0175602, 42.9878721 ], [ -88.0175522, 42.9882394 ] ] ] } },
{ "type": "Feature", "properties": { "rep_unit_id": 262, "ward": "City of Milwaukee Ward 262", "county": "MILWAUKEE" }, "geometry": { "type": "Polygon", "coordinates": [ [ [ -88.0336017, 42.9881439 ], [ -88.0341615, 42.9881386 ], [ -88.0347906, 42.9881326 ], [ -88.0361835, 42.9881194 ], [ -88.0362232, 42.988119 ], [ -88.0362862, 42.9881185 ], [ -88.0370662, 42.9881111 ], [ -88.037290399999989, 42.9881089 ], [ -88.0372905, 42.9881089 ], [ -88.0372951, 42.9879431 ], [ -88.0373837, 42.9847226 ], [ -88.0374658, 42.9817383 ], [ -88.0374827, 42.9811232 ], [ -88.0374828, 42.9811194 ], [ -88.0374881, 42.9809256 ], [ -88.0374892, 42.9808887 ], [ -88.0374934, 42.9807248 ], [ -88.037504, 42.9803171 ], [ -88.0375396, 42.978941 ], [ -88.0375831, 42.9772605 ], [ -88.0376732, 42.9737833 ], [ -88.0376771, 42.9736324 ], [ -88.0372474, 42.9736352 ], [ -88.0366496, 42.9736392 ], [ -88.0342168, 42.9736554 ], [ -88.0339419, 42.9736572 ], [ -88.0327091, 42.9736654 ], [ -88.031442, 42.9736738 ], [ -88.0312167, 42.9736753 ], [ -88.030850199999989, 42.9736778 ], [ -88.0303516, 42.973681 ], [ -88.0302386, 42.9736818 ], [ -88.0302277, 42.9736819 ], [ -88.0302191, 42.974394 ], [ -88.030187, 42.976561 ], [ -88.030177, 42.977284 ], [ -88.030168, 42.977818 ], [ -88.030144, 42.9794201 ], [ -88.030136, 42.9799551 ], [ -88.029892, 42.9799561 ], [ -88.029161, 42.9799611 ], [ -88.028918, 42.9799631 ], [ -88.028943, 42.9801701 ], [ -88.028962, 42.9802391 ], [ -88.029, 42.9803391 ], [ -88.02906, 42.9804331 ], [ -88.02913, 42.9805231 ], [ -88.029177, 42.9805981 ], [ -88.029212, 42.9806901 ], [ -88.029217, 42.9807261 ], [ -88.029222, 42.9807611 ], [ -88.029214, 42.980935099999989 ], [ -88.029535, 42.9809321 ], [ -88.030501, 42.9809261 ], [ -88.030823, 42.9809251 ], [ -88.030807, 42.9816761 ], [ -88.0307609, 42.9839301 ], [ -88.0307459, 42.9846822 ], [ -88.0308179, 42.9846412 ], [ -88.0310339, 42.9845212 ], [ -88.0311069, 42.9844812 ], [ -88.0313829, 42.9843272 ], [ -88.0322109, 42.9838642 ], [ -88.0324879, 42.9837112 ], [ -88.0327289, 42.9835762 ], [ -88.0334509, 42.983173199999989 ], [ -88.0336929, 42.9830392 ], [ -88.0336879, 42.9833332 ], [ -88.0336759, 42.9842192 ], [ -88.0336719, 42.9845142 ], [ -88.0336658, 42.9848742 ], [ -88.0336498, 42.9859552 ], [ -88.0336448, 42.9863162 ], [ -88.0336388, 42.986680199999988 ], [ -88.033622799999989, 42.9877742 ], [ -88.0336017, 42.9881439 ] ] ] } },
{ "type": "Feature", "properties": { "rep_unit_id": 263, "ward": "City of Milwaukee Ward 263", "county": "MILWAUKEE" }, "geometry": { "type": "Polygon", "coordinates": [ [ [ -88.0226402, 42.980978 ], [ -88.023344100000017, 42.980973 ], [ -88.0254571, 42.980958 ], [ -88.0260461, 42.9809541 ], [ -88.0261621, 42.9809541 ], [ -88.0264501, 42.9809521 ], [ -88.0273161, 42.9809461 ], [ -88.027605, 42.9809451 ], [ -88.027926, 42.9809431 ], [ -88.028892, 42.9809361 ], [ -88.029214, 42.980935099999989 ], [ -88.029222, 42.9807611 ], [ -88.029217, 42.9807261 ], [ -88.029212, 42.9806901 ], [ -88.029177, 42.9805981 ], [ -88.02913, 42.9805231 ], [ -88.02906, 42.9804331 ], [ -88.029, 42.9803391 ], [ -88.028962, 42.9802391 ], [ -88.028943, 42.9801701 ], [ -88.028918, 42.9799631 ], [ -88.029161, 42.9799611 ], [ -88.029892, 42.9799561 ], [ -88.030136, 42.9799551 ], [ -88.030144, 42.9794201 ], [ -88.030168, 42.977818 ], [ -88.030177, 42.977284 ], [ -88.030187, 42.976561 ], [ -88.0302191, 42.974394 ], [ -88.0302277, 42.9736819 ], [ -88.0290307, 42.9736898 ], [ -88.0277426, 42.9736983 ], [ -88.0252609, 42.9737071 ], [ -88.024011, 42.9737115 ], [ -88.0240032, 42.9744279 ], [ -88.024000199999989, 42.9746099 ], [ -88.0239952, 42.9747919 ], [ -88.0239842, 42.9753399 ], [ -88.0239812, 42.9755229 ], [ -88.0239732, 42.975883 ], [ -88.0239502, 42.976966 ], [ -88.0239432, 42.977327 ], [ -88.0239352, 42.977689 ], [ -88.0239122, 42.978775 ], [ -88.0239052, 42.979138 ], [ -88.0236632, 42.979139 ], [ -88.0229382, 42.979146 ], [ -88.0226972, 42.979149 ], [ -88.0226852, 42.979514 ], [ -88.0226512, 42.980612 ], [ -88.0226402, 42.980978 ] ] ] } },
{ "type": "Feature", "properties": { "rep_unit_id": 264, "ward": "City of Milwaukee Ward 264", "county": "MILWAUKEE" }, "geometry": { "type": "Polygon", "coordinates": [ [ [ -88.0176903, 42.981011 ], [ -88.0179453, 42.981009 ], [ -88.0187123, 42.981004 ], [ -88.018968300000012, 42.981003 ], [ -88.0192132, 42.981001 ], [ -88.0199502, 42.980995 ], [ -88.0201962, 42.980994 ], [ -88.021419200000011, 42.980986 ], [ -88.0226402, 42.980978 ], [ -88.0226512, 42.980612 ], [ -88.0226852, 42.979514 ], [ -88.0226972, 42.979149 ], [ -88.0229382, 42.979146 ], [ -88.0236632, 42.979139 ], [ -88.0239052, 42.979138 ], [ -88.0239122, 42.978775 ], [ -88.0239352, 42.977689 ], [ -88.0239432, 42.977327 ], [ -88.0239502, 42.976966 ], [ -88.0239732, 42.975883 ], [ -88.0239812, 42.9755229 ], [ -88.0239842, 42.9753399 ], [ -88.0239952, 42.9747919 ], [ -88.024000199999989, 42.9746099 ], [ -88.0240032, 42.9744279 ], [ -88.024011, 42.9737115 ], [ -88.0236666, 42.9737128 ], [ -88.0228081, 42.9737158 ], [ -88.0218051, 42.9737193 ], [ -88.0208029, 42.9737228 ], [ -88.019133599999989, 42.9737286 ], [ -88.0191037, 42.9737288 ], [ -88.0178517, 42.9737331 ], [ -88.0178404, 42.9740909 ], [ -88.0178334, 42.9744189 ], [ -88.0178174, 42.9751799 ], [ -88.0178094, 42.9755439 ], [ -88.0178003, 42.9759099 ], [ -88.0177773, 42.9770089 ], [ -88.0177693, 42.9773759 ], [ -88.0177603, 42.9777389 ], [ -88.0177373, 42.9788309 ], [ -88.0177303, 42.9791949 ], [ -88.0177213, 42.979558 ], [ -88.0176993, 42.9805 ], [ -88.0176963, 42.980647 ], [ -88.0176903, 42.981011 ] ] ] } },
{ "type": "Feature", "properties": { "rep_unit_id": 265, "ward": "City of Milwaukee Ward 265", "county": "MILWAUKEE" }, "geometry": { "type": "Polygon", "coordinates": [ [ [ -88.0078075, 42.9810139 ], [ -88.0081145, 42.9810139 ], [ -88.0090375, 42.9810139 ], [ -88.0093455, 42.9810139 ], [ -88.0097915, 42.9810129 ], [ -88.0111324, 42.9810129 ], [ -88.011579400000016, 42.9810129 ], [ -88.0118124, 42.9810129 ], [ -88.0125124, 42.9810129 ], [ -88.0127464, 42.9810129 ], [ -88.0129904, 42.9810119 ], [ -88.0137214, 42.9810119 ], [ -88.0139664, 42.9810119 ], [ -88.0142104, 42.9810119 ], [ -88.0149444, 42.9810119 ], [ -88.0151893, 42.9810119 ], [ -88.0154333, 42.981012 ], [ -88.0161653, 42.981012 ], [ -88.0164093, 42.981012 ], [ -88.0166653, 42.981011 ], [ -88.0174333, 42.981011 ], [ -88.0176903, 42.981011 ], [ -88.0176963, 42.980647 ], [ -88.0176993, 42.9805 ], [ -88.0177213, 42.979558 ], [ -88.0177303, 42.9791949 ], [ -88.0177373, 42.9788309 ], [ -88.0177603, 42.9777389 ], [ -88.0177693, 42.9773759 ], [ -88.0177773, 42.9770089 ], [ -88.0178003, 42.9759099 ], [ -88.0178094, 42.9755439 ], [ -88.0178174, 42.9751799 ], [ -88.0178334, 42.9744189 ], [ -88.0178404, 42.9740909 ], [ -88.0178517, 42.9737331 ], [ -88.016859599999989, 42.973736 ], [ -88.016304, 42.9737376 ], [ -88.0162824, 42.9737377 ], [ -88.0158109, 42.9737391 ], [ -88.0152958, 42.9737405 ], [ -88.0149034, 42.9737417 ], [ -88.014764500000013, 42.9737421 ], [ -88.0147684, 42.9735911 ], [ -88.0147782, 42.9731933 ], [ -88.014786, 42.9728778 ], [ -88.014788, 42.9727955 ], [ -88.01479, 42.9727132 ], [ -88.0147923, 42.972617299999989 ], [ -88.014793, 42.972589899999988 ], [ -88.0147982, 42.9723838 ], [ -88.0146509, 42.9723842 ], [ -88.0146491, 42.9720549 ], [ -88.014648, 42.9719726 ], [ -88.0147035, 42.9719725 ], [ -88.014703, 42.9718902 ], [ -88.0147013, 42.9715609 ], [ -88.0146996, 42.9712316 ], [ -88.014696200000017, 42.9711493 ], [ -88.0146936, 42.971067 ], [ -88.0146919, 42.9707378 ], [ -88.0146902, 42.9704085 ], [ -88.0146897, 42.9703262 ], [ -88.0147716, 42.970326 ], [ -88.0147711, 42.9702437 ], [ -88.0147689, 42.9698717 ], [ -88.0145447, 42.9698741 ], [ -88.0143206, 42.9698765 ], [ -88.0140965, 42.969879 ], [ -88.0138724, 42.9698813 ], [ -88.0136482, 42.9698838 ], [ -88.0134241, 42.9698862 ], [ -88.0131339, 42.9698893 ], [ -88.0130218, 42.9698905 ], [ -88.0129097, 42.9698917 ], [ -88.0126746, 42.9698943 ], [ -88.0124505, 42.9698967 ], [ -88.0122263, 42.9698991 ], [ -88.0120021, 42.9699015 ], [ -88.011777900000013, 42.9699039 ], [ -88.0115537, 42.9699063 ], [ -88.0113295, 42.9699087 ], [ -88.0111053, 42.9699112 ], [ -88.0108811, 42.9699136 ], [ -88.0106569, 42.969916 ], [ -88.0104326, 42.9699184 ], [ -88.0102084, 42.9699208 ], [ -88.0099167, 42.969924 ], [ -88.0082951, 42.9699414 ], [ -88.008070800000013, 42.9699438 ], [ -88.0080697, 42.9700227 ], [ -88.0080677, 42.9700837 ], [ -88.0080627, 42.9702687 ], [ -88.0080617, 42.9703307 ], [ -88.008048699999989, 42.9708207 ], [ -88.0080106, 42.9722917 ], [ -88.0079986, 42.9727827 ], [ -88.0079926, 42.9729768 ], [ -88.0079786, 42.9735608 ], [ -88.0079736, 42.9737558 ], [ -88.0079606, 42.9744818 ], [ -88.0079096, 42.9766628 ], [ -88.0078926, 42.9773898 ], [ -88.0078836, 42.9777528 ], [ -88.0078576, 42.9788428 ], [ -88.0078495, 42.9792068 ], [ -88.0078405, 42.9795679 ], [ -88.0078155, 42.9806519 ], [ -88.0078075, 42.9810139 ] ] ] } },
{ "type": "Feature", "properties": { "rep_unit_id": 266, "ward": "City of Milwaukee Ward 266", "county": "MILWAUKEE" }, "geometry": { "type": "Polygon", "coordinates": [ [ [ -87.9996037, 42.9810678 ], [ -88.0000577, 42.9810648 ], [ -88.0014227, 42.9810548 ], [ -88.0018777, 42.9810528 ], [ -88.0021767, 42.9810498 ], [ -88.0030766, 42.981043799999988 ], [ -88.0033776, 42.9810428 ], [ -88.0039946, 42.9810388 ], [ -88.0058456, 42.9810259 ], [ -88.006463599999989, 42.9810229 ], [ -88.0067316, 42.9810209 ], [ -88.0075385, 42.9810149 ], [ -88.0078075, 42.9810139 ], [ -88.0078155, 42.9806519 ], [ -88.0078405, 42.9795679 ], [ -88.0078495, 42.9792068 ], [ -88.0078576, 42.9788428 ], [ -88.0078836, 42.9777528 ], [ -88.0078926, 42.9773898 ], [ -88.0079096, 42.9766628 ], [ -88.0079606, 42.9744818 ], [ -88.0079736, 42.9737558 ], [ -88.0079786, 42.9735608 ], [ -88.0079926, 42.9729768 ], [ -88.0079986, 42.9727827 ], [ -88.0080106, 42.9722917 ], [ -88.008048699999989, 42.9708207 ], [ -88.0080617, 42.9703307 ], [ -88.0080627, 42.9702687 ], [ -88.0080677, 42.9700837 ], [ -88.0080697, 42.9700227 ], [ -88.008070800000013, 42.9699438 ], [ -88.0080709, 42.9699409 ], [ -88.0078466, 42.9699434 ], [ -88.0074355, 42.9699479 ], [ -88.007286, 42.9699495 ], [ -88.0067815, 42.969955 ], [ -88.00652, 42.9699579 ], [ -88.0062754, 42.9699606 ], [ -88.0060307, 42.969963199999988 ], [ -88.005786, 42.9699659 ], [ -88.0055413, 42.9699686 ], [ -88.0052966, 42.9699713 ], [ -88.0050539, 42.9699739 ], [ -88.0048112, 42.9699765 ], [ -88.0045686, 42.9699791 ], [ -88.004325900000012, 42.9699818 ], [ -88.0040506, 42.9699847 ], [ -88.0037891, 42.9699876 ], [ -88.0035277, 42.9699904 ], [ -88.0032663, 42.9699932 ], [ -88.0030048, 42.969996 ], [ -88.002743400000014, 42.9699989 ], [ -88.002482, 42.9700017 ], [ -88.0022205, 42.9700045 ], [ -88.0019591, 42.9700074 ], [ -88.0015197, 42.9700121 ], [ -88.0012669, 42.9700148 ], [ -88.0000644, 42.9700278 ], [ -87.999314, 42.9700359 ], [ -87.999119, 42.970038 ], [ -87.998926, 42.9700401 ], [ -87.998074699999989, 42.970577399999989 ], [ -87.9979884, 42.9706318 ], [ -87.9980065, 42.9714761 ], [ -87.9979909, 42.9731487 ], [ -87.9979789, 42.9740047 ], [ -87.9979749, 42.9743207 ], [ -87.997968899999989, 42.9745757 ], [ -87.9979659, 42.9747667 ], [ -87.9979579, 42.9751977 ], [ -87.9979498, 42.9756597 ], [ -87.9979338, 42.9764927 ], [ -87.9979268, 42.9769247 ], [ -87.9979228, 42.9771127 ], [ -87.9979128, 42.9776807 ], [ -87.9979098, 42.9778697 ], [ -87.9980778, 42.9779697 ], [ -87.9985828, 42.9782718 ], [ -87.9987518, 42.9783728 ], [ -87.9990378, 42.9785618 ], [ -87.9990888, 42.9786038 ], [ -87.9991738, 42.9786748 ], [ -87.9992918, 42.9787898 ], [ -87.9994058, 42.9789298 ], [ -87.9994788, 42.9790438 ], [ -87.9995568, 42.9791878 ], [ -87.9995998, 42.9793258 ], [ -87.9996168, 42.9794568 ], [ -87.9996217, 42.9796118 ], [ -87.999622699999989, 42.9796228 ], [ -87.9996187, 42.9799908 ], [ -87.999605699999989, 42.9808608 ], [ -87.9996037, 42.9810678 ] ] ] } },
{ "type": "Feature", "properties": { "rep_unit_id": 376, "ward": "City of Franklin Ward 9", "county": "MILWAUKEE" }, "geometry": { "type": "Polygon", "coordinates": [ [ [ -87.95929120000001, 42.9304004 ], [ -87.9596349, 42.9304002 ], [ -87.96113170000001, 42.9303991 ], [ -87.9633177, 42.9303974 ], [ -87.9634755, 42.9303973 ], [ -87.9637071, 42.9303971 ], [ -87.9648183, 42.9303962 ], [ -87.9649621, 42.9303961 ], [ -87.965268400000014, 42.9303959 ], [ -87.9654776, 42.9303957 ], [ -87.9666364, 42.9303948 ], [ -87.9673526, 42.9303942 ], [ -87.967610400000012, 42.930394 ], [ -87.9680773, 42.9303936 ], [ -87.969097, 42.9303928 ], [ -87.969104, 42.9302367 ], [ -87.9691345, 42.9295975 ], [ -87.969145, 42.9293666 ], [ -87.9691565, 42.9291298 ], [ -87.969173, 42.9287744 ], [ -87.9691891, 42.9284293 ], [ -87.9692567, 42.9269812 ], [ -87.9729872, 42.9269409 ], [ -87.9732376, 42.9269384 ], [ -87.9738241, 42.9269327 ], [ -87.9743173, 42.9269278 ], [ -87.9746816, 42.9269242 ], [ -87.9749954, 42.9269211 ], [ -87.9753148, 42.9269179 ], [ -87.9756333, 42.9269148 ], [ -87.9759546, 42.9269116 ], [ -87.9762694, 42.9269085 ], [ -87.9765869, 42.9269054 ], [ -87.9769026, 42.9269023 ], [ -87.9772211, 42.9268991 ], [ -87.9775107, 42.9268962 ], [ -87.977852500000012, 42.9268929 ], [ -87.978228, 42.9268892 ], [ -87.9785951, 42.9268855 ], [ -87.9789481, 42.926882 ], [ -87.9790509, 42.926881 ], [ -87.9790966, 42.9268812 ], [ -87.9791732, 42.9268813 ], [ -87.9791732, 42.9268793 ], [ -87.9791854, 42.9265102 ], [ -87.9792146, 42.925625 ], [ -87.9792532, 42.9244311 ], [ -87.9792607, 42.9242019 ], [ -87.979287, 42.923687 ], [ -87.978281, 42.923725 ], [ -87.978216, 42.923725 ], [ -87.977386, 42.923719 ], [ -87.977062, 42.923694 ], [ -87.976779, 42.923622 ], [ -87.976537, 42.923465 ], [ -87.976233, 42.923221 ], [ -87.975979, 42.923054 ], [ -87.975737, 42.922935 ], [ -87.975415, 42.922844 ], [ -87.974999, 42.922846 ], [ -87.973661, 42.922889 ], [ -87.969458, 42.922924 ], [ -87.968557, 42.922929 ], [ -87.968467, 42.922917 ], [ -87.968365, 42.922885 ], [ -87.968044, 42.922763 ], [ -87.967759, 42.922566 ], [ -87.967679, 42.922485 ], [ -87.9676, 42.922376 ], [ -87.967535, 42.922249 ], [ -87.967493, 42.922117 ], [ -87.967476, 42.921983 ], [ -87.967493, 42.9217684 ], [ -87.9674891, 42.9217683 ], [ -87.967453300000017, 42.9217671 ], [ -87.9670018, 42.9217527 ], [ -87.9668713, 42.9217485 ], [ -87.9652758, 42.9216972 ], [ -87.9652366, 42.9216967 ], [ -87.9651975, 42.9216977 ], [ -87.9651585, 42.9217002 ], [ -87.9651197, 42.9217042 ], [ -87.9650813, 42.9217097 ], [ -87.9650433, 42.9217166 ], [ -87.9650059, 42.921725 ], [ -87.9649691, 42.9217349 ], [ -87.9649331, 42.9217461 ], [ -87.9648979, 42.9217588 ], [ -87.9648636, 42.9217727 ], [ -87.9648304, 42.9217879 ], [ -87.9647984, 42.9218044 ], [ -87.9647675, 42.9218221 ], [ -87.964738, 42.921841 ], [ -87.9647098, 42.921861 ], [ -87.9646831, 42.9218821 ], [ -87.964658, 42.9219041 ], [ -87.9646344, 42.9219271 ], [ -87.9646125, 42.9219509 ], [ -87.9645924, 42.9219756 ], [ -87.964574, 42.922001 ], [ -87.964506899999989, 42.9220949 ], [ -87.964435, 42.9221838 ], [ -87.9643569, 42.9222699 ], [ -87.9643547, 42.9222722 ], [ -87.9642704, 42.922355 ], [ -87.9641803, 42.9224344 ], [ -87.9640918, 42.9225049 ], [ -87.9639102, 42.9226428 ], [ -87.9638489, 42.9226871 ], [ -87.9637845, 42.9227291 ], [ -87.9637173, 42.9227685 ], [ -87.9636473, 42.9228053 ], [ -87.963574799999989, 42.9228393 ], [ -87.9635348, 42.9228564 ], [ -87.9634587, 42.9228859 ], [ -87.9633806, 42.9229124 ], [ -87.9633008, 42.9229359 ], [ -87.9632193, 42.9229562 ], [ -87.9631366, 42.9229735 ], [ -87.9630527, 42.9229875 ], [ -87.9629679, 42.922998199999988 ], [ -87.9628825, 42.9230057 ], [ -87.9627967, 42.9230099 ], [ -87.962765, 42.9230106 ], [ -87.9621195, 42.9230205 ], [ -87.962055, 42.9230202 ], [ -87.9619906, 42.9230174 ], [ -87.9619265, 42.9230122 ], [ -87.9618628, 42.9230046 ], [ -87.9618173, 42.9229975 ], [ -87.9617896, 42.922992799999989 ], [ -87.9617125, 42.9229759 ], [ -87.9616309, 42.9229556 ], [ -87.9615508, 42.9229321 ], [ -87.9614725, 42.9229057 ], [ -87.9613962, 42.9228762 ], [ -87.9613221, 42.9228438 ], [ -87.961255, 42.922811 ], [ -87.96094, 42.923083 ], [ -87.960924, 42.923097 ], [ -87.960535, 42.923301 ], [ -87.960157, 42.923388 ], [ -87.960065, 42.923391 ], [ -87.959998, 42.923393 ], [ -87.959797, 42.923401 ], [ -87.959731, 42.923404 ], [ -87.959701, 42.923404 ], [ -87.959581, 42.923409 ], [ -87.959558, 42.923869 ], [ -87.959546, 42.924106 ], [ -87.959532, 42.924396 ], [ -87.9595089, 42.9248795 ], [ -87.9594831, 42.925229 ], [ -87.959461, 42.925366 ], [ -87.9594, 42.925553 ], [ -87.959192, 42.925964 ], [ -87.958981, 42.926378 ], [ -87.958917, 42.926559 ], [ -87.958879, 42.926774 ], [ -87.958876, 42.926911 ], [ -87.958881, 42.927077 ], [ -87.95889, 42.927274 ], [ -87.958904, 42.927383 ], [ -87.959102, 42.927789 ], [ -87.959278, 42.928163 ], [ -87.959284, 42.928171 ], [ -87.959332, 42.928426 ], [ -87.959348, 42.928623 ], [ -87.95933, 42.92881 ], [ -87.959297, 42.929327 ], [ -87.959295, 42.929485 ], [ -87.95929, 42.930182 ], [ -87.95929120000001, 42.9304004 ] ] ] } },
{ "type": "Feature", "properties": { "rep_unit_id": 377, "ward": "City of Franklin Ward 10", "county": "MILWAUKEE" }, "geometry": { "type": "Polygon", "coordinates": [ [ [ -87.977386, 42.923719 ], [ -87.978216, 42.923725 ], [ -87.978281, 42.923725 ], [ -87.979287, 42.923687 ], [ -87.9794224, 42.9190851 ], [ -87.9794261, 42.9189644 ], [ -87.9794626, 42.9178021 ], [ -87.979529, 42.916007 ], [ -87.979031, 42.916013 ], [ -87.97754, 42.916032 ], [ -87.977044, 42.916039 ], [ -87.976647, 42.916044 ], [ -87.97546, 42.916059 ], [ -87.975232, 42.916062 ], [ -87.975064, 42.916064 ], [ -87.974912, 42.916065 ], [ -87.974458, 42.916071 ], [ -87.974362, 42.916073 ], [ -87.974307, 42.916074 ], [ -87.974088, 42.916076 ], [ -87.973435, 42.916085 ], [ -87.973217, 42.916088 ], [ -87.972784, 42.916093 ], [ -87.971806, 42.916105 ], [ -87.971485, 42.916109 ], [ -87.9710943, 42.9161144 ], [ -87.9710552, 42.9169032 ], [ -87.971055, 42.9169073 ], [ -87.97105470000001, 42.9169113 ], [ -87.9710544, 42.9169153 ], [ -87.971054099999989, 42.9169193 ], [ -87.9710537, 42.9169234 ], [ -87.9710533, 42.9169274 ], [ -87.9710528, 42.9169314 ], [ -87.971052300000011, 42.9169354 ], [ -87.9710517, 42.9169394 ], [ -87.9710512, 42.9169434 ], [ -87.9710505, 42.9169474 ], [ -87.9710499, 42.9169514 ], [ -87.9710492, 42.9169554 ], [ -87.9710485, 42.9169594 ], [ -87.9710477, 42.9169633 ], [ -87.9710469, 42.9169673 ], [ -87.971046, 42.9169713 ], [ -87.9710451, 42.9169753 ], [ -87.9710442, 42.9169792 ], [ -87.9710432, 42.9169832 ], [ -87.9710422, 42.9169871 ], [ -87.9710411, 42.9169911 ], [ -87.97104, 42.916995 ], [ -87.9710389, 42.916998899999989 ], [ -87.9710377, 42.9170029 ], [ -87.9710365, 42.9170068 ], [ -87.9710352, 42.9170107 ], [ -87.9710339, 42.9170146 ], [ -87.9710326, 42.9170185 ], [ -87.9710313, 42.9170224 ], [ -87.9710299, 42.9170263 ], [ -87.9710284, 42.9170302 ], [ -87.9710269, 42.917034 ], [ -87.9710254, 42.9170379 ], [ -87.9710238, 42.9170418 ], [ -87.9710222, 42.9170456 ], [ -87.9710206, 42.9170495 ], [ -87.9710189, 42.9170533 ], [ -87.9710172, 42.9170571 ], [ -87.9710155, 42.9170609 ], [ -87.9710137, 42.9170647 ], [ -87.9710118, 42.9170685 ], [ -87.97101, 42.9170723 ], [ -87.971008, 42.9170761 ], [ -87.9710061, 42.9170798 ], [ -87.971004100000016, 42.9170836 ], [ -87.9710021, 42.9170873 ], [ -87.971, 42.917091 ], [ -87.970998, 42.9170948 ], [ -87.9709958, 42.9170985 ], [ -87.9709937, 42.9171021 ], [ -87.9709915, 42.9171058 ], [ -87.9709892, 42.9171095 ], [ -87.970987, 42.917113199999989 ], [ -87.9709847, 42.917116799999988 ], [ -87.9709823, 42.917120399999988 ], [ -87.970979899999989, 42.917124099999988 ], [ -87.970977499999989, 42.9171277 ], [ -87.970975, 42.9171313 ], [ -87.9709725, 42.9171348 ], [ -87.97097, 42.9171384 ], [ -87.9709674, 42.917142 ], [ -87.9709649, 42.9171455 ], [ -87.9709622, 42.917149 ], [ -87.9709595, 42.9171526 ], [ -87.9709569, 42.9171561 ], [ -87.9709541, 42.9171595 ], [ -87.9709514, 42.917163 ], [ -87.9709485, 42.9171664 ], [ -87.9709457, 42.9171699 ], [ -87.9709428, 42.917173299999988 ], [ -87.9709399, 42.9171767 ], [ -87.970937, 42.9171801 ], [ -87.970934, 42.9171835 ], [ -87.970931, 42.9171869 ], [ -87.9709279, 42.9171902 ], [ -87.9709248, 42.9171935 ], [ -87.9709218, 42.9171968 ], [ -87.9709186, 42.9172001 ], [ -87.9709154, 42.9172034 ], [ -87.9709122, 42.9172067 ], [ -87.970909, 42.9172099 ], [ -87.9709057, 42.9172131 ], [ -87.970902400000014, 42.9172163 ], [ -87.970899, 42.9172195 ], [ -87.9708957, 42.9172227 ], [ -87.9708923, 42.9172258 ], [ -87.9708889, 42.917229 ], [ -87.9708854, 42.9172321 ], [ -87.9708819, 42.9172352 ], [ -87.970878399999989, 42.9172383 ], [ -87.9708748, 42.9172413 ], [ -87.9708712, 42.9172444 ], [ -87.9708676, 42.9172474 ], [ -87.970864, 42.9172504 ], [ -87.9708603, 42.9172534 ], [ -87.9708566, 42.9172563 ], [ -87.9708528, 42.9172592 ], [ -87.9708491, 42.9172622 ], [ -87.9708453, 42.9172651 ], [ -87.9708415, 42.9172679 ], [ -87.9708376, 42.9172708 ], [ -87.970833700000014, 42.9172736 ], [ -87.9708298, 42.9172764 ], [ -87.9708259, 42.9172792 ], [ -87.9708219, 42.917282 ], [ -87.9708179, 42.9172848 ], [ -87.9708139, 42.9172875 ], [ -87.9708099, 42.9172902 ], [ -87.9708058, 42.9172929 ], [ -87.9708017, 42.9172956 ], [ -87.9707976, 42.9172982 ], [ -87.9707934, 42.9173008 ], [ -87.9707892, 42.9173034 ], [ -87.970785, 42.917306 ], [ -87.9707808, 42.9173086 ], [ -87.9707766, 42.9173111 ], [ -87.9707723, 42.9173136 ], [ -87.970768, 42.9173161 ], [ -87.9707636, 42.9173185 ], [ -87.9707593, 42.917321 ], [ -87.9707549, 42.9173234 ], [ -87.9707505, 42.9173258 ], [ -87.970746100000014, 42.9173282 ], [ -87.9707416, 42.9173305 ], [ -87.9707372, 42.9173328 ], [ -87.9707327, 42.9173351 ], [ -87.9707253, 42.9173388 ], [ -87.9707207, 42.9173411 ], [ -87.9707162, 42.9173433 ], [ -87.9707117, 42.9173457 ], [ -87.9707073, 42.917348 ], [ -87.9707028, 42.9173503 ], [ -87.970698399999989, 42.9173527 ], [ -87.970694, 42.9173551 ], [ -87.9706896, 42.9173575 ], [ -87.9706853, 42.91736 ], [ -87.970681, 42.9173625 ], [ -87.9706767, 42.9173649 ], [ -87.9706724, 42.9173675 ], [ -87.9706681, 42.91737 ], [ -87.9706639, 42.9173726 ], [ -87.9706598, 42.9173751 ], [ -87.9706556, 42.9173778 ], [ -87.9706514, 42.9173804 ], [ -87.9706473, 42.917383 ], [ -87.970643200000012, 42.9173857 ], [ -87.9706392, 42.9173884 ], [ -87.9706351, 42.9173911 ], [ -87.9706311, 42.9173938 ], [ -87.9706272, 42.9173966 ], [ -87.9706232, 42.9173994 ], [ -87.9706193, 42.9174022 ], [ -87.9706154, 42.917405 ], [ -87.9706115, 42.9174079 ], [ -87.9706076, 42.9174107 ], [ -87.9706038, 42.9174136 ], [ -87.9706001, 42.917416499999987 ], [ -87.9705963, 42.9174195 ], [ -87.970592599999989, 42.9174224 ], [ -87.9705889, 42.9174254 ], [ -87.9705852, 42.9174283 ], [ -87.9705816, 42.9174313 ], [ -87.970578, 42.9174344 ], [ -87.9705744, 42.9174374 ], [ -87.9705708, 42.9174405 ], [ -87.9705673, 42.9174436 ], [ -87.9705638, 42.9174467 ], [ -87.9705604, 42.9174498 ], [ -87.970557, 42.9174529 ], [ -87.970553600000017, 42.9174561 ], [ -87.9705502, 42.9174593 ], [ -87.9705469, 42.9174625 ], [ -87.9705436, 42.9174657 ], [ -87.9705404, 42.9174689 ], [ -87.9705371, 42.9174722 ], [ -87.9705339, 42.9174754 ], [ -87.970530700000012, 42.9174787 ], [ -87.9705276, 42.917482 ], [ -87.9705245, 42.9174853 ], [ -87.9705214, 42.9174887 ], [ -87.9705184, 42.917492 ], [ -87.9705154, 42.9174954 ], [ -87.9705125, 42.9174987 ], [ -87.9705095, 42.9175021 ], [ -87.9705066, 42.9175055 ], [ -87.9705038, 42.917509 ], [ -87.9705009, 42.9175124 ], [ -87.9704981, 42.9175159 ], [ -87.9704954, 42.9175193 ], [ -87.9704926, 42.9175228 ], [ -87.97049, 42.9175263 ], [ -87.970487300000016, 42.9175298 ], [ -87.9704847, 42.9175334 ], [ -87.9704821, 42.9175369 ], [ -87.9704796, 42.9175405 ], [ -87.970477, 42.9175441 ], [ -87.9704746, 42.9175476 ], [ -87.9704721, 42.9175513 ], [ -87.9704697, 42.9175549 ], [ -87.9704673, 42.9175585 ], [ -87.970465, 42.9175621 ], [ -87.9704627, 42.9175658 ], [ -87.9704604, 42.9175694 ], [ -87.9704582, 42.9175731 ], [ -87.970456, 42.9175768 ], [ -87.9704539, 42.9175805 ], [ -87.9704518, 42.9175842 ], [ -87.970449699999989, 42.9175879 ], [ -87.9704476, 42.9175917 ], [ -87.9704457, 42.9175954 ], [ -87.9704437, 42.9175992 ], [ -87.9704417, 42.9176029 ], [ -87.9704399, 42.9176067 ], [ -87.970438, 42.9176105 ], [ -87.9704362, 42.9176143 ], [ -87.9704344, 42.9176181 ], [ -87.970432699999989, 42.9176219 ], [ -87.970431, 42.9176257 ], [ -87.9704293, 42.9176296 ], [ -87.9704277, 42.9176334 ], [ -87.9704261, 42.9176372 ], [ -87.9704245, 42.9176411 ], [ -87.970423, 42.917645 ], [ -87.9704216, 42.917648799999988 ], [ -87.9704201, 42.9176527 ], [ -87.9704187, 42.9176566 ], [ -87.9704174, 42.9176605 ], [ -87.9704161, 42.9176644 ], [ -87.9704148, 42.9176683 ], [ -87.9704135, 42.9176722 ], [ -87.9704124, 42.917676199999988 ], [ -87.9704112, 42.9176801 ], [ -87.9704101, 42.917684 ], [ -87.970409, 42.917688 ], [ -87.970408, 42.9176919 ], [ -87.970407, 42.9176959 ], [ -87.970406, 42.9176998 ], [ -87.9704051, 42.9177038 ], [ -87.9704042, 42.9177078 ], [ -87.970403300000015, 42.9177118 ], [ -87.9704025, 42.9177157 ], [ -87.9704018, 42.9177197 ], [ -87.970401, 42.9177237 ], [ -87.9704004, 42.9177277 ], [ -87.970399700000016, 42.9177317 ], [ -87.9703991, 42.9177357 ], [ -87.970398500000016, 42.9177397 ], [ -87.970398, 42.9177437 ], [ -87.9703975, 42.9177477 ], [ -87.9703971, 42.9177517 ], [ -87.9703967, 42.9177557 ], [ -87.9703963, 42.9177597 ], [ -87.970396, 42.9177637 ], [ -87.9703957, 42.9177677 ], [ -87.9703953, 42.9177744 ], [ -87.9703598, 42.9184868 ], [ -87.9703596, 42.9184908 ], [ -87.970359500000015, 42.9184948 ], [ -87.9703594, 42.9184988 ], [ -87.9703593, 42.9185028 ], [ -87.9703593, 42.9185069 ], [ -87.9703593, 42.9185109 ], [ -87.9703594, 42.9185149 ], [ -87.970359500000015, 42.9185189 ], [ -87.9703596, 42.918523 ], [ -87.9703598, 42.918527 ], [ -87.9703601, 42.918531 ], [ -87.97036030000001, 42.918535 ], [ -87.9703606, 42.918539 ], [ -87.970361, 42.9185431 ], [ -87.9703614, 42.9185471 ], [ -87.9703617, 42.9185511 ], [ -87.9703622, 42.9185551 ], [ -87.97036270000001, 42.9185591 ], [ -87.9703632, 42.9185631 ], [ -87.9703638, 42.9185671 ], [ -87.9703645, 42.9185711 ], [ -87.9703651, 42.9185751 ], [ -87.9703658, 42.9185791 ], [ -87.9703665, 42.9185831 ], [ -87.9703673, 42.918587 ], [ -87.9703681, 42.918591 ], [ -87.970369, 42.918595 ], [ -87.9703699, 42.918599 ], [ -87.9703709, 42.918602899999989 ], [ -87.9703718, 42.9186069 ], [ -87.9703728, 42.9186108 ], [ -87.9703739, 42.9186148 ], [ -87.970375, 42.9186187 ], [ -87.9703761, 42.9186226 ], [ -87.9703773, 42.9186266 ], [ -87.9703785, 42.9186305 ], [ -87.970379799999989, 42.9186344 ], [ -87.9703811, 42.9186383 ], [ -87.9703824, 42.9186422 ], [ -87.9703838, 42.9186461 ], [ -87.97038520000001, 42.91865 ], [ -87.9703866, 42.9186539 ], [ -87.9703881, 42.9186577 ], [ -87.9703896, 42.9186616 ], [ -87.9703912, 42.9186655 ], [ -87.9703928, 42.9186693 ], [ -87.970394399999989, 42.9186731 ], [ -87.9703961, 42.918677 ], [ -87.9703979, 42.9186808 ], [ -87.9703996, 42.9186846 ], [ -87.9704014, 42.9186884 ], [ -87.9704032, 42.918692199999988 ], [ -87.9704051, 42.918696 ], [ -87.970407, 42.9186998 ], [ -87.9704089, 42.9187035 ], [ -87.9704109, 42.9187073 ], [ -87.9704129, 42.918711 ], [ -87.970415, 42.918714699999988 ], [ -87.9704171, 42.9187184 ], [ -87.9704192, 42.9187222 ], [ -87.9704214, 42.9187259 ], [ -87.9704236, 42.9187295 ], [ -87.9704258, 42.9187332 ], [ -87.9704281, 42.9187369 ], [ -87.9704304, 42.9187405 ], [ -87.9704328, 42.9187441 ], [ -87.9704351, 42.9187478 ], [ -87.9704376, 42.9187514 ], [ -87.97044, 42.9187549 ], [ -87.9704425, 42.9187585 ], [ -87.970445, 42.9187621 ], [ -87.9704476, 42.9187656 ], [ -87.9704502, 42.9187692 ], [ -87.9704528, 42.9187727 ], [ -87.9704555, 42.918776199999989 ], [ -87.9704582, 42.9187797 ], [ -87.9704609, 42.9187832 ], [ -87.9704637, 42.9187867 ], [ -87.9704665, 42.9187901 ], [ -87.9704694, 42.9187936 ], [ -87.970472199999989, 42.918797 ], [ -87.9704752, 42.9188004 ], [ -87.9704781, 42.9188038 ], [ -87.9704838, 42.9188102 ], [ -87.9705526, 42.9188864 ], [ -87.970555499999989, 42.9188897 ], [ -87.9705585, 42.9188931 ], [ -87.9705613, 42.9188966 ], [ -87.9705641, 42.9189001 ], [ -87.9705669, 42.9189035 ], [ -87.9705695, 42.918907 ], [ -87.9705721, 42.9189106 ], [ -87.9705746, 42.9189142 ], [ -87.970577, 42.9189178 ], [ -87.9705794, 42.9189214 ], [ -87.9705817, 42.9189251 ], [ -87.9705839, 42.9189287 ], [ -87.9705861, 42.9189324 ], [ -87.9705881, 42.9189362 ], [ -87.9705901, 42.9189399 ], [ -87.970592, 42.9189437 ], [ -87.9705939, 42.9189475 ], [ -87.9705957, 42.9189513 ], [ -87.9705973, 42.9189551 ], [ -87.970599, 42.9189589 ], [ -87.970600499999989, 42.9189628 ], [ -87.970602, 42.9189667 ], [ -87.9706034, 42.9189705 ], [ -87.9706047, 42.9189745 ], [ -87.9706059, 42.9189784 ], [ -87.970607, 42.9189823 ], [ -87.9706081, 42.9189862 ], [ -87.9706091, 42.9189902 ], [ -87.97061, 42.9189942 ], [ -87.9706109, 42.9189982 ], [ -87.9706117, 42.9190021 ], [ -87.9706123, 42.9190061 ], [ -87.9706129, 42.9190101 ], [ -87.9706134, 42.9190141 ], [ -87.970613899999989, 42.9190181 ], [ -87.9706142, 42.9190221 ], [ -87.9706145, 42.9190262 ], [ -87.9706147, 42.9190302 ], [ -87.9706148, 42.9190342 ], [ -87.9706149, 42.9190382 ], [ -87.9706148, 42.9190422 ], [ -87.9706147, 42.9190463 ], [ -87.9706145, 42.9190503 ], [ -87.9706142, 42.9190543 ], [ -87.970613899999989, 42.9190583 ], [ -87.9706134, 42.9190623 ], [ -87.9706129, 42.9190663 ], [ -87.9706123, 42.9190703 ], [ -87.9706116, 42.9190743 ], [ -87.9706108, 42.9190783 ], [ -87.97061, 42.9190823 ], [ -87.9706091, 42.9190863 ], [ -87.9706081, 42.9190902 ], [ -87.970607, 42.9190941 ], [ -87.9706059, 42.9190981 ], [ -87.9706046, 42.919102 ], [ -87.9706033, 42.9191059 ], [ -87.9706019, 42.9191098 ], [ -87.970600499999989, 42.9191137 ], [ -87.9705989, 42.9191175 ], [ -87.9705973, 42.9191214 ], [ -87.9705956, 42.9191252 ], [ -87.970593799999989, 42.919129 ], [ -87.9705919, 42.9191328 ], [ -87.97059, 42.9191365 ], [ -87.970588, 42.9191403 ], [ -87.970586, 42.919144 ], [ -87.9705838, 42.9191477 ], [ -87.9705816, 42.9191514 ], [ -87.970579300000011, 42.919155 ], [ -87.970576900000012, 42.9191587 ], [ -87.970574500000012, 42.9191623 ], [ -87.970572, 42.9191658 ], [ -87.9705694, 42.9191694 ], [ -87.9705668, 42.9191729 ], [ -87.970564, 42.9191764 ], [ -87.9705612, 42.9191799 ], [ -87.9705583, 42.9191833 ], [ -87.9705554, 42.9191867 ], [ -87.970552400000017, 42.9191901 ], [ -87.9705494, 42.9191934 ], [ -87.9705462, 42.9191967 ], [ -87.970543, 42.9191999 ], [ -87.9705398, 42.9192032 ], [ -87.9705364, 42.9192064 ], [ -87.970533100000011, 42.9192095 ], [ -87.9705296, 42.9192126 ], [ -87.9705261, 42.9192157 ], [ -87.9705225, 42.9192188 ], [ -87.9705189, 42.9192218 ], [ -87.9705152, 42.9192248 ], [ -87.9705115, 42.9192277 ], [ -87.9705076, 42.9192306 ], [ -87.9705038, 42.9192334 ], [ -87.9704999, 42.9192362 ], [ -87.9704959, 42.919239 ], [ -87.9704918, 42.9192417 ], [ -87.9704878, 42.9192444 ], [ -87.9704836, 42.919247 ], [ -87.9704794, 42.9192496 ], [ -87.9704752, 42.9192521 ], [ -87.9704709, 42.9192546 ], [ -87.9704665, 42.9192571 ], [ -87.9704622, 42.9192595 ], [ -87.9704577, 42.9192618 ], [ -87.9704532, 42.9192641 ], [ -87.9704487, 42.9192664 ], [ -87.9704441, 42.9192686 ], [ -87.9704395, 42.9192708 ], [ -87.9704348, 42.919272899999989 ], [ -87.9704301, 42.9192749 ], [ -87.970425400000011, 42.9192769 ], [ -87.9704206, 42.919278899999988 ], [ -87.9704158, 42.9192808 ], [ -87.9704109, 42.9192827 ], [ -87.970406, 42.9192844 ], [ -87.970401099999989, 42.9192862 ], [ -87.9703961, 42.9192879 ], [ -87.9703911, 42.9192895 ], [ -87.9703861, 42.9192911 ], [ -87.9703811, 42.9192926 ], [ -87.970376, 42.919294099999988 ], [ -87.9703709, 42.9192955 ], [ -87.9703657, 42.9192969 ], [ -87.9703605, 42.9192982 ], [ -87.9703553, 42.9192995 ], [ -87.9703501, 42.9193007 ], [ -87.9703448, 42.9193018 ], [ -87.9703396, 42.9193029 ], [ -87.9703343, 42.919303899999989 ], [ -87.970329, 42.9193049 ], [ -87.9703236, 42.9193058 ], [ -87.9703183, 42.9193067 ], [ -87.970313, 42.9193074 ], [ -87.9703075, 42.9193082 ], [ -87.9703021, 42.9193089 ], [ -87.9702968, 42.9193095 ], [ -87.9702913, 42.9193101 ], [ -87.9702859, 42.9193106 ], [ -87.9702805, 42.919311 ], [ -87.970275, 42.9193114 ], [ -87.9702696, 42.9193117 ], [ -87.9702641, 42.919312 ], [ -87.9702586, 42.9193122 ], [ -87.9702532, 42.919312399999988 ], [ -87.9702477, 42.9193125 ], [ -87.9702422, 42.9193125 ], [ -87.9702368, 42.9193125 ], [ -87.9702279, 42.9193123 ], [ -87.9696285, 42.9192963 ], [ -87.969511200000014, 42.9192909 ], [ -87.9694299, 42.9192865 ], [ -87.9693488, 42.9192819 ], [ -87.9692676, 42.9192771 ], [ -87.9691865, 42.9192721 ], [ -87.9691587, 42.9192697 ], [ -87.969131, 42.9192671 ], [ -87.969103300000015, 42.9192642 ], [ -87.9690756, 42.9192612 ], [ -87.969048, 42.9192579 ], [ -87.9690205, 42.9192544 ], [ -87.968993, 42.9192507 ], [ -87.9689656, 42.9192469 ], [ -87.9689382, 42.9192427 ], [ -87.9689109, 42.9192384 ], [ -87.9688836, 42.9192339 ], [ -87.9688564, 42.9192291 ], [ -87.9688293, 42.9192242 ], [ -87.9688023, 42.919219 ], [ -87.9687753, 42.9192136 ], [ -87.9687484, 42.919208 ], [ -87.9687216, 42.9192022 ], [ -87.9686908, 42.9191957 ], [ -87.9686602, 42.919189 ], [ -87.9686295, 42.919182 ], [ -87.968599, 42.9191749 ], [ -87.9685687, 42.9191675 ], [ -87.9685383, 42.9191599 ], [ -87.9685082, 42.9191522 ], [ -87.9684781, 42.9191441 ], [ -87.968448, 42.9191359 ], [ -87.9684182, 42.9191275 ], [ -87.9683884, 42.9191188 ], [ -87.9680431, 42.9190087 ], [ -87.9680252, 42.9190031 ], [ -87.9680072, 42.9189977 ], [ -87.967989, 42.9189925 ], [ -87.967970799999989, 42.9189875 ], [ -87.9679525, 42.9189827 ], [ -87.967934, 42.9189781 ], [ -87.967915499999989, 42.9189737 ], [ -87.9678969, 42.9189696 ], [ -87.9678782, 42.9189656 ], [ -87.9678595, 42.9189618 ], [ -87.9678406, 42.9189582 ], [ -87.9678217, 42.9189549 ], [ -87.9678028, 42.9189517 ], [ -87.9677837, 42.9189488 ], [ -87.9677646, 42.918946 ], [ -87.9677455, 42.9189435 ], [ -87.9677263, 42.9189412 ], [ -87.967707, 42.918939 ], [ -87.9676877, 42.9189371 ], [ -87.967665, 42.9189356 ], [ -87.9676422, 42.9189343 ], [ -87.9676194, 42.9189332 ], [ -87.9675965, 42.9189323 ], [ -87.9675737, 42.9189316 ], [ -87.9675508, 42.9189311 ], [ -87.967528, 42.9189308 ], [ -87.9675051, 42.9189307 ], [ -87.9674822, 42.9189308 ], [ -87.9674594, 42.9189311 ], [ -87.9674365, 42.9189316 ], [ -87.9674137, 42.9189323 ], [ -87.9673908, 42.9189333 ], [ -87.967368, 42.9189344 ], [ -87.9671901, 42.9189448 ], [ -87.967190699999989, 42.918950599999988 ], [ -87.9671927, 42.9189665 ], [ -87.9671973, 42.9189999 ], [ -87.9672021, 42.9190333 ], [ -87.9672073, 42.919066699999988 ], [ -87.9672127, 42.9191 ], [ -87.9672184, 42.9191333 ], [ -87.9672245, 42.9191666 ], [ -87.9672288, 42.9191807 ], [ -87.9672335, 42.9191948 ], [ -87.9672384, 42.9192088 ], [ -87.9672437, 42.9192227 ], [ -87.9672493, 42.9192366 ], [ -87.9672551, 42.9192504 ], [ -87.9672613, 42.9192641 ], [ -87.9672677, 42.919277799999989 ], [ -87.9672744, 42.9192914 ], [ -87.9672815, 42.9193049 ], [ -87.9672887, 42.9193184 ], [ -87.967297, 42.919331 ], [ -87.9673056, 42.9193436 ], [ -87.9673145, 42.919356 ], [ -87.9673248, 42.9193699 ], [ -87.967345600000016, 42.9193945 ], [ -87.9673648, 42.919417 ], [ -87.9673843, 42.9194394 ], [ -87.9674041, 42.9194616 ], [ -87.967424, 42.9194837 ], [ -87.9674443, 42.9195058 ], [ -87.9674648, 42.9195277 ], [ -87.9674855, 42.9195494 ], [ -87.9675064, 42.9195711 ], [ -87.9675276, 42.9195926 ], [ -87.9675508, 42.9196157 ], [ -87.9675674, 42.9196308 ], [ -87.9675809, 42.9196434 ], [ -87.9675943, 42.9196561 ], [ -87.9676074, 42.919669 ], [ -87.9676203, 42.919682 ], [ -87.967633, 42.9196951 ], [ -87.9676454, 42.9197084 ], [ -87.9676576, 42.9197218 ], [ -87.9676695, 42.9197352 ], [ -87.9676813, 42.9197488 ], [ -87.9676928, 42.9197625 ], [ -87.967704, 42.919776299999988 ], [ -87.967715, 42.9197902 ], [ -87.9677247, 42.9198028 ], [ -87.9677323, 42.9198139 ], [ -87.9677407, 42.9198264 ], [ -87.9677488, 42.919839 ], [ -87.9677567, 42.9198517 ], [ -87.9677643, 42.9198645 ], [ -87.9677717, 42.9198774 ], [ -87.9677788, 42.9198903 ], [ -87.9677857, 42.919903399999988 ], [ -87.9677923, 42.9199165 ], [ -87.9677986, 42.9199296 ], [ -87.9678047, 42.9199429 ], [ -87.9678105, 42.9199562 ], [ -87.9678161, 42.9199695 ], [ -87.9678213, 42.9199829 ], [ -87.9678253, 42.9199934 ], [ -87.9678285, 42.9200052 ], [ -87.9678322, 42.9200203 ], [ -87.9678357, 42.920035399999989 ], [ -87.967839, 42.9200505 ], [ -87.967842499999989, 42.9200633 ], [ -87.9678457, 42.9200762 ], [ -87.9678487, 42.9200892 ], [ -87.9678513, 42.9201022 ], [ -87.9678536, 42.9201152 ], [ -87.9678557, 42.9201282 ], [ -87.9678574, 42.9201413 ], [ -87.9678588, 42.9201543 ], [ -87.9678599, 42.9201674 ], [ -87.9678607, 42.9201805 ], [ -87.9678611, 42.9201936 ], [ -87.9678613, 42.9202068 ], [ -87.9678611, 42.9202199 ], [ -87.9678605, 42.9202315 ], [ -87.9678595, 42.9202431 ], [ -87.9678582, 42.9202547 ], [ -87.9678566, 42.9202662 ], [ -87.9678544, 42.9202798 ], [ -87.9678526, 42.9202892 ], [ -87.9678502, 42.9203007 ], [ -87.9678474, 42.9203122 ], [ -87.9678444, 42.9203235 ], [ -87.9678411, 42.9203349 ], [ -87.9678375, 42.9203462 ], [ -87.967706, 42.920905 ], [ -87.967696, 42.920944 ], [ -87.967667, 42.921062 ], [ -87.967658, 42.921102 ], [ -87.967653, 42.921123 ], [ -87.967637, 42.921186 ], [ -87.967494, 42.921757 ], [ -87.967493, 42.9217684 ], [ -87.967476, 42.921983 ], [ -87.967493, 42.922117 ], [ -87.967535, 42.922249 ], [ -87.9676, 42.922376 ], [ -87.967679, 42.922485 ], [ -87.967759, 42.922566 ], [ -87.968044, 42.922763 ], [ -87.968365, 42.922885 ], [ -87.968467, 42.922917 ], [ -87.968557, 42.922929 ], [ -87.969458, 42.922924 ], [ -87.973661, 42.922889 ], [ -87.974999, 42.922846 ], [ -87.975415, 42.922844 ], [ -87.975737, 42.922935 ], [ -87.975979, 42.923054 ], [ -87.976233, 42.923221 ], [ -87.976537, 42.923465 ], [ -87.976779, 42.923622 ], [ -87.977062, 42.923694 ], [ -87.977386, 42.923719 ] ] ] } },
{ "type": "Feature", "properties": { "rep_unit_id": 396, "ward": "V. Greendale Wards 1,2,3,4.9,10", "county": "MILWAUKEE" }, "geometry": { "type": "Polygon", "coordinates": [ [ [ -87.997458, 42.925879 ], [ -87.997042, 42.92622 ], [ -87.996927, 42.926328 ], [ -87.996764, 42.926461 ], [ -87.99656, 42.926675 ], [ -87.996101, 42.927206 ], [ -87.995713, 42.927706 ], [ -87.995315, 42.928297 ], [ -87.994939, 42.928935 ], [ -87.993823, 42.930828 ], [ -87.991517, 42.93485 ], [ -87.990566, 42.936531 ], [ -87.989965, 42.937532 ], [ -87.989828, 42.937794 ], [ -87.98929, 42.938769 ], [ -87.988399, 42.940273 ], [ -87.985953, 42.944435 ], [ -87.98568, 42.9449 ], [ -87.98567, 42.944918 ], [ -87.985547, 42.945101 ], [ -87.985464, 42.945225 ], [ -87.984906, 42.945821 ], [ -87.984461, 42.946205 ], [ -87.984108, 42.946512 ], [ -87.9830593, 42.9475096 ], [ -87.983343, 42.9476886 ], [ -87.9847667, 42.9485896 ], [ -87.9854292, 42.9490088 ], [ -87.9855042, 42.9490562 ], [ -87.9854293, 42.9491199 ], [ -87.9851477, 42.9493599 ], [ -87.9854298, 42.9493598 ], [ -87.9855045, 42.9493597 ], [ -87.9855596, 42.9493597 ], [ -87.985937, 42.9493596 ], [ -87.9862359, 42.9493595 ], [ -87.9865348, 42.9493594 ], [ -87.9866637, 42.9493594 ], [ -87.9868337, 42.9493593 ], [ -87.9871326, 42.9493592 ], [ -87.9874315, 42.9493591 ], [ -87.9877453, 42.949359 ], [ -87.9880816, 42.9493589 ], [ -87.9884729, 42.9493588 ], [ -87.9886784, 42.9493587 ], [ -87.9886784, 42.9493609 ], [ -87.9886791, 42.9493681 ], [ -87.9886716, 42.9498526 ], [ -87.9886579, 42.9507523 ], [ -87.9886377, 42.9521371 ], [ -87.9929793, 42.9521105 ], [ -87.9941275, 42.9521035 ], [ -87.9952112, 42.9520968 ], [ -87.9968462, 42.9520867 ], [ -87.9985139, 42.952076299999987 ], [ -87.9985373, 42.9520762 ], [ -87.9985531, 42.9509338 ], [ -87.9985539, 42.9508796 ], [ -88.0010288, 42.9508615 ], [ -88.003329, 42.9508466 ], [ -88.0033385, 42.9508466 ], [ -88.0068232, 42.9508194 ], [ -88.0073345, 42.9508161 ], [ -88.008216, 42.9508103 ], [ -88.0084403, 42.9508122 ], [ -88.0084512, 42.9503919 ], [ -88.0086698, 42.95039 ], [ -88.0097692, 42.9503895 ], [ -88.0097982, 42.9503895 ], [ -88.0097963, 42.9504764 ], [ -88.0097903, 42.9507189 ], [ -88.0097884, 42.9507762 ], [ -88.009784, 42.9509417 ], [ -88.0097789, 42.9511269 ], [ -88.0097782, 42.9511466 ], [ -88.0097769, 42.9512176 ], [ -88.0092155, 42.9512166 ], [ -88.0090512, 42.9512163 ], [ -88.0086505, 42.9512136 ], [ -88.008636, 42.9518892 ], [ -88.008633, 42.9520122 ], [ -88.008631799999989, 42.9521357 ], [ -88.0093903, 42.9521345 ], [ -88.0088885, 42.9529174 ], [ -88.0091014, 42.952917 ], [ -88.0095461, 42.9529163 ], [ -88.0099982, 42.9529156 ], [ -88.0099925, 42.953349 ], [ -88.0109024, 42.9533476 ], [ -88.0110145, 42.9533475 ], [ -88.0110179, 42.9533277 ], [ -88.011022, 42.9532886 ], [ -88.0110243, 42.9532759 ], [ -88.0110251, 42.9532501 ], [ -88.0110286, 42.9529139 ], [ -88.0111407, 42.952913699999989 ], [ -88.011589, 42.9529131 ], [ -88.0120598, 42.9529123 ], [ -88.0120972, 42.9529123 ], [ -88.0126577, 42.9529114 ], [ -88.012645, 42.9537347 ], [ -88.0126442, 42.9537895 ], [ -88.0126442, 42.953817 ], [ -88.0121594, 42.9538178 ], [ -88.0120463, 42.9538179 ], [ -88.0113383, 42.9538192 ], [ -88.0113365, 42.9539015 ], [ -88.0113312, 42.9543546 ], [ -88.011327, 42.9546838 ], [ -88.011323, 42.9550679 ], [ -88.012085, 42.9550734 ], [ -88.012168100000011, 42.955074 ], [ -88.0122811, 42.9550749 ], [ -88.0122142, 42.954690299999989 ], [ -88.0122179, 42.9546903 ], [ -88.0123272, 42.954691 ], [ -88.0133153, 42.9546975 ], [ -88.0133203, 42.9543134 ], [ -88.0133253, 42.9538981 ], [ -88.0133261, 42.9538158 ], [ -88.0139529, 42.9538148 ], [ -88.0144471, 42.953814 ], [ -88.0145676, 42.9538138 ], [ -88.0151842, 42.9538128 ], [ -88.0153999, 42.9538124 ], [ -88.0158007, 42.9538118 ], [ -88.0163229, 42.953811 ], [ -88.0164163, 42.9538108 ], [ -88.0164686, 42.9538108 ], [ -88.0165162, 42.9538112 ], [ -88.016634599999989, 42.9538179 ], [ -88.0167519, 42.9538321 ], [ -88.016867, 42.9538537 ], [ -88.0169791, 42.9538827 ], [ -88.0170872, 42.9539188 ], [ -88.0171914, 42.9539616 ], [ -88.0172897, 42.9540109 ], [ -88.0173182, 42.9540264 ], [ -88.0174129, 42.9540738 ], [ -88.0175124, 42.954115 ], [ -88.0176169, 42.9541497 ], [ -88.0177243, 42.9541776 ], [ -88.0178357, 42.954198399999989 ], [ -88.0179483, 42.954212 ], [ -88.0180621, 42.9542184 ], [ -88.018092, 42.9542189 ], [ -88.0182601, 42.9542201 ], [ -88.0182605, 42.9541487 ], [ -88.018429, 42.9541362 ], [ -88.0193169, 42.9540633 ], [ -88.0195071, 42.9540476 ], [ -88.0200447, 42.9540035 ], [ -88.020306, 42.9539821 ], [ -88.0206787, 42.9539515 ], [ -88.0207714, 42.9539439 ], [ -88.0212763, 42.9539024 ], [ -88.0216687, 42.9538702 ], [ -88.0221716, 42.9538289 ], [ -88.0226521, 42.9537894 ], [ -88.0236308, 42.9537091 ], [ -88.0238055, 42.9536948 ], [ -88.0262945, 42.9518614 ], [ -88.0274582, 42.9510113 ], [ -88.0276354, 42.9508795 ], [ -88.0279285, 42.9506356 ], [ -88.0280147, 42.9505639 ], [ -88.0282332, 42.9503821 ], [ -88.0287392, 42.9498865 ], [ -88.0290105, 42.949612699999989 ], [ -88.0299302, 42.9486839 ], [ -88.0299303, 42.9486838 ], [ -88.0293669, 42.9484328 ], [ -88.0290158, 42.9482941 ], [ -88.0282851, 42.9479976 ], [ -88.028355499999989, 42.9447481 ], [ -88.0283593, 42.9445347 ], [ -88.0283637, 42.9442815 ], [ -88.0283663, 42.9441405 ], [ -88.0282776, 42.9441407 ], [ -88.0281655, 42.9441408 ], [ -88.0273754, 42.9441428 ], [ -88.0265936, 42.9441447 ], [ -88.0262022, 42.9441457 ], [ -88.0258118, 42.9441467 ], [ -88.025813900000017, 42.9440238 ], [ -88.0258183, 42.9437999 ], [ -88.0258189, 42.943751 ], [ -88.0258207, 42.9436671 ], [ -88.0258242, 42.9434717 ], [ -88.0258312, 42.9431392 ], [ -88.0258321, 42.9430813 ], [ -88.0258374, 42.942802 ], [ -88.0258438, 42.9424294 ], [ -88.0258447, 42.9424003 ], [ -88.025925, 42.9424001 ], [ -88.026406, 42.9423986 ], [ -88.0265947, 42.9423982 ], [ -88.0270627, 42.9423968 ], [ -88.0274045, 42.9423958 ], [ -88.0274288, 42.9423957 ], [ -88.0281891, 42.9423934 ], [ -88.0283974, 42.9423928 ], [ -88.0284466, 42.939644 ], [ -88.0284506, 42.9393742 ], [ -88.0284515, 42.9393454 ], [ -88.0284569, 42.9390607 ], [ -88.0284739, 42.938098 ], [ -88.0284833, 42.9375729 ], [ -88.028484, 42.9375218 ], [ -88.0284856, 42.9373843 ], [ -88.0284876, 42.937179 ], [ -88.028495, 42.9364848 ], [ -88.0284966, 42.9363751 ], [ -88.0284974, 42.9362653 ], [ -88.0284986, 42.9361967 ], [ -88.0285134, 42.9348093 ], [ -88.0285135, 42.934804 ], [ -88.0283081, 42.9348056 ], [ -88.0275584, 42.9347999 ], [ -88.0269683, 42.9347982 ], [ -88.0269742, 42.9343828 ], [ -88.0269745, 42.9343444 ], [ -88.026978, 42.9340911 ], [ -88.0269788, 42.9340354 ], [ -88.0269846, 42.9337973 ], [ -88.0269884, 42.9336228 ], [ -88.0269943, 42.9333515 ], [ -88.0272053, 42.9333526 ], [ -88.0275386, 42.9333533 ], [ -88.0278775, 42.933355299999988 ], [ -88.0283239, 42.9333558 ], [ -88.0285294, 42.9333545 ], [ -88.0285346, 42.9328444 ], [ -88.0285353, 42.9327621 ], [ -88.0285361, 42.9326798 ], [ -88.0285541, 42.9310741 ], [ -88.0285599, 42.9305473 ], [ -88.0285601, 42.930512 ], [ -88.0285623, 42.9302992 ], [ -88.0285501, 42.9302992 ], [ -88.028522099999989, 42.930299 ], [ -88.0285147, 42.930299 ], [ -88.0285148, 42.9302952 ], [ -88.0285168, 42.9302311 ], [ -88.0285357, 42.9296459 ], [ -88.0287381, 42.923381 ], [ -88.0287625, 42.9225056 ], [ -88.0288383, 42.9197423 ], [ -88.0288383, 42.9197402 ], [ -88.0287375, 42.9197402 ], [ -88.0287114, 42.9197401 ], [ -88.0273596, 42.9197401 ], [ -88.0266864, 42.9197399 ], [ -88.0257501, 42.9197399 ], [ -88.0248146, 42.9197398 ], [ -88.023868, 42.91974 ], [ -88.022815799999989, 42.9197401 ], [ -88.0227663, 42.9197401 ], [ -88.0220746, 42.9197402 ], [ -88.0214117, 42.9197403 ], [ -88.021014, 42.9197404 ], [ -88.0189788, 42.9197412 ], [ -88.0189813, 42.9196344 ], [ -88.017538, 42.9196335 ], [ -88.0165102, 42.9196328 ], [ -88.0164202, 42.9233378 ], [ -88.0164196, 42.9233564 ], [ -88.0163992, 42.9240358 ], [ -88.0163962, 42.9241366 ], [ -88.0163725, 42.9247823 ], [ -88.0149785, 42.9247844 ], [ -88.0134024, 42.9247859 ], [ -88.0130541, 42.9247863 ], [ -88.0116806, 42.9247895 ], [ -88.0111317, 42.9247885 ], [ -88.0097236, 42.9247898 ], [ -88.0091914, 42.9247904 ], [ -88.0089674, 42.9247908 ], [ -88.0089675, 42.9247871 ], [ -88.0090017, 42.9234173 ], [ -88.0090035, 42.9233625 ], [ -88.0090262, 42.9223479 ], [ -88.0090353, 42.9219227 ], [ -88.0090354, 42.9219203 ], [ -88.0088123, 42.9219196 ], [ -88.0084688, 42.9219159 ], [ -88.0081506, 42.9219126 ], [ -88.0080768, 42.9219118 ], [ -88.0078342, 42.9219081 ], [ -88.0077148, 42.9219063 ], [ -88.007519699999989, 42.9219034 ], [ -88.0071997, 42.9218986 ], [ -88.0071315, 42.9218975 ], [ -88.0068805, 42.9218948 ], [ -88.006566, 42.9218913 ], [ -88.0065352, 42.9218911 ], [ -88.0065459, 42.9214476 ], [ -88.0065489, 42.9213254 ], [ -88.0056197, 42.9219065 ], [ -88.004942899999989, 42.922306 ], [ -88.0042745, 42.9227057 ], [ -88.004088, 42.9228149 ], [ -88.0040881, 42.9229544 ], [ -88.003967, 42.923002 ], [ -88.0038847, 42.9230347 ], [ -88.0035556, 42.9231638 ], [ -88.003222799999989, 42.9232937 ], [ -88.0029922, 42.9232909 ], [ -88.0015942, 42.9232742 ], [ -88.001192, 42.923512 ], [ -88.000184, 42.924066 ], [ -87.999342, 42.924509 ], [ -87.999312, 42.924527 ], [ -87.999282, 42.924542 ], [ -87.999022, 42.924686 ], [ -87.998343, 42.92517 ], [ -87.997876, 42.925502 ], [ -87.997458, 42.925879 ] ] ] } },
{ "type": "Feature", "properties": { "rep_unit_id": 397, "ward": "V. Greendale Wards 5,6,7,8,11", "county": "MILWAUKEE" }, "geometry": { "type": "Polygon", "coordinates": [ [ [ -87.9791732, 42.9268813 ], [ -87.9790966, 42.9268812 ], [ -87.9790509, 42.926881 ], [ -87.9789481, 42.926882 ], [ -87.9785951, 42.9268855 ], [ -87.978228, 42.9268892 ], [ -87.977852500000012, 42.9268929 ], [ -87.9775107, 42.9268962 ], [ -87.9772211, 42.9268991 ], [ -87.9769026, 42.9269023 ], [ -87.9765869, 42.9269054 ], [ -87.9762694, 42.9269085 ], [ -87.9759546, 42.9269116 ], [ -87.9756333, 42.9269148 ], [ -87.9753148, 42.9269179 ], [ -87.9749954, 42.9269211 ], [ -87.9746816, 42.9269242 ], [ -87.9743173, 42.9269278 ], [ -87.9738241, 42.9269327 ], [ -87.9732376, 42.9269384 ], [ -87.9729872, 42.9269409 ], [ -87.9692567, 42.9269812 ], [ -87.9691891, 42.9284293 ], [ -87.969173, 42.9287744 ], [ -87.9691565, 42.9291298 ], [ -87.969145, 42.9293666 ], [ -87.9691345, 42.9295975 ], [ -87.969104, 42.9302367 ], [ -87.969097, 42.9303928 ], [ -87.9692436, 42.9303927 ], [ -87.9692251, 42.9309792 ], [ -87.969217, 42.9312215 ], [ -87.9691937, 42.9319817 ], [ -87.9691432, 42.9335902 ], [ -87.9691317, 42.9339389 ], [ -87.9691299, 42.93402 ], [ -87.9689245, 42.9340199 ], [ -87.9666572, 42.9340188 ], [ -87.9665547, 42.9376447 ], [ -87.9665715, 42.9376448 ], [ -87.9672588, 42.9376459 ], [ -87.9676995, 42.9376465 ], [ -87.9677163, 42.9376465 ], [ -87.9690162, 42.9376485 ], [ -87.9689508, 42.940103199999989 ], [ -87.9689485, 42.940198699999989 ], [ -87.969154, 42.9401991 ], [ -87.9696582, 42.9402006 ], [ -87.9708713, 42.9402043 ], [ -87.9715427, 42.9402058 ], [ -87.9717304, 42.9402063 ], [ -87.9718425, 42.9402066 ], [ -87.9719545, 42.9402069 ], [ -87.9727987, 42.940209 ], [ -87.9727686, 42.9413449 ], [ -87.9727627, 42.9415505 ], [ -87.9727547, 42.9418797 ], [ -87.9727479, 42.9421129 ], [ -87.972742900000014, 42.9423187 ], [ -87.9727362, 42.9425793 ], [ -87.9727253, 42.9429633 ], [ -87.9727181, 42.9432377 ], [ -87.9727118, 42.9434846 ], [ -87.9727037, 42.9437863 ], [ -87.9726956, 42.9440881 ], [ -87.9726884, 42.9443899 ], [ -87.9726785, 42.9447465 ], [ -87.9726744, 42.9448973 ], [ -87.9736561, 42.9448968 ], [ -87.975106599999989, 42.9448962 ], [ -87.976296499999989, 42.9448957 ], [ -87.9762934, 42.9450466 ], [ -87.9762756, 42.9461497 ], [ -87.9769369, 42.9461493 ], [ -87.9770621, 42.9461493 ], [ -87.9775291, 42.9461491 ], [ -87.9776617, 42.946149 ], [ -87.9783183, 42.9461487 ], [ -87.9785985, 42.9461485 ], [ -87.9787667, 42.9461484 ], [ -87.9787376, 42.9479065 ], [ -87.9787317, 42.9482547 ], [ -87.978720900000013, 42.9488941 ], [ -87.9787208, 42.9488987 ], [ -87.9788319, 42.9488988 ], [ -87.9810381, 42.9488993 ], [ -87.9814304, 42.9488993 ], [ -87.9814352, 42.9488951 ], [ -87.9830593, 42.9475096 ], [ -87.984108, 42.946512 ], [ -87.984461, 42.946205 ], [ -87.984906, 42.945821 ], [ -87.985464, 42.945225 ], [ -87.985547, 42.945101 ], [ -87.98567, 42.944918 ], [ -87.98568, 42.9449 ], [ -87.985953, 42.944435 ], [ -87.988399, 42.940273 ], [ -87.98929, 42.938769 ], [ -87.989828, 42.937794 ], [ -87.989965, 42.937532 ], [ -87.990566, 42.936531 ], [ -87.991517, 42.93485 ], [ -87.993823, 42.930828 ], [ -87.994939, 42.928935 ], [ -87.995315, 42.928297 ], [ -87.995713, 42.927706 ], [ -87.996101, 42.927206 ], [ -87.99656, 42.926675 ], [ -87.996764, 42.926461 ], [ -87.996927, 42.926328 ], [ -87.997042, 42.92622 ], [ -87.997458, 42.925879 ], [ -87.997876, 42.925502 ], [ -87.998343, 42.92517 ], [ -87.999022, 42.924686 ], [ -87.999282, 42.924542 ], [ -87.999312, 42.924527 ], [ -87.999342, 42.924509 ], [ -88.000184, 42.924066 ], [ -88.001192, 42.923512 ], [ -88.0015942, 42.9232742 ], [ -87.9990578, 42.9232439 ], [ -87.9990575, 42.9232439 ], [ -87.9918466, 42.9231696 ], [ -87.9891026, 42.9231413 ], [ -87.9890669, 42.9245715 ], [ -87.989043, 42.925497799999988 ], [ -87.9887394, 42.9255044 ], [ -87.9884124, 42.9255087 ], [ -87.9884022, 42.9255089 ], [ -87.9880668, 42.9255133 ], [ -87.9877371, 42.9255178 ], [ -87.9874017, 42.9255222 ], [ -87.9873924, 42.9255223 ], [ -87.9868684, 42.9255292 ], [ -87.9866451, 42.9255322 ], [ -87.9842548, 42.9255639 ], [ -87.982367, 42.925587 ], [ -87.9820644, 42.9255908 ], [ -87.9813909, 42.925599 ], [ -87.981102299999989, 42.9256025 ], [ -87.9809323, 42.9256046 ], [ -87.9805017, 42.9256097 ], [ -87.9798656, 42.9256173 ], [ -87.979437800000014, 42.9256223 ], [ -87.9794313, 42.9256224 ], [ -87.9792146, 42.925625 ], [ -87.9791854, 42.9265102 ], [ -87.9791732, 42.9268793 ], [ -87.9791732, 42.9268813 ] ] ] } },
{ "type": "Feature", "properties": { "rep_unit_id": 405, "ward": "City of Greenfield Ward 8", "county": "MILWAUKEE" }, "geometry": { "type": "Polygon", "coordinates": [ [ [ -87.9885325, 42.9593909 ], [ -87.9974529, 42.9593214 ], [ -87.9984356, 42.9593137 ], [ -88.000077499999989, 42.9593046 ], [ -88.0033795, 42.9592862 ], [ -88.00532650000001, 42.9592753 ], [ -88.0058969, 42.9592721 ], [ -88.0062419, 42.9592702 ], [ -88.0083201, 42.9592585 ], [ -88.0083295, 42.9584931 ], [ -88.008350100000015, 42.9568164 ], [ -88.0083536, 42.9565279 ], [ -88.0083859, 42.9539064 ], [ -88.0083869, 42.953824 ], [ -88.0084092, 42.9520126 ], [ -88.008633, 42.9520122 ], [ -88.008636, 42.9518892 ], [ -88.0086505, 42.9512136 ], [ -88.0090512, 42.9512163 ], [ -88.0092155, 42.9512166 ], [ -88.0097769, 42.9512176 ], [ -88.0097782, 42.9511466 ], [ -88.0097789, 42.9511269 ], [ -88.009784, 42.9509417 ], [ -88.0097884, 42.9507762 ], [ -88.0097903, 42.9507189 ], [ -88.0097963, 42.9504764 ], [ -88.0097982, 42.9503895 ], [ -88.0097692, 42.9503895 ], [ -88.0086698, 42.95039 ], [ -88.0084512, 42.9503919 ], [ -88.0084403, 42.9508122 ], [ -88.008216, 42.9508103 ], [ -88.0073345, 42.9508161 ], [ -88.0068232, 42.9508194 ], [ -88.0033385, 42.9508466 ], [ -88.003329, 42.9508466 ], [ -88.0010288, 42.9508615 ], [ -87.9985539, 42.9508796 ], [ -87.9985531, 42.9509338 ], [ -87.9985373, 42.9520762 ], [ -87.9985139, 42.952076299999987 ], [ -87.9968462, 42.9520867 ], [ -87.9952112, 42.9520968 ], [ -87.9941275, 42.9521035 ], [ -87.9929793, 42.9521105 ], [ -87.9886377, 42.9521371 ], [ -87.988610799999989, 42.9539766 ], [ -87.9885325, 42.9593909 ] ] ] } },
{ "type": "Feature", "properties": { "rep_unit_id": 406, "ward": "City of Greenfield Ward 9", "county": "MILWAUKEE" }, "geometry": { "type": "Polygon", "coordinates": [ [ [ -88.014764500000013, 42.9737421 ], [ -88.0149034, 42.9737417 ], [ -88.0152958, 42.9737405 ], [ -88.0158109, 42.9737391 ], [ -88.0162824, 42.9737377 ], [ -88.016304, 42.9737376 ], [ -88.016859599999989, 42.973736 ], [ -88.0178517, 42.9737331 ], [ -88.0179141, 42.9711401 ], [ -88.0179685, 42.9688763 ], [ -88.0180259, 42.9664892 ], [ -88.018029, 42.966352 ], [ -88.018052, 42.9653507 ], [ -88.0181028, 42.9631368 ], [ -88.018112699999989, 42.9627059 ], [ -88.0181272, 42.9620757 ], [ -88.0181732, 42.9600741 ], [ -88.0181924, 42.9592374 ], [ -88.018208, 42.9580753 ], [ -88.0182111, 42.957845 ], [ -88.018211600000015, 42.9578447 ], [ -88.0182601, 42.9542201 ], [ -88.018092, 42.9542189 ], [ -88.0180621, 42.9542184 ], [ -88.0179483, 42.954212 ], [ -88.0178357, 42.954198399999989 ], [ -88.0177243, 42.9541776 ], [ -88.0176169, 42.9541497 ], [ -88.0175124, 42.954115 ], [ -88.0174129, 42.9540738 ], [ -88.0173182, 42.9540264 ], [ -88.0172897, 42.9540109 ], [ -88.0171914, 42.9539616 ], [ -88.0170872, 42.9539188 ], [ -88.0169791, 42.9538827 ], [ -88.016867, 42.9538537 ], [ -88.0167519, 42.9538321 ], [ -88.016634599999989, 42.9538179 ], [ -88.0165162, 42.9538112 ], [ -88.0164686, 42.9538108 ], [ -88.0164163, 42.9538108 ], [ -88.0163229, 42.953811 ], [ -88.0158007, 42.9538118 ], [ -88.0153999, 42.9538124 ], [ -88.0151842, 42.9538128 ], [ -88.0145676, 42.9538138 ], [ -88.0144471, 42.953814 ], [ -88.0139529, 42.9538148 ], [ -88.0133261, 42.9538158 ], [ -88.0133253, 42.9538981 ], [ -88.0133203, 42.9543134 ], [ -88.0133153, 42.9546975 ], [ -88.0123272, 42.954691 ], [ -88.0122179, 42.9546903 ], [ -88.0122142, 42.954690299999989 ], [ -88.0122811, 42.9550749 ], [ -88.012168100000011, 42.955074 ], [ -88.012085, 42.9550734 ], [ -88.011323, 42.9550679 ], [ -88.011327, 42.9546838 ], [ -88.0113312, 42.9543546 ], [ -88.0113365, 42.9539015 ], [ -88.0113383, 42.9538192 ], [ -88.0120463, 42.9538179 ], [ -88.0121594, 42.9538178 ], [ -88.0126442, 42.953817 ], [ -88.0126442, 42.9537895 ], [ -88.012645, 42.9537347 ], [ -88.0126577, 42.9529114 ], [ -88.0120972, 42.9529123 ], [ -88.0120598, 42.9529123 ], [ -88.011589, 42.9529131 ], [ -88.0111407, 42.952913699999989 ], [ -88.0110286, 42.9529139 ], [ -88.0110251, 42.9532501 ], [ -88.0110243, 42.9532759 ], [ -88.011022, 42.9532886 ], [ -88.0110179, 42.9533277 ], [ -88.0110145, 42.9533475 ], [ -88.0109024, 42.9533476 ], [ -88.0099925, 42.953349 ], [ -88.0099982, 42.9529156 ], [ -88.0095461, 42.9529163 ], [ -88.0091014, 42.952917 ], [ -88.0088885, 42.9529174 ], [ -88.0093903, 42.9521345 ], [ -88.008631799999989, 42.9521357 ], [ -88.008633, 42.9520122 ], [ -88.0084092, 42.9520126 ], [ -88.0083869, 42.953824 ], [ -88.0083859, 42.9539064 ], [ -88.0083536, 42.9565279 ], [ -88.008350100000015, 42.9568164 ], [ -88.0083295, 42.9584931 ], [ -88.0083201, 42.9592585 ], [ -88.0082771, 42.9611921 ], [ -88.0082677, 42.9616136 ], [ -88.0082644, 42.9617645 ], [ -88.0082549, 42.9621918 ], [ -88.0082531, 42.9622728 ], [ -88.0082489, 42.9624602 ], [ -88.0082239, 42.9635837 ], [ -88.0081881, 42.9651934 ], [ -88.0081591, 42.966501199999989 ], [ -88.0080849, 42.9693926 ], [ -88.0080709, 42.9699409 ], [ -88.008070800000013, 42.9699438 ], [ -88.0082951, 42.9699414 ], [ -88.0099167, 42.969924 ], [ -88.0102084, 42.9699208 ], [ -88.0104326, 42.9699184 ], [ -88.0106569, 42.969916 ], [ -88.0108811, 42.9699136 ], [ -88.0111053, 42.9699112 ], [ -88.0113295, 42.9699087 ], [ -88.0115537, 42.9699063 ], [ -88.011777900000013, 42.9699039 ], [ -88.0120021, 42.9699015 ], [ -88.0122263, 42.9698991 ], [ -88.0124505, 42.9698967 ], [ -88.0126746, 42.9698943 ], [ -88.0129097, 42.9698917 ], [ -88.0130218, 42.9698905 ], [ -88.0131339, 42.9698893 ], [ -88.0134241, 42.9698862 ], [ -88.0136482, 42.9698838 ], [ -88.0138724, 42.9698813 ], [ -88.0140965, 42.969879 ], [ -88.0143206, 42.9698765 ], [ -88.0145447, 42.9698741 ], [ -88.0147689, 42.9698717 ], [ -88.0147711, 42.9702437 ], [ -88.0147716, 42.970326 ], [ -88.0146897, 42.9703262 ], [ -88.0146902, 42.9704085 ], [ -88.0146919, 42.9707378 ], [ -88.0146936, 42.971067 ], [ -88.014696200000017, 42.9711493 ], [ -88.0146996, 42.9712316 ], [ -88.0147013, 42.9715609 ], [ -88.014703, 42.9718902 ], [ -88.0147035, 42.9719725 ], [ -88.014648, 42.9719726 ], [ -88.0146491, 42.9720549 ], [ -88.0146509, 42.9723842 ], [ -88.0147982, 42.9723838 ], [ -88.014793, 42.972589899999988 ], [ -88.0147923, 42.972617299999989 ], [ -88.01479, 42.9727132 ], [ -88.014788, 42.9727955 ], [ -88.014786, 42.9728778 ], [ -88.0147782, 42.9731933 ], [ -88.0147684, 42.9735911 ], [ -88.014764500000013, 42.9737421 ] ] ] } },
{ "type": "Feature", "properties": { "rep_unit_id": 407, "ward": "City of Greenfield Ward 10", "county": "MILWAUKEE" }, "geometry": { "type": "Polygon", "coordinates": [ [ [ -88.0180259, 42.9664892 ], [ -88.0207529, 42.9664812 ], [ -88.0229609, 42.9664747 ], [ -88.0235981, 42.9664728 ], [ -88.0238986, 42.9664719 ], [ -88.024884899999989, 42.966469 ], [ -88.0258712, 42.966466 ], [ -88.0268575, 42.9664631 ], [ -88.0278972, 42.9664599 ], [ -88.0279384, 42.964564 ], [ -88.027975900000015, 42.9628419 ], [ -88.028181, 42.9628408 ], [ -88.0329435, 42.962817 ], [ -88.0329438, 42.9628005 ], [ -88.0329756, 42.9610081 ], [ -88.0329936, 42.9599408 ], [ -88.0330033, 42.9593619 ], [ -88.0330065, 42.9591973 ], [ -88.0280542, 42.9592239 ], [ -88.021963, 42.9592324 ], [ -88.0219689, 42.9590677 ], [ -88.0219312, 42.958552 ], [ -88.0213008, 42.9577609 ], [ -88.0212325, 42.9576752 ], [ -88.0211883, 42.9576197 ], [ -88.0211284, 42.9575472 ], [ -88.0208626, 42.957226 ], [ -88.0204053, 42.9566731 ], [ -88.0202736, 42.9565133 ], [ -88.0199521, 42.9567477 ], [ -88.0197091, 42.9569217 ], [ -88.0194605, 42.9570914 ], [ -88.0192489, 42.9572296 ], [ -88.0190336, 42.9573647 ], [ -88.0188147, 42.9574967 ], [ -88.0185923, 42.9576255 ], [ -88.018211600000015, 42.9578447 ], [ -88.0182111, 42.957845 ], [ -88.018208, 42.9580753 ], [ -88.0181924, 42.9592374 ], [ -88.0181732, 42.9600741 ], [ -88.0181272, 42.9620757 ], [ -88.018112699999989, 42.9627059 ], [ -88.0181028, 42.9631368 ], [ -88.018052, 42.9653507 ], [ -88.018029, 42.966352 ], [ -88.0180259, 42.9664892 ] ] ] } },
{ "type": "Feature", "properties": { "rep_unit_id": 408, "ward": "City of Greenfield Ward 11", "county": "MILWAUKEE" }, "geometry": { "type": "Polygon", "coordinates": [ [ [ -88.0178517, 42.9737331 ], [ -88.0191037, 42.9737288 ], [ -88.019133599999989, 42.9737286 ], [ -88.0208029, 42.9737228 ], [ -88.0218051, 42.9737193 ], [ -88.0228081, 42.9737158 ], [ -88.0236666, 42.9737128 ], [ -88.024011, 42.9737115 ], [ -88.0252609, 42.9737071 ], [ -88.0277426, 42.9736983 ], [ -88.0278006, 42.9709839 ], [ -88.0278496, 42.9686906 ], [ -88.0278972, 42.9664599 ], [ -88.0268575, 42.9664631 ], [ -88.0258712, 42.966466 ], [ -88.024884899999989, 42.966469 ], [ -88.0238986, 42.9664719 ], [ -88.0235981, 42.9664728 ], [ -88.0229609, 42.9664747 ], [ -88.0207529, 42.9664812 ], [ -88.0180259, 42.9664892 ], [ -88.0179685, 42.9688763 ], [ -88.0179141, 42.9711401 ], [ -88.0178517, 42.9737331 ] ] ] } },
{ "type": "Feature", "properties": { "rep_unit_id": 409, "ward": "City of Greenfield Ward 12", "county": "MILWAUKEE" }, "geometry": { "type": "Polygon", "coordinates": [ [ [ -88.0278972, 42.9664599 ], [ -88.0281027, 42.966459 ], [ -88.0285858, 42.9664567 ], [ -88.02858830000001, 42.9664567 ], [ -88.0288491, 42.966455499999988 ], [ -88.0291844, 42.966454 ], [ -88.0292986, 42.9664534 ], [ -88.0295338, 42.9664524 ], [ -88.0311473, 42.9664448 ], [ -88.0313344, 42.966444 ], [ -88.032188, 42.96644 ], [ -88.032593600000013, 42.9664381 ], [ -88.0325996, 42.9664381 ], [ -88.0366561, 42.966419099999989 ], [ -88.037076, 42.9664171 ], [ -88.0378643, 42.9664134 ], [ -88.038121100000012, 42.9664122 ], [ -88.0380883, 42.9663021 ], [ -88.0380517, 42.9661926 ], [ -88.0381749, 42.9661692 ], [ -88.037691, 42.964761599999989 ], [ -88.0376465, 42.9646191 ], [ -88.0376107, 42.9644753 ], [ -88.0375835, 42.9643305 ], [ -88.0375651, 42.964185 ], [ -88.0375555, 42.964039 ], [ -88.0375546, 42.9638928 ], [ -88.0375625, 42.9637467 ], [ -88.0375792, 42.963601 ], [ -88.0376046, 42.9634561 ], [ -88.0376194, 42.9633891 ], [ -88.037636, 42.9633224 ], [ -88.0376761, 42.963186 ], [ -88.037723899999989, 42.9630509 ], [ -88.0377794, 42.9629175 ], [ -88.0378173, 42.9628385 ], [ -88.0378251, 42.9628224 ], [ -88.0378426, 42.9627858 ], [ -88.0379133, 42.9626563 ], [ -88.0379913, 42.9625291 ], [ -88.0380765, 42.9624043 ], [ -88.0381022, 42.9623704 ], [ -88.0381135, 42.9623556 ], [ -88.0381689, 42.9622824 ], [ -88.0382681, 42.9621634 ], [ -88.0383741, 42.9620476 ], [ -88.0384867, 42.9619351 ], [ -88.0405456, 42.9599667 ], [ -88.0404949, 42.9598405 ], [ -88.0404767, 42.9598 ], [ -88.0404483, 42.9597665 ], [ -88.0404048, 42.95971 ], [ -88.0403779, 42.9596827 ], [ -88.0403322, 42.9596319 ], [ -88.040315, 42.9596227 ], [ -88.0403021, 42.9596128 ], [ -88.0402973, 42.9596057 ], [ -88.0402658, 42.9595655 ], [ -88.040252, 42.9595424 ], [ -88.0402499, 42.9595179 ], [ -88.0402553, 42.9595031 ], [ -88.0402614, 42.9594865 ], [ -88.0402637, 42.9594621 ], [ -88.0402607, 42.9594156 ], [ -88.0402546, 42.9593952 ], [ -88.04024290000001, 42.9593635 ], [ -88.0402338, 42.9593219 ], [ -88.0402174, 42.959298 ], [ -88.0401948, 42.95928 ], [ -88.0401606, 42.9592509 ], [ -88.0401394, 42.9592354 ], [ -88.0401196, 42.9592244 ], [ -88.0400413, 42.9591608 ], [ -88.0399622, 42.9590965 ], [ -88.0399507, 42.9590834 ], [ -88.0399333, 42.9590551 ], [ -88.0399295, 42.959035 ], [ -88.0399297, 42.9590276 ], [ -88.0399334, 42.9590052 ], [ -88.0399446, 42.958982 ], [ -88.0399487, 42.95897 ], [ -88.0399475, 42.9589601 ], [ -88.0399333, 42.9589393 ], [ -88.0399259, 42.9589255 ], [ -88.0399248, 42.9589117 ], [ -88.0399265, 42.9588829 ], [ -88.0399243, 42.9588458 ], [ -88.0399144, 42.9588149 ], [ -88.039912, 42.9588111 ], [ -88.0398767, 42.9587803 ], [ -88.039830200000011, 42.9587611 ], [ -88.0398074, 42.9587494 ], [ -88.0397939, 42.9587393 ], [ -88.039759500000017, 42.9587055 ], [ -88.0397367, 42.9586705 ], [ -88.03972490000001, 42.9586311 ], [ -88.0397107, 42.9585957 ], [ -88.0396953, 42.9585644 ], [ -88.0396688, 42.9585157 ], [ -88.039654200000015, 42.9584803 ], [ -88.039642, 42.9584416 ], [ -88.039639799999989, 42.9584067 ], [ -88.03964, 42.9583985 ], [ -88.0396447, 42.9583577 ], [ -88.039653199999989, 42.9583268 ], [ -88.0396536, 42.958289 ], [ -88.0396517, 42.9582796 ], [ -88.0396328, 42.958251 ], [ -88.0396005, 42.9582225 ], [ -88.039562, 42.958199 ], [ -88.0395134, 42.9581751 ], [ -88.0394819, 42.9581565 ], [ -88.03945, 42.9581263 ], [ -88.0394224, 42.9580882 ], [ -88.0394099, 42.9580712 ], [ -88.0394029, 42.9580549 ], [ -88.0393814, 42.9579928 ], [ -88.039378, 42.9579826 ], [ -88.0393596, 42.9579274 ], [ -88.0393564, 42.9579098 ], [ -88.0393469, 42.957855 ], [ -88.0393505, 42.9578024 ], [ -88.0393551, 42.9577643 ], [ -88.0393549, 42.9577335 ], [ -88.0393461, 42.9577166 ], [ -88.03934, 42.9577105 ], [ -88.039319, 42.9577011 ], [ -88.0392899, 42.957697599999989 ], [ -88.039237, 42.9576827 ], [ -88.0392103, 42.9576748 ], [ -88.0391802, 42.9576603 ], [ -88.039154599999989, 42.957641699999989 ], [ -88.0391397, 42.9576178 ], [ -88.0391319, 42.9575927 ], [ -88.0391332, 42.9575752 ], [ -88.0391483, 42.9575455 ], [ -88.039165, 42.9575252 ], [ -88.0391708, 42.9574984 ], [ -88.0391681, 42.9574663 ], [ -88.0391621, 42.9574426 ], [ -88.0391569, 42.9574049 ], [ -88.0391497, 42.9573738 ], [ -88.0391412, 42.9573371 ], [ -88.0391329, 42.9573142 ], [ -88.0391219, 42.957297 ], [ -88.0391075, 42.95728 ], [ -88.0390853, 42.9572609 ], [ -88.0390615, 42.9572452 ], [ -88.0390379, 42.9572357 ], [ -88.038998, 42.9572218 ], [ -88.0389509, 42.9571991 ], [ -88.0389407, 42.957192 ], [ -88.0389183, 42.9571664 ], [ -88.0389144, 42.9571597 ], [ -88.0388973, 42.9571103 ], [ -88.0388986, 42.9570694 ], [ -88.0389056, 42.9570265 ], [ -88.0389079, 42.9570007 ], [ -88.038907, 42.9569958 ], [ -88.038889, 42.956962 ], [ -88.0388787, 42.956944 ], [ -88.0388665, 42.9569292 ], [ -88.038843899999989, 42.9568992 ], [ -88.038829600000014, 42.9568682 ], [ -88.038828, 42.9568489 ], [ -88.0388354, 42.9568285 ], [ -88.0388334, 42.9568084 ], [ -88.038828099999989, 42.9567976 ], [ -88.0388041, 42.9567659 ], [ -88.03878, 42.9567378 ], [ -88.0387505, 42.956712599999989 ], [ -88.0387351, 42.9567035 ], [ -88.0387012, 42.9566903 ], [ -88.0386863, 42.9566868 ], [ -88.0386343, 42.9566776 ], [ -88.0385738, 42.956675499999989 ], [ -88.0385289, 42.9566794 ], [ -88.0385068, 42.9566812 ], [ -88.0384978, 42.9566821 ], [ -88.0383985, 42.9566678 ], [ -88.0383974, 42.956667499999988 ], [ -88.0383352, 42.9566497 ], [ -88.0382585, 42.9566399 ], [ -88.0382138, 42.9566373 ], [ -88.0382089, 42.9566371 ], [ -88.0381357, 42.9566232 ], [ -88.03806, 42.9566068 ], [ -88.038028, 42.9565993 ], [ -88.0380218, 42.9565979 ], [ -88.038009699999989, 42.9565922 ], [ -88.0379914, 42.9565787 ], [ -88.0379741, 42.9565611 ], [ -88.0379486, 42.9565261 ], [ -88.0379314, 42.9565154 ], [ -88.0379047, 42.9565086 ], [ -88.0378407, 42.9565012 ], [ -88.0378144, 42.956495499999988 ], [ -88.0377896, 42.9564855 ], [ -88.0377696, 42.9564711 ], [ -88.0377536, 42.9564555 ], [ -88.0377342, 42.9564425 ], [ -88.0377118, 42.956432 ], [ -88.0376776, 42.9564015 ], [ -88.037678, 42.9564023 ], [ -88.0376661, 42.9563889 ], [ -88.0376506, 42.9563714 ], [ -88.0376436, 42.9563567 ], [ -88.0376462, 42.9563331 ], [ -88.0376497, 42.9563285 ], [ -88.0376676, 42.9563176 ], [ -88.0376783, 42.9563109 ], [ -88.0376906, 42.9563007 ], [ -88.0376994, 42.9562819 ], [ -88.0376985, 42.9562523 ], [ -88.0376858, 42.9562391 ], [ -88.0376748, 42.9562346 ], [ -88.0376692, 42.9562317 ], [ -88.0376086, 42.956201 ], [ -88.0375556, 42.9561644 ], [ -88.0375378, 42.9561477 ], [ -88.0374757, 42.9561024 ], [ -88.0374179, 42.9560652 ], [ -88.037398600000017, 42.9560492 ], [ -88.03739, 42.956037 ], [ -88.0373717, 42.9560249 ], [ -88.0373365, 42.956016 ], [ -88.0372793, 42.9560068 ], [ -88.037253, 42.9559986 ], [ -88.0371887, 42.9559646 ], [ -88.0371221, 42.9559187 ], [ -88.0370862, 42.9558868 ], [ -88.037065, 42.9558584 ], [ -88.0370488, 42.9558173 ], [ -88.0370052, 42.9557663 ], [ -88.0369758, 42.9557403 ], [ -88.0369578, 42.9557312 ], [ -88.0369277, 42.9557263 ], [ -88.0368903, 42.9557253 ], [ -88.0368547, 42.9557294 ], [ -88.036774100000017, 42.9557274 ], [ -88.0367394, 42.9557252 ], [ -88.0366666, 42.9557119 ], [ -88.0365981, 42.9557035 ], [ -88.0364988, 42.95569 ], [ -88.0364575, 42.9556841 ], [ -88.0364105, 42.9556808 ], [ -88.0362968, 42.9556846 ], [ -88.0361897, 42.9556792 ], [ -88.0361016, 42.9556664 ], [ -88.0360387, 42.955657599999988 ], [ -88.0359324, 42.9556506 ], [ -88.0358361, 42.955636299999988 ], [ -88.0357473, 42.955621 ], [ -88.0356522, 42.9555911 ], [ -88.0355975, 42.955574 ], [ -88.0355726, 42.9555703 ], [ -88.0355497, 42.9555619 ], [ -88.0355209, 42.955538399999988 ], [ -88.035492499999989, 42.9555036 ], [ -88.0354846, 42.9554708 ], [ -88.0354861, 42.9554362 ], [ -88.0354978, 42.9554073 ], [ -88.0355015, 42.9553868 ], [ -88.0355092, 42.955368 ], [ -88.0355543, 42.9553254 ], [ -88.0355716, 42.9553098 ], [ -88.035600699999989, 42.9552763 ], [ -88.0356113, 42.9552603 ], [ -88.035646, 42.9552378 ], [ -88.0356558, 42.9552237 ], [ -88.035669, 42.9551852 ], [ -88.0356711, 42.9551551 ], [ -88.0356643, 42.9551451 ], [ -88.0356239, 42.9551337 ], [ -88.035599, 42.955131099999988 ], [ -88.0355775, 42.9551255 ], [ -88.0355452, 42.9550966 ], [ -88.0355117, 42.9550447 ], [ -88.0355025, 42.9550188 ], [ -88.0354943, 42.9549827 ], [ -88.0354904, 42.9549406 ], [ -88.035472900000016, 42.9548456 ], [ -88.035454, 42.954746 ], [ -88.0354468, 42.9546813 ], [ -88.0354345, 42.9546216 ], [ -88.035424, 42.9545651 ], [ -88.0354178, 42.9545354 ], [ -88.0353964, 42.9544941 ], [ -88.0353744, 42.9544567 ], [ -88.0353561, 42.9544328 ], [ -88.035333799999989, 42.9544167 ], [ -88.0352938, 42.9544067 ], [ -88.0352972, 42.9543928 ], [ -88.035335, 42.9543668 ], [ -88.0353479, 42.9543517 ], [ -88.0353645, 42.9543099 ], [ -88.0353728, 42.9542977 ], [ -88.035377, 42.9542824 ], [ -88.0353774, 42.9542685 ], [ -88.0353626, 42.9542548 ], [ -88.0353493, 42.9542268 ], [ -88.0353316, 42.9542172 ], [ -88.0352382, 42.9542065 ], [ -88.0351755, 42.9541917 ], [ -88.0351068, 42.9541677 ], [ -88.0350698, 42.9541555 ], [ -88.0350223, 42.9541339 ], [ -88.0350012, 42.9541272 ], [ -88.0349844, 42.9541266 ], [ -88.0349785, 42.9541356 ], [ -88.0350111, 42.9541919 ], [ -88.0350405, 42.9542204 ], [ -88.0350599, 42.9542309 ], [ -88.0350861, 42.954253 ], [ -88.0350906, 42.9542651 ], [ -88.0350696, 42.954303499999988 ], [ -88.035063, 42.9543209 ], [ -88.03506, 42.9543437 ], [ -88.0350648, 42.9543594 ], [ -88.035093, 42.9543876 ], [ -88.0350983, 42.9543984 ], [ -88.0350874, 42.9544221 ], [ -88.035088, 42.9544377 ], [ -88.0351059, 42.9544622 ], [ -88.0351003, 42.954475 ], [ -88.0350821, 42.9544832 ], [ -88.0350333, 42.9544667 ], [ -88.0349772, 42.9544569 ], [ -88.0349655, 42.9544603 ], [ -88.0349722, 42.9544744 ], [ -88.035009, 42.9545127 ], [ -88.0350785, 42.9545473 ], [ -88.0351262, 42.9545646 ], [ -88.0351565, 42.9545739 ], [ -88.0351755, 42.9545888 ], [ -88.0351928, 42.9545952 ], [ -88.035222, 42.9545946 ], [ -88.0352488, 42.9545991 ], [ -88.035298, 42.9546244 ], [ -88.0353159, 42.954639 ], [ -88.0353383, 42.954674 ], [ -88.035338, 42.9546937 ], [ -88.0353304, 42.9547109 ], [ -88.0352939, 42.9547418 ], [ -88.0352698, 42.9547483 ], [ -88.0352454, 42.9547498 ], [ -88.0352004, 42.9547427 ], [ -88.0351782, 42.9547357 ], [ -88.0351221, 42.9547048 ], [ -88.0350691, 42.9546564 ], [ -88.0350059, 42.9545996 ], [ -88.0349851, 42.954571 ], [ -88.0349822, 42.9545586 ], [ -88.0349698, 42.9545353 ], [ -88.03496, 42.9545277 ], [ -88.034928, 42.9545102 ], [ -88.0348731, 42.9544642 ], [ -88.0348666, 42.9544583 ], [ -88.0348602, 42.9544582 ], [ -88.0348447, 42.9544398 ], [ -88.0348231, 42.9544268 ], [ -88.0347936, 42.9544044 ], [ -88.0347377, 42.9543633 ], [ -88.0347232, 42.9543483 ], [ -88.0347017, 42.9543311 ], [ -88.0346891, 42.9543175 ], [ -88.0346713, 42.9543032 ], [ -88.0346536, 42.9542957 ], [ -88.0346334, 42.9542836 ], [ -88.0345878, 42.9542617 ], [ -88.034508, 42.9542328 ], [ -88.0344894, 42.9542191 ], [ -88.0344738, 42.9542029 ], [ -88.0344311, 42.9541475 ], [ -88.0343882, 42.9540897 ], [ -88.0343749, 42.9540381 ], [ -88.0343653, 42.9540218 ], [ -88.0343071, 42.9539618 ], [ -88.0342662, 42.9539328 ], [ -88.0342389, 42.9539222 ], [ -88.0342114, 42.9539151 ], [ -88.0341596, 42.9539126 ], [ -88.0341381, 42.9539177 ], [ -88.0340966, 42.953955099999988 ], [ -88.0340908, 42.9539723 ], [ -88.034092199999989, 42.9539869 ], [ -88.0340977, 42.9540021 ], [ -88.0341171, 42.95406 ], [ -88.0341221, 42.9541125 ], [ -88.0341164, 42.9541514 ], [ -88.0341039, 42.9541693 ], [ -88.0340687, 42.9542186 ], [ -88.034042700000015, 42.9542374 ], [ -88.0339973, 42.954255 ], [ -88.0339421, 42.9542609 ], [ -88.0338606, 42.954276 ], [ -88.0338183, 42.954288399999989 ], [ -88.0338006, 42.9543158 ], [ -88.0337829, 42.9543216 ], [ -88.0337733, 42.9543192 ], [ -88.0337367, 42.9542944 ], [ -88.0336989, 42.9542732 ], [ -88.033638, 42.9542482 ], [ -88.0335976, 42.9542283 ], [ -88.0335599, 42.9542145 ], [ -88.0335346, 42.9542108 ], [ -88.0335169, 42.9542041 ], [ -88.033483300000015, 42.9541805 ], [ -88.0334376, 42.9541358 ], [ -88.0334321, 42.9541118 ], [ -88.0334241, 42.9540453 ], [ -88.0334316, 42.9539979 ], [ -88.0334516, 42.9539206 ], [ -88.0334744, 42.9538518 ], [ -88.0334966, 42.9537891 ], [ -88.0335282, 42.9537224 ], [ -88.0335801, 42.9536797 ], [ -88.033622, 42.9536173 ], [ -88.0336398, 42.9535989 ], [ -88.0336631, 42.9535823 ], [ -88.0336732, 42.953572 ], [ -88.033676899999989, 42.9535625 ], [ -88.0336804, 42.9535348 ], [ -88.0336722, 42.9534869 ], [ -88.0336732, 42.9534192 ], [ -88.033672600000017, 42.9533917 ], [ -88.033666, 42.9533773 ], [ -88.0336527, 42.9533368 ], [ -88.0336442, 42.953275399999988 ], [ -88.0336331, 42.9532604 ], [ -88.033576, 42.9532125 ], [ -88.0334986, 42.9531573 ], [ -88.0334435, 42.9531276 ], [ -88.0333897, 42.9530932 ], [ -88.0333089, 42.9530473 ], [ -88.0332838, 42.9530378 ], [ -88.0331878, 42.9530024 ], [ -88.0331408, 42.9529884 ], [ -88.0330686, 42.9529682 ], [ -88.0330073, 42.9529567 ], [ -88.0329024, 42.9529417 ], [ -88.0328304, 42.952938 ], [ -88.032744, 42.9529423 ], [ -88.0326505, 42.952945899999989 ], [ -88.0325596, 42.9529481 ], [ -88.032459, 42.952951899999988 ], [ -88.0323701, 42.9529517 ], [ -88.0322902, 42.9529492 ], [ -88.0322214, 42.9529376 ], [ -88.0321953, 42.9529358 ], [ -88.0321366, 42.9529254 ], [ -88.0320884, 42.9529136 ], [ -88.0319991, 42.9528907 ], [ -88.0319191, 42.9528698 ], [ -88.0318634, 42.9528603 ], [ -88.0317877, 42.9528434 ], [ -88.031703, 42.952815 ], [ -88.0316178, 42.9527825 ], [ -88.0315531, 42.9527476 ], [ -88.0315196, 42.9527336 ], [ -88.0314947, 42.9527164 ], [ -88.0314268, 42.9526672 ], [ -88.0313563, 42.9526163 ], [ -88.0313368, 42.952608 ], [ -88.0313163, 42.9525951 ], [ -88.0312536, 42.952558 ], [ -88.0311905, 42.9525114 ], [ -88.0311313, 42.95247 ], [ -88.0310703, 42.9524264 ], [ -88.0310041, 42.952394 ], [ -88.0309792, 42.9523757 ], [ -88.0309083, 42.952327 ], [ -88.0308843, 42.9523181 ], [ -88.0308392, 42.9522931 ], [ -88.0308195, 42.952276 ], [ -88.0307867, 42.9522387 ], [ -88.0307698, 42.9522068 ], [ -88.0307469, 42.9521773 ], [ -88.0307152, 42.9521513 ], [ -88.0306578, 42.9520995 ], [ -88.0306048, 42.952064 ], [ -88.0305432, 42.9520171 ], [ -88.030485399999989, 42.951973 ], [ -88.0304695, 42.9519609 ], [ -88.0304281, 42.9519114 ], [ -88.0304091, 42.9518973 ], [ -88.030333399999989, 42.9518471 ], [ -88.0303208, 42.9518365 ], [ -88.0303112, 42.9518284 ], [ -88.0302409, 42.9517731 ], [ -88.0301896, 42.9517409 ], [ -88.0301411, 42.9517044 ], [ -88.0300832, 42.951668 ], [ -88.030047599999989, 42.9516495 ], [ -88.0300313, 42.9516448 ], [ -88.0300042, 42.9516304 ], [ -88.0299716, 42.95161 ], [ -88.0299317, 42.9515867 ], [ -88.0298608, 42.9515581 ], [ -88.0297991, 42.9515253 ], [ -88.0297635, 42.9514963 ], [ -88.0297366, 42.9514812 ], [ -88.0296713, 42.9514715 ], [ -88.0296413, 42.9514619 ], [ -88.0295808, 42.9514327 ], [ -88.0295317, 42.9514115 ], [ -88.0294766, 42.9513946 ], [ -88.0294063, 42.9513748 ], [ -88.0293701, 42.9513632 ], [ -88.029319199999989, 42.9513459 ], [ -88.0292358, 42.9513176 ], [ -88.02915, 42.9512899 ], [ -88.0290727, 42.9512666 ], [ -88.028994, 42.9512475 ], [ -88.0289223, 42.951231 ], [ -88.0288442, 42.9512053 ], [ -88.0288038, 42.9511829 ], [ -88.0287395, 42.9511455 ], [ -88.0286998, 42.9511122 ], [ -88.028675299999989, 42.951088 ], [ -88.0286405, 42.9510484 ], [ -88.0286186, 42.9510187 ], [ -88.0285993, 42.9509985 ], [ -88.0285781, 42.9509732 ], [ -88.0285422, 42.9509414 ], [ -88.0284939, 42.9508943 ], [ -88.0284677, 42.9508712 ], [ -88.0284269, 42.9508345 ], [ -88.0284065, 42.9508241 ], [ -88.028347599999989, 42.9508231 ], [ -88.0283109, 42.9508145 ], [ -88.0282954, 42.9508066 ], [ -88.0281221, 42.9507259 ], [ -88.0279473, 42.9506445 ], [ -88.0279285, 42.9506356 ], [ -88.0276354, 42.9508795 ], [ -88.0274582, 42.9510113 ], [ -88.0262945, 42.9518614 ], [ -88.0238055, 42.9536948 ], [ -88.0236308, 42.9537091 ], [ -88.0226521, 42.9537894 ], [ -88.0221716, 42.9538289 ], [ -88.0216687, 42.9538702 ], [ -88.0212763, 42.9539024 ], [ -88.0207714, 42.9539439 ], [ -88.0206787, 42.9539515 ], [ -88.020306, 42.9539821 ], [ -88.0200447, 42.9540035 ], [ -88.0195071, 42.9540476 ], [ -88.0193169, 42.9540633 ], [ -88.018429, 42.9541362 ], [ -88.0182605, 42.9541487 ], [ -88.0182601, 42.9542201 ], [ -88.018211600000015, 42.9578447 ], [ -88.0185923, 42.9576255 ], [ -88.0188147, 42.9574967 ], [ -88.0190336, 42.9573647 ], [ -88.0192489, 42.9572296 ], [ -88.0194605, 42.9570914 ], [ -88.0197091, 42.9569217 ], [ -88.0199521, 42.9567477 ], [ -88.0202736, 42.9565133 ], [ -88.0204053, 42.9566731 ], [ -88.0208626, 42.957226 ], [ -88.0211284, 42.9575472 ], [ -88.0211883, 42.9576197 ], [ -88.0212325, 42.9576752 ], [ -88.0213008, 42.9577609 ], [ -88.0219312, 42.958552 ], [ -88.0219689, 42.9590677 ], [ -88.021963, 42.9592324 ], [ -88.0280542, 42.9592239 ], [ -88.0330065, 42.9591973 ], [ -88.0330033, 42.9593619 ], [ -88.0329936, 42.9599408 ], [ -88.0329756, 42.9610081 ], [ -88.0329438, 42.9628005 ], [ -88.0329435, 42.962817 ], [ -88.028181, 42.9628408 ], [ -88.027975900000015, 42.9628419 ], [ -88.0279384, 42.964564 ], [ -88.0278972, 42.9664599 ] ] ] } },
{ "type": "Feature", "properties": { "rep_unit_id": 410, "ward": "City of Greenfield Ward 13", "county": "MILWAUKEE" }, "geometry": { "type": "Polygon", "coordinates": [ [ [ -88.0277426, 42.9736983 ], [ -88.0290307, 42.9736898 ], [ -88.0302277, 42.9736819 ], [ -88.0302386, 42.9736818 ], [ -88.0303516, 42.973681 ], [ -88.030850199999989, 42.9736778 ], [ -88.0312167, 42.9736753 ], [ -88.031442, 42.9736738 ], [ -88.0327091, 42.9736654 ], [ -88.0339419, 42.9736572 ], [ -88.0342168, 42.9736554 ], [ -88.0366496, 42.9736392 ], [ -88.0372474, 42.9736352 ], [ -88.0376771, 42.9736324 ], [ -88.0377694, 42.973632 ], [ -88.0388369, 42.9736278 ], [ -88.0390781, 42.9736269 ], [ -88.0415891, 42.973617 ], [ -88.0421974, 42.9736146 ], [ -88.0460131, 42.9735994 ], [ -88.0475962, 42.973593099999988 ], [ -88.0476297, 42.9722184 ], [ -88.0477722, 42.9663677 ], [ -88.0479359, 42.9591238 ], [ -88.0417889, 42.959152599999989 ], [ -88.0400413, 42.9591608 ], [ -88.0401196, 42.9592244 ], [ -88.0401394, 42.9592354 ], [ -88.0401606, 42.9592509 ], [ -88.0401948, 42.95928 ], [ -88.0402174, 42.959298 ], [ -88.0402338, 42.9593219 ], [ -88.04024290000001, 42.9593635 ], [ -88.0402546, 42.9593952 ], [ -88.0402607, 42.9594156 ], [ -88.0402637, 42.9594621 ], [ -88.0402614, 42.9594865 ], [ -88.0402553, 42.9595031 ], [ -88.0402499, 42.9595179 ], [ -88.040252, 42.9595424 ], [ -88.0402658, 42.9595655 ], [ -88.0402973, 42.9596057 ], [ -88.0403021, 42.9596128 ], [ -88.040315, 42.9596227 ], [ -88.0403322, 42.9596319 ], [ -88.0403779, 42.9596827 ], [ -88.0404048, 42.95971 ], [ -88.0404483, 42.9597665 ], [ -88.0404767, 42.9598 ], [ -88.0404949, 42.9598405 ], [ -88.0405456, 42.9599667 ], [ -88.0384867, 42.9619351 ], [ -88.0383741, 42.9620476 ], [ -88.0382681, 42.9621634 ], [ -88.0381689, 42.9622824 ], [ -88.0381135, 42.9623556 ], [ -88.0381022, 42.9623704 ], [ -88.0380765, 42.9624043 ], [ -88.0379913, 42.9625291 ], [ -88.0379133, 42.9626563 ], [ -88.0378426, 42.9627858 ], [ -88.0378251, 42.9628224 ], [ -88.0378173, 42.9628385 ], [ -88.0377794, 42.9629175 ], [ -88.037723899999989, 42.9630509 ], [ -88.0376761, 42.963186 ], [ -88.037636, 42.9633224 ], [ -88.0376194, 42.9633891 ], [ -88.0376046, 42.9634561 ], [ -88.0375792, 42.963601 ], [ -88.0375625, 42.9637467 ], [ -88.0375546, 42.9638928 ], [ -88.0375555, 42.964039 ], [ -88.0375651, 42.964185 ], [ -88.0375835, 42.9643305 ], [ -88.0376107, 42.9644753 ], [ -88.0376465, 42.9646191 ], [ -88.037691, 42.964761599999989 ], [ -88.0381749, 42.9661692 ], [ -88.0380517, 42.9661926 ], [ -88.0380883, 42.9663021 ], [ -88.038121100000012, 42.9664122 ], [ -88.0378643, 42.9664134 ], [ -88.037076, 42.9664171 ], [ -88.0366561, 42.966419099999989 ], [ -88.0325996, 42.9664381 ], [ -88.032593600000013, 42.9664381 ], [ -88.032188, 42.96644 ], [ -88.0313344, 42.966444 ], [ -88.0311473, 42.9664448 ], [ -88.0295338, 42.9664524 ], [ -88.0292986, 42.9664534 ], [ -88.0291844, 42.966454 ], [ -88.0288491, 42.966455499999988 ], [ -88.02858830000001, 42.9664567 ], [ -88.0285858, 42.9664567 ], [ -88.0281027, 42.966459 ], [ -88.0278972, 42.9664599 ], [ -88.0278496, 42.9686906 ], [ -88.0278006, 42.9709839 ], [ -88.0277426, 42.9736983 ] ] ] } },
{ "type": "Feature", "properties": { "rep_unit_id": 411, "ward": "City of Greenfield Ward 14", "county": "MILWAUKEE" }, "geometry": { "type": "Polygon", "coordinates": [ [ [ -88.0372951, 42.9879431 ], [ -88.0372905, 42.9881089 ], [ -88.037956799999989, 42.9881062 ], [ -88.0383887, 42.9881044 ], [ -88.0384177, 42.9881043 ], [ -88.0389112, 42.9881023 ], [ -88.0391066, 42.9881014 ], [ -88.040367500000016, 42.9880963 ], [ -88.0403928, 42.9880961 ], [ -88.0421912, 42.9880887 ], [ -88.0421974, 42.9879241 ], [ -88.042214, 42.9874324 ], [ -88.0422193, 42.9872679 ], [ -88.0422255, 42.9871033 ], [ -88.0422308, 42.9869387 ], [ -88.0422336, 42.9868504 ], [ -88.042237, 42.9867742 ], [ -88.0422422, 42.9866096 ], [ -88.0422475, 42.986445 ], [ -88.042253699999989, 42.9862804 ], [ -88.0422589, 42.9861158 ], [ -88.0422643, 42.9859787 ], [ -88.0422704, 42.9857867 ], [ -88.0422819, 42.9854576 ], [ -88.0422871, 42.985293 ], [ -88.0422933, 42.9851284 ], [ -88.0422986, 42.9849638 ], [ -88.0423048, 42.9847993 ], [ -88.04231, 42.9846347 ], [ -88.0423152, 42.9844743 ], [ -88.0429919, 42.9844708 ], [ -88.0431041, 42.9844701 ], [ -88.0436686, 42.9844673 ], [ -88.0442332, 42.9844643 ], [ -88.0443445, 42.9844627 ], [ -88.0444567, 42.984461 ], [ -88.045024, 42.984459199999989 ], [ -88.0456129, 42.9844559 ], [ -88.0457269, 42.9844552 ], [ -88.0463438, 42.9844525 ], [ -88.0470159, 42.9844494 ], [ -88.0472402, 42.9844484 ], [ -88.0472404, 42.984442699999988 ], [ -88.0473639, 42.9813903 ], [ -88.0473864, 42.9808308 ], [ -88.0499319, 42.9808336 ], [ -88.0507589, 42.9808345 ], [ -88.0510747, 42.9808348 ], [ -88.0511869, 42.9808349 ], [ -88.0533109, 42.9808372 ], [ -88.0534146, 42.9808372 ], [ -88.053626799999989, 42.9808374 ], [ -88.0558162, 42.9808397 ], [ -88.0572263, 42.9808411 ], [ -88.0598908, 42.9808646 ], [ -88.0643583, 42.9809039 ], [ -88.0677767, 42.9809339 ], [ -88.068617500000016, 42.9809412 ], [ -88.0687325, 42.9777994 ], [ -88.0688833, 42.973669 ], [ -88.0668659, 42.9736596 ], [ -88.0664027, 42.9736574 ], [ -88.0658719, 42.9736549 ], [ -88.0649893, 42.9736507 ], [ -88.0643945, 42.9736479 ], [ -88.0638004, 42.9736451 ], [ -88.0588444, 42.9736215 ], [ -88.0588425, 42.9736215 ], [ -88.0584586, 42.9736196 ], [ -88.0574431, 42.9736148 ], [ -88.0554453, 42.9736105 ], [ -88.0537756, 42.9722525 ], [ -88.0536671, 42.9721643 ], [ -88.0535704, 42.9722147 ], [ -88.0509148, 42.9736005 ], [ -88.0506951, 42.9737151 ], [ -88.0475455, 42.9753572 ], [ -88.0475962, 42.973593099999988 ], [ -88.0460131, 42.9735994 ], [ -88.0421974, 42.9736146 ], [ -88.0415891, 42.973617 ], [ -88.0390781, 42.9736269 ], [ -88.0388369, 42.9736278 ], [ -88.0377694, 42.973632 ], [ -88.0376771, 42.9736324 ], [ -88.0376732, 42.9737833 ], [ -88.0375831, 42.9772605 ], [ -88.0375396, 42.978941 ], [ -88.037504, 42.9803171 ], [ -88.0374934, 42.9807248 ], [ -88.0374892, 42.9808887 ], [ -88.0374881, 42.9809256 ], [ -88.0374828, 42.9811194 ], [ -88.0374827, 42.9811232 ], [ -88.0374658, 42.9817383 ], [ -88.0373837, 42.9847226 ], [ -88.0372951, 42.9879431 ] ], [ [ -88.0573608, 42.9794305 ], [ -88.0572683, 42.9794289 ], [ -88.057334200000014, 42.9772337 ], [ -88.0574267, 42.9772362 ], [ -88.0575023, 42.9772369 ], [ -88.060417, 42.9772626 ], [ -88.0603512, 42.9794569 ], [ -88.0585762, 42.9794413 ], [ -88.0573608, 42.9794305 ] ] ] } },
{ "type": "Feature", "properties": { "rep_unit_id": 412, "ward": "City of Greenfield Ward 15", "county": "MILWAUKEE" }, "geometry": { "type": "Polygon", "coordinates": [ [ [ -88.0475455, 42.9753572 ], [ -88.0506951, 42.9737151 ], [ -88.0509148, 42.9736005 ], [ -88.0535704, 42.9722147 ], [ -88.0536671, 42.9721643 ], [ -88.0537756, 42.9722525 ], [ -88.0554453, 42.9736105 ], [ -88.0574431, 42.9736148 ], [ -88.0584586, 42.9736196 ], [ -88.0588425, 42.9736215 ], [ -88.0588444, 42.9736215 ], [ -88.0638004, 42.9736451 ], [ -88.0643945, 42.9736479 ], [ -88.0649893, 42.9736507 ], [ -88.0658719, 42.9736549 ], [ -88.0664027, 42.9736574 ], [ -88.0668659, 42.9736596 ], [ -88.0688833, 42.973669 ], [ -88.0689247, 42.9722677 ], [ -88.0690958, 42.9663933 ], [ -88.0691075, 42.9658163 ], [ -88.0691254, 42.9649511 ], [ -88.069149, 42.9638172 ], [ -88.0691794, 42.962319199999989 ], [ -88.06918, 42.9622997 ], [ -88.0691891, 42.9618641 ], [ -88.0692057, 42.9610412 ], [ -88.0692196, 42.9603608 ], [ -88.0692279, 42.9599493 ], [ -88.069245099999989, 42.9591072 ], [ -88.0692526, 42.9578918 ], [ -88.0692537, 42.95765 ], [ -88.0692549, 42.9575832 ], [ -88.0578284, 42.957563 ], [ -88.0578284, 42.9575635 ], [ -88.0577754, 42.9603051 ], [ -88.0577313, 42.9626796 ], [ -88.0576628, 42.9663584 ], [ -88.0571959, 42.9663589 ], [ -88.0568222, 42.9663593 ], [ -88.0564487, 42.9663597 ], [ -88.0560602, 42.96636 ], [ -88.0547661, 42.9663612 ], [ -88.0542878, 42.9663617 ], [ -88.0537588, 42.9663622 ], [ -88.0531094, 42.9663628 ], [ -88.0527315, 42.9663632 ], [ -88.0527034, 42.9663632 ], [ -88.0477722, 42.9663677 ], [ -88.0476297, 42.9722184 ], [ -88.0475962, 42.973593099999988 ], [ -88.0475455, 42.9753572 ] ] ] } },
{ "type": "Feature", "properties": { "rep_unit_id": 413, "ward": "City of Greenfield Ward 16", "county": "MILWAUKEE" }, "geometry": { "type": "Polygon", "coordinates": [ [ [ -88.0477722, 42.9663677 ], [ -88.0527034, 42.9663632 ], [ -88.0527315, 42.9663632 ], [ -88.0531094, 42.9663628 ], [ -88.0537588, 42.9663622 ], [ -88.0542878, 42.9663617 ], [ -88.0547661, 42.9663612 ], [ -88.0560602, 42.96636 ], [ -88.0564487, 42.9663597 ], [ -88.0568222, 42.9663593 ], [ -88.0571959, 42.9663589 ], [ -88.0576628, 42.9663584 ], [ -88.0577313, 42.9626796 ], [ -88.0577754, 42.9603051 ], [ -88.0578284, 42.9575635 ], [ -88.0578284, 42.957563 ], [ -88.0692549, 42.9575832 ], [ -88.0692565, 42.9572059 ], [ -88.0692594, 42.9567889 ], [ -88.0692749, 42.9542784 ], [ -88.0692863, 42.9523763 ], [ -88.0691938, 42.9523762 ], [ -88.0686997, 42.9523756 ], [ -88.0681767, 42.9523751 ], [ -88.067691, 42.9523745 ], [ -88.0672053, 42.9523739 ], [ -88.0668326, 42.9523735 ], [ -88.0663432, 42.9523729 ], [ -88.0658538, 42.9523723 ], [ -88.0653643, 42.9523718 ], [ -88.0648683, 42.9523712 ], [ -88.0643752, 42.9523706 ], [ -88.0638792, 42.95237 ], [ -88.0633534, 42.9523694 ], [ -88.0628695, 42.9523688 ], [ -88.0613284, 42.952367 ], [ -88.0612163, 42.9523668 ], [ -88.0611042, 42.9523667 ], [ -88.060558700000016, 42.952366 ], [ -88.0599021, 42.9523653 ], [ -88.0595444, 42.9523648 ], [ -88.0591866, 42.9523643 ], [ -88.0588289, 42.9523639 ], [ -88.0584712, 42.9523635 ], [ -88.0580976, 42.9523631 ], [ -88.0579294, 42.9523628 ], [ -88.0577613, 42.9523641 ], [ -88.0571633, 42.9523686 ], [ -88.0565476, 42.9523733 ], [ -88.0560992, 42.9523766 ], [ -88.0559469, 42.9523778 ], [ -88.055574100000015, 42.9523806 ], [ -88.0552004, 42.9523835 ], [ -88.054779, 42.9523866 ], [ -88.0542035, 42.9523909 ], [ -88.0540914, 42.9523917 ], [ -88.0539793, 42.9523926 ], [ -88.0534234, 42.9523968 ], [ -88.0529188, 42.9524007 ], [ -88.0524143, 42.9524044 ], [ -88.0519107, 42.9524082 ], [ -88.0514062, 42.952412 ], [ -88.050901700000011, 42.9524158 ], [ -88.0503794, 42.9524197 ], [ -88.0502673, 42.9524205 ], [ -88.0501552, 42.9524214 ], [ -88.0497815, 42.9524242 ], [ -88.0494078, 42.952427 ], [ -88.0493881, 42.952427 ], [ -88.04838, 42.9524344 ], [ -88.0480811, 42.9524367 ], [ -88.0477821, 42.9524383 ], [ -88.0468563, 42.9524435 ], [ -88.0467367, 42.9524442 ], [ -88.0460641, 42.9524479 ], [ -88.0460645, 42.9524342 ], [ -88.0458543, 42.9524354 ], [ -88.0457394, 42.952436 ], [ -88.0456674, 42.9524365 ], [ -88.0456301, 42.9524367 ], [ -88.0454982, 42.9524721 ], [ -88.0454322, 42.9524897 ], [ -88.0454285, 42.9524909 ], [ -88.0453663, 42.9525075 ], [ -88.0452344, 42.9525428 ], [ -88.0448831, 42.9522221 ], [ -88.0448014, 42.9521473 ], [ -88.0447198, 42.9520725 ], [ -88.0446874, 42.952091499999987 ], [ -88.0446293, 42.9521256 ], [ -88.0446246, 42.9521287 ], [ -88.0441952, 42.9523822 ], [ -88.043844, 42.9520614 ], [ -88.0436697, 42.9521646 ], [ -88.0434946, 42.9522678 ], [ -88.0433203, 42.9523709 ], [ -88.0431623, 42.952464 ], [ -88.0431109, 42.9524643 ], [ -88.0427821, 42.9524661 ], [ -88.0423944, 42.9524683 ], [ -88.0420207, 42.952470299999987 ], [ -88.0415162, 42.9524731 ], [ -88.0414732, 42.9524733 ], [ -88.0409248, 42.9524764 ], [ -88.0408454, 42.9524768 ], [ -88.0403774, 42.9524795 ], [ -88.0402652, 42.95248 ], [ -88.0401531, 42.9524807 ], [ -88.0396673, 42.9524833 ], [ -88.0392936, 42.9524854 ], [ -88.0389041, 42.9524876 ], [ -88.0385145, 42.9524897 ], [ -88.0381408, 42.9524918 ], [ -88.0381289, 42.9529203 ], [ -88.0381147, 42.9534519 ], [ -88.037937, 42.953373 ], [ -88.0376257, 42.9532351 ], [ -88.0371771, 42.9530364 ], [ -88.0368631, 42.9528974 ], [ -88.0367627, 42.9528528 ], [ -88.0365425, 42.9527554 ], [ -88.0363593, 42.9526743 ], [ -88.0362239, 42.9526142 ], [ -88.0359642, 42.952499 ], [ -88.0359006, 42.9524711 ], [ -88.035583800000012, 42.9523308 ], [ -88.0355718, 42.9523252 ], [ -88.035259599999989, 42.9521871 ], [ -88.0351786, 42.9521512 ], [ -88.0348175, 42.9519911 ], [ -88.0347825, 42.9519756 ], [ -88.0347392, 42.9519566 ], [ -88.0347337, 42.9519541 ], [ -88.034497, 42.9518505 ], [ -88.0344896, 42.9518473 ], [ -88.0343745, 42.951796 ], [ -88.0341645, 42.9517032 ], [ -88.0340024, 42.9516316 ], [ -88.0338394, 42.9515592 ], [ -88.0337464, 42.951518 ], [ -88.0335143, 42.9514152 ], [ -88.0331883, 42.9512711 ], [ -88.0331929, 42.9510099 ], [ -88.0331952, 42.9508802 ], [ -88.0331961, 42.9508236 ], [ -88.0332059, 42.9501972 ], [ -88.0332089, 42.9500178 ], [ -88.0332098, 42.949989 ], [ -88.0321966, 42.9494008 ], [ -88.0317523, 42.949071499999988 ], [ -88.031153, 42.9486261 ], [ -88.0310663, 42.9485619 ], [ -88.0310587, 42.9485669 ], [ -88.0305325, 42.948952899999988 ], [ -88.0301199, 42.9487719 ], [ -88.0300711, 42.9487492 ], [ -88.029994800000011, 42.9487135 ], [ -88.0299313, 42.9486842 ], [ -88.0299303, 42.9486838 ], [ -88.0299302, 42.9486839 ], [ -88.0290105, 42.949612699999989 ], [ -88.0287392, 42.9498865 ], [ -88.0282332, 42.9503821 ], [ -88.0280147, 42.9505639 ], [ -88.0279285, 42.9506356 ], [ -88.0279473, 42.9506445 ], [ -88.0281221, 42.9507259 ], [ -88.0282954, 42.9508066 ], [ -88.0283109, 42.9508145 ], [ -88.028347599999989, 42.9508231 ], [ -88.0284065, 42.9508241 ], [ -88.0284269, 42.9508345 ], [ -88.0284677, 42.9508712 ], [ -88.0284939, 42.9508943 ], [ -88.0285422, 42.9509414 ], [ -88.0285781, 42.9509732 ], [ -88.0285993, 42.9509985 ], [ -88.0286186, 42.9510187 ], [ -88.0286405, 42.9510484 ], [ -88.028675299999989, 42.951088 ], [ -88.0286998, 42.9511122 ], [ -88.0287395, 42.9511455 ], [ -88.0288038, 42.9511829 ], [ -88.0288442, 42.9512053 ], [ -88.0289223, 42.951231 ], [ -88.028994, 42.9512475 ], [ -88.0290727, 42.9512666 ], [ -88.02915, 42.9512899 ], [ -88.0292358, 42.9513176 ], [ -88.029319199999989, 42.9513459 ], [ -88.0293701, 42.9513632 ], [ -88.0294063, 42.9513748 ], [ -88.0294766, 42.9513946 ], [ -88.0295317, 42.9514115 ], [ -88.0295808, 42.9514327 ], [ -88.0296413, 42.9514619 ], [ -88.0296713, 42.9514715 ], [ -88.0297366, 42.9514812 ], [ -88.0297635, 42.9514963 ], [ -88.0297991, 42.9515253 ], [ -88.0298608, 42.9515581 ], [ -88.0299317, 42.9515867 ], [ -88.0299716, 42.95161 ], [ -88.0300042, 42.9516304 ], [ -88.0300313, 42.9516448 ], [ -88.030047599999989, 42.9516495 ], [ -88.0300832, 42.951668 ], [ -88.0301411, 42.9517044 ], [ -88.0301896, 42.9517409 ], [ -88.0302409, 42.9517731 ], [ -88.0303112, 42.9518284 ], [ -88.0303208, 42.9518365 ], [ -88.030333399999989, 42.9518471 ], [ -88.0304091, 42.9518973 ], [ -88.0304281, 42.9519114 ], [ -88.0304695, 42.9519609 ], [ -88.030485399999989, 42.951973 ], [ -88.0305432, 42.9520171 ], [ -88.0306048, 42.952064 ], [ -88.0306578, 42.9520995 ], [ -88.0307152, 42.9521513 ], [ -88.0307469, 42.9521773 ], [ -88.0307698, 42.9522068 ], [ -88.0307867, 42.9522387 ], [ -88.0308195, 42.952276 ], [ -88.0308392, 42.9522931 ], [ -88.0308843, 42.9523181 ], [ -88.0309083, 42.952327 ], [ -88.0309792, 42.9523757 ], [ -88.0310041, 42.952394 ], [ -88.0310703, 42.9524264 ], [ -88.0311313, 42.95247 ], [ -88.0311905, 42.9525114 ], [ -88.0312536, 42.952558 ], [ -88.0313163, 42.9525951 ], [ -88.0313368, 42.952608 ], [ -88.0313563, 42.9526163 ], [ -88.0314268, 42.9526672 ], [ -88.0314947, 42.9527164 ], [ -88.0315196, 42.9527336 ], [ -88.0315531, 42.9527476 ], [ -88.0316178, 42.9527825 ], [ -88.031703, 42.952815 ], [ -88.0317877, 42.9528434 ], [ -88.0318634, 42.9528603 ], [ -88.0319191, 42.9528698 ], [ -88.0319991, 42.9528907 ], [ -88.0320884, 42.9529136 ], [ -88.0321366, 42.9529254 ], [ -88.0321953, 42.9529358 ], [ -88.0322214, 42.9529376 ], [ -88.0322902, 42.9529492 ], [ -88.0323701, 42.9529517 ], [ -88.032459, 42.952951899999988 ], [ -88.0325596, 42.9529481 ], [ -88.0326505, 42.952945899999989 ], [ -88.032744, 42.9529423 ], [ -88.0328304, 42.952938 ], [ -88.0329024, 42.9529417 ], [ -88.0330073, 42.9529567 ], [ -88.0330686, 42.9529682 ], [ -88.0331408, 42.9529884 ], [ -88.0331878, 42.9530024 ], [ -88.0332838, 42.9530378 ], [ -88.0333089, 42.9530473 ], [ -88.0333897, 42.9530932 ], [ -88.0334435, 42.9531276 ], [ -88.0334986, 42.9531573 ], [ -88.033576, 42.9532125 ], [ -88.0336331, 42.9532604 ], [ -88.0336442, 42.953275399999988 ], [ -88.0336527, 42.9533368 ], [ -88.033666, 42.9533773 ], [ -88.033672600000017, 42.9533917 ], [ -88.0336732, 42.9534192 ], [ -88.0336722, 42.9534869 ], [ -88.0336804, 42.9535348 ], [ -88.033676899999989, 42.9535625 ], [ -88.0336732, 42.953572 ], [ -88.0336631, 42.9535823 ], [ -88.0336398, 42.9535989 ], [ -88.033622, 42.9536173 ], [ -88.0335801, 42.9536797 ], [ -88.0335282, 42.9537224 ], [ -88.0334966, 42.9537891 ], [ -88.0334744, 42.9538518 ], [ -88.0334516, 42.9539206 ], [ -88.0334316, 42.9539979 ], [ -88.0334241, 42.9540453 ], [ -88.0334321, 42.9541118 ], [ -88.0334376, 42.9541358 ], [ -88.033483300000015, 42.9541805 ], [ -88.0335169, 42.9542041 ], [ -88.0335346, 42.9542108 ], [ -88.0335599, 42.9542145 ], [ -88.0335976, 42.9542283 ], [ -88.033638, 42.9542482 ], [ -88.0336989, 42.9542732 ], [ -88.0337367, 42.9542944 ], [ -88.0337733, 42.9543192 ], [ -88.0337829, 42.9543216 ], [ -88.0338006, 42.9543158 ], [ -88.0338183, 42.954288399999989 ], [ -88.0338606, 42.954276 ], [ -88.0339421, 42.9542609 ], [ -88.0339973, 42.954255 ], [ -88.034042700000015, 42.9542374 ], [ -88.0340687, 42.9542186 ], [ -88.0341039, 42.9541693 ], [ -88.0341164, 42.9541514 ], [ -88.0341221, 42.9541125 ], [ -88.0341171, 42.95406 ], [ -88.0340977, 42.9540021 ], [ -88.034092199999989, 42.9539869 ], [ -88.0340908, 42.9539723 ], [ -88.0340966, 42.953955099999988 ], [ -88.0341381, 42.9539177 ], [ -88.0341596, 42.9539126 ], [ -88.0342114, 42.9539151 ], [ -88.0342389, 42.9539222 ], [ -88.0342662, 42.9539328 ], [ -88.0343071, 42.9539618 ], [ -88.0343653, 42.9540218 ], [ -88.0343749, 42.9540381 ], [ -88.0343882, 42.9540897 ], [ -88.0344311, 42.9541475 ], [ -88.0344738, 42.9542029 ], [ -88.0344894, 42.9542191 ], [ -88.034508, 42.9542328 ], [ -88.0345878, 42.9542617 ], [ -88.0346334, 42.9542836 ], [ -88.0346536, 42.9542957 ], [ -88.0346713, 42.9543032 ], [ -88.0346891, 42.9543175 ], [ -88.0347017, 42.9543311 ], [ -88.0347232, 42.9543483 ], [ -88.0347377, 42.9543633 ], [ -88.0347936, 42.9544044 ], [ -88.0348231, 42.9544268 ], [ -88.0348447, 42.9544398 ], [ -88.0348602, 42.9544582 ], [ -88.0348666, 42.9544583 ], [ -88.0348731, 42.9544642 ], [ -88.034928, 42.9545102 ], [ -88.03496, 42.9545277 ], [ -88.0349698, 42.9545353 ], [ -88.0349822, 42.9545586 ], [ -88.0349851, 42.954571 ], [ -88.0350059, 42.9545996 ], [ -88.0350691, 42.9546564 ], [ -88.0351221, 42.9547048 ], [ -88.0351782, 42.9547357 ], [ -88.0352004, 42.9547427 ], [ -88.0352454, 42.9547498 ], [ -88.0352698, 42.9547483 ], [ -88.0352939, 42.9547418 ], [ -88.0353304, 42.9547109 ], [ -88.035338, 42.9546937 ], [ -88.0353383, 42.954674 ], [ -88.0353159, 42.954639 ], [ -88.035298, 42.9546244 ], [ -88.0352488, 42.9545991 ], [ -88.035222, 42.9545946 ], [ -88.0351928, 42.9545952 ], [ -88.0351755, 42.9545888 ], [ -88.0351565, 42.9545739 ], [ -88.0351262, 42.9545646 ], [ -88.0350785, 42.9545473 ], [ -88.035009, 42.9545127 ], [ -88.0349722, 42.9544744 ], [ -88.0349655, 42.9544603 ], [ -88.0349772, 42.9544569 ], [ -88.0350333, 42.9544667 ], [ -88.0350821, 42.9544832 ], [ -88.0351003, 42.954475 ], [ -88.0351059, 42.9544622 ], [ -88.035088, 42.9544377 ], [ -88.0350874, 42.9544221 ], [ -88.0350983, 42.9543984 ], [ -88.035093, 42.9543876 ], [ -88.0350648, 42.9543594 ], [ -88.03506, 42.9543437 ], [ -88.035063, 42.9543209 ], [ -88.0350696, 42.954303499999988 ], [ -88.0350906, 42.9542651 ], [ -88.0350861, 42.954253 ], [ -88.0350599, 42.9542309 ], [ -88.0350405, 42.9542204 ], [ -88.0350111, 42.9541919 ], [ -88.0349785, 42.9541356 ], [ -88.0349844, 42.9541266 ], [ -88.0350012, 42.9541272 ], [ -88.0350223, 42.9541339 ], [ -88.0350698, 42.9541555 ], [ -88.0351068, 42.9541677 ], [ -88.0351755, 42.9541917 ], [ -88.0352382, 42.9542065 ], [ -88.0353316, 42.9542172 ], [ -88.0353493, 42.9542268 ], [ -88.0353626, 42.9542548 ], [ -88.0353774, 42.9542685 ], [ -88.035377, 42.9542824 ], [ -88.0353728, 42.9542977 ], [ -88.0353645, 42.9543099 ], [ -88.0353479, 42.9543517 ], [ -88.035335, 42.9543668 ], [ -88.0352972, 42.9543928 ], [ -88.0352938, 42.9544067 ], [ -88.035333799999989, 42.9544167 ], [ -88.0353561, 42.9544328 ], [ -88.0353744, 42.9544567 ], [ -88.0353964, 42.9544941 ], [ -88.0354178, 42.9545354 ], [ -88.035424, 42.9545651 ], [ -88.0354345, 42.9546216 ], [ -88.0354468, 42.9546813 ], [ -88.035454, 42.954746 ], [ -88.035472900000016, 42.9548456 ], [ -88.0354904, 42.9549406 ], [ -88.0354943, 42.9549827 ], [ -88.0355025, 42.9550188 ], [ -88.0355117, 42.9550447 ], [ -88.0355452, 42.9550966 ], [ -88.0355775, 42.9551255 ], [ -88.035599, 42.955131099999988 ], [ -88.0356239, 42.9551337 ], [ -88.0356643, 42.9551451 ], [ -88.0356711, 42.9551551 ], [ -88.035669, 42.9551852 ], [ -88.0356558, 42.9552237 ], [ -88.035646, 42.9552378 ], [ -88.0356113, 42.9552603 ], [ -88.035600699999989, 42.9552763 ], [ -88.0355716, 42.9553098 ], [ -88.0355543, 42.9553254 ], [ -88.0355092, 42.955368 ], [ -88.0355015, 42.9553868 ], [ -88.0354978, 42.9554073 ], [ -88.0354861, 42.9554362 ], [ -88.0354846, 42.9554708 ], [ -88.035492499999989, 42.9555036 ], [ -88.0355209, 42.955538399999988 ], [ -88.0355497, 42.9555619 ], [ -88.0355726, 42.9555703 ], [ -88.0355975, 42.955574 ], [ -88.0356522, 42.9555911 ], [ -88.0357473, 42.955621 ], [ -88.0358361, 42.955636299999988 ], [ -88.0359324, 42.9556506 ], [ -88.0360387, 42.955657599999988 ], [ -88.0361016, 42.9556664 ], [ -88.0361897, 42.9556792 ], [ -88.0362968, 42.9556846 ], [ -88.0364105, 42.9556808 ], [ -88.0364575, 42.9556841 ], [ -88.0364988, 42.95569 ], [ -88.0365981, 42.9557035 ], [ -88.0366666, 42.9557119 ], [ -88.0367394, 42.9557252 ], [ -88.036774100000017, 42.9557274 ], [ -88.0368547, 42.9557294 ], [ -88.0368903, 42.9557253 ], [ -88.0369277, 42.9557263 ], [ -88.0369578, 42.9557312 ], [ -88.0369758, 42.9557403 ], [ -88.0370052, 42.9557663 ], [ -88.0370488, 42.9558173 ], [ -88.037065, 42.9558584 ], [ -88.0370862, 42.9558868 ], [ -88.0371221, 42.9559187 ], [ -88.0371887, 42.9559646 ], [ -88.037253, 42.9559986 ], [ -88.0372793, 42.9560068 ], [ -88.0373365, 42.956016 ], [ -88.0373717, 42.9560249 ], [ -88.03739, 42.956037 ], [ -88.037398600000017, 42.9560492 ], [ -88.0374179, 42.9560652 ], [ -88.0374757, 42.9561024 ], [ -88.0375378, 42.9561477 ], [ -88.0375556, 42.9561644 ], [ -88.0376086, 42.956201 ], [ -88.0376692, 42.9562317 ], [ -88.0376748, 42.9562346 ], [ -88.0376858, 42.9562391 ], [ -88.0376985, 42.9562523 ], [ -88.0376994, 42.9562819 ], [ -88.0376906, 42.9563007 ], [ -88.0376783, 42.9563109 ], [ -88.0376676, 42.9563176 ], [ -88.0376497, 42.9563285 ], [ -88.0376462, 42.9563331 ], [ -88.0376436, 42.9563567 ], [ -88.0376506, 42.9563714 ], [ -88.0376661, 42.9563889 ], [ -88.037678, 42.9564023 ], [ -88.0376776, 42.9564015 ], [ -88.0377118, 42.956432 ], [ -88.0377342, 42.9564425 ], [ -88.0377536, 42.9564555 ], [ -88.0377696, 42.9564711 ], [ -88.0377896, 42.9564855 ], [ -88.0378144, 42.956495499999988 ], [ -88.0378407, 42.9565012 ], [ -88.0379047, 42.9565086 ], [ -88.0379314, 42.9565154 ], [ -88.0379486, 42.9565261 ], [ -88.0379741, 42.9565611 ], [ -88.0379914, 42.9565787 ], [ -88.038009699999989, 42.9565922 ], [ -88.0380218, 42.9565979 ], [ -88.038028, 42.9565993 ], [ -88.03806, 42.9566068 ], [ -88.0381357, 42.9566232 ], [ -88.0382089, 42.9566371 ], [ -88.0382138, 42.9566373 ], [ -88.0382585, 42.9566399 ], [ -88.0383352, 42.9566497 ], [ -88.0383974, 42.956667499999988 ], [ -88.0383985, 42.9566678 ], [ -88.0384978, 42.9566821 ], [ -88.0385068, 42.9566812 ], [ -88.0385289, 42.9566794 ], [ -88.0385738, 42.956675499999989 ], [ -88.0386343, 42.9566776 ], [ -88.0386863, 42.9566868 ], [ -88.0387012, 42.9566903 ], [ -88.0387351, 42.9567035 ], [ -88.0387505, 42.956712599999989 ], [ -88.03878, 42.9567378 ], [ -88.0388041, 42.9567659 ], [ -88.038828099999989, 42.9567976 ], [ -88.0388334, 42.9568084 ], [ -88.0388354, 42.9568285 ], [ -88.038828, 42.9568489 ], [ -88.038829600000014, 42.9568682 ], [ -88.038843899999989, 42.9568992 ], [ -88.0388665, 42.9569292 ], [ -88.0388787, 42.956944 ], [ -88.038889, 42.956962 ], [ -88.038907, 42.9569958 ], [ -88.0389079, 42.9570007 ], [ -88.0389056, 42.9570265 ], [ -88.0388986, 42.9570694 ], [ -88.0388973, 42.9571103 ], [ -88.0389144, 42.9571597 ], [ -88.0389183, 42.9571664 ], [ -88.0389407, 42.957192 ], [ -88.0389509, 42.9571991 ], [ -88.038998, 42.9572218 ], [ -88.0390379, 42.9572357 ], [ -88.0390615, 42.9572452 ], [ -88.0390853, 42.9572609 ], [ -88.0391075, 42.95728 ], [ -88.0391219, 42.957297 ], [ -88.0391329, 42.9573142 ], [ -88.0391412, 42.9573371 ], [ -88.0391497, 42.9573738 ], [ -88.0391569, 42.9574049 ], [ -88.0391621, 42.9574426 ], [ -88.0391681, 42.9574663 ], [ -88.0391708, 42.9574984 ], [ -88.039165, 42.9575252 ], [ -88.0391483, 42.9575455 ], [ -88.0391332, 42.9575752 ], [ -88.0391319, 42.9575927 ], [ -88.0391397, 42.9576178 ], [ -88.039154599999989, 42.957641699999989 ], [ -88.0391802, 42.9576603 ], [ -88.0392103, 42.9576748 ], [ -88.039237, 42.9576827 ], [ -88.0392899, 42.957697599999989 ], [ -88.039319, 42.9577011 ], [ -88.03934, 42.9577105 ], [ -88.0393461, 42.9577166 ], [ -88.0393549, 42.9577335 ], [ -88.0393551, 42.9577643 ], [ -88.0393505, 42.9578024 ], [ -88.0393469, 42.957855 ], [ -88.0393564, 42.9579098 ], [ -88.0393596, 42.9579274 ], [ -88.039378, 42.9579826 ], [ -88.0393814, 42.9579928 ], [ -88.0394029, 42.9580549 ], [ -88.0394099, 42.9580712 ], [ -88.0394224, 42.9580882 ], [ -88.03945, 42.9581263 ], [ -88.0394819, 42.9581565 ], [ -88.0395134, 42.9581751 ], [ -88.039562, 42.958199 ], [ -88.0396005, 42.9582225 ], [ -88.0396328, 42.958251 ], [ -88.0396517, 42.9582796 ], [ -88.0396536, 42.958289 ], [ -88.039653199999989, 42.9583268 ], [ -88.0396447, 42.9583577 ], [ -88.03964, 42.9583985 ], [ -88.039639799999989, 42.9584067 ], [ -88.039642, 42.9584416 ], [ -88.039654200000015, 42.9584803 ], [ -88.0396688, 42.9585157 ], [ -88.0396953, 42.9585644 ], [ -88.0397107, 42.9585957 ], [ -88.03972490000001, 42.9586311 ], [ -88.0397367, 42.9586705 ], [ -88.039759500000017, 42.9587055 ], [ -88.0397939, 42.9587393 ], [ -88.0398074, 42.9587494 ], [ -88.039830200000011, 42.9587611 ], [ -88.0398767, 42.9587803 ], [ -88.039912, 42.9588111 ], [ -88.0399144, 42.9588149 ], [ -88.0399243, 42.9588458 ], [ -88.0399265, 42.9588829 ], [ -88.0399248, 42.9589117 ], [ -88.0399259, 42.9589255 ], [ -88.0399333, 42.9589393 ], [ -88.0399475, 42.9589601 ], [ -88.0399487, 42.95897 ], [ -88.0399446, 42.958982 ], [ -88.0399334, 42.9590052 ], [ -88.0399297, 42.9590276 ], [ -88.0399295, 42.959035 ], [ -88.0399333, 42.9590551 ], [ -88.0399507, 42.9590834 ], [ -88.0399622, 42.9590965 ], [ -88.0400413, 42.9591608 ], [ -88.0417889, 42.959152599999989 ], [ -88.0479359, 42.9591238 ], [ -88.0477722, 42.9663677 ] ] ] } },
{ "type": "Feature", "properties": { "rep_unit_id": 418, "ward": "City of Greenfield Ward 21", "county": "MILWAUKEE" }, "geometry": { "type": "Polygon", "coordinates": [ [ [ -87.9697542, 42.9593999 ], [ -87.9710354, 42.9594006 ], [ -87.9722791, 42.9594012 ], [ -87.9735229, 42.9594019 ], [ -87.9735265, 42.9594019 ], [ -87.9747666, 42.959402499999989 ], [ -87.9760104, 42.959403099999989 ], [ -87.9772541, 42.959403699999989 ], [ -87.9785429, 42.9594043 ], [ -87.9837621, 42.9593974 ], [ -87.9851075, 42.9593956 ], [ -87.9885325, 42.9593909 ], [ -87.988610799999989, 42.9539766 ], [ -87.9886377, 42.9521371 ], [ -87.9886579, 42.9507523 ], [ -87.9886716, 42.9498526 ], [ -87.9886791, 42.9493681 ], [ -87.9886784, 42.9493609 ], [ -87.9886784, 42.9493587 ], [ -87.9884729, 42.9493588 ], [ -87.9880816, 42.9493589 ], [ -87.9877453, 42.949359 ], [ -87.9874315, 42.9493591 ], [ -87.9871326, 42.9493592 ], [ -87.9868337, 42.9493593 ], [ -87.9866637, 42.9493594 ], [ -87.9865348, 42.9493594 ], [ -87.9862359, 42.9493595 ], [ -87.985937, 42.9493596 ], [ -87.9855596, 42.9493597 ], [ -87.9855045, 42.9493597 ], [ -87.9854298, 42.9493598 ], [ -87.9851477, 42.9493599 ], [ -87.9854293, 42.9491199 ], [ -87.9855042, 42.9490562 ], [ -87.9854292, 42.9490088 ], [ -87.9847667, 42.9485896 ], [ -87.983343, 42.9476886 ], [ -87.9830593, 42.9475096 ], [ -87.9814352, 42.9488951 ], [ -87.9814304, 42.9488993 ], [ -87.9795313, 42.9505186 ], [ -87.9791092, 42.9508724 ], [ -87.9786815, 42.9512227 ], [ -87.978298, 42.9515315 ], [ -87.9779102, 42.9518375 ], [ -87.9775182, 42.9521406 ], [ -87.977518, 42.9521407 ], [ -87.9754013, 42.9537536 ], [ -87.9736208, 42.9551097 ], [ -87.9716057, 42.9566445 ], [ -87.9715206, 42.9567107 ], [ -87.9714373, 42.9567781 ], [ -87.9714314, 42.956783 ], [ -87.9714255, 42.9567879 ], [ -87.9714107, 42.9568007 ], [ -87.9712751, 42.9569179 ], [ -87.9712608, 42.9569312 ], [ -87.9711315, 42.957052 ], [ -87.971117800000016, 42.9570658 ], [ -87.970995, 42.9571899 ], [ -87.9709819, 42.9572044 ], [ -87.9708658, 42.9573316 ], [ -87.9708533, 42.9573465 ], [ -87.970744, 42.9574768 ], [ -87.9707322, 42.9574922 ], [ -87.9706298, 42.9576254 ], [ -87.9706188, 42.957641 ], [ -87.9705234, 42.9577769 ], [ -87.9705132, 42.9577929 ], [ -87.9704249, 42.9579314 ], [ -87.9704155, 42.9579477 ], [ -87.9703438, 42.9580722 ], [ -87.9703345, 42.9580885 ], [ -87.9702608, 42.9582314 ], [ -87.9702607, 42.958231499999989 ], [ -87.9702522, 42.958248 ], [ -87.970186, 42.958393 ], [ -87.9701784, 42.9584097 ], [ -87.9697542, 42.9593999 ] ] ] } },
{ "type": "Feature", "properties": { "rep_unit_id": 421, "ward": "City of Greenfield Ward 24", "county": "MILWAUKEE" }, "geometry": { "type": "Polygon", "coordinates": [ [ [ -87.968699199999989, 42.9521442 ], [ -87.9710522, 42.9521433 ], [ -87.9716872, 42.952143 ], [ -87.977518, 42.9521407 ], [ -87.9775182, 42.9521406 ], [ -87.9779102, 42.9518375 ], [ -87.978298, 42.9515315 ], [ -87.9786815, 42.9512227 ], [ -87.9791092, 42.9508724 ], [ -87.9795313, 42.9505186 ], [ -87.9814304, 42.9488993 ], [ -87.9810381, 42.9488993 ], [ -87.9788319, 42.9488988 ], [ -87.9787208, 42.9488987 ], [ -87.978720900000013, 42.9488941 ], [ -87.9787317, 42.9482547 ], [ -87.9787376, 42.9479065 ], [ -87.9787667, 42.9461484 ], [ -87.9785985, 42.9461485 ], [ -87.9783183, 42.9461487 ], [ -87.9776617, 42.946149 ], [ -87.9775291, 42.9461491 ], [ -87.9770621, 42.9461493 ], [ -87.9769369, 42.9461493 ], [ -87.9762756, 42.9461497 ], [ -87.9762934, 42.9450466 ], [ -87.976296499999989, 42.9448957 ], [ -87.975106599999989, 42.9448962 ], [ -87.9736561, 42.9448968 ], [ -87.9726744, 42.9448973 ], [ -87.9726785, 42.9447465 ], [ -87.9726884, 42.9443899 ], [ -87.9726956, 42.9440881 ], [ -87.9727037, 42.9437863 ], [ -87.9727118, 42.9434846 ], [ -87.9727181, 42.9432377 ], [ -87.9727253, 42.9429633 ], [ -87.9727362, 42.9425793 ], [ -87.972742900000014, 42.9423187 ], [ -87.9727479, 42.9421129 ], [ -87.9727547, 42.9418797 ], [ -87.9727627, 42.9415505 ], [ -87.9727686, 42.9413449 ], [ -87.9727987, 42.940209 ], [ -87.9719545, 42.9402069 ], [ -87.9718425, 42.9402066 ], [ -87.9717304, 42.9402063 ], [ -87.9715427, 42.9402058 ], [ -87.9708713, 42.9402043 ], [ -87.9696582, 42.9402006 ], [ -87.969154, 42.9401991 ], [ -87.9689485, 42.940198699999989 ], [ -87.9689508, 42.940103199999989 ], [ -87.9690162, 42.9376485 ], [ -87.9677163, 42.9376465 ], [ -87.9676995, 42.9376465 ], [ -87.9672588, 42.9376459 ], [ -87.9665715, 42.9376448 ], [ -87.9665547, 42.9376447 ], [ -87.9666572, 42.9340188 ], [ -87.9689245, 42.9340199 ], [ -87.9691299, 42.93402 ], [ -87.9691317, 42.9339389 ], [ -87.9691432, 42.9335902 ], [ -87.9691937, 42.9319817 ], [ -87.969217, 42.9312215 ], [ -87.9692251, 42.9309792 ], [ -87.9692436, 42.9303927 ], [ -87.969097, 42.9303928 ], [ -87.9680773, 42.9303936 ], [ -87.967610400000012, 42.930394 ], [ -87.9673526, 42.9303942 ], [ -87.9666364, 42.9303948 ], [ -87.9654776, 42.9303957 ], [ -87.965268400000014, 42.9303959 ], [ -87.9649621, 42.9303961 ], [ -87.9648183, 42.9303962 ], [ -87.9637071, 42.9303971 ], [ -87.9636826, 42.9312888 ], [ -87.9636611, 42.9320687 ], [ -87.9635492, 42.9320671 ], [ -87.9634512, 42.932069 ], [ -87.9633539, 42.9320775 ], [ -87.9632581, 42.9320927 ], [ -87.9631647, 42.9321144 ], [ -87.9630744, 42.9321423 ], [ -87.962988, 42.9321763 ], [ -87.962906300000014, 42.932216 ], [ -87.96283, 42.9322612 ], [ -87.9627597, 42.9323114 ], [ -87.9627274, 42.9323367 ], [ -87.9624863, 42.9325256 ], [ -87.9624384, 42.9325673 ], [ -87.9623967, 42.9326125 ], [ -87.9623616, 42.9326606 ], [ -87.9623336, 42.9327111 ], [ -87.962313, 42.9327635 ], [ -87.9622999, 42.9328173 ], [ -87.9622945, 42.9328717 ], [ -87.9622468, 42.9345999 ], [ -87.9622195, 42.9355875 ], [ -87.9622173, 42.9356698 ], [ -87.9622189, 42.9357482 ], [ -87.9622276, 42.9358265 ], [ -87.9622435, 42.9359041 ], [ -87.9622665, 42.9359807 ], [ -87.9622965, 42.936056099999988 ], [ -87.962333199999989, 42.9361297 ], [ -87.9623767, 42.9362015 ], [ -87.9627547, 42.936775 ], [ -87.9629657, 42.9370952 ], [ -87.9630052, 42.9371616 ], [ -87.963037700000015, 42.9372301 ], [ -87.9630632, 42.9373002 ], [ -87.9630813, 42.9373714 ], [ -87.9630922, 42.9374435 ], [ -87.9630956, 42.937516 ], [ -87.9630943, 42.9376395 ], [ -87.9640678, 42.937641 ], [ -87.9640646, 42.9377233 ], [ -87.9640635, 42.9377644 ], [ -87.9640479, 42.9383635 ], [ -87.964125, 42.9383636 ], [ -87.9643602, 42.938364 ], [ -87.9643677, 42.938364 ], [ -87.9646664, 42.9383645 ], [ -87.9646562, 42.938767 ], [ -87.9646539, 42.9388493 ], [ -87.9646516, 42.9389316 ], [ -87.9646466, 42.9391295 ], [ -87.9646416, 42.9393215 ], [ -87.9646406, 42.939361 ], [ -87.9646366, 42.9395135 ], [ -87.9646316, 42.9397056 ], [ -87.9646299, 42.9397724 ], [ -87.9646266, 42.9398976 ], [ -87.9646216, 42.9400896 ], [ -87.9646192, 42.9401839 ], [ -87.964616600000014, 42.9402816 ], [ -87.9646117, 42.9404737 ], [ -87.9646078, 42.9406229 ], [ -87.9646067, 42.9406657 ], [ -87.9646017, 42.9408577 ], [ -87.9645967, 42.9410497 ], [ -87.9645964, 42.9410618 ], [ -87.9645917, 42.9412418 ], [ -87.9645867, 42.9414338 ], [ -87.964585, 42.9415007 ], [ -87.9645817, 42.9416258 ], [ -87.9645767, 42.9418178 ], [ -87.9645736, 42.9419396 ], [ -87.9645718, 42.9420099 ], [ -87.9645668, 42.9422019 ], [ -87.964562199999989, 42.9423786 ], [ -87.9645608, 42.9423923 ], [ -87.9645597, 42.9424746 ], [ -87.9645576, 42.9425569 ], [ -87.9645572, 42.9425706 ], [ -87.964544, 42.9430781 ], [ -87.9645437, 42.9430918 ], [ -87.9645305, 42.9435993 ], [ -87.9645275, 42.9436816 ], [ -87.9645262, 42.943764 ], [ -87.9645138, 42.9442165 ], [ -87.96451, 42.9443561 ], [ -87.9645059, 42.9445033 ], [ -87.9645018, 42.9446554 ], [ -87.9644995, 42.9447377 ], [ -87.9644954, 42.9448886 ], [ -87.9675141, 42.9448959 ], [ -87.9688243, 42.944899 ], [ -87.968789199999989, 42.9469304 ], [ -87.9687852, 42.9471636 ], [ -87.9687731, 42.9478631 ], [ -87.9687708, 42.9480003 ], [ -87.9687674, 42.9481923 ], [ -87.9687618, 42.9485212 ], [ -87.9687561, 42.9488516 ], [ -87.9687544, 42.9489479 ], [ -87.968752099999989, 42.9490796 ], [ -87.9687483, 42.9492991 ], [ -87.9687446, 42.9495186 ], [ -87.9687265, 42.9505667 ], [ -87.9687241, 42.9507038 ], [ -87.9687224, 42.9507999 ], [ -87.9687216, 42.9508478 ], [ -87.9687188, 42.9510125 ], [ -87.968699199999989, 42.9521442 ] ] ] } },
{ "type": "Feature", "properties": { "rep_unit_id": 423, "ward": "City of Greenfield Ward 26", "county": "MILWAUKEE" }, "geometry": { "type": "Polygon", "coordinates": [ [ [ -87.9685476, 42.9593993 ], [ -87.9697542, 42.9593999 ], [ -87.9701784, 42.9584097 ], [ -87.970186, 42.958393 ], [ -87.9702522, 42.958248 ], [ -87.9702607, 42.958231499999989 ], [ -87.9702608, 42.9582314 ], [ -87.9703345, 42.9580885 ], [ -87.9703438, 42.9580722 ], [ -87.9704155, 42.9579477 ], [ -87.9704249, 42.9579314 ], [ -87.9705132, 42.9577929 ], [ -87.9705234, 42.9577769 ], [ -87.9706188, 42.957641 ], [ -87.9706298, 42.9576254 ], [ -87.9707322, 42.9574922 ], [ -87.970744, 42.9574768 ], [ -87.9708533, 42.9573465 ], [ -87.9708658, 42.9573316 ], [ -87.9709819, 42.9572044 ], [ -87.970995, 42.9571899 ], [ -87.971117800000016, 42.9570658 ], [ -87.9711315, 42.957052 ], [ -87.9712608, 42.9569312 ], [ -87.9712751, 42.9569179 ], [ -87.9714107, 42.9568007 ], [ -87.9714255, 42.9567879 ], [ -87.9714314, 42.956783 ], [ -87.9714373, 42.9567781 ], [ -87.9715206, 42.9567107 ], [ -87.9716057, 42.9566445 ], [ -87.9736208, 42.9551097 ], [ -87.9754013, 42.9537536 ], [ -87.977518, 42.9521407 ], [ -87.9716872, 42.952143 ], [ -87.9710522, 42.9521433 ], [ -87.968699199999989, 42.9521442 ], [ -87.968662, 42.9539274 ], [ -87.9686614, 42.9539549 ], [ -87.9686574, 42.9541469 ], [ -87.9686557, 42.9542292 ], [ -87.9686528, 42.9543664 ], [ -87.9686448, 42.9547505 ], [ -87.9686276, 42.9555735 ], [ -87.9686218, 42.9558478 ], [ -87.9686161, 42.9561222 ], [ -87.9686072, 42.9565492 ], [ -87.9686047, 42.9566692 ], [ -87.9685978, 42.957001 ], [ -87.968592, 42.9572753 ], [ -87.9685777, 42.9579618 ], [ -87.9685696, 42.9583459 ], [ -87.9685642, 42.958603599999989 ], [ -87.9685476, 42.9593993 ] ] ] } },
{ "type": "Feature", "properties": { "rep_unit_id": 424, "ward": "V. Hales Corners Wards 1,2,3", "county": "MILWAUKEE" }, "geometry": { "type": "Polygon", "coordinates": [ [ [ -88.0432722, 42.9446995 ], [ -88.0431601, 42.9447001 ], [ -88.0426126, 42.9447031 ], [ -88.0423111, 42.9447048 ], [ -88.042285, 42.9447049 ], [ -88.0422765, 42.944705 ], [ -88.0419985, 42.9447065 ], [ -88.0418787, 42.9447071 ], [ -88.0417095, 42.9447081 ], [ -88.0415053, 42.9447092 ], [ -88.0414227, 42.9447096 ], [ -88.0410907, 42.9447114 ], [ -88.0410261, 42.9447118 ], [ -88.0407919, 42.9447131 ], [ -88.0406439, 42.9447139 ], [ -88.0403811, 42.9447153 ], [ -88.0402584, 42.944716 ], [ -88.0400076, 42.9447173 ], [ -88.0399062, 42.9447179 ], [ -88.0396342, 42.9447194 ], [ -88.0392607, 42.9447214 ], [ -88.0388499, 42.9447236 ], [ -88.0383078, 42.944726599999989 ], [ -88.0377289, 42.9447279 ], [ -88.0373554, 42.9447287 ], [ -88.0369819, 42.9447295 ], [ -88.036295, 42.944728 ], [ -88.0357717, 42.9447321 ], [ -88.0351455, 42.9447335 ], [ -88.0344379, 42.9447351 ], [ -88.0339226, 42.9447362 ], [ -88.0338911, 42.944736299999988 ], [ -88.0333311, 42.9447375 ], [ -88.0322287, 42.9447399 ], [ -88.032204299999989, 42.9447399 ], [ -88.0306759, 42.9447432 ], [ -88.0304267, 42.9447437 ], [ -88.0301008, 42.9447444 ], [ -88.0292282, 42.9447463 ], [ -88.0292271, 42.9447463 ], [ -88.0283556, 42.9447481 ], [ -88.028355499999989, 42.9447481 ], [ -88.0282851, 42.9479976 ], [ -88.0290158, 42.9482941 ], [ -88.0293669, 42.9484328 ], [ -88.0299303, 42.9486838 ], [ -88.0299313, 42.9486842 ], [ -88.029994800000011, 42.9487135 ], [ -88.0300711, 42.9487492 ], [ -88.0301199, 42.9487719 ], [ -88.0305325, 42.948952899999988 ], [ -88.0310587, 42.9485669 ], [ -88.0310663, 42.9485619 ], [ -88.031153, 42.9486261 ], [ -88.0317523, 42.949071499999988 ], [ -88.0321966, 42.9494008 ], [ -88.0332098, 42.949989 ], [ -88.0332089, 42.9500178 ], [ -88.0332059, 42.9501972 ], [ -88.0331961, 42.9508236 ], [ -88.0331952, 42.9508802 ], [ -88.0331929, 42.9510099 ], [ -88.0331883, 42.9512711 ], [ -88.0335143, 42.9514152 ], [ -88.0337464, 42.951518 ], [ -88.0338394, 42.9515592 ], [ -88.0340024, 42.9516316 ], [ -88.0341645, 42.9517032 ], [ -88.0343745, 42.951796 ], [ -88.0344896, 42.9518473 ], [ -88.034497, 42.9518505 ], [ -88.0347337, 42.9519541 ], [ -88.0347392, 42.9519566 ], [ -88.0347825, 42.9519756 ], [ -88.0348175, 42.9519911 ], [ -88.0351786, 42.9521512 ], [ -88.035259599999989, 42.9521871 ], [ -88.0355718, 42.9523252 ], [ -88.035583800000012, 42.9523308 ], [ -88.0359006, 42.9524711 ], [ -88.0359642, 42.952499 ], [ -88.0362239, 42.9526142 ], [ -88.0363593, 42.9526743 ], [ -88.0365425, 42.9527554 ], [ -88.0367627, 42.9528528 ], [ -88.0368631, 42.9528974 ], [ -88.0371771, 42.9530364 ], [ -88.0376257, 42.9532351 ], [ -88.037937, 42.953373 ], [ -88.0381147, 42.9534519 ], [ -88.0381289, 42.9529203 ], [ -88.0381408, 42.9524918 ], [ -88.0385145, 42.9524897 ], [ -88.0389041, 42.9524876 ], [ -88.0392936, 42.9524854 ], [ -88.0396673, 42.9524833 ], [ -88.0401531, 42.9524807 ], [ -88.0402652, 42.95248 ], [ -88.0403774, 42.9524795 ], [ -88.0408454, 42.9524768 ], [ -88.0409248, 42.9524764 ], [ -88.0414732, 42.9524733 ], [ -88.0415162, 42.9524731 ], [ -88.0420207, 42.952470299999987 ], [ -88.0423944, 42.9524683 ], [ -88.0427821, 42.9524661 ], [ -88.0431109, 42.9524643 ], [ -88.0431623, 42.952464 ], [ -88.0433203, 42.9523709 ], [ -88.0434946, 42.9522678 ], [ -88.0436697, 42.9521646 ], [ -88.043844, 42.9520614 ], [ -88.0441952, 42.9523822 ], [ -88.0446246, 42.9521287 ], [ -88.0446293, 42.9521256 ], [ -88.0446874, 42.952091499999987 ], [ -88.0447198, 42.9520725 ], [ -88.0448014, 42.9521473 ], [ -88.0448831, 42.9522221 ], [ -88.0452344, 42.9525428 ], [ -88.0453663, 42.9525075 ], [ -88.0454285, 42.9524909 ], [ -88.0454322, 42.9524897 ], [ -88.0454982, 42.9524721 ], [ -88.0456301, 42.9524367 ], [ -88.0456674, 42.9524365 ], [ -88.0457394, 42.952436 ], [ -88.0458543, 42.9524354 ], [ -88.0460645, 42.9524342 ], [ -88.0460641, 42.9524479 ], [ -88.0467367, 42.9524442 ], [ -88.0468563, 42.9524435 ], [ -88.0477821, 42.9524383 ], [ -88.0480811, 42.9524367 ], [ -88.04838, 42.9524344 ], [ -88.0493881, 42.952427 ], [ -88.0494078, 42.952427 ], [ -88.0497815, 42.9524242 ], [ -88.0501552, 42.9524214 ], [ -88.0502673, 42.9524205 ], [ -88.0503794, 42.9524197 ], [ -88.050901700000011, 42.9524158 ], [ -88.0514062, 42.952412 ], [ -88.0519107, 42.9524082 ], [ -88.0524143, 42.9524044 ], [ -88.0529188, 42.9524007 ], [ -88.0534234, 42.9523968 ], [ -88.0539793, 42.9523926 ], [ -88.0540914, 42.9523917 ], [ -88.0542035, 42.9523909 ], [ -88.054779, 42.9523866 ], [ -88.0552004, 42.9523835 ], [ -88.055574100000015, 42.9523806 ], [ -88.0559469, 42.9523778 ], [ -88.0560992, 42.9523766 ], [ -88.0565476, 42.9523733 ], [ -88.0571633, 42.9523686 ], [ -88.0577613, 42.9523641 ], [ -88.0579294, 42.9523628 ], [ -88.0580976, 42.9523631 ], [ -88.0584712, 42.9523635 ], [ -88.0588289, 42.9523639 ], [ -88.0591866, 42.9523643 ], [ -88.0595444, 42.9523648 ], [ -88.0599021, 42.9523653 ], [ -88.060558700000016, 42.952366 ], [ -88.0611042, 42.9523667 ], [ -88.0612163, 42.9523668 ], [ -88.0613284, 42.952367 ], [ -88.0628695, 42.9523688 ], [ -88.0633534, 42.9523694 ], [ -88.0638792, 42.95237 ], [ -88.0643752, 42.9523706 ], [ -88.0648683, 42.9523712 ], [ -88.0653643, 42.9523718 ], [ -88.0658538, 42.9523723 ], [ -88.0663432, 42.9523729 ], [ -88.0668326, 42.9523735 ], [ -88.0672053, 42.9523739 ], [ -88.067691, 42.9523745 ], [ -88.0681767, 42.9523751 ], [ -88.0686997, 42.9523756 ], [ -88.0691938, 42.9523762 ], [ -88.0692863, 42.9523763 ], [ -88.0692896, 42.9518276 ], [ -88.0693783, 42.9445362 ], [ -88.068305, 42.944541 ], [ -88.067975, 42.944542 ], [ -88.066985, 42.944549 ], [ -88.066826, 42.94455 ], [ -88.066656, 42.944552 ], [ -88.066521, 42.944552 ], [ -88.066487, 42.944552 ], [ -88.066118, 42.944555 ], [ -88.065984, 42.944556 ], [ -88.065523, 42.944558 ], [ -88.0654, 42.944559 ], [ -88.063651, 42.944571 ], [ -88.063069, 42.944575 ], [ -88.062086, 42.944581 ], [ -88.059137, 42.944601 ], [ -88.058567, 42.944605 ], [ -88.058155, 42.944608 ], [ -88.058099, 42.944608 ], [ -88.057849, 42.944609 ], [ -88.057099, 42.944614 ], [ -88.05685, 42.944616 ], [ -88.056611, 42.944617 ], [ -88.055896, 42.944622 ], [ -88.055658, 42.944624 ], [ -88.055417, 42.944625 ], [ -88.054698, 42.944629 ], [ -88.054458, 42.944631 ], [ -88.054219, 42.944632 ], [ -88.053506, 42.944636 ], [ -88.053268, 42.944638 ], [ -88.052989, 42.944639 ], [ -88.052153, 42.944645 ], [ -88.051875, 42.944647 ], [ -88.051578, 42.944648 ], [ -88.050691, 42.944654 ], [ -88.050395, 42.944656 ], [ -88.049983, 42.944658 ], [ -88.048749, 42.944666 ], [ -88.048455, 42.944668 ], [ -88.04822, 42.944669 ], [ -88.047952, 42.94467 ], [ -88.046798, 42.944677 ], [ -88.046632, 42.944678 ], [ -88.046413, 42.944679 ], [ -88.046118, 42.94468 ], [ -88.046089, 42.94468 ], [ -88.046056, 42.94468 ], [ -88.045616, 42.944684 ], [ -88.045235, 42.944685 ], [ -88.044941, 42.944687 ], [ -88.044607, 42.944688 ], [ -88.043609, 42.944694 ], [ -88.0432722, 42.9446995 ] ] ] } },
{ "type": "Feature", "properties": { "rep_unit_id": 425, "ward": "V. Hales Corners Wards 4,5,6", "county": "MILWAUKEE" }, "geometry": { "type": "Polygon", "coordinates": [ [ [ -88.050523, 42.937433 ], [ -88.049778, 42.937444 ], [ -88.04904, 42.937433 ], [ -88.048413, 42.937428 ], [ -88.048206, 42.937427 ], [ -88.047932, 42.93744 ], [ -88.047061, 42.93744 ], [ -88.046203, 42.937484 ], [ -88.045971, 42.937552 ], [ -88.045599, 42.937814 ], [ -88.044487, 42.938601 ], [ -88.044116, 42.938864 ], [ -88.043959, 42.938978 ], [ -88.043489, 42.939323 ], [ -88.043333, 42.939438 ], [ -88.042924, 42.939776 ], [ -88.042777, 42.939899 ], [ -88.042244, 42.940352 ], [ -88.041722, 42.940754 ], [ -88.041483, 42.940939 ], [ -88.041075, 42.941238 ], [ -88.040494, 42.941666 ], [ -88.039656, 42.942281 ], [ -88.038339, 42.94325 ], [ -88.037949, 42.943531 ], [ -88.037137, 42.944118 ], [ -88.036295, 42.944728 ], [ -88.0369819, 42.9447295 ], [ -88.0373554, 42.9447287 ], [ -88.0377289, 42.9447279 ], [ -88.0383078, 42.944726599999989 ], [ -88.0388499, 42.9447236 ], [ -88.0392607, 42.9447214 ], [ -88.0396342, 42.9447194 ], [ -88.0399062, 42.9447179 ], [ -88.0400076, 42.9447173 ], [ -88.0402584, 42.944716 ], [ -88.0403811, 42.9447153 ], [ -88.0406439, 42.9447139 ], [ -88.0407919, 42.9447131 ], [ -88.0410261, 42.9447118 ], [ -88.0410907, 42.9447114 ], [ -88.0414227, 42.9447096 ], [ -88.0415053, 42.9447092 ], [ -88.0417095, 42.9447081 ], [ -88.0418787, 42.9447071 ], [ -88.0419985, 42.9447065 ], [ -88.0422765, 42.944705 ], [ -88.042285, 42.9447049 ], [ -88.0423111, 42.9447048 ], [ -88.0426126, 42.9447031 ], [ -88.0431601, 42.9447001 ], [ -88.0432722, 42.9446995 ], [ -88.043609, 42.944694 ], [ -88.044607, 42.944688 ], [ -88.044941, 42.944687 ], [ -88.045235, 42.944685 ], [ -88.045616, 42.944684 ], [ -88.046056, 42.94468 ], [ -88.046089, 42.94468 ], [ -88.046118, 42.94468 ], [ -88.046413, 42.944679 ], [ -88.046632, 42.944678 ], [ -88.046798, 42.944677 ], [ -88.047952, 42.94467 ], [ -88.04822, 42.944669 ], [ -88.048455, 42.944668 ], [ -88.048749, 42.944666 ], [ -88.049983, 42.944658 ], [ -88.050395, 42.944656 ], [ -88.050691, 42.944654 ], [ -88.051578, 42.944648 ], [ -88.051875, 42.944647 ], [ -88.052153, 42.944645 ], [ -88.052989, 42.944639 ], [ -88.053268, 42.944638 ], [ -88.053506, 42.944636 ], [ -88.054219, 42.944632 ], [ -88.054458, 42.944631 ], [ -88.054698, 42.944629 ], [ -88.055417, 42.944625 ], [ -88.055658, 42.944624 ], [ -88.055896, 42.944622 ], [ -88.056611, 42.944617 ], [ -88.05685, 42.944616 ], [ -88.057099, 42.944614 ], [ -88.057849, 42.944609 ], [ -88.058099, 42.944608 ], [ -88.058155, 42.944608 ], [ -88.058567, 42.944605 ], [ -88.059137, 42.944601 ], [ -88.062086, 42.944581 ], [ -88.063069, 42.944575 ], [ -88.063651, 42.944571 ], [ -88.0654, 42.944559 ], [ -88.065523, 42.944558 ], [ -88.065984, 42.944556 ], [ -88.066118, 42.944555 ], [ -88.066487, 42.944552 ], [ -88.066521, 42.944552 ], [ -88.066656, 42.944552 ], [ -88.066826, 42.94455 ], [ -88.066985, 42.944549 ], [ -88.067975, 42.944542 ], [ -88.068305, 42.944541 ], [ -88.0693783, 42.9445362 ], [ -88.0693837, 42.942732899999989 ], [ -88.0693903, 42.9405971 ], [ -88.0693938, 42.9394781 ], [ -88.0693981, 42.9381562 ], [ -88.0694007, 42.9372447 ], [ -88.06943, 42.9333195 ], [ -88.0694401, 42.9319919 ], [ -88.0694556, 42.9299587 ], [ -88.0667479, 42.9299851 ], [ -88.0635265, 42.9300163 ], [ -88.063528, 42.930117 ], [ -88.063525, 42.93023 ], [ -88.063517, 42.930571 ], [ -88.063515, 42.930685 ], [ -88.063507, 42.930899 ], [ -88.063486, 42.931545 ], [ -88.063479, 42.93176 ], [ -88.06346, 42.932302 ], [ -88.063422, 42.933461 ], [ -88.063392, 42.933622 ], [ -88.063334, 42.933746 ], [ -88.063226, 42.933875 ], [ -88.063195, 42.933914 ], [ -88.063005, 42.934046 ], [ -88.062763, 42.934146 ], [ -88.062297, 42.934251 ], [ -88.062011, 42.934316 ], [ -88.061517, 42.934386 ], [ -88.061018, 42.934424 ], [ -88.06088, 42.934424 ], [ -88.060403, 42.934428 ], [ -88.0601, 42.934422 ], [ -88.059191, 42.934407 ], [ -88.058889, 42.934402 ], [ -88.058875, 42.934819 ], [ -88.058868, 42.935031 ], [ -88.058798, 42.935506 ], [ -88.058591, 42.936029 ], [ -88.058439, 42.936419 ], [ -88.058382, 42.936585 ], [ -88.058365, 42.936638 ], [ -88.058348, 42.93711 ], [ -88.058343, 42.937287 ], [ -88.05834, 42.937388 ], [ -88.058042, 42.937388 ], [ -88.057694, 42.937422 ], [ -88.056741, 42.937422 ], [ -88.056298, 42.937422 ], [ -88.05571, 42.93741 ], [ -88.054712, 42.937377 ], [ -88.053348, 42.937376 ], [ -88.05321, 42.937366 ], [ -88.050523, 42.937433 ] ] ] } },
{ "type": "Feature", "properties": { "rep_unit_id": 426, "ward": "V. Hales Corners Wards 7,8,9", "county": "MILWAUKEE" }, "geometry": { "type": "Polygon", "coordinates": [ [ [ -88.0483657, 42.9301613 ], [ -88.0467946, 42.9301743 ], [ -88.0466826, 42.9301752 ], [ -88.045428199999989, 42.9301856 ], [ -88.0454295, 42.9300874 ], [ -88.045429399999989, 42.9300621 ], [ -88.0454573, 42.928924 ], [ -88.0454679, 42.9283846 ], [ -88.0445947, 42.928392 ], [ -88.0434179, 42.928402 ], [ -88.043403900000015, 42.9284021 ], [ -88.043139599999989, 42.9284046 ], [ -88.0431321, 42.9284046 ], [ -88.0412277, 42.928422 ], [ -88.03947, 42.928438 ], [ -88.0393803, 42.9284389 ], [ -88.0385725, 42.9284442 ], [ -88.0385215, 42.9302424 ], [ -88.0346187, 42.9302648 ], [ -88.0295307, 42.9302937 ], [ -88.0295195, 42.9302938 ], [ -88.0285623, 42.9302992 ], [ -88.0285601, 42.930512 ], [ -88.0285599, 42.9305473 ], [ -88.0285541, 42.9310741 ], [ -88.0285361, 42.9326798 ], [ -88.0285353, 42.9327621 ], [ -88.0285346, 42.9328444 ], [ -88.0285294, 42.9333545 ], [ -88.0283239, 42.9333558 ], [ -88.0278775, 42.933355299999988 ], [ -88.0275386, 42.9333533 ], [ -88.0272053, 42.9333526 ], [ -88.0269943, 42.9333515 ], [ -88.0269884, 42.9336228 ], [ -88.0269846, 42.9337973 ], [ -88.0269788, 42.9340354 ], [ -88.026978, 42.9340911 ], [ -88.0269745, 42.9343444 ], [ -88.0269742, 42.9343828 ], [ -88.0269683, 42.9347982 ], [ -88.0275584, 42.9347999 ], [ -88.0283081, 42.9348056 ], [ -88.0285135, 42.934804 ], [ -88.0285134, 42.9348093 ], [ -88.0284986, 42.9361967 ], [ -88.0284974, 42.9362653 ], [ -88.0284966, 42.9363751 ], [ -88.028495, 42.9364848 ], [ -88.0284876, 42.937179 ], [ -88.0284856, 42.9373843 ], [ -88.028484, 42.9375218 ], [ -88.0284833, 42.9375729 ], [ -88.0284739, 42.938098 ], [ -88.0284569, 42.9390607 ], [ -88.0284515, 42.9393454 ], [ -88.0284506, 42.9393742 ], [ -88.0284466, 42.939644 ], [ -88.0283974, 42.9423928 ], [ -88.0281891, 42.9423934 ], [ -88.0274288, 42.9423957 ], [ -88.0274045, 42.9423958 ], [ -88.0270627, 42.9423968 ], [ -88.0265947, 42.9423982 ], [ -88.026406, 42.9423986 ], [ -88.025925, 42.9424001 ], [ -88.0258447, 42.9424003 ], [ -88.0258438, 42.9424294 ], [ -88.0258374, 42.942802 ], [ -88.0258321, 42.9430813 ], [ -88.0258312, 42.9431392 ], [ -88.0258242, 42.9434717 ], [ -88.0258207, 42.9436671 ], [ -88.0258189, 42.943751 ], [ -88.0258183, 42.9437999 ], [ -88.025813900000017, 42.9440238 ], [ -88.0258118, 42.9441467 ], [ -88.0262022, 42.9441457 ], [ -88.0265936, 42.9441447 ], [ -88.0273754, 42.9441428 ], [ -88.0281655, 42.9441408 ], [ -88.0282776, 42.9441407 ], [ -88.0283663, 42.9441405 ], [ -88.0283637, 42.9442815 ], [ -88.0283593, 42.9445347 ], [ -88.028355499999989, 42.9447481 ], [ -88.0283556, 42.9447481 ], [ -88.0292271, 42.9447463 ], [ -88.0292282, 42.9447463 ], [ -88.0301008, 42.9447444 ], [ -88.0304267, 42.9447437 ], [ -88.0306759, 42.9447432 ], [ -88.032204299999989, 42.9447399 ], [ -88.0322287, 42.9447399 ], [ -88.0333311, 42.9447375 ], [ -88.0338911, 42.944736299999988 ], [ -88.0339226, 42.9447362 ], [ -88.0344379, 42.9447351 ], [ -88.0351455, 42.9447335 ], [ -88.0357717, 42.9447321 ], [ -88.036295, 42.944728 ], [ -88.037137, 42.944118 ], [ -88.037949, 42.943531 ], [ -88.038339, 42.94325 ], [ -88.039656, 42.942281 ], [ -88.040494, 42.941666 ], [ -88.041075, 42.941238 ], [ -88.041483, 42.940939 ], [ -88.041722, 42.940754 ], [ -88.042244, 42.940352 ], [ -88.042777, 42.939899 ], [ -88.042924, 42.939776 ], [ -88.043333, 42.939438 ], [ -88.043489, 42.939323 ], [ -88.043959, 42.938978 ], [ -88.044116, 42.938864 ], [ -88.044487, 42.938601 ], [ -88.045599, 42.937814 ], [ -88.045971, 42.937552 ], [ -88.046203, 42.937484 ], [ -88.047061, 42.93744 ], [ -88.047932, 42.93744 ], [ -88.048206, 42.937427 ], [ -88.048413, 42.937428 ], [ -88.04904, 42.937433 ], [ -88.049778, 42.937444 ], [ -88.050523, 42.937433 ], [ -88.05321, 42.937366 ], [ -88.053348, 42.937376 ], [ -88.054712, 42.937377 ], [ -88.05571, 42.93741 ], [ -88.056298, 42.937422 ], [ -88.056741, 42.937422 ], [ -88.057694, 42.937422 ], [ -88.058042, 42.937388 ], [ -88.05834, 42.937388 ], [ -88.058343, 42.937287 ], [ -88.058348, 42.93711 ], [ -88.058365, 42.936638 ], [ -88.058382, 42.936585 ], [ -88.058439, 42.936419 ], [ -88.058591, 42.936029 ], [ -88.058798, 42.935506 ], [ -88.058868, 42.935031 ], [ -88.058875, 42.934819 ], [ -88.058889, 42.934402 ], [ -88.059191, 42.934407 ], [ -88.0601, 42.934422 ], [ -88.060403, 42.934428 ], [ -88.06088, 42.934424 ], [ -88.061018, 42.934424 ], [ -88.061517, 42.934386 ], [ -88.062011, 42.934316 ], [ -88.062297, 42.934251 ], [ -88.062763, 42.934146 ], [ -88.063005, 42.934046 ], [ -88.063195, 42.933914 ], [ -88.063226, 42.933875 ], [ -88.063334, 42.933746 ], [ -88.063392, 42.933622 ], [ -88.063422, 42.933461 ], [ -88.06346, 42.932302 ], [ -88.063479, 42.93176 ], [ -88.063486, 42.931545 ], [ -88.063507, 42.930899 ], [ -88.063515, 42.930685 ], [ -88.063517, 42.930571 ], [ -88.063525, 42.93023 ], [ -88.063528, 42.930117 ], [ -88.0635265, 42.9300163 ], [ -88.0585799, 42.9300642 ], [ -88.0585772, 42.930063 ], [ -88.058479100000014, 42.9300651 ], [ -88.0526154, 42.9301211 ], [ -88.048587, 42.9301594 ], [ -88.0485785, 42.9301595 ], [ -88.0485739, 42.9301596 ], [ -88.0484842, 42.9301603 ], [ -88.048459, 42.9301605 ], [ -88.0484553, 42.9301605 ], [ -88.0483657, 42.9301613 ] ] ] } },
{ "type": "Feature", "properties": { "rep_unit_id": 508, "ward": "City of West Allis Ward 22", "county": "MILWAUKEE" }, "geometry": { "type": "Polygon", "coordinates": [ [ [ -88.0572683, 42.9794289 ], [ -88.0573608, 42.9794305 ], [ -88.0585762, 42.9794413 ], [ -88.0603512, 42.9794569 ], [ -88.060417, 42.9772626 ], [ -88.0575023, 42.9772369 ], [ -88.0574267, 42.9772362 ], [ -88.057334200000014, 42.9772337 ], [ -88.0572683, 42.9794289 ] ] ] } }
]
}
