{
"type": "FeatureCollection",
"name": "wards",
"crs": { "type": "name", "properties": { "name": "urn:ogc:def:crs:OGC:1.3:CRS84" } },
"features": [
{ "type": "Feature", "properties": { "rep_unit_id": 122, "ward": "City of Milwaukee Ward 122", "county": "MILWAUKEE" }, "geometry": { "type": "Polygon", "coordinates": [ [ [ -87.892051, 43.0819534 ], [ -87.8924859, 43.0819551 ], [ -87.8935435, 43.0819594 ], [ -87.8939243, 43.0819604 ], [ -87.8950029, 43.0819644 ], [ -87.8953118, 43.0819655 ], [ -87.8961727, 43.0819687 ], [ -87.8965533, 43.0819705 ], [ -87.8972943, 43.0819715 ], [ -87.8975413, 43.0819725 ], [ -87.8975533, 43.0815234 ], [ -87.8975933, 43.0801764 ], [ -87.8976073, 43.0797284 ], [ -87.8976113, 43.0795764 ], [ -87.8976243, 43.0791224 ], [ -87.8976293, 43.0789714 ], [ -87.8976323, 43.0788444 ], [ -87.8976433, 43.0784673 ], [ -87.8976473, 43.0783413 ], [ -87.8976573, 43.0779773 ], [ -87.8976903, 43.0768893 ], [ -87.8977013, 43.0765263 ], [ -87.8977113, 43.076164299999988 ], [ -87.8977434, 43.0750812 ], [ -87.8977544, 43.0747202 ], [ -87.8977554, 43.0745352 ], [ -87.8977624, 43.0739832 ], [ -87.8977654, 43.0738002 ], [ -87.8977674, 43.0736212 ], [ -87.8977744, 43.0730852 ], [ -87.8977774, 43.0729072 ], [ -87.8977814, 43.0725571 ], [ -87.8977944, 43.0715081 ], [ -87.8977937, 43.0711512 ], [ -87.8931873, 43.071086 ], [ -87.89315710000001, 43.0711649 ], [ -87.8930195, 43.0717811 ], [ -87.8928615, 43.0724251 ], [ -87.8928165, 43.0728541 ], [ -87.8927085, 43.0738862 ], [ -87.8926835, 43.0741302 ], [ -87.8926855, 43.0745962 ], [ -87.8926861, 43.0746889 ], [ -87.8926865, 43.0747462 ], [ -87.8928155, 43.0758932 ], [ -87.8928705, 43.0760922 ], [ -87.8931575, 43.0771153 ], [ -87.8932704, 43.0780153 ], [ -87.8928764, 43.0789933 ], [ -87.8924824, 43.0803514 ], [ -87.8924474, 43.0804404 ], [ -87.8921914, 43.0811204 ], [ -87.892051, 43.0819534 ] ] ] } },
{ "type": "Feature", "properties": { "rep_unit_id": 123, "ward": "City of Milwaukee Ward 123", "county": "MILWAUKEE" }, "geometry": { "type": "Polygon", "coordinates": [ [ [ -87.8839615, 43.0819331 ], [ -87.8876568, 43.081937 ], [ -87.891601, 43.0819518 ], [ -87.8916289, 43.0819519 ], [ -87.892051, 43.0819534 ], [ -87.8921914, 43.0811204 ], [ -87.8924474, 43.0804404 ], [ -87.8924824, 43.0803514 ], [ -87.8928764, 43.0789933 ], [ -87.8932704, 43.0780153 ], [ -87.8931575, 43.0771153 ], [ -87.8928705, 43.0760922 ], [ -87.8928155, 43.0758932 ], [ -87.8926865, 43.0747462 ], [ -87.8926861, 43.0746889 ], [ -87.8921583, 43.0746842 ], [ -87.89196, 43.0746828 ], [ -87.8915857, 43.0746803 ], [ -87.8912285, 43.0746762 ], [ -87.8905246, 43.0746702 ], [ -87.8902906, 43.0746692 ], [ -87.8900496, 43.0746672 ], [ -87.8893266, 43.0746622 ], [ -87.8890866, 43.0746612 ], [ -87.8888416, 43.0746592 ], [ -87.888106600000015, 43.0746532 ], [ -87.8878616, 43.0746522 ], [ -87.8876126, 43.0746512 ], [ -87.8868686, 43.0746502 ], [ -87.8866207, 43.0746502 ], [ -87.8863717, 43.0746492 ], [ -87.8856247, 43.0746472 ], [ -87.8853757, 43.0746472 ], [ -87.8851337, 43.0746462 ], [ -87.8844097, 43.0746452 ], [ -87.884168699999989, 43.0746452 ], [ -87.8839157, 43.0746442 ], [ -87.8831567, 43.0746432 ], [ -87.8829048, 43.0746432 ], [ -87.8828897, 43.0752442 ], [ -87.8827552, 43.0794237 ], [ -87.8840372, 43.0794257 ], [ -87.8839615, 43.0819331 ] ] ] } },
{ "type": "Feature", "properties": { "rep_unit_id": 124, "ward": "City of Milwaukee Ward 124", "county": "MILWAUKEE" }, "geometry": { "type": "Polygon", "coordinates": [ [ [ -87.8829048, 43.0746432 ], [ -87.8831567, 43.0746432 ], [ -87.8839157, 43.0746442 ], [ -87.884168699999989, 43.0746452 ], [ -87.8844097, 43.0746452 ], [ -87.8851337, 43.0746462 ], [ -87.8853757, 43.0746472 ], [ -87.8856247, 43.0746472 ], [ -87.8863717, 43.0746492 ], [ -87.8866207, 43.0746502 ], [ -87.8868686, 43.0746502 ], [ -87.8876126, 43.0746512 ], [ -87.8878616, 43.0746522 ], [ -87.888106600000015, 43.0746532 ], [ -87.8888416, 43.0746592 ], [ -87.8890866, 43.0746612 ], [ -87.8893266, 43.0746622 ], [ -87.8900496, 43.0746672 ], [ -87.8902906, 43.0746692 ], [ -87.8905246, 43.0746702 ], [ -87.8912285, 43.0746762 ], [ -87.8915857, 43.0746803 ], [ -87.89196, 43.0746828 ], [ -87.8921583, 43.0746842 ], [ -87.8926861, 43.0746889 ], [ -87.8926855, 43.0745962 ], [ -87.8926835, 43.0741302 ], [ -87.8927085, 43.0738862 ], [ -87.8928165, 43.0728541 ], [ -87.8928615, 43.0724251 ], [ -87.8930195, 43.0717811 ], [ -87.89315710000001, 43.0711649 ], [ -87.8931873, 43.071086 ], [ -87.8947303, 43.0690185 ], [ -87.8951743, 43.0674372 ], [ -87.8950488, 43.0674353 ], [ -87.8943592, 43.0674309 ], [ -87.8942596, 43.0674302 ], [ -87.8937082, 43.0674266 ], [ -87.8927748, 43.0674206 ], [ -87.8923458, 43.0674179 ], [ -87.8913234, 43.067411 ], [ -87.890946500000013, 43.0674087 ], [ -87.8891947, 43.0673956 ], [ -87.8891957, 43.067683 ], [ -87.8891827, 43.068521 ], [ -87.8891797, 43.068801 ], [ -87.8889337, 43.068799 ], [ -87.8881957, 43.068796 ], [ -87.8879507, 43.068796 ], [ -87.8879367, 43.0693184 ], [ -87.8869457, 43.069319 ], [ -87.8866925, 43.0693173 ], [ -87.886701699999989, 43.068937 ], [ -87.8867167, 43.067774 ], [ -87.8867217, 43.0673869 ], [ -87.8864738, 43.0673849 ], [ -87.8857308, 43.0673819 ], [ -87.8854838, 43.0673809 ], [ -87.8852398, 43.0673789 ], [ -87.8845078, 43.0673749 ], [ -87.8842648, 43.0673739 ], [ -87.8842598, 43.0677619 ], [ -87.8842458, 43.068927 ], [ -87.8842418, 43.069316 ], [ -87.8839918, 43.069315 ], [ -87.8832448, 43.069312 ], [ -87.882995799999989, 43.069311 ], [ -87.8829898, 43.069649 ], [ -87.8829748, 43.070662 ], [ -87.8829698, 43.071001 ], [ -87.8829638, 43.0713631 ], [ -87.8829468, 43.0724511 ], [ -87.8829418, 43.0728141 ], [ -87.882933799999989, 43.0731791 ], [ -87.8829138, 43.0741962 ], [ -87.8829118, 43.0742772 ], [ -87.8829048, 43.0746432 ] ] ] } },
{ "type": "Feature", "properties": { "rep_unit_id": 125, "ward": "City of Milwaukee Ward 125", "county": "MILWAUKEE" }, "geometry": { "type": "Polygon", "coordinates": [ [ [ -87.8779399, 43.0746331 ], [ -87.8781919, 43.0746331 ], [ -87.8789489, 43.0746362 ], [ -87.8792018, 43.0746382 ], [ -87.8794498, 43.0746382 ], [ -87.8801938, 43.0746402 ], [ -87.880442800000012, 43.0746412 ], [ -87.8806888, 43.0746412 ], [ -87.8814278, 43.0746412 ], [ -87.8816748, 43.0746422 ], [ -87.8819208, 43.0746422 ], [ -87.8826248, 43.0746422 ], [ -87.8826578, 43.0746422 ], [ -87.8829048, 43.0746432 ], [ -87.8829118, 43.0742772 ], [ -87.8829138, 43.0741962 ], [ -87.882933799999989, 43.0731791 ], [ -87.8829418, 43.0728141 ], [ -87.8829468, 43.0724511 ], [ -87.8829638, 43.0713631 ], [ -87.8829698, 43.071001 ], [ -87.8829748, 43.070662 ], [ -87.8829898, 43.069649 ], [ -87.882995799999989, 43.069311 ], [ -87.8832448, 43.069312 ], [ -87.8839918, 43.069315 ], [ -87.8842418, 43.069316 ], [ -87.8842458, 43.068927 ], [ -87.8842598, 43.0677619 ], [ -87.8842648, 43.0673739 ], [ -87.8840158, 43.0673719 ], [ -87.8832698, 43.0673659 ], [ -87.8830218, 43.0673649 ], [ -87.8827708, 43.0673629 ], [ -87.882020900000015, 43.0673569 ], [ -87.8817709, 43.0673549 ], [ -87.8815229, 43.0673529 ], [ -87.8807809, 43.0673499 ], [ -87.880533899999989, 43.0673489 ], [ -87.8802879, 43.0673479 ], [ -87.879549900000015, 43.0673439 ], [ -87.8793039, 43.0673439 ], [ -87.8790549, 43.0673419 ], [ -87.87831, 43.0673359 ], [ -87.878062, 43.0673339 ], [ -87.878056, 43.0677269 ], [ -87.878038, 43.068906 ], [ -87.8780329, 43.0693 ], [ -87.8780269, 43.069638 ], [ -87.8780099, 43.070652 ], [ -87.8780049, 43.070991 ], [ -87.8779959, 43.071352 ], [ -87.8779709, 43.0724341 ], [ -87.8779629, 43.0727961 ], [ -87.8779579, 43.073163099999988 ], [ -87.8779439, 43.0742651 ], [ -87.8779399, 43.0746331 ] ] ] } },
{ "type": "Feature", "properties": { "rep_unit_id": 126, "ward": "City of Milwaukee Ward 126", "county": "MILWAUKEE" }, "geometry": { "type": "Polygon", "coordinates": [ [ [ -87.8777264, 43.0819262 ], [ -87.8802114, 43.081929 ], [ -87.8839615, 43.0819331 ], [ -87.8840372, 43.0794257 ], [ -87.8827552, 43.0794237 ], [ -87.8828897, 43.0752442 ], [ -87.8829048, 43.0746432 ], [ -87.8826578, 43.0746422 ], [ -87.8826248, 43.0746422 ], [ -87.8819208, 43.0746422 ], [ -87.8816748, 43.0746422 ], [ -87.8814278, 43.0746412 ], [ -87.8806888, 43.0746412 ], [ -87.880442800000012, 43.0746412 ], [ -87.8801938, 43.0746402 ], [ -87.8794498, 43.0746382 ], [ -87.8792018, 43.0746382 ], [ -87.8789489, 43.0746362 ], [ -87.8781919, 43.0746331 ], [ -87.8779399, 43.0746331 ], [ -87.8779339, 43.0748362 ], [ -87.8779159, 43.0754462 ], [ -87.877910899999989, 43.0756502 ], [ -87.8778989, 43.0760542 ], [ -87.8778628, 43.0772662 ], [ -87.8778518, 43.0776712 ], [ -87.877840800000016, 43.0780263 ], [ -87.8778108, 43.0790903 ], [ -87.8778008, 43.0794463 ], [ -87.8777858, 43.0799413 ], [ -87.8777428, 43.0814264 ], [ -87.8777264, 43.0819262 ] ] ] } },
{ "type": "Feature", "properties": { "rep_unit_id": 127, "ward": "City of Milwaukee Ward 127", "county": "MILWAUKEE" }, "geometry": { "type": "Polygon", "coordinates": [ [ [ -87.8708212, 43.0819232 ], [ -87.8728177, 43.0819241 ], [ -87.8777264, 43.0819262 ], [ -87.8777428, 43.0814264 ], [ -87.8777858, 43.0799413 ], [ -87.8778008, 43.0794463 ], [ -87.8778108, 43.0790903 ], [ -87.877840800000016, 43.0780263 ], [ -87.8778518, 43.0776712 ], [ -87.8778628, 43.0772662 ], [ -87.8778989, 43.0760542 ], [ -87.877910899999989, 43.0756502 ], [ -87.8779159, 43.0754462 ], [ -87.8779339, 43.0748362 ], [ -87.8779399, 43.0746331 ], [ -87.8779439, 43.0742651 ], [ -87.8779579, 43.073163099999988 ], [ -87.8779629, 43.0727961 ], [ -87.8777289, 43.0727951 ], [ -87.8770299, 43.0727921 ], [ -87.8767969, 43.0727911 ], [ -87.8765669, 43.0727901 ], [ -87.87588, 43.0727871 ], [ -87.875651, 43.0727861 ], [ -87.875422, 43.0727851 ], [ -87.874736, 43.0727821 ], [ -87.874508, 43.0727811 ], [ -87.874278, 43.0727801 ], [ -87.87359, 43.0727771 ], [ -87.873361, 43.0727761 ], [ -87.873118, 43.0727741 ], [ -87.872389, 43.0727711 ], [ -87.8721471, 43.0727701 ], [ -87.871947600000013, 43.074625 ], [ -87.8717044, 43.0746867 ], [ -87.8672359, 43.0746762 ], [ -87.8668289, 43.0746718 ], [ -87.8668595, 43.0747042 ], [ -87.8668973, 43.0747477 ], [ -87.8669379, 43.0747913 ], [ -87.8669522, 43.0748066 ], [ -87.8669776, 43.0748337 ], [ -87.8670196, 43.0748915 ], [ -87.8670662, 43.0749779 ], [ -87.8670835, 43.075018799999988 ], [ -87.8670927, 43.0750519 ], [ -87.8671053, 43.0750916 ], [ -87.867145, 43.0751877 ], [ -87.8671604, 43.0752308 ], [ -87.8671903, 43.0753369 ], [ -87.8672079, 43.0753986 ], [ -87.8672236, 43.0754296 ], [ -87.8672414, 43.0754573 ], [ -87.8672737, 43.0754964 ], [ -87.8673274, 43.0755663 ], [ -87.8673692, 43.0756286 ], [ -87.8673834, 43.0756508 ], [ -87.8673953, 43.075686 ], [ -87.8674066, 43.0757104 ], [ -87.8674263, 43.0757382 ], [ -87.8674783, 43.075803 ], [ -87.8675092, 43.0758572 ], [ -87.867521599999989, 43.0758772 ], [ -87.867601, 43.0759896 ], [ -87.8676579, 43.076075 ], [ -87.8676763, 43.0761116 ], [ -87.867747400000013, 43.0762192 ], [ -87.867826, 43.0763537 ], [ -87.8678504, 43.0764056 ], [ -87.8679099, 43.076524 ], [ -87.8679462, 43.0766114 ], [ -87.8679664, 43.0766754 ], [ -87.8679887, 43.0767339 ], [ -87.8680088, 43.0767759 ], [ -87.8680562, 43.0768396 ], [ -87.8680772, 43.0768815 ], [ -87.8680933, 43.0769291 ], [ -87.868111900000017, 43.0769864 ], [ -87.8681323, 43.077046 ], [ -87.8681433, 43.077078 ], [ -87.8681943, 43.0771723 ], [ -87.8682416, 43.0772663 ], [ -87.8682583, 43.0772985 ], [ -87.8682818, 43.0773474 ], [ -87.8682976, 43.0773773 ], [ -87.868361299999989, 43.077483699999988 ], [ -87.8683786, 43.0775247 ], [ -87.8683925, 43.0775566 ], [ -87.8684293, 43.0776275 ], [ -87.8684412, 43.0776618 ], [ -87.8684613, 43.0777037 ], [ -87.8684882, 43.077792 ], [ -87.8684984, 43.0778209 ], [ -87.8685305, 43.0778654 ], [ -87.86857160000001, 43.0779231 ], [ -87.8686176, 43.0779734 ], [ -87.8686686, 43.0780414 ], [ -87.8687117, 43.0780913 ], [ -87.8687614, 43.0781428 ], [ -87.8688079, 43.0782062 ], [ -87.8688608, 43.078271799999989 ], [ -87.868914, 43.0783299 ], [ -87.8690264, 43.0784352 ], [ -87.8690373, 43.0784453 ], [ -87.8690507, 43.0784642 ], [ -87.8691018, 43.0785289 ], [ -87.8691573, 43.0786022 ], [ -87.8692364, 43.0786959 ], [ -87.869303800000012, 43.0787759 ], [ -87.8693582, 43.0788538 ], [ -87.8693935, 43.078914 ], [ -87.8694177, 43.0789471 ], [ -87.8694652, 43.0790051 ], [ -87.8695264, 43.0790765 ], [ -87.8695928, 43.0791599 ], [ -87.8696477, 43.0792214 ], [ -87.8696581, 43.0792456 ], [ -87.8696767, 43.0792755 ], [ -87.8697239, 43.0793456 ], [ -87.8697477, 43.0793866 ], [ -87.869780800000015, 43.0794575 ], [ -87.8698161, 43.0795196 ], [ -87.8698605, 43.0795905 ], [ -87.8699056, 43.0796639 ], [ -87.8699341, 43.0797335 ], [ -87.8699662, 43.0798076 ], [ -87.8699961, 43.0798608 ], [ -87.8700385, 43.0799342 ], [ -87.8701015, 43.0800615 ], [ -87.870144, 43.0801565 ], [ -87.8701755, 43.0802471 ], [ -87.8701987, 43.0803077 ], [ -87.8702465, 43.0803844 ], [ -87.8702713, 43.0804274 ], [ -87.8703168, 43.0805164 ], [ -87.8703262, 43.0805429 ], [ -87.8703419, 43.0805761 ], [ -87.8703606, 43.0806039 ], [ -87.870383, 43.0806337 ], [ -87.8703971, 43.080658199999988 ], [ -87.870410299999989, 43.08071 ], [ -87.8704216, 43.0807618 ], [ -87.870438299999989, 43.0808191 ], [ -87.8704489, 43.0808379 ], [ -87.8704595, 43.080853399999988 ], [ -87.8704703, 43.080868 ], [ -87.870476599999989, 43.0808757 ], [ -87.8704697, 43.0808833 ], [ -87.870519, 43.0810018 ], [ -87.8705196, 43.0810116 ], [ -87.8705264, 43.0810304 ], [ -87.8705621, 43.0810794 ], [ -87.8705834, 43.0811138 ], [ -87.8706015, 43.0811578 ], [ -87.8706245, 43.0812505 ], [ -87.8706404, 43.0813044 ], [ -87.8706438, 43.0813407 ], [ -87.8706576, 43.081375 ], [ -87.8706828, 43.0814304 ], [ -87.8706829, 43.0814543 ], [ -87.8706763, 43.0814829 ], [ -87.8706753, 43.0815126 ], [ -87.8706892, 43.0815436 ], [ -87.8706957, 43.0815711 ], [ -87.8707027, 43.0815866 ], [ -87.8707349, 43.0816551 ], [ -87.8707751, 43.0817371 ], [ -87.8707951, 43.0818087 ], [ -87.8708138, 43.0818702 ], [ -87.8708169, 43.0818804 ], [ -87.8708194, 43.0819083 ], [ -87.8708198, 43.0819126 ], [ -87.8708203, 43.0819181 ], [ -87.8708211, 43.0819219 ], [ -87.8708212, 43.0819232 ] ] ] } },
{ "type": "Feature", "properties": { "rep_unit_id": 128, "ward": "City of Milwaukee Ward 128", "county": "MILWAUKEE" }, "geometry": { "type": "Polygon", "coordinates": [ [ [ -87.8668289, 43.0746718 ], [ -87.8672359, 43.0746762 ], [ -87.8717044, 43.0746867 ], [ -87.871947600000013, 43.074625 ], [ -87.8721471, 43.0727701 ], [ -87.872389, 43.0727711 ], [ -87.873118, 43.0727741 ], [ -87.873361, 43.0727761 ], [ -87.87359, 43.0727771 ], [ -87.874278, 43.0727801 ], [ -87.874508, 43.0727811 ], [ -87.874736, 43.0727821 ], [ -87.875422, 43.0727851 ], [ -87.875651, 43.0727861 ], [ -87.87588, 43.0727871 ], [ -87.8765669, 43.0727901 ], [ -87.8767969, 43.0727911 ], [ -87.8770299, 43.0727921 ], [ -87.8777289, 43.0727951 ], [ -87.8779629, 43.0727961 ], [ -87.8779709, 43.0724341 ], [ -87.8779959, 43.071352 ], [ -87.8780049, 43.070991 ], [ -87.8780099, 43.070652 ], [ -87.8780269, 43.069638 ], [ -87.8780329, 43.0693 ], [ -87.878038, 43.068906 ], [ -87.878056, 43.0677269 ], [ -87.878062, 43.0673339 ], [ -87.878066, 43.0670819 ], [ -87.878078, 43.0663259 ], [ -87.878082, 43.0660739 ], [ -87.878085, 43.0658379 ], [ -87.878096, 43.0651308 ], [ -87.8781, 43.0648958 ], [ -87.87835, 43.0648968 ], [ -87.879102, 43.0648998 ], [ -87.879353, 43.0649018 ], [ -87.879357, 43.0646628 ], [ -87.87937, 43.0639488 ], [ -87.879375, 43.0637108 ], [ -87.879556, 43.0637108 ], [ -87.880102, 43.0637128 ], [ -87.880284, 43.063713799999988 ], [ -87.880586, 43.0634008 ], [ -87.880639, 43.0633458 ], [ -87.880799, 43.0631808 ], [ -87.880934, 43.0630398 ], [ -87.8812009, 43.0627638 ], [ -87.8813409, 43.0626168 ], [ -87.8814769, 43.0624768 ], [ -87.881801900000013, 43.062139699999989 ], [ -87.8823859, 43.0615347 ], [ -87.8827789, 43.0611307 ], [ -87.8831049, 43.0607947 ], [ -87.8837629, 43.0601117 ], [ -87.8835379, 43.0601107 ], [ -87.8825249, 43.0601087 ], [ -87.882188, 43.0601087 ], [ -87.881841, 43.0601077 ], [ -87.880803, 43.0601057 ], [ -87.880457, 43.0601057 ], [ -87.8804352, 43.0599273 ], [ -87.8800173, 43.0597035 ], [ -87.8798286, 43.0596149 ], [ -87.8793599, 43.0593964 ], [ -87.878684, 43.0600883 ], [ -87.8784976, 43.0600873 ], [ -87.8784647, 43.0600871 ], [ -87.8781844, 43.060086 ], [ -87.878183299999989, 43.060086 ], [ -87.8765315, 43.0600794 ], [ -87.8765304, 43.0600794 ], [ -87.8759637, 43.0600771 ], [ -87.8758572, 43.060077 ], [ -87.8757235, 43.0600769 ], [ -87.8757224, 43.0600769 ], [ -87.8748203, 43.0600736 ], [ -87.8748189, 43.0600736 ], [ -87.874782, 43.0600725 ], [ -87.874781, 43.0600724 ], [ -87.8742996, 43.0600587 ], [ -87.873886399999989, 43.060549 ], [ -87.8734306, 43.0610408 ], [ -87.8728678, 43.061530499999989 ], [ -87.8724757, 43.0618734 ], [ -87.8720748, 43.0621876 ], [ -87.8717239, 43.0624669 ], [ -87.8714732, 43.0626695 ], [ -87.871119299999989, 43.0630345 ], [ -87.8708163, 43.0633362 ], [ -87.8705354, 43.0635668 ], [ -87.8700431, 43.0639864 ], [ -87.8699516, 43.0640557 ], [ -87.8695825, 43.0643352 ], [ -87.869197899999989, 43.0645656 ], [ -87.8691617, 43.0645627 ], [ -87.8691263, 43.0645582 ], [ -87.8690555, 43.0645477 ], [ -87.868996, 43.0645383 ], [ -87.8689205, 43.0645291 ], [ -87.868872, 43.0645225 ], [ -87.8688346, 43.0645236 ], [ -87.868785699999989, 43.0645291 ], [ -87.8687508, 43.0645382 ], [ -87.8687053, 43.0645534 ], [ -87.8686709, 43.0645747 ], [ -87.868642799999989, 43.0646018 ], [ -87.8686223, 43.0646259 ], [ -87.8686104, 43.0646464 ], [ -87.8685908, 43.0646963 ], [ -87.868573, 43.064752 ], [ -87.868566, 43.0647905 ], [ -87.8685694, 43.064828 ], [ -87.8685744, 43.0648731 ], [ -87.868580799999989, 43.0649036 ], [ -87.8685881, 43.0649367 ], [ -87.8685955, 43.064967 ], [ -87.8686039, 43.0650195 ], [ -87.8686082, 43.065084 ], [ -87.8686063, 43.0651387 ], [ -87.8686005, 43.0651979 ], [ -87.86859050000001, 43.065269799999989 ], [ -87.8685816, 43.0653387 ], [ -87.8685635, 43.0654008 ], [ -87.8685421, 43.0654515 ], [ -87.8685193, 43.0654877 ], [ -87.8684834, 43.0655237 ], [ -87.8684581, 43.0655522 ], [ -87.8684407, 43.0655666 ], [ -87.8684317, 43.0655826 ], [ -87.868402, 43.0656292 ], [ -87.8683678, 43.0656718 ], [ -87.8683231, 43.06572 ], [ -87.8682821, 43.0657668 ], [ -87.8682394, 43.0658125 ], [ -87.8681843, 43.0658636 ], [ -87.8681663, 43.0658955 ], [ -87.868133, 43.0659375 ], [ -87.8680967, 43.0659856 ], [ -87.8680627, 43.0660471 ], [ -87.86802990000001, 43.0661037 ], [ -87.8680124, 43.0661491 ], [ -87.8680019, 43.0661811 ], [ -87.8679832, 43.0662357 ], [ -87.8679577, 43.0662963 ], [ -87.8679352, 43.06635 ], [ -87.8679094, 43.066418 ], [ -87.8678778, 43.0664922 ], [ -87.8678543, 43.066549 ], [ -87.8678144, 43.0666462 ], [ -87.8677879, 43.0667101 ], [ -87.8677634, 43.066767899999988 ], [ -87.867734399999989, 43.0668227 ], [ -87.8677017, 43.0668736 ], [ -87.8676789, 43.0669111 ], [ -87.86766, 43.066943 ], [ -87.8676247, 43.0669876 ], [ -87.8675908, 43.067021 ], [ -87.8675433, 43.0670671 ], [ -87.8674948, 43.0671167 ], [ -87.867462500000016, 43.0671566 ], [ -87.8674273, 43.0671997 ], [ -87.8674041, 43.0672219 ], [ -87.8673836, 43.0672454 ], [ -87.8673579, 43.0672585 ], [ -87.867332300000015, 43.0672669 ], [ -87.8673067, 43.067278 ], [ -87.8672933, 43.0672869 ], [ -87.8672857, 43.0672907 ], [ -87.867274, 43.0673043 ], [ -87.8672554, 43.0673262 ], [ -87.8672398, 43.0673453 ], [ -87.8672247, 43.0673755 ], [ -87.8671865, 43.0674248 ], [ -87.8671629, 43.0674575 ], [ -87.8671475, 43.067468399999989 ], [ -87.8671444, 43.0674766 ], [ -87.8671325, 43.0674959 ], [ -87.8671206, 43.067515 ], [ -87.8671139, 43.0675205 ], [ -87.8670983, 43.0675368 ], [ -87.8670868, 43.067545 ], [ -87.8670597, 43.0675723 ], [ -87.8670374, 43.067594199999988 ], [ -87.8670257, 43.0676078 ], [ -87.8670071, 43.0676297 ], [ -87.8669836, 43.0676597 ], [ -87.8669458, 43.0676979 ], [ -87.8668962, 43.0677498 ], [ -87.8668922, 43.0677581 ], [ -87.8668805, 43.0677718 ], [ -87.8668656, 43.0677964 ], [ -87.8668538, 43.0678129 ], [ -87.8668422, 43.0678237 ], [ -87.8668116, 43.0678676 ], [ -87.8668044, 43.0678867 ], [ -87.8667924, 43.0679086 ], [ -87.86677370000001, 43.0679361 ], [ -87.8667424, 43.067974299999989 ], [ -87.8667196, 43.0680099 ], [ -87.8667041, 43.0680263 ], [ -87.8666893, 43.0680482 ], [ -87.8666735, 43.0680728 ], [ -87.866655, 43.0680919 ], [ -87.8666393, 43.0681138 ], [ -87.8666163, 43.0681549 ], [ -87.8666124, 43.0681604 ], [ -87.8666006, 43.0681768 ], [ -87.8665934, 43.0681933 ], [ -87.8665775, 43.0682207 ], [ -87.8665664, 43.068245399999988 ], [ -87.8665466, 43.0682755 ], [ -87.8665277, 43.0683083 ], [ -87.8664973, 43.0683466 ], [ -87.8664743, 43.0683905 ], [ -87.8664467, 43.0684288 ], [ -87.866416199999989, 43.0684726 ], [ -87.8663861, 43.0685026 ], [ -87.8663626, 43.0685327 ], [ -87.8663558, 43.0685409 ], [ -87.8663441, 43.0685546 ], [ -87.8663285, 43.068571 ], [ -87.8663131, 43.0685846 ], [ -87.866302499999989, 43.0685928 ], [ -87.8662909, 43.0686037 ], [ -87.866267800000017, 43.06862 ], [ -87.8662562, 43.068631 ], [ -87.8662409, 43.0686418 ], [ -87.8662303, 43.06865 ], [ -87.8662222, 43.0686664 ], [ -87.8662142, 43.0686829 ], [ -87.866207100000011, 43.0686966 ], [ -87.8662029, 43.0687103 ], [ -87.8661951, 43.0687185 ], [ -87.8661834, 43.0687322 ], [ -87.8661686, 43.0687541 ], [ -87.86614560000001, 43.0687704 ], [ -87.8661379, 43.0687758 ], [ -87.8661265, 43.0687813 ], [ -87.8661228, 43.068781199999989 ], [ -87.8661114, 43.0687839 ], [ -87.8661038, 43.0687893 ], [ -87.8660961, 43.0687948 ], [ -87.8660883, 43.0688029 ], [ -87.866073899999989, 43.0688138 ], [ -87.8660702, 43.068813899999988 ], [ -87.8660626, 43.0688165 ], [ -87.8660512, 43.0688192 ], [ -87.86604, 43.0688191 ], [ -87.8660174, 43.0688244 ], [ -87.8660021, 43.0688326 ], [ -87.8659904, 43.0688462 ], [ -87.8659673, 43.0688653 ], [ -87.8659642, 43.0688735 ], [ -87.8659407, 43.0689036 ], [ -87.8659183, 43.0689281 ], [ -87.8659104, 43.0689392 ], [ -87.8658907, 43.0689665 ], [ -87.865876, 43.0689856 ], [ -87.8658566, 43.0690075 ], [ -87.865845, 43.0690156 ], [ -87.8658152, 43.0690402 ], [ -87.8657659, 43.0690838 ], [ -87.865735, 43.0691111 ], [ -87.8656784, 43.0691519 ], [ -87.865636099999989, 43.0691846 ], [ -87.8655871, 43.06922 ], [ -87.8655488, 43.0692444 ], [ -87.865499899999989, 43.0692771 ], [ -87.8654548, 43.0693097 ], [ -87.8653973, 43.0693478 ], [ -87.8653446, 43.0693831 ], [ -87.8652842, 43.0694239 ], [ -87.8652574, 43.069443 ], [ -87.8652381, 43.0694593 ], [ -87.865219, 43.0694702 ], [ -87.8651969, 43.0694865 ], [ -87.8651739, 43.0695001 ], [ -87.865150899999989, 43.0695165 ], [ -87.8651022, 43.0695436 ], [ -87.8650754, 43.0695626 ], [ -87.8650371, 43.0695871 ], [ -87.8650035, 43.0696115 ], [ -87.8649844, 43.0696224 ], [ -87.864969, 43.0696333 ], [ -87.8649536, 43.0696469 ], [ -87.8649355, 43.0696551 ], [ -87.864908700000015, 43.0696713 ], [ -87.8648668, 43.069693 ], [ -87.8648364, 43.069706499999988 ], [ -87.8647954, 43.0697282 ], [ -87.8647495, 43.0697553 ], [ -87.8647114, 43.0697743 ], [ -87.8646779, 43.069796 ], [ -87.8646473, 43.0698151 ], [ -87.8646129, 43.0698341 ], [ -87.8645945, 43.0698504 ], [ -87.8645637, 43.0698749 ], [ -87.8645415, 43.069894 ], [ -87.8645184, 43.0699131 ], [ -87.8644875, 43.0699404 ], [ -87.864438299999989, 43.069984 ], [ -87.8643969, 43.0700166 ], [ -87.8643736, 43.0700385 ], [ -87.8643552, 43.0700576 ], [ -87.8643205, 43.0700876 ], [ -87.8643013, 43.0701012 ], [ -87.8642716, 43.0701202 ], [ -87.8642331, 43.0701502 ], [ -87.8641763, 43.0701966 ], [ -87.8641384, 43.0702348 ], [ -87.8640928, 43.0702812 ], [ -87.8640691, 43.0703168 ], [ -87.8640504, 43.0703441 ], [ -87.8640344, 43.0703716 ], [ -87.8640232, 43.070399 ], [ -87.8640079, 43.0704346 ], [ -87.864007199999989, 43.0704814 ], [ -87.8640063, 43.0705062 ], [ -87.8640138, 43.0705338 ], [ -87.8640245, 43.0705503 ], [ -87.8640389, 43.0705666 ], [ -87.8640019, 43.0705805 ], [ -87.8639523, 43.0706076 ], [ -87.863914799999989, 43.0706347 ], [ -87.863884, 43.0706593 ], [ -87.8638654, 43.0706839 ], [ -87.8638426, 43.0707195 ], [ -87.8638262, 43.0707607 ], [ -87.863823700000012, 43.0707768 ], [ -87.8638221, 43.0707964 ], [ -87.8638218, 43.0708322 ], [ -87.863817, 43.07089 ], [ -87.863804, 43.0720376 ], [ -87.8638026, 43.0732048 ], [ -87.8638095, 43.0741046 ], [ -87.8638144, 43.0741256 ], [ -87.8638228, 43.074152 ], [ -87.8638374, 43.0741905 ], [ -87.8638488, 43.074212 ], [ -87.8638595, 43.0742264 ], [ -87.8638785, 43.074246599999988 ], [ -87.8639076, 43.0742709 ], [ -87.8639351, 43.0742886 ], [ -87.8639599, 43.0743015 ], [ -87.863982, 43.074311099999989 ], [ -87.8640069, 43.0743225 ], [ -87.86403, 43.0743297 ], [ -87.8640551, 43.0743365 ], [ -87.8640755, 43.074341 ], [ -87.8641052, 43.0743468 ], [ -87.8641426, 43.0743498 ], [ -87.866511300000013, 43.0743616 ], [ -87.8665156, 43.0743694 ], [ -87.8665265, 43.0743777 ], [ -87.8665345, 43.0743888 ], [ -87.8665526, 43.0744082 ], [ -87.866579, 43.0744277 ], [ -87.8665972, 43.0744443 ], [ -87.8666163, 43.074461 ], [ -87.8666417, 43.0744833 ], [ -87.8666718, 43.0745055 ], [ -87.8667009, 43.0745305 ], [ -87.8667236, 43.07455 ], [ -87.8667417, 43.0745666 ], [ -87.8667625, 43.0745873 ], [ -87.8667912, 43.0746248 ], [ -87.8668153, 43.0746574 ], [ -87.8668289, 43.0746718 ] ] ] } },
{ "type": "Feature", "properties": { "rep_unit_id": 129, "ward": "City of Milwaukee Ward 129", "county": "MILWAUKEE" }, "geometry": { "type": "Polygon", "coordinates": [ [ [ -87.878062, 43.0673339 ], [ -87.87831, 43.0673359 ], [ -87.8790549, 43.0673419 ], [ -87.8793039, 43.0673439 ], [ -87.879549900000015, 43.0673439 ], [ -87.8802879, 43.0673479 ], [ -87.880533899999989, 43.0673489 ], [ -87.8807809, 43.0673499 ], [ -87.8815229, 43.0673529 ], [ -87.8817709, 43.0673549 ], [ -87.8817739, 43.0671009 ], [ -87.8817869, 43.0663389 ], [ -87.8817909, 43.0660859 ], [ -87.8817939, 43.0658499 ], [ -87.8818049, 43.0651448 ], [ -87.8818089, 43.0649098 ], [ -87.8820559, 43.0649098 ], [ -87.882796900000017, 43.0649128 ], [ -87.8830449, 43.0649148 ], [ -87.8830479, 43.0646758 ], [ -87.8830589, 43.0639598 ], [ -87.883062900000013, 43.0637218 ], [ -87.8830659, 43.0634808 ], [ -87.8830759, 43.0627608 ], [ -87.8830799, 43.0625208 ], [ -87.8830839, 43.0621748 ], [ -87.8830999, 43.0611397 ], [ -87.8831049, 43.0607947 ], [ -87.8827789, 43.0611307 ], [ -87.8823859, 43.0615347 ], [ -87.881801900000013, 43.062139699999989 ], [ -87.8814769, 43.0624768 ], [ -87.8813409, 43.0626168 ], [ -87.8812009, 43.0627638 ], [ -87.880934, 43.0630398 ], [ -87.880799, 43.0631808 ], [ -87.880639, 43.0633458 ], [ -87.880586, 43.0634008 ], [ -87.880284, 43.063713799999988 ], [ -87.880102, 43.0637128 ], [ -87.879556, 43.0637108 ], [ -87.879375, 43.0637108 ], [ -87.87937, 43.0639488 ], [ -87.879357, 43.0646628 ], [ -87.879353, 43.0649018 ], [ -87.879102, 43.0648998 ], [ -87.87835, 43.0648968 ], [ -87.8781, 43.0648958 ], [ -87.878096, 43.0651308 ], [ -87.878085, 43.0658379 ], [ -87.878082, 43.0660739 ], [ -87.878078, 43.0663259 ], [ -87.878066, 43.0670819 ], [ -87.878062, 43.0673339 ] ] ] } },
{ "type": "Feature", "properties": { "rep_unit_id": 130, "ward": "City of Milwaukee Ward 130", "county": "MILWAUKEE" }, "geometry": { "type": "Polygon", "coordinates": [ [ [ -87.8817709, 43.0673549 ], [ -87.882020900000015, 43.0673569 ], [ -87.8827708, 43.0673629 ], [ -87.8830218, 43.0673649 ], [ -87.8832698, 43.0673659 ], [ -87.8840158, 43.0673719 ], [ -87.8842648, 43.0673739 ], [ -87.8845078, 43.0673749 ], [ -87.8852398, 43.0673789 ], [ -87.8854838, 43.0673809 ], [ -87.8854878, 43.0671239 ], [ -87.8855038, 43.0663559 ], [ -87.8855098, 43.0660999 ], [ -87.8857558, 43.0660999 ], [ -87.8864958, 43.0661029 ], [ -87.8867428, 43.0661039 ], [ -87.8867458, 43.0658679 ], [ -87.8867588, 43.0651629 ], [ -87.886762800000014, 43.0649279 ], [ -87.8870118, 43.0649279 ], [ -87.8877587, 43.0649309 ], [ -87.8880087, 43.0649319 ], [ -87.8880117, 43.0646929 ], [ -87.888023800000013, 43.0639798 ], [ -87.8880278, 43.0637418 ], [ -87.8877788, 43.0637398 ], [ -87.8870318, 43.0637338 ], [ -87.8867828, 43.0637328 ], [ -87.8865348, 43.0637318 ], [ -87.8857928, 43.0637298 ], [ -87.8855458, 43.0637298 ], [ -87.8852998, 43.0637288 ], [ -87.8845618, 43.0637258 ], [ -87.8843169, 43.0637258 ], [ -87.8840659, 43.0637248 ], [ -87.8833129, 43.0637218 ], [ -87.883062900000013, 43.0637218 ], [ -87.8830589, 43.0639598 ], [ -87.8830479, 43.0646758 ], [ -87.8830449, 43.0649148 ], [ -87.882796900000017, 43.0649128 ], [ -87.8820559, 43.0649098 ], [ -87.8818089, 43.0649098 ], [ -87.8818049, 43.0651448 ], [ -87.8817939, 43.0658499 ], [ -87.8817909, 43.0660859 ], [ -87.8817869, 43.0663389 ], [ -87.8817739, 43.0671009 ], [ -87.8817709, 43.0673549 ] ] ] } },
{ "type": "Feature", "properties": { "rep_unit_id": 131, "ward": "City of Milwaukee Ward 131", "county": "MILWAUKEE" }, "geometry": { "type": "Polygon", "coordinates": [ [ [ -87.883062900000013, 43.0637218 ], [ -87.8833129, 43.0637218 ], [ -87.8840659, 43.0637248 ], [ -87.8843169, 43.0637258 ], [ -87.8845618, 43.0637258 ], [ -87.8852998, 43.0637288 ], [ -87.8855458, 43.0637298 ], [ -87.8857928, 43.0637298 ], [ -87.8865348, 43.0637318 ], [ -87.8867828, 43.0637328 ], [ -87.8870318, 43.0637338 ], [ -87.8877788, 43.0637398 ], [ -87.8880278, 43.0637418 ], [ -87.8882718, 43.0637438 ], [ -87.8906097, 43.0637525 ], [ -87.8905127, 43.0632848 ], [ -87.8904477, 43.0629798 ], [ -87.8904647, 43.0618338 ], [ -87.890472699999989, 43.0613478 ], [ -87.8904757, 43.0611057 ], [ -87.8904867, 43.0603807 ], [ -87.8904907, 43.0601397 ], [ -87.8902547, 43.0601377 ], [ -87.8895468, 43.0601317 ], [ -87.8893118, 43.0601297 ], [ -87.8890648, 43.0601277 ], [ -87.8883268, 43.0601217 ], [ -87.8880808, 43.0601197 ], [ -87.8880438, 43.0601187 ], [ -87.8879348, 43.0601187 ], [ -87.8878988, 43.0601187 ], [ -87.8862438, 43.0592878 ], [ -87.885154, 43.0586936 ], [ -87.8859227, 43.057878400000014 ], [ -87.8847919, 43.0572824 ], [ -87.882149, 43.0600098 ], [ -87.882188, 43.0601087 ], [ -87.8825249, 43.0601087 ], [ -87.8835379, 43.0601107 ], [ -87.8837629, 43.0601117 ], [ -87.8831049, 43.0607947 ], [ -87.8830999, 43.0611397 ], [ -87.8830839, 43.0621748 ], [ -87.8830799, 43.0625208 ], [ -87.8830759, 43.0627608 ], [ -87.8830659, 43.0634808 ], [ -87.883062900000013, 43.0637218 ] ] ] } },
{ "type": "Feature", "properties": { "rep_unit_id": 132, "ward": "City of Milwaukee Ward 132", "county": "MILWAUKEE" }, "geometry": { "type": "Polygon", "coordinates": [ [ [ -87.8866925, 43.0693173 ], [ -87.8869457, 43.069319 ], [ -87.8879367, 43.0693184 ], [ -87.8879507, 43.068796 ], [ -87.8881957, 43.068796 ], [ -87.8889337, 43.068799 ], [ -87.8891797, 43.068801 ], [ -87.8891827, 43.068521 ], [ -87.8891957, 43.067683 ], [ -87.8891947, 43.0673956 ], [ -87.890946500000013, 43.0674087 ], [ -87.8913234, 43.067411 ], [ -87.8923458, 43.0674179 ], [ -87.8927748, 43.0674206 ], [ -87.8937082, 43.0674266 ], [ -87.8942596, 43.0674302 ], [ -87.8943592, 43.0674309 ], [ -87.8950488, 43.0674353 ], [ -87.8951743, 43.0674372 ], [ -87.895241399999989, 43.0671982 ], [ -87.8950386, 43.0662939 ], [ -87.8943966, 43.0655189 ], [ -87.8934136, 43.0643439 ], [ -87.8930696, 43.0638778 ], [ -87.8929276, 43.0633208 ], [ -87.8929476, 43.0623888 ], [ -87.8931606, 43.061689799999989 ], [ -87.8936447, 43.0601657 ], [ -87.8935337, 43.0601647 ], [ -87.8934857, 43.0601647 ], [ -87.893202699999989, 43.0601617 ], [ -87.8930927, 43.0601607 ], [ -87.8928567, 43.0601587 ], [ -87.8921487, 43.0601527 ], [ -87.891913699999989, 43.0601517 ], [ -87.8918567, 43.0601507 ], [ -87.8916867, 43.0601497 ], [ -87.8916307, 43.0601497 ], [ -87.8914027, 43.0601477 ], [ -87.8907177, 43.0601417 ], [ -87.8904907, 43.0601397 ], [ -87.8904867, 43.0603807 ], [ -87.8904757, 43.0611057 ], [ -87.890472699999989, 43.0613478 ], [ -87.8904647, 43.0618338 ], [ -87.8904477, 43.0629798 ], [ -87.8905127, 43.0632848 ], [ -87.8906097, 43.0637525 ], [ -87.8882718, 43.0637438 ], [ -87.8880278, 43.0637418 ], [ -87.888023800000013, 43.0639798 ], [ -87.8880117, 43.0646929 ], [ -87.8880087, 43.0649319 ], [ -87.8877587, 43.0649309 ], [ -87.8870118, 43.0649279 ], [ -87.886762800000014, 43.0649279 ], [ -87.8867588, 43.0651629 ], [ -87.8867458, 43.0658679 ], [ -87.8867428, 43.0661039 ], [ -87.8864958, 43.0661029 ], [ -87.8857558, 43.0660999 ], [ -87.8855098, 43.0660999 ], [ -87.8855038, 43.0663559 ], [ -87.8854878, 43.0671239 ], [ -87.8854838, 43.0673809 ], [ -87.8857308, 43.0673819 ], [ -87.8864738, 43.0673849 ], [ -87.8867217, 43.0673869 ], [ -87.8867167, 43.067774 ], [ -87.886701699999989, 43.068937 ], [ -87.8866925, 43.0693173 ] ] ] } },
{ "type": "Feature", "properties": { "rep_unit_id": 133, "ward": "City of Milwaukee Ward 133", "county": "MILWAUKEE" }, "geometry": { "type": "Polygon", "coordinates": [ [ [ -87.8931873, 43.071086 ], [ -87.8977937, 43.0711512 ], [ -87.897794499999989, 43.0710842 ], [ -87.897802399999989, 43.0709611 ], [ -87.8978104, 43.0706771 ], [ -87.8978104, 43.0705681 ], [ -87.8978124, 43.0704381 ], [ -87.8978134, 43.0702061 ], [ -87.8978204, 43.069511 ], [ -87.8978224, 43.06928 ], [ -87.8978264, 43.068913 ], [ -87.8978415, 43.067814 ], [ -87.8978495, 43.067041 ], [ -87.8978625, 43.0659729 ], [ -87.8978675, 43.0656179 ], [ -87.8978705, 43.0652549 ], [ -87.8978835, 43.0641689 ], [ -87.8978885, 43.0638069 ], [ -87.8979529, 43.059159 ], [ -87.8980095, 43.0571632 ], [ -87.8980138, 43.0570223 ], [ -87.896989600000012, 43.0570471 ], [ -87.8959609, 43.0572101 ], [ -87.8954227, 43.0573992 ], [ -87.8947031, 43.0579429 ], [ -87.8940854, 43.0586777 ], [ -87.8937641, 43.0595423 ], [ -87.8936447, 43.0601657 ], [ -87.8931606, 43.061689799999989 ], [ -87.8929476, 43.0623888 ], [ -87.8929276, 43.0633208 ], [ -87.8930696, 43.0638778 ], [ -87.8934136, 43.0643439 ], [ -87.8943966, 43.0655189 ], [ -87.8950386, 43.0662939 ], [ -87.895241399999989, 43.0671982 ], [ -87.8951743, 43.0674372 ], [ -87.8947303, 43.0690185 ], [ -87.8931873, 43.071086 ] ] ] } },
{ "type": "Feature", "properties": { "rep_unit_id": 141, "ward": "City of Milwaukee Ward 141", "county": "MILWAUKEE" }, "geometry": { "type": "Polygon", "coordinates": [ [ [ -87.9031586, 43.0427142 ], [ -87.9034076, 43.042696199999988 ], [ -87.9041556, 43.0426452 ], [ -87.9044056, 43.042628199999989 ], [ -87.9046556, 43.0426112 ], [ -87.9054086, 43.0425642 ], [ -87.9056596, 43.0425492 ], [ -87.9059106, 43.042532199999989 ], [ -87.9082185, 43.0423732 ], [ -87.908477499999989, 43.0423572 ], [ -87.9103927, 43.0422337 ], [ -87.9125337, 43.041693 ], [ -87.912300700000017, 43.0413409 ], [ -87.9119755, 43.0409088 ], [ -87.9108253, 43.0396739 ], [ -87.9102772, 43.0389757 ], [ -87.9101266, 43.0386171 ], [ -87.9098788, 43.0373108 ], [ -87.9098347, 43.0367149 ], [ -87.9098323, 43.0360668 ], [ -87.9095167, 43.0360948 ], [ -87.9088077, 43.0361318 ], [ -87.9075351, 43.0362273 ], [ -87.9037327, 43.036464 ], [ -87.9024659, 43.0365331 ], [ -87.9025897, 43.037498 ], [ -87.9026197, 43.037738 ], [ -87.9026487, 43.037983 ], [ -87.9027357, 43.038718 ], [ -87.902765699999989, 43.0389631 ], [ -87.9027907, 43.0392101 ], [ -87.9028687, 43.0399531 ], [ -87.9028957, 43.0402011 ], [ -87.9029207, 43.0404431 ], [ -87.9029966, 43.0411721 ], [ -87.9030226, 43.0414151 ], [ -87.903049600000017, 43.0416741 ], [ -87.9031306, 43.0424542 ], [ -87.9031586, 43.0427142 ] ] ] } },
{ "type": "Feature", "properties": { "rep_unit_id": 156, "ward": "City of Milwaukee Ward 156", "county": "MILWAUKEE" }, "geometry": { "type": "Polygon", "coordinates": [ [ [ -87.899416699999989, 43.0430932 ], [ -87.8995477, 43.0430632 ], [ -87.8997637, 43.0430162 ], [ -87.8999467, 43.0429962 ], [ -87.9000117, 43.0429892 ], [ -87.9000817, 43.0429832 ], [ -87.9001977, 43.0429732 ], [ -87.9005477, 43.0429442 ], [ -87.9006647, 43.0429352 ], [ -87.9009137, 43.0429202 ], [ -87.9016617, 43.0428782 ], [ -87.9019117, 43.0428642 ], [ -87.9021606, 43.0428332 ], [ -87.902908599999989, 43.0427442 ], [ -87.9031586, 43.0427142 ], [ -87.9031306, 43.0424542 ], [ -87.903049600000017, 43.0416741 ], [ -87.9030226, 43.0414151 ], [ -87.9029966, 43.0411721 ], [ -87.9029207, 43.0404431 ], [ -87.9028957, 43.0402011 ], [ -87.9028687, 43.0399531 ], [ -87.9027907, 43.0392101 ], [ -87.902765699999989, 43.0389631 ], [ -87.9027357, 43.038718 ], [ -87.9026487, 43.037983 ], [ -87.9026197, 43.037738 ], [ -87.9025897, 43.037498 ], [ -87.9024659, 43.0365331 ], [ -87.9037327, 43.036464 ], [ -87.9037157, 43.036319 ], [ -87.9036997, 43.036186 ], [ -87.903685700000011, 43.036072 ], [ -87.9036587, 43.03584 ], [ -87.9036307, 43.035621899999988 ], [ -87.903615699999989, 43.0354949 ], [ -87.9036057, 43.0354049 ], [ -87.9036017, 43.0353799 ], [ -87.903593700000016, 43.0353049 ], [ -87.9035907, 43.0352799 ], [ -87.9035617, 43.0350369 ], [ -87.9034747, 43.0343109 ], [ -87.903446699999989, 43.0340689 ], [ -87.9034177, 43.0338289 ], [ -87.9033317, 43.0331109 ], [ -87.9033037, 43.0328719 ], [ -87.9032747, 43.0326298 ], [ -87.903187800000012, 43.0319068 ], [ -87.9031588, 43.0316658 ], [ -87.9031298, 43.0313918 ], [ -87.9030428, 43.030569799999988 ], [ -87.9030148, 43.030296799999988 ], [ -87.9032638, 43.0302808 ], [ -87.9040118, 43.0302368 ], [ -87.9042617, 43.0302228 ], [ -87.9045117, 43.0302068 ], [ -87.905264699999989, 43.0301628 ], [ -87.9055157, 43.0301488 ], [ -87.9055987, 43.0301438 ], [ -87.9058477, 43.0301288 ], [ -87.9059307, 43.0301238 ], [ -87.9061217, 43.0302588 ], [ -87.9066967, 43.0306638 ], [ -87.9068077, 43.0307418 ], [ -87.9068977, 43.0307838 ], [ -87.9071767, 43.0309008 ], [ -87.9080166, 43.0312548 ], [ -87.908296600000014, 43.0313728 ], [ -87.9085236, 43.0314678 ], [ -87.9092056, 43.0317548 ], [ -87.9094336, 43.0318508 ], [ -87.9095056, 43.0317538 ], [ -87.9098296, 43.0313318 ], [ -87.9099573, 43.031154699999988 ], [ -87.908759, 43.0307144 ], [ -87.9074909, 43.0300678 ], [ -87.9062336, 43.0291884 ], [ -87.9048341, 43.0280436 ], [ -87.9037158, 43.0266667 ], [ -87.9027841, 43.025475899999989 ], [ -87.9027109, 43.0254176 ], [ -87.9024589, 43.0251996 ], [ -87.9023759, 43.0251276 ], [ -87.8986551, 43.025084899999989 ], [ -87.8986491, 43.0244866 ], [ -87.8952047, 43.0249191 ], [ -87.894711199999989, 43.0249435 ], [ -87.8950216, 43.0254879 ], [ -87.895251, 43.0258903 ], [ -87.895257, 43.0259857 ], [ -87.895331, 43.0259833 ], [ -87.8958179, 43.0259673 ], [ -87.8958187, 43.0259979 ], [ -87.8958285, 43.0265282 ], [ -87.8958394, 43.0270546 ], [ -87.8958517, 43.0277568 ], [ -87.8958586, 43.0282922 ], [ -87.8958743, 43.028786599999989 ], [ -87.8958583, 43.0287888 ], [ -87.8958123, 43.0287951 ], [ -87.8957735, 43.0288091 ], [ -87.8957572, 43.0288208 ], [ -87.8957427, 43.0288345 ], [ -87.89573, 43.0288489 ], [ -87.8957192, 43.0288641 ], [ -87.8957102, 43.0288799 ], [ -87.8957031, 43.0288962 ], [ -87.8956968, 43.0289184 ], [ -87.8956922, 43.0289411 ], [ -87.8956868, 43.0289636 ], [ -87.8956784, 43.0289908 ], [ -87.8956712, 43.0290101 ], [ -87.8956642, 43.0290228 ], [ -87.8956514, 43.029041 ], [ -87.8956274, 43.0290581 ], [ -87.8955979, 43.0290725 ], [ -87.8955684, 43.0290869 ], [ -87.8955322, 43.0291069 ], [ -87.895495, 43.0291273 ], [ -87.8954624, 43.0291504 ], [ -87.895443899999989, 43.0291725 ], [ -87.8954281, 43.0291964 ], [ -87.8954087, 43.0292178 ], [ -87.8953914, 43.0292306 ], [ -87.8953732, 43.0292422 ], [ -87.8953524, 43.0292508 ], [ -87.8953316, 43.0292549 ], [ -87.8953082, 43.0292564 ], [ -87.8952857, 43.0292574 ], [ -87.8952539, 43.0292583 ], [ -87.8952221, 43.0292582 ], [ -87.8951912, 43.0292601 ], [ -87.8951327, 43.0292729 ], [ -87.8950759, 43.0292932 ], [ -87.8950227, 43.0293168 ], [ -87.8949511, 43.0293592 ], [ -87.894886700000015, 43.0294094 ], [ -87.8948224, 43.0294596 ], [ -87.8947639, 43.0295001 ], [ -87.8947045, 43.029540499999989 ], [ -87.8946498, 43.0295831 ], [ -87.8945782, 43.02965 ], [ -87.8945141, 43.0297212 ], [ -87.8944517, 43.0297936 ], [ -87.8944011, 43.0298516 ], [ -87.8943523, 43.0299104 ], [ -87.894308099999989, 43.0299708 ], [ -87.8942594, 43.030053699999989 ], [ -87.894218099999989, 43.0301394 ], [ -87.8941806, 43.0302261 ], [ -87.8941476, 43.0303152 ], [ -87.8941183, 43.0304053 ], [ -87.8940918, 43.0304958 ], [ -87.894068100000013, 43.0305871 ], [ -87.8940462, 43.0306788 ], [ -87.8940262, 43.0307707 ], [ -87.8940138, 43.0308317 ], [ -87.8940093, 43.0308542 ], [ -87.8939943, 43.0309378 ], [ -87.893982, 43.0310217 ], [ -87.8939818, 43.0310268 ], [ -87.893974, 43.0311172 ], [ -87.8939724, 43.0311638 ], [ -87.8939684, 43.0312549 ], [ -87.8939668, 43.031301 ], [ -87.8939652, 43.0313459 ], [ -87.8939659, 43.0314368 ], [ -87.8939698, 43.0315129 ], [ -87.8939765, 43.0315889 ], [ -87.8939879, 43.0316645 ], [ -87.8940085, 43.0317482 ], [ -87.8940346, 43.0318312 ], [ -87.8940635, 43.0319138 ], [ -87.8941005, 43.0320079 ], [ -87.894140299999989, 43.0321013 ], [ -87.894183, 43.0321941 ], [ -87.894213600000015, 43.0322568 ], [ -87.8942441, 43.0323193 ], [ -87.8942766, 43.0323814 ], [ -87.8943082, 43.0324421 ], [ -87.8943417, 43.0325026 ], [ -87.894378, 43.0325619 ], [ -87.8944216, 43.0326246 ], [ -87.8944428, 43.0326884 ], [ -87.8944701, 43.0327373 ], [ -87.8945004, 43.03281 ], [ -87.8945266, 43.0328827 ], [ -87.8945691, 43.0329586 ], [ -87.8946063, 43.0330676 ], [ -87.894641, 43.0332517 ], [ -87.8947216, 43.0335299 ], [ -87.8947889, 43.0339582 ], [ -87.8948585, 43.0345549 ], [ -87.8948271, 43.0346325 ], [ -87.8947545, 43.0350762 ], [ -87.894747, 43.0351753 ], [ -87.8947777, 43.0352361 ], [ -87.8948308, 43.035243099999988 ], [ -87.8948884, 43.0352351 ], [ -87.8949233, 43.0351756 ], [ -87.8950118, 43.0346269 ], [ -87.8950837, 43.034526799999988 ], [ -87.8951455, 43.0344404 ], [ -87.8952281, 43.0343519 ], [ -87.895299799999989, 43.0342783 ], [ -87.8954146, 43.0342107 ], [ -87.8954794, 43.0341865 ], [ -87.8955596, 43.034169 ], [ -87.8956451, 43.0341464 ], [ -87.8957442, 43.0341305 ], [ -87.8958221, 43.0341282 ], [ -87.8958842, 43.0341344 ], [ -87.8959342, 43.034137799999989 ], [ -87.8959946, 43.0341428 ], [ -87.896039, 43.0341588 ], [ -87.896074, 43.0341639 ], [ -87.8961134, 43.0341804 ], [ -87.896159, 43.034197 ], [ -87.8961985, 43.0342091 ], [ -87.896250600000016, 43.0342145 ], [ -87.8962938, 43.0342085 ], [ -87.8963343, 43.0341958 ], [ -87.8963874, 43.0341719 ], [ -87.8964193, 43.0341365 ], [ -87.896439199999989, 43.0340962 ], [ -87.8964432, 43.034067 ], [ -87.8964382, 43.0340353 ], [ -87.8963956, 43.0339591 ], [ -87.8963158, 43.0338912 ], [ -87.8962505, 43.033782699999989 ], [ -87.8962511, 43.0337813 ], [ -87.8962453, 43.0337751 ], [ -87.8962409, 43.0337669 ], [ -87.8962401, 43.0337626 ], [ -87.8962402, 43.0337583 ], [ -87.896178, 43.0336536 ], [ -87.8961269, 43.0335484 ], [ -87.8961349, 43.0334763 ], [ -87.8961344, 43.033332 ], [ -87.8961566, 43.033164 ], [ -87.896193599999989, 43.0330404 ], [ -87.8962405, 43.032949 ], [ -87.896288, 43.0328376 ], [ -87.8963406, 43.0327383 ], [ -87.8964317, 43.0326318 ], [ -87.8965383, 43.0325536 ], [ -87.896678, 43.0324639 ], [ -87.8967611, 43.0324334 ], [ -87.8968452, 43.0323708 ], [ -87.8969449, 43.0323325 ], [ -87.8970282, 43.0322939 ], [ -87.8970975, 43.0322327 ], [ -87.8971312, 43.0321404 ], [ -87.8971168, 43.032072299999989 ], [ -87.8970909, 43.0320194 ], [ -87.8970577, 43.0319816 ], [ -87.8970169, 43.0319605 ], [ -87.8969785, 43.0319361 ], [ -87.8969407, 43.0319111 ], [ -87.8968768, 43.0318933 ], [ -87.8968084, 43.0318693 ], [ -87.896742, 43.0318423 ], [ -87.8966756, 43.0318142 ], [ -87.8965807, 43.0317715 ], [ -87.8964888, 43.0317262 ], [ -87.8963978, 43.0316786 ], [ -87.8962868, 43.0316149 ], [ -87.8961797, 43.0315474 ], [ -87.8960783, 43.031476 ], [ -87.895972, 43.0313866 ], [ -87.8959204, 43.0313371 ], [ -87.8958723, 43.0312919 ], [ -87.8957737, 43.0311972 ], [ -87.8957664, 43.0311893 ], [ -87.8957297, 43.0311423 ], [ -87.8956958, 43.031094 ], [ -87.89567, 43.0310569 ], [ -87.8956629, 43.0310454 ], [ -87.8956291, 43.0309957 ], [ -87.895598, 43.030945599999988 ], [ -87.8955689, 43.0308948 ], [ -87.8955426, 43.0308434 ], [ -87.8955226, 43.0307991 ], [ -87.89551920000001, 43.0307914 ], [ -87.8954976, 43.0307389 ], [ -87.8954781, 43.0306814 ], [ -87.8954604, 43.0306233 ], [ -87.8954456, 43.0305648 ], [ -87.8954336, 43.0305051 ], [ -87.8954235, 43.0304449 ], [ -87.8954172, 43.0303847 ], [ -87.8954145, 43.0303258 ], [ -87.8954166, 43.0302669 ], [ -87.895421399999989, 43.0302081 ], [ -87.8954286, 43.0301615 ], [ -87.8954386, 43.030115 ], [ -87.8954505, 43.0300688 ], [ -87.8954612, 43.0300304 ], [ -87.8954728, 43.0299924 ], [ -87.8954853, 43.0299545 ], [ -87.8954997, 43.029915 ], [ -87.8955151, 43.0298757 ], [ -87.8955314, 43.0298364 ], [ -87.895553, 43.0297812 ], [ -87.8955887, 43.0297469 ], [ -87.8956033, 43.0297252 ], [ -87.895620100000016, 43.0297069 ], [ -87.8956256, 43.0296816 ], [ -87.8956447, 43.0296617 ], [ -87.8956708, 43.0296419 ], [ -87.8956992, 43.0296187 ], [ -87.8957324, 43.0295923 ], [ -87.8957702, 43.0295676 ], [ -87.8959099, 43.0294602 ], [ -87.8959643, 43.0294206 ], [ -87.8960538, 43.0292971 ], [ -87.896094, 43.0291425 ], [ -87.8961063, 43.029138 ], [ -87.8961159, 43.029132 ], [ -87.8961217, 43.0291255 ], [ -87.8961257, 43.029118 ], [ -87.8961288, 43.0291103 ], [ -87.89613, 43.029101499999989 ], [ -87.8961303, 43.0290949 ], [ -87.8967201, 43.0290761 ], [ -87.8973167, 43.0290539 ], [ -87.8973211, 43.029062 ], [ -87.8973273, 43.0290721 ], [ -87.8973509, 43.0290928 ], [ -87.8973812, 43.0291103 ], [ -87.8974105, 43.0291279 ], [ -87.8974123, 43.0291292 ], [ -87.8974589, 43.0291612 ], [ -87.8975073, 43.0291949 ], [ -87.897553800000011, 43.0292298 ], [ -87.8976029, 43.0292711 ], [ -87.8976501, 43.0293138 ], [ -87.8976953, 43.0293572 ], [ -87.8977415, 43.0294013 ], [ -87.8977858, 43.0294459 ], [ -87.8978292, 43.0294914 ], [ -87.8978688, 43.0295356 ], [ -87.8979075, 43.0295807 ], [ -87.8979424, 43.0296267 ], [ -87.8979816, 43.0296831 ], [ -87.898017, 43.0297408 ], [ -87.8980496, 43.0297994 ], [ -87.8980793, 43.0298605 ], [ -87.8981062, 43.0299225 ], [ -87.8981302, 43.0299851 ], [ -87.8981488, 43.0300416 ], [ -87.8981647, 43.0300985 ], [ -87.8981786, 43.0301556 ], [ -87.8981888, 43.0302114 ], [ -87.8981981, 43.0302676 ], [ -87.8982046, 43.0303238 ], [ -87.8982029, 43.0304284 ], [ -87.898202400000017, 43.0304981 ], [ -87.8981853, 43.0306131 ], [ -87.8981767, 43.0306727 ], [ -87.89817, 43.0307057 ], [ -87.8981611, 43.0307468 ], [ -87.898139, 43.030846 ], [ -87.8981314, 43.030877 ], [ -87.8981227, 43.0309101 ], [ -87.8981056, 43.030974099999987 ], [ -87.8981046, 43.030976699999989 ], [ -87.8980875, 43.031038 ], [ -87.8980713, 43.0311002 ], [ -87.8980712, 43.0311025 ], [ -87.8980638, 43.0311286 ], [ -87.8980401, 43.0312193 ], [ -87.8980347, 43.031239 ], [ -87.898011, 43.0313314 ], [ -87.8980001, 43.0313756 ], [ -87.8979942, 43.0314107 ], [ -87.8979865, 43.031444099999987 ], [ -87.897977, 43.0314779 ], [ -87.8979737, 43.0315187 ], [ -87.897967, 43.0315507 ], [ -87.8979571, 43.031593 ], [ -87.897948, 43.0316411 ], [ -87.8979409, 43.0316847 ], [ -87.8979348, 43.0317249 ], [ -87.8979267, 43.0317708 ], [ -87.897917299999989, 43.0318255 ], [ -87.8979131, 43.0318673 ], [ -87.8979069, 43.0319127 ], [ -87.8979005, 43.0319609 ], [ -87.897892399999989, 43.032007199999988 ], [ -87.8978808, 43.0320453 ], [ -87.8978672, 43.0320873 ], [ -87.8978621, 43.032125799999989 ], [ -87.897856800000014, 43.0321707 ], [ -87.897855299999989, 43.0322153 ], [ -87.8978409, 43.0322541 ], [ -87.8978258, 43.0322846 ], [ -87.8978173, 43.0323152 ], [ -87.8978085, 43.0323531 ], [ -87.8978041, 43.0323979 ], [ -87.8978009, 43.0324386 ], [ -87.897792900000013, 43.0324809 ], [ -87.8977836, 43.0325326 ], [ -87.8977699, 43.032578 ], [ -87.8977555, 43.0326156 ], [ -87.8977446, 43.0326603 ], [ -87.8977326, 43.0327113 ], [ -87.8977196, 43.0327631 ], [ -87.897701700000013, 43.0328189 ], [ -87.8976919, 43.03286 ], [ -87.8976827, 43.032911 ], [ -87.8976714, 43.0329682 ], [ -87.8976699, 43.0330102 ], [ -87.8976547, 43.0330441 ], [ -87.8976431, 43.0330834 ], [ -87.8976361, 43.0331239 ], [ -87.8976411, 43.0331686 ], [ -87.897634, 43.033211 ], [ -87.897618, 43.0332404 ], [ -87.8975984, 43.033269 ], [ -87.8975846, 43.0333162 ], [ -87.8975793, 43.0333605 ], [ -87.8975787, 43.0334043 ], [ -87.8975759, 43.0334326 ], [ -87.8975666, 43.0334587 ], [ -87.8975625, 43.033495699999989 ], [ -87.8975554, 43.033538899999989 ], [ -87.8975491, 43.0335873 ], [ -87.8975465, 43.0336339 ], [ -87.8975413, 43.0336779 ], [ -87.8975396, 43.0337267 ], [ -87.8975329, 43.0337584 ], [ -87.8975254, 43.033786 ], [ -87.8975175, 43.0338245 ], [ -87.8975097, 43.0338629 ], [ -87.8975014, 43.0338864 ], [ -87.897485, 43.0339289 ], [ -87.8974784, 43.0339569 ], [ -87.8974697, 43.0339914 ], [ -87.8974685, 43.034025299999989 ], [ -87.8974605, 43.0340695 ], [ -87.8974525, 43.0341101 ], [ -87.8974438, 43.0341453 ], [ -87.897401, 43.034156 ], [ -87.8973657, 43.0341773 ], [ -87.897353099999989, 43.0342076 ], [ -87.897359, 43.0342364 ], [ -87.8973673, 43.0342637 ], [ -87.8973892, 43.0342801 ], [ -87.8973773, 43.0343095 ], [ -87.897355300000015, 43.0343446 ], [ -87.897315100000014, 43.034376 ], [ -87.897268, 43.0344039 ], [ -87.8972119, 43.0344266 ], [ -87.8971448, 43.0344304 ], [ -87.8970827, 43.0344276 ], [ -87.8970046, 43.0344177 ], [ -87.8969545, 43.0343981 ], [ -87.8968732, 43.0343492 ], [ -87.8967844, 43.0343172 ], [ -87.8967156, 43.0343057 ], [ -87.8966696, 43.0343015 ], [ -87.8966069, 43.0343156 ], [ -87.8965578, 43.034335 ], [ -87.8965333, 43.0343751 ], [ -87.8965278, 43.0344021 ], [ -87.8965198, 43.034434 ], [ -87.8965345, 43.0344766 ], [ -87.8965608, 43.034516 ], [ -87.8965918, 43.0345521 ], [ -87.896620700000014, 43.0345831 ], [ -87.8966496, 43.0346158 ], [ -87.8966764, 43.03464 ], [ -87.896701, 43.0346641 ], [ -87.8967164, 43.0346847 ], [ -87.8967364, 43.034707 ], [ -87.896754, 43.034731 ], [ -87.8967736, 43.0347635 ], [ -87.8968001, 43.0347996 ], [ -87.896824099999989, 43.0348389 ], [ -87.8968346, 43.0348696 ], [ -87.8968498, 43.0348952 ], [ -87.896855699999989, 43.0349258 ], [ -87.8968641, 43.0349513 ], [ -87.8968768, 43.0349837 ], [ -87.8968961, 43.0350246 ], [ -87.8969023, 43.0350467 ], [ -87.8969166, 43.0350706 ], [ -87.8969198, 43.0350941 ], [ -87.8969252, 43.0351183 ], [ -87.8969291, 43.035137 ], [ -87.8969304, 43.0351569 ], [ -87.896929899999989, 43.0351822 ], [ -87.896928699999989, 43.0352054 ], [ -87.8969394, 43.0352288 ], [ -87.8969172, 43.0352557 ], [ -87.8968938, 43.0352776 ], [ -87.8968813, 43.0353081 ], [ -87.8968935, 43.0353366 ], [ -87.8969218, 43.0353597 ], [ -87.8969397, 43.0353892 ], [ -87.8969196, 43.0354337 ], [ -87.8969128, 43.0354553 ], [ -87.896908, 43.0354871 ], [ -87.8969003, 43.0355201 ], [ -87.8968945, 43.035545 ], [ -87.8968886, 43.0355719 ], [ -87.8968842, 43.0355947 ], [ -87.8968766, 43.0356238 ], [ -87.8968647, 43.0356594 ], [ -87.8968559, 43.0356876 ], [ -87.8968463, 43.0357157 ], [ -87.8968398, 43.0357402 ], [ -87.8968323, 43.0357795 ], [ -87.89683, 43.0358102 ], [ -87.8968283, 43.0358596 ], [ -87.8968299, 43.0358957 ], [ -87.8968287, 43.0359315 ], [ -87.8968282, 43.0359568 ], [ -87.8968344, 43.0359924 ], [ -87.896844, 43.0360354 ], [ -87.8968535, 43.036069 ], [ -87.8968614, 43.0361016 ], [ -87.8968707, 43.036141799999989 ], [ -87.8968826, 43.0361758 ], [ -87.8969194, 43.0362288 ], [ -87.896948200000011, 43.0362615 ], [ -87.8969487, 43.0362616 ], [ -87.8969807, 43.0362736 ], [ -87.8970056, 43.0362812 ], [ -87.8970158, 43.0362846 ], [ -87.8970269, 43.0362884 ], [ -87.8970473, 43.0362952 ], [ -87.8970409, 43.0363154 ], [ -87.8969763, 43.0365908 ], [ -87.8969406, 43.0365355 ], [ -87.8960235, 43.0365794 ], [ -87.8959335, 43.0365811 ], [ -87.8958757, 43.0365868 ], [ -87.895797300000012, 43.0365871 ], [ -87.8954991, 43.0366069 ], [ -87.8953881, 43.036615 ], [ -87.8952957, 43.0366184 ], [ -87.8952557, 43.036575299999988 ], [ -87.8951767, 43.0365248 ], [ -87.8950897, 43.036508 ], [ -87.8949973, 43.0365113 ], [ -87.8949321, 43.0365304 ], [ -87.894871, 43.0365631 ], [ -87.8948278, 43.0366131 ], [ -87.8948068, 43.0366854 ], [ -87.8947795, 43.0367424 ], [ -87.8947728, 43.0368032 ], [ -87.894641299999989, 43.0368042 ], [ -87.8946292, 43.036820899999988 ], [ -87.8945576, 43.0368246 ], [ -87.894468, 43.0372831 ], [ -87.894569, 43.0372968 ], [ -87.8946233, 43.037061 ], [ -87.8947689, 43.0370501 ], [ -87.8948156, 43.0370341 ], [ -87.8948652, 43.0371348 ], [ -87.8948591, 43.0372424 ], [ -87.8948393, 43.0372832 ], [ -87.8948539, 43.0373274 ], [ -87.8949156, 43.0373455 ], [ -87.8948568, 43.0373766 ], [ -87.8947819, 43.0374107 ], [ -87.894716, 43.0374484 ], [ -87.8946434, 43.0374792 ], [ -87.894557, 43.0375114 ], [ -87.8944684, 43.0375402 ], [ -87.894355, 43.0375533 ], [ -87.894269799999989, 43.0375467 ], [ -87.8941756, 43.0375365 ], [ -87.8940689, 43.0374888 ], [ -87.8939715, 43.0374363 ], [ -87.893914, 43.0373642 ], [ -87.8938736, 43.037267 ], [ -87.8938664, 43.0371417 ], [ -87.8938832, 43.0371234 ], [ -87.893899, 43.0369968 ], [ -87.8939757, 43.0366447 ], [ -87.894076, 43.0362101 ], [ -87.8940778, 43.0359581 ], [ -87.8941055, 43.0358298 ], [ -87.894283500000014, 43.0350061 ], [ -87.8942816, 43.0349606 ], [ -87.8942704, 43.0349179 ], [ -87.8942253, 43.0348883 ], [ -87.894174600000014, 43.0348857 ], [ -87.8941347, 43.0349069 ], [ -87.8941049, 43.034969 ], [ -87.8939161, 43.0358263 ], [ -87.893837, 43.0361854 ], [ -87.8936054, 43.0361489 ], [ -87.8935543, 43.0364254 ], [ -87.8937448, 43.0364526 ], [ -87.893628100000015, 43.0370273 ], [ -87.893611600000014, 43.0371742 ], [ -87.8936084, 43.0372671 ], [ -87.8936486, 43.0373711 ], [ -87.8937028, 43.0374719 ], [ -87.8937896, 43.0375632 ], [ -87.8939272, 43.0376537 ], [ -87.8940755, 43.0376987 ], [ -87.8942751, 43.0377439 ], [ -87.8953649, 43.037489 ], [ -87.8962159, 43.037318 ], [ -87.8964938, 43.0372542 ], [ -87.8973943, 43.037399699999987 ], [ -87.8976227, 43.0398209 ], [ -87.8982112, 43.0397914 ], [ -87.8982248, 43.0398801 ], [ -87.8982808, 43.0404651 ], [ -87.8985198, 43.0404531 ], [ -87.8992378, 43.0404201 ], [ -87.8994778, 43.0404091 ], [ -87.8993907, 43.0406511 ], [ -87.8992007, 43.0411831 ], [ -87.8992217, 43.0413891 ], [ -87.8992497, 43.0416451 ], [ -87.8992807, 43.0419341 ], [ -87.899304700000016, 43.0421501 ], [ -87.8993817, 43.0428032 ], [ -87.899416699999989, 43.0430932 ] ] ] } },
{ "type": "Feature", "properties": { "rep_unit_id": 158, "ward": "City of Milwaukee Ward 158", "county": "MILWAUKEE" }, "geometry": { "type": "Polygon", "coordinates": [ [ [ -87.9085714, 43.0469673 ], [ -87.9088274, 43.0469703 ], [ -87.909595400000015, 43.0469793 ], [ -87.9098524, 43.0469823 ], [ -87.9100884, 43.0469823 ], [ -87.9117702, 43.0469823 ], [ -87.9119034, 43.046961 ], [ -87.9123604, 43.0467688 ], [ -87.9125541, 43.046715 ], [ -87.9127692, 43.0466756 ], [ -87.9132947, 43.0466698 ], [ -87.9133078, 43.0465808 ], [ -87.9133177, 43.0462817 ], [ -87.913337, 43.0456939 ], [ -87.9132282, 43.0432078 ], [ -87.9132186, 43.0429871 ], [ -87.9126759, 43.0419616 ], [ -87.9125337, 43.041693 ], [ -87.9103927, 43.0422337 ], [ -87.908477499999989, 43.0423572 ], [ -87.9082185, 43.0423732 ], [ -87.9059106, 43.042532199999989 ], [ -87.9056596, 43.0425492 ], [ -87.9054086, 43.0425642 ], [ -87.9046556, 43.0426112 ], [ -87.9044056, 43.042628199999989 ], [ -87.9041556, 43.0426452 ], [ -87.9034076, 43.042696199999988 ], [ -87.9031586, 43.0427142 ], [ -87.9031616, 43.0427452 ], [ -87.9031706, 43.0428382 ], [ -87.9031746, 43.0428692 ], [ -87.9031946, 43.0430602 ], [ -87.9032546, 43.0436342 ], [ -87.9032756, 43.0438262 ], [ -87.9033246, 43.0442062 ], [ -87.903471599999989, 43.0453473 ], [ -87.9035206, 43.0457283 ], [ -87.9037726, 43.0457293 ], [ -87.9045285, 43.0457353 ], [ -87.9047805, 43.0457373 ], [ -87.9052835, 43.0457403 ], [ -87.9061265, 43.0457473 ], [ -87.9067925, 43.0457523 ], [ -87.9072965, 43.0457563 ], [ -87.9075535, 43.0457573 ], [ -87.9080115, 43.0457613 ], [ -87.908038499999989, 43.0457613 ], [ -87.9083274, 43.0457633 ], [ -87.9085854, 43.0457653 ], [ -87.9085824, 43.0460053 ], [ -87.9085734, 43.0467263 ], [ -87.9085714, 43.0469673 ] ] ] } },
{ "type": "Feature", "properties": { "rep_unit_id": 162, "ward": "City of Milwaukee Ward 162", "county": "MILWAUKEE" }, "geometry": { "type": "Polygon", "coordinates": [ [ [ -87.9077054, 43.0515986 ], [ -87.909104, 43.049941 ], [ -87.9115111, 43.0486236 ], [ -87.9116133, 43.0485663 ], [ -87.9118738, 43.0484201 ], [ -87.9122539, 43.0481659 ], [ -87.9125654, 43.0478819 ], [ -87.9129126, 43.0474567 ], [ -87.91321, 43.0469055 ], [ -87.9132947, 43.0466698 ], [ -87.9127692, 43.0466756 ], [ -87.9125541, 43.046715 ], [ -87.9123604, 43.0467688 ], [ -87.9119034, 43.046961 ], [ -87.9117702, 43.0469823 ], [ -87.9100884, 43.0469823 ], [ -87.9098524, 43.0469823 ], [ -87.909595400000015, 43.0469793 ], [ -87.9088274, 43.0469703 ], [ -87.9085714, 43.0469673 ], [ -87.9085684, 43.0472093 ], [ -87.9085604, 43.0479354 ], [ -87.9085584, 43.0481784 ], [ -87.908295400000014, 43.0481764 ], [ -87.9075064, 43.048170399999989 ], [ -87.9072944, 43.0481694 ], [ -87.9072444, 43.0481694 ], [ -87.9069935, 43.0481674 ], [ -87.9062405, 43.0481614 ], [ -87.9059905, 43.0481604 ], [ -87.9057385, 43.0481584 ], [ -87.9049855, 43.0481524 ], [ -87.904734499999989, 43.0481514 ], [ -87.9044825, 43.0481494 ], [ -87.9037265, 43.0481444 ], [ -87.9034755, 43.0481434 ], [ -87.9032236, 43.0481414 ], [ -87.902469599999989, 43.0481354 ], [ -87.9022186, 43.0481344 ], [ -87.9019666, 43.0481324 ], [ -87.9012106, 43.0481264 ], [ -87.9009586, 43.0481254 ], [ -87.9007056, 43.0481234 ], [ -87.8999486, 43.0481183 ], [ -87.8996966, 43.0481173 ], [ -87.8994037, 43.0481123 ], [ -87.8985267, 43.0480973 ], [ -87.898234699999989, 43.0480923 ], [ -87.8979797, 43.0480893 ], [ -87.8972157, 43.0480803 ], [ -87.8969617, 43.048077299999989 ], [ -87.8969527, 43.0484063 ], [ -87.8969267, 43.0493924 ], [ -87.8969187, 43.0497224 ], [ -87.8969177, 43.0497364 ], [ -87.8969167, 43.0497814 ], [ -87.8969167, 43.0497964 ], [ -87.8969127, 43.0499374 ], [ -87.8969017, 43.0503624 ], [ -87.8968987, 43.0505044 ], [ -87.8971547, 43.0505064 ], [ -87.8979227, 43.0505154 ], [ -87.8981797, 43.0505184 ], [ -87.8984737, 43.0505204 ], [ -87.8993586, 43.0505264 ], [ -87.8996536, 43.0505294 ], [ -87.8999056, 43.0505304 ], [ -87.9006626, 43.0505364 ], [ -87.9009156, 43.0505384 ], [ -87.9011676, 43.0505394 ], [ -87.901923599999989, 43.0505454 ], [ -87.9021756, 43.0505474 ], [ -87.9024265, 43.0505484 ], [ -87.9031795, 43.050554399999989 ], [ -87.9034315, 43.0505574 ], [ -87.903682500000016, 43.0505584 ], [ -87.9044365, 43.0505644 ], [ -87.9046885, 43.0505664 ], [ -87.9049445, 43.0505674 ], [ -87.9055965, 43.0505724 ], [ -87.9057145, 43.0505904 ], [ -87.9057585, 43.0505985 ], [ -87.9058975, 43.0506405 ], [ -87.9059595, 43.0506665 ], [ -87.9060174, 43.0506905 ], [ -87.9061914, 43.0507655 ], [ -87.9062504, 43.0507905 ], [ -87.9064734, 43.0509155 ], [ -87.906827400000012, 43.0511133 ], [ -87.9071444, 43.0512905 ], [ -87.9073684, 43.0514155 ], [ -87.9074364, 43.0514535 ], [ -87.907564, 43.0515196 ], [ -87.9077054, 43.0515986 ] ] ] } },
{ "type": "Feature", "properties": { "rep_unit_id": 174, "ward": "City of Milwaukee Ward 174", "county": "MILWAUKEE" }, "geometry": { "type": "Polygon", "coordinates": [ [ [ -87.8923838, 43.0573756 ], [ -87.8930844, 43.0573773 ], [ -87.8933437, 43.0571946 ], [ -87.8936517, 43.0569646 ], [ -87.8936657, 43.0563966 ], [ -87.8936747, 43.0560796 ], [ -87.8939177, 43.0560786 ], [ -87.8946467, 43.0560786 ], [ -87.8948907, 43.0560786 ], [ -87.8954217, 43.0560776 ], [ -87.8968506, 43.0560766 ], [ -87.8970136, 43.0560886 ], [ -87.8980336, 43.056151 ], [ -87.8980356, 43.0562926 ], [ -87.8980168, 43.0568917 ], [ -87.8992108, 43.0567893 ], [ -87.9003527, 43.0566496 ], [ -87.9017014, 43.0560489 ], [ -87.9030591, 43.0551359 ], [ -87.9042018, 43.0543607 ], [ -87.9041735, 43.0543386 ], [ -87.9041285, 43.0542976 ], [ -87.9039865, 43.0541706 ], [ -87.9036265, 43.0538295 ], [ -87.9035795, 43.0537735 ], [ -87.9035544, 43.0537442 ], [ -87.9035505, 43.0537395 ], [ -87.9034775, 43.0536155 ], [ -87.9034305, 43.0535395 ], [ -87.9034155, 43.0534995 ], [ -87.9033815, 43.0534055 ], [ -87.9033575, 43.0533155 ], [ -87.9033445, 43.0532015 ], [ -87.9033425, 43.0531165 ], [ -87.9033405, 43.0529855 ], [ -87.9031185, 43.0529835 ], [ -87.9024525, 43.0529805 ], [ -87.9022315, 43.0529795 ], [ -87.9019565, 43.0529775 ], [ -87.9011345, 43.0529735 ], [ -87.9008606, 43.0529725 ], [ -87.900586600000011, 43.0529705 ], [ -87.8997676, 43.0529665 ], [ -87.8994946, 43.0529655 ], [ -87.8992206, 43.0529635 ], [ -87.8983986, 43.0529585 ], [ -87.8981246, 43.0529575 ], [ -87.8978646, 43.052955499999989 ], [ -87.8970877, 43.052952499999989 ], [ -87.8968287, 43.0529515 ], [ -87.8965487, 43.0529495 ], [ -87.8957117, 43.0529465 ], [ -87.8954327, 43.0529455 ], [ -87.8953387, 43.052944499999988 ], [ -87.8950577, 43.0529435 ], [ -87.8949647, 43.0529435 ], [ -87.8947587, 43.0529425 ], [ -87.894142699999989, 43.0529395 ], [ -87.8939377, 43.0529385 ], [ -87.8937567, 43.0529375 ], [ -87.8927238, 43.0529305 ], [ -87.8923222, 43.0529236 ], [ -87.8924884, 43.0530726 ], [ -87.8923838, 43.0573756 ] ] ] } },
{ "type": "Feature", "properties": { "rep_unit_id": 175, "ward": "City of Milwaukee Ward 175", "county": "MILWAUKEE" }, "geometry": { "type": "Polygon", "coordinates": [ [ [ -87.8893118, 43.0601297 ], [ -87.8895468, 43.0601317 ], [ -87.8902547, 43.0601377 ], [ -87.8904907, 43.0601397 ], [ -87.8907177, 43.0601417 ], [ -87.8914027, 43.0601477 ], [ -87.8916307, 43.0601497 ], [ -87.8916867, 43.0601497 ], [ -87.8918567, 43.0601507 ], [ -87.891913699999989, 43.0601517 ], [ -87.8921487, 43.0601527 ], [ -87.8928567, 43.0601587 ], [ -87.8930927, 43.0601607 ], [ -87.893202699999989, 43.0601617 ], [ -87.8934857, 43.0601647 ], [ -87.8935337, 43.0601647 ], [ -87.8936447, 43.0601657 ], [ -87.8937641, 43.0595423 ], [ -87.8940854, 43.0586777 ], [ -87.8947031, 43.0579429 ], [ -87.8954227, 43.0573992 ], [ -87.8959609, 43.0572101 ], [ -87.896989600000012, 43.0570471 ], [ -87.8980138, 43.0570223 ], [ -87.8980168, 43.0568917 ], [ -87.8980356, 43.0562926 ], [ -87.8980336, 43.056151 ], [ -87.8970136, 43.0560886 ], [ -87.8968506, 43.0560766 ], [ -87.8954217, 43.0560776 ], [ -87.8948907, 43.0560786 ], [ -87.8946467, 43.0560786 ], [ -87.8939177, 43.0560786 ], [ -87.8936747, 43.0560796 ], [ -87.8936657, 43.0563966 ], [ -87.8936517, 43.0569646 ], [ -87.8933437, 43.0571946 ], [ -87.8930844, 43.0573773 ], [ -87.8923838, 43.0573756 ], [ -87.8924884, 43.0530726 ], [ -87.8923222, 43.0529236 ], [ -87.8920998, 43.0528185 ], [ -87.8914178, 43.0524795 ], [ -87.8911908, 43.0523675 ], [ -87.8909918, 43.0525675 ], [ -87.8906418, 43.0529235 ], [ -87.8903948, 43.0531675 ], [ -87.890194799999989, 43.0533665 ], [ -87.8899608, 43.0536115 ], [ -87.8892578, 43.0543475 ], [ -87.8890248, 43.0545935 ], [ -87.8888429, 43.0547835 ], [ -87.8882989, 43.0553535 ], [ -87.8881179, 43.0555446 ], [ -87.8874899, 43.0562096 ], [ -87.886730899999989, 43.0570206 ], [ -87.8869489, 43.057138599999988 ], [ -87.8876038, 43.0574946 ], [ -87.8878228, 43.0576136 ], [ -87.8880448, 43.0577336 ], [ -87.8887118, 43.0580966 ], [ -87.8889348, 43.0582176 ], [ -87.8891248, 43.0583206 ], [ -87.8896968, 43.058630699999988 ], [ -87.8898878, 43.0587347 ], [ -87.8896688, 43.0589707 ], [ -87.8893348, 43.0593347 ], [ -87.8893208, 43.0598067 ], [ -87.8893118, 43.0601297 ] ] ] } },
{ "type": "Feature", "properties": { "rep_unit_id": 176, "ward": "City of Milwaukee Ward 176", "county": "MILWAUKEE" }, "geometry": { "type": "Polygon", "coordinates": [ [ [ -87.8758572, 43.060077 ], [ -87.8759637, 43.0600771 ], [ -87.8765304, 43.0600794 ], [ -87.8765315, 43.0600794 ], [ -87.878183299999989, 43.060086 ], [ -87.8781844, 43.060086 ], [ -87.8784647, 43.0600871 ], [ -87.8784976, 43.0600873 ], [ -87.878684, 43.0600883 ], [ -87.8793599, 43.0593964 ], [ -87.8798286, 43.0596149 ], [ -87.8800173, 43.0597035 ], [ -87.8804352, 43.0599273 ], [ -87.880457, 43.0601057 ], [ -87.880803, 43.0601057 ], [ -87.881841, 43.0601077 ], [ -87.882188, 43.0601087 ], [ -87.882149, 43.0600098 ], [ -87.8847919, 43.0572824 ], [ -87.8859227, 43.057878400000014 ], [ -87.885154, 43.0586936 ], [ -87.8862438, 43.0592878 ], [ -87.8878988, 43.0601187 ], [ -87.8879348, 43.0601187 ], [ -87.8880438, 43.0601187 ], [ -87.8880808, 43.0601197 ], [ -87.8883268, 43.0601217 ], [ -87.8890648, 43.0601277 ], [ -87.8893118, 43.0601297 ], [ -87.8893208, 43.0598067 ], [ -87.8893348, 43.0593347 ], [ -87.8896688, 43.0589707 ], [ -87.8898878, 43.0587347 ], [ -87.8896968, 43.058630699999988 ], [ -87.8891248, 43.0583206 ], [ -87.8889348, 43.0582176 ], [ -87.8887118, 43.0580966 ], [ -87.8880448, 43.0577336 ], [ -87.8878228, 43.0576136 ], [ -87.8876038, 43.0574946 ], [ -87.8869489, 43.057138599999988 ], [ -87.886730899999989, 43.0570206 ], [ -87.8874899, 43.0562096 ], [ -87.8881179, 43.0555446 ], [ -87.8882989, 43.0553535 ], [ -87.8888429, 43.0547835 ], [ -87.8890248, 43.0545935 ], [ -87.8888319, 43.0544885 ], [ -87.8882529, 43.0541745 ], [ -87.8880609, 43.0540705 ], [ -87.8877439, 43.0544055 ], [ -87.8868009, 43.0554055 ], [ -87.8866629, 43.0555205 ], [ -87.886533899999989, 43.0555735 ], [ -87.8863899, 43.0556165 ], [ -87.8861919, 43.0556255 ], [ -87.8860089, 43.0556355 ], [ -87.8855989, 43.0556305 ], [ -87.8854019, 43.0556285 ], [ -87.8854119, 43.0555205 ], [ -87.8855109, 43.0554175 ], [ -87.8856909, 43.0553115 ], [ -87.8859249, 43.0551655 ], [ -87.8860259, 43.0550335 ], [ -87.8861339, 43.0548745 ], [ -87.8862289, 43.0546975 ], [ -87.8862859, 43.0544825 ], [ -87.8862419, 43.0540075 ], [ -87.8861449, 43.0534685 ], [ -87.8856689, 43.0535495 ], [ -87.885179, 43.0536015 ], [ -87.88496, 43.0536135 ], [ -87.884724, 43.0536285 ], [ -87.884249, 43.0536345 ], [ -87.883753, 43.0536755 ], [ -87.883566, 43.0536975 ], [ -87.88316, 43.0537665 ], [ -87.882842, 43.0538485 ], [ -87.882479, 43.0539515 ], [ -87.881685, 43.0543325 ], [ -87.881534, 43.0544425 ], [ -87.8808541, 43.0549445 ], [ -87.8805761, 43.0551555 ], [ -87.8802091, 43.0554315 ], [ -87.8799471, 43.0556315 ], [ -87.879772100000011, 43.0557625 ], [ -87.8790471, 43.0563125 ], [ -87.878593099999989, 43.0566586 ], [ -87.8780691, 43.0570736 ], [ -87.8774521, 43.0575646 ], [ -87.8774401, 43.057574599999988 ], [ -87.8772811, 43.0577276 ], [ -87.8772101, 43.0578046 ], [ -87.8771181, 43.0579046 ], [ -87.8768661, 43.0582376 ], [ -87.8767511, 43.0584076 ], [ -87.8765961, 43.0586896 ], [ -87.8765121, 43.0588806 ], [ -87.8764781, 43.0589426 ], [ -87.8763891, 43.0591096 ], [ -87.8763781, 43.0591306 ], [ -87.8763461, 43.0591946 ], [ -87.8762331, 43.0594176 ], [ -87.8760701, 43.0597056 ], [ -87.8759771, 43.0598887 ], [ -87.8758572, 43.060077 ] ] ] } },
{ "type": "Feature", "properties": { "rep_unit_id": 177, "ward": "City of Milwaukee Ward 177", "county": "MILWAUKEE" }, "geometry": { "type": "Polygon", "coordinates": [ [ [ -87.8748189, 43.0600736 ], [ -87.8748203, 43.0600736 ], [ -87.8757224, 43.0600769 ], [ -87.8757235, 43.0600769 ], [ -87.8758572, 43.060077 ], [ -87.8759771, 43.0598887 ], [ -87.8760701, 43.0597056 ], [ -87.8762331, 43.0594176 ], [ -87.8763461, 43.0591946 ], [ -87.8763781, 43.0591306 ], [ -87.8763891, 43.0591096 ], [ -87.8764781, 43.0589426 ], [ -87.8765121, 43.0588806 ], [ -87.8765961, 43.0586896 ], [ -87.8767511, 43.0584076 ], [ -87.8768661, 43.0582376 ], [ -87.8771181, 43.0579046 ], [ -87.8772101, 43.0578046 ], [ -87.8772811, 43.0577276 ], [ -87.8774401, 43.057574599999988 ], [ -87.8774521, 43.0575646 ], [ -87.8780691, 43.0570736 ], [ -87.878593099999989, 43.0566586 ], [ -87.8790471, 43.0563125 ], [ -87.879772100000011, 43.0557625 ], [ -87.8799471, 43.0556315 ], [ -87.8802091, 43.0554315 ], [ -87.8805761, 43.0551555 ], [ -87.8808541, 43.0549445 ], [ -87.881534, 43.0544425 ], [ -87.881685, 43.0543325 ], [ -87.882479, 43.0539515 ], [ -87.882842, 43.0538485 ], [ -87.88316, 43.0537665 ], [ -87.883566, 43.0536975 ], [ -87.883753, 43.0536755 ], [ -87.884249, 43.0536345 ], [ -87.884724, 43.0536285 ], [ -87.88496, 43.0536135 ], [ -87.885179, 43.0536015 ], [ -87.8856689, 43.0535495 ], [ -87.8861449, 43.0534685 ], [ -87.8862419, 43.0540075 ], [ -87.8862859, 43.0544825 ], [ -87.8862289, 43.0546975 ], [ -87.8861339, 43.0548745 ], [ -87.8860259, 43.0550335 ], [ -87.8859249, 43.0551655 ], [ -87.8856909, 43.0553115 ], [ -87.8855109, 43.0554175 ], [ -87.8854119, 43.0555205 ], [ -87.8854019, 43.0556285 ], [ -87.8855989, 43.0556305 ], [ -87.8860089, 43.0556355 ], [ -87.8861919, 43.0556255 ], [ -87.8863899, 43.0556165 ], [ -87.886533899999989, 43.0555735 ], [ -87.8866629, 43.0555205 ], [ -87.8868009, 43.0554055 ], [ -87.8877439, 43.0544055 ], [ -87.8880609, 43.0540705 ], [ -87.8882529, 43.0541745 ], [ -87.8888319, 43.0544885 ], [ -87.8890248, 43.0545935 ], [ -87.8892578, 43.0543475 ], [ -87.8899608, 43.0536115 ], [ -87.890194799999989, 43.0533665 ], [ -87.8903948, 43.0531675 ], [ -87.8906418, 43.0529235 ], [ -87.8909918, 43.0525675 ], [ -87.8911908, 43.0523675 ], [ -87.8916968, 43.0518354 ], [ -87.8932158, 43.0502414 ], [ -87.8937228, 43.0497104 ], [ -87.8938288, 43.0495984 ], [ -87.8941468, 43.0492634 ], [ -87.8942538, 43.0491524 ], [ -87.8945338, 43.0488574 ], [ -87.8953748, 43.0479743 ], [ -87.8956558, 43.0476803 ], [ -87.8958098, 43.0475173 ], [ -87.8962718, 43.0470323 ], [ -87.8964268, 43.0468703 ], [ -87.8965427, 43.0467473 ], [ -87.8968907, 43.0463823 ], [ -87.897007699999989, 43.0462603 ], [ -87.8975617, 43.0456793 ], [ -87.8976817, 43.0455563 ], [ -87.8978937, 43.0453642 ], [ -87.89801270000001, 43.0451802 ], [ -87.8981527, 43.0449352 ], [ -87.8981587, 43.0449052 ], [ -87.8982487, 43.0444622 ], [ -87.8982527, 43.0441172 ], [ -87.8983167, 43.0439702 ], [ -87.8984657, 43.0436872 ], [ -87.8985647, 43.0435482 ], [ -87.8986907, 43.0434262 ], [ -87.8988247, 43.0433372 ], [ -87.8990137, 43.0432142 ], [ -87.8992617, 43.0431392 ], [ -87.899416699999989, 43.0430932 ], [ -87.8993817, 43.0428032 ], [ -87.899304700000016, 43.0421501 ], [ -87.8992807, 43.0419341 ], [ -87.8992497, 43.0416451 ], [ -87.8992217, 43.0413891 ], [ -87.8992007, 43.0411831 ], [ -87.8993907, 43.0406511 ], [ -87.8994778, 43.0404091 ], [ -87.8992378, 43.0404201 ], [ -87.8985198, 43.0404531 ], [ -87.8982808, 43.0404651 ], [ -87.8982248, 43.0398801 ], [ -87.8982112, 43.0397914 ], [ -87.8976227, 43.0398209 ], [ -87.8973943, 43.037399699999987 ], [ -87.8964938, 43.0372542 ], [ -87.8962159, 43.037318 ], [ -87.8953649, 43.037489 ], [ -87.8942751, 43.0377439 ], [ -87.8942791, 43.0377448 ], [ -87.8948814, 43.037822 ], [ -87.8948739, 43.037858 ], [ -87.8948733, 43.037874699999989 ], [ -87.8948749, 43.0378815 ], [ -87.8948794, 43.0378874 ], [ -87.894884, 43.0378911 ], [ -87.8948903, 43.037896 ], [ -87.8948958, 43.0379003 ], [ -87.8948985, 43.0379026 ], [ -87.8949049, 43.037906899999989 ], [ -87.8949178, 43.0379132 ], [ -87.8949412, 43.0379136 ], [ -87.8959487, 43.0378565 ], [ -87.8960546, 43.0378505 ], [ -87.8966141, 43.0378196 ], [ -87.8966156, 43.0378324 ], [ -87.8966174, 43.0378447 ], [ -87.8966475, 43.0378224 ], [ -87.8966489, 43.0381381 ], [ -87.8966092, 43.0383488 ], [ -87.8965288, 43.0386779 ], [ -87.8964856, 43.0388639 ], [ -87.8964855, 43.0388682 ], [ -87.8964847, 43.0388915 ], [ -87.8964753, 43.0389195 ], [ -87.8964699, 43.038935099999989 ], [ -87.8964678, 43.0389407 ], [ -87.8964584, 43.0389483 ], [ -87.8964566, 43.0389551 ], [ -87.896453, 43.0389691 ], [ -87.896453, 43.0389963 ], [ -87.8964477, 43.0390163 ], [ -87.8964513, 43.0390471 ], [ -87.8964535, 43.0390593 ], [ -87.896442, 43.0390783 ], [ -87.8963947, 43.0391549 ], [ -87.8963433, 43.0392313 ], [ -87.8962942, 43.0393615 ], [ -87.8962692, 43.039498 ], [ -87.8962692, 43.0396171 ], [ -87.8962051, 43.0398274 ], [ -87.8961149, 43.0400878 ], [ -87.8960584, 43.0402091 ], [ -87.896058, 43.0402088 ], [ -87.8960561, 43.0402141 ], [ -87.8960448, 43.0402384 ], [ -87.896047, 43.0402393 ], [ -87.8960131, 43.0403331 ], [ -87.8958444, 43.0407528 ], [ -87.895612, 43.0412518 ], [ -87.8956031, 43.0412704 ], [ -87.8954415, 43.041606 ], [ -87.8953273, 43.0418087 ], [ -87.895234, 43.041974499999988 ], [ -87.8950297, 43.0423638 ], [ -87.8949668, 43.0424803 ], [ -87.8945006, 43.0424802 ], [ -87.8940609, 43.0424801 ], [ -87.8932346, 43.04248 ], [ -87.8927971, 43.0424799 ], [ -87.8922438, 43.0424755 ], [ -87.8922369, 43.0424755 ], [ -87.8921171, 43.0424771 ], [ -87.8917873, 43.0424919 ], [ -87.8911783, 43.0425192 ], [ -87.8910152, 43.0425274 ], [ -87.890497, 43.042553399999989 ], [ -87.8904668, 43.0425592 ], [ -87.8891083, 43.0428517 ], [ -87.8888825, 43.0429003 ], [ -87.8888399, 43.0429145 ], [ -87.8887214, 43.0429599 ], [ -87.8886683, 43.0429801 ], [ -87.8884782, 43.043053 ], [ -87.8884784, 43.0430532 ], [ -87.8884777, 43.0430532 ], [ -87.8882901, 43.0431254 ], [ -87.888181, 43.0431671 ], [ -87.8879469, 43.0432571 ], [ -87.8873685, 43.0434793 ], [ -87.886669, 43.0438795 ], [ -87.8863514, 43.0440598 ], [ -87.8860125, 43.0442523 ], [ -87.8857312, 43.044519 ], [ -87.8855995, 43.0446439 ], [ -87.8855874, 43.0446404 ], [ -87.8855565, 43.0446427 ], [ -87.8855414, 43.0446467 ], [ -87.885527900000014, 43.0446576 ], [ -87.8855026, 43.0446869 ], [ -87.8854708, 43.0447136 ], [ -87.8854403, 43.0447295 ], [ -87.8854258, 43.0447419 ], [ -87.8853828, 43.044795 ], [ -87.8853352, 43.0448455 ], [ -87.885317300000011, 43.0448631 ], [ -87.8853139, 43.0448665 ], [ -87.8852496, 43.0449142 ], [ -87.885194399999989, 43.0449687 ], [ -87.8851567, 43.0450032 ], [ -87.885113, 43.045050499999988 ], [ -87.8850541, 43.0451032 ], [ -87.8849819, 43.0451607 ], [ -87.8849617, 43.0451762 ], [ -87.8849158, 43.0452331 ], [ -87.8848587, 43.0452879 ], [ -87.884819, 43.045327 ], [ -87.884792499999989, 43.045364 ], [ -87.884771200000017, 43.0453827 ], [ -87.8847358, 43.0454344 ], [ -87.8847239, 43.0454518 ], [ -87.884721, 43.0454562 ], [ -87.8847157, 43.0454736 ], [ -87.8846982, 43.0454915 ], [ -87.8846691, 43.0454958 ], [ -87.8846562, 43.0455032 ], [ -87.8846309, 43.0455177 ], [ -87.8846047, 43.0455459 ], [ -87.8845918, 43.045568 ], [ -87.8845845, 43.0455885 ], [ -87.8845732, 43.0456038 ], [ -87.8845521, 43.0456322 ], [ -87.8845286, 43.0456642 ], [ -87.884488499999989, 43.0457138 ], [ -87.8844815, 43.0457249 ], [ -87.884464799999989, 43.0457489 ], [ -87.8844191, 43.0457982 ], [ -87.8843816, 43.0458289 ], [ -87.8843477, 43.0458614 ], [ -87.8843129, 43.0458945 ], [ -87.8842776, 43.0459281 ], [ -87.8842771, 43.0459286 ], [ -87.8842298, 43.0459713 ], [ -87.8841911, 43.0460068 ], [ -87.8841513, 43.0460485 ], [ -87.8841248, 43.0460855 ], [ -87.8841033, 43.0461107 ], [ -87.8840703, 43.0461456 ], [ -87.8840511, 43.0461602 ], [ -87.8840281, 43.0461774 ], [ -87.8839949, 43.0461893 ], [ -87.883962, 43.046194 ], [ -87.8839021, 43.0461951 ], [ -87.8838414, 43.0461908 ], [ -87.8837705, 43.0461849 ], [ -87.8837294, 43.0461843 ], [ -87.8836826, 43.0461853 ], [ -87.8836468, 43.0461909 ], [ -87.8835961, 43.0461956 ], [ -87.883544, 43.0461895 ], [ -87.8834855, 43.0461765 ], [ -87.8834249, 43.0461684 ], [ -87.8833567, 43.046168 ], [ -87.8832865, 43.0461678 ], [ -87.8832145, 43.0461678 ], [ -87.8831435, 43.0461649 ], [ -87.8830837, 43.0461631 ], [ -87.8830041, 43.0461631 ], [ -87.8829444, 43.0461589 ], [ -87.8828828, 43.0461562 ], [ -87.8828257, 43.0461557 ], [ -87.8826021, 43.0461551 ], [ -87.8825386, 43.0461523 ], [ -87.8824527, 43.0461471 ], [ -87.8823706, 43.0461419 ], [ -87.8823087, 43.0461441 ], [ -87.882261, 43.0461436 ], [ -87.8821911, 43.0461376 ], [ -87.882137, 43.046133 ], [ -87.8820791, 43.0461288 ], [ -87.8820146, 43.0461268 ], [ -87.8819576, 43.0461265 ], [ -87.8818472, 43.0461266 ], [ -87.8817994, 43.0461276 ], [ -87.8817774, 43.0461432 ], [ -87.88177, 43.0461676 ], [ -87.8817689, 43.0461726 ], [ -87.8817648, 43.0462107 ], [ -87.8817661, 43.0462543 ], [ -87.8817668, 43.0462873 ], [ -87.8817747, 43.0463026 ], [ -87.8817866, 43.0463087 ], [ -87.8818034, 43.0463108 ], [ -87.8862608, 43.0464597 ], [ -87.8862889, 43.0464607 ], [ -87.8862918, 43.0464577 ], [ -87.8863073, 43.0464416 ], [ -87.8865709, 43.0461783 ], [ -87.8865747, 43.0461744 ], [ -87.8866542, 43.0460947 ], [ -87.88669, 43.0460593 ], [ -87.8867308, 43.0460183 ], [ -87.8867589, 43.04599 ], [ -87.887005, 43.0457444 ], [ -87.887140699999989, 43.045608 ], [ -87.8872819, 43.045472 ], [ -87.8879381, 43.044837699999988 ], [ -87.8879473, 43.044843 ], [ -87.8879556, 43.0448477 ], [ -87.8882384, 43.0450015 ], [ -87.888422, 43.0451019 ], [ -87.8885194, 43.0451537 ], [ -87.8885222, 43.0451553 ], [ -87.8885461, 43.0451681 ], [ -87.8886067, 43.0452004 ], [ -87.8891413, 43.0454865 ], [ -87.8892524, 43.0455459 ], [ -87.8894012, 43.0456256 ], [ -87.8894233, 43.045637600000013 ], [ -87.889449, 43.0456514 ], [ -87.8896565, 43.0457648 ], [ -87.889853, 43.0458725 ], [ -87.888552, 43.047163 ], [ -87.8885288, 43.0471864 ], [ -87.888548899999989, 43.047280199999989 ], [ -87.8886313, 43.0476585 ], [ -87.8894084, 43.0480762 ], [ -87.8891634, 43.0483176 ], [ -87.889141099999989, 43.0483392 ], [ -87.8889038, 43.0485724 ], [ -87.8888806, 43.048595299999988 ], [ -87.8886104, 43.0488612 ], [ -87.88859, 43.0488813 ], [ -87.8885019, 43.048968 ], [ -87.8883101, 43.0491572 ], [ -87.8882685, 43.0491978 ], [ -87.8882472, 43.0492187 ], [ -87.8881174, 43.0493472 ], [ -87.8870355, 43.0504141 ], [ -87.887673800000016, 43.0508418 ], [ -87.8874846, 43.0509814 ], [ -87.8875139, 43.0510013 ], [ -87.8875356, 43.0510209 ], [ -87.8875585, 43.0510316 ], [ -87.8875592, 43.0510552 ], [ -87.8875574, 43.0511058 ], [ -87.8875234, 43.0511498 ], [ -87.887482, 43.0511729 ], [ -87.8874252, 43.0511718 ], [ -87.8873559, 43.051162 ], [ -87.8873503, 43.0511579 ], [ -87.8873247, 43.0511408 ], [ -87.8872917, 43.0511209 ], [ -87.8866064, 43.0516228 ], [ -87.8866141, 43.051642 ], [ -87.8867834, 43.0520518 ], [ -87.8870786, 43.0527671 ], [ -87.8871235, 43.0528754 ], [ -87.8871253, 43.0529045 ], [ -87.8870767, 43.0529593 ], [ -87.8870446, 43.052994 ], [ -87.886979599999989, 43.0530076 ], [ -87.8868487, 43.0530319 ], [ -87.8868043, 43.0530154 ], [ -87.8867147, 43.0529818 ], [ -87.8867104, 43.0529707 ], [ -87.8866819, 43.0529022 ], [ -87.8866268, 43.0527648 ], [ -87.8863717, 43.0521335 ], [ -87.8863433, 43.0521417 ], [ -87.886108, 43.0515593 ], [ -87.8861042, 43.0515599 ], [ -87.8860992, 43.0515429 ], [ -87.8858157, 43.0515984 ], [ -87.8855274, 43.0516548 ], [ -87.8854502, 43.0516699 ], [ -87.8854195, 43.051583 ], [ -87.8853956, 43.051515 ], [ -87.8853753, 43.0514551 ], [ -87.8852431, 43.0511368 ], [ -87.8846704, 43.0512483 ], [ -87.884644, 43.0512534 ], [ -87.8841806, 43.0513437 ], [ -87.8841561, 43.051348399999988 ], [ -87.8837369, 43.0514302 ], [ -87.8835532, 43.0508991 ], [ -87.8829786, 43.0510109 ], [ -87.8829692, 43.0509848 ], [ -87.882956, 43.0509874 ], [ -87.8829269, 43.0509088 ], [ -87.8829081, 43.0509124 ], [ -87.8828002, 43.0506224 ], [ -87.8828191, 43.0506187 ], [ -87.8827891, 43.050537 ], [ -87.8828023, 43.0505345 ], [ -87.8827852, 43.0504893 ], [ -87.8827963, 43.0504913 ], [ -87.882804900000011, 43.0504869 ], [ -87.8828129, 43.0504727 ], [ -87.8828284, 43.0504562 ], [ -87.8828442, 43.0504335 ], [ -87.8828628, 43.050409 ], [ -87.882889, 43.0503821 ], [ -87.8829179, 43.0503576 ], [ -87.882936199999989, 43.0503423 ], [ -87.8829613, 43.0503205 ], [ -87.8829825, 43.0503014 ], [ -87.8830027, 43.0502854 ], [ -87.8830137, 43.0502666 ], [ -87.8830107, 43.050245 ], [ -87.8829944, 43.0502306 ], [ -87.8829639, 43.050217 ], [ -87.8829363, 43.0502054 ], [ -87.8829093, 43.0502017 ], [ -87.8828847, 43.0502085 ], [ -87.882866299999989, 43.0502269 ], [ -87.8828394, 43.0502478 ], [ -87.882815, 43.0502764 ], [ -87.8827917, 43.0503002 ], [ -87.8827693, 43.0503273 ], [ -87.8827458, 43.0503556 ], [ -87.8827243, 43.0503824 ], [ -87.8827008, 43.0504144 ], [ -87.8826793, 43.0504409 ], [ -87.882669299999989, 43.0504581 ], [ -87.8826668, 43.0504772 ], [ -87.8826673, 43.0504891 ], [ -87.88266990000001, 43.0504959 ], [ -87.8826539, 43.0504991 ], [ -87.8826761, 43.0505598 ], [ -87.8826864, 43.050558 ], [ -87.8827164, 43.0506394 ], [ -87.8827371, 43.0506352 ], [ -87.8828432, 43.0509214 ], [ -87.882826200000011, 43.0509248 ], [ -87.8828571, 43.051007 ], [ -87.882843, 43.0510097 ], [ -87.8828524, 43.0510354 ], [ -87.8827487, 43.0510555 ], [ -87.8827504, 43.0510618 ], [ -87.8827391, 43.0510643 ], [ -87.8828016, 43.051232 ], [ -87.882257200000012, 43.0513368 ], [ -87.8821959, 43.0511612 ], [ -87.882054599999989, 43.0511872 ], [ -87.8819859, 43.0512005 ], [ -87.8819576, 43.0512069 ], [ -87.8812575, 43.050107 ], [ -87.881003299999989, 43.0497205 ], [ -87.8810038, 43.0497059 ], [ -87.8806234, 43.0491024 ], [ -87.8804859, 43.0488841 ], [ -87.8800839, 43.0482538 ], [ -87.8798949, 43.0479547 ], [ -87.8797318, 43.0476965 ], [ -87.8796905, 43.0476171 ], [ -87.8796636, 43.047557399999988 ], [ -87.8796357, 43.0474439 ], [ -87.8796467, 43.0473177 ], [ -87.879746, 43.0469691 ], [ -87.8797947, 43.0467981 ], [ -87.8798109, 43.0467885 ], [ -87.8798162, 43.0467706 ], [ -87.8798239, 43.0467391 ], [ -87.8798375, 43.0466963 ], [ -87.879849, 43.0466619 ], [ -87.8798641, 43.0466034 ], [ -87.879878, 43.0465538 ], [ -87.879894, 43.0464989 ], [ -87.8799077, 43.0464522 ], [ -87.879923, 43.0463887 ], [ -87.8799368, 43.046342 ], [ -87.8799545, 43.0462908 ], [ -87.8799712, 43.0462404 ], [ -87.8799804, 43.0461924 ], [ -87.8799896, 43.0461431 ], [ -87.8800044, 43.0460924 ], [ -87.8800214, 43.0460352 ], [ -87.8800419, 43.0459833 ], [ -87.8800558, 43.0459321 ], [ -87.8800701, 43.0458704 ], [ -87.8800825, 43.0458107 ], [ -87.8800964, 43.04576 ], [ -87.8801063, 43.0457167 ], [ -87.8801109, 43.045691 ], [ -87.8801156, 43.0456647 ], [ -87.8801236, 43.0456223 ], [ -87.8801327, 43.0455755 ], [ -87.8801363, 43.045553 ], [ -87.8801435, 43.0455062 ], [ -87.8801527, 43.045486 ], [ -87.880169, 43.0454744 ], [ -87.8801897, 43.045469 ], [ -87.8802216, 43.0454665 ], [ -87.880271, 43.0454714 ], [ -87.8803108, 43.0454848 ], [ -87.8803435, 43.0454862 ], [ -87.8804193, 43.045486 ], [ -87.8804869, 43.0454779 ], [ -87.880563099999989, 43.0454663 ], [ -87.8806386, 43.0454473 ], [ -87.880713899999989, 43.0454349 ], [ -87.8807602, 43.0454207 ], [ -87.8807895, 43.0454118 ], [ -87.8808676, 43.0453988 ], [ -87.8809119, 43.0453892 ], [ -87.8810195, 43.0453613 ], [ -87.881093, 43.0453461 ], [ -87.8811684, 43.0453318 ], [ -87.8812419, 43.0453173 ], [ -87.8813275, 43.0453034 ], [ -87.8814085, 43.0452874 ], [ -87.881469, 43.045267699999989 ], [ -87.8814893, 43.0452493 ], [ -87.8814943, 43.0452417 ], [ -87.8814979, 43.0452176 ], [ -87.8814859, 43.0451853 ], [ -87.8814743, 43.0451708 ], [ -87.8814576, 43.0451646 ], [ -87.8814324, 43.045164 ], [ -87.8813425, 43.0451673 ], [ -87.8812747, 43.0451797 ], [ -87.8812357, 43.0451987 ], [ -87.8811631, 43.0452149 ], [ -87.8810529, 43.0452356 ], [ -87.8809776, 43.045249 ], [ -87.88089930000001, 43.0452681 ], [ -87.8808275, 43.045288899999989 ], [ -87.8807501, 43.0453074 ], [ -87.8806776, 43.0453219 ], [ -87.8805795, 43.045344 ], [ -87.8804808, 43.0453564 ], [ -87.8804143, 43.0453591 ], [ -87.8803152, 43.0453571 ], [ -87.8802482, 43.0453486 ], [ -87.8802353, 43.0453432 ], [ -87.8802225, 43.0453334 ], [ -87.8802191, 43.0453227 ], [ -87.8802197, 43.045307 ], [ -87.8802341, 43.0452421 ], [ -87.8802567, 43.0451829 ], [ -87.8802787, 43.0451144 ], [ -87.8803015, 43.0450499 ], [ -87.8803214, 43.0449903 ], [ -87.8803405, 43.0449256 ], [ -87.880362, 43.0448715 ], [ -87.8803801, 43.0448088 ], [ -87.8803829, 43.0447802 ], [ -87.8803827, 43.044733 ], [ -87.8803747, 43.0447203 ], [ -87.880358199999989, 43.0447096 ], [ -87.8803389, 43.0447017 ], [ -87.880299, 43.0446903 ], [ -87.8802766, 43.0446888 ], [ -87.8802316, 43.0446916 ], [ -87.8802221, 43.0446975 ], [ -87.8802018, 43.0447169 ], [ -87.8801974, 43.0447342 ], [ -87.8801828, 43.0448063 ], [ -87.8801673, 43.0448748 ], [ -87.880152099999989, 43.044936 ], [ -87.8801534, 43.0449509 ], [ -87.8801497, 43.0450036 ], [ -87.8801392, 43.0450637 ], [ -87.8801222, 43.045122 ], [ -87.8801069, 43.0451851 ], [ -87.8800898, 43.0452479 ], [ -87.8800755, 43.0453093 ], [ -87.8800607, 43.0453861 ], [ -87.8800522, 43.045415 ], [ -87.8800394, 43.0454593 ], [ -87.8800188, 43.0455154 ], [ -87.8800044, 43.0455519 ], [ -87.8799861, 43.0455954 ], [ -87.879970899999989, 43.045655 ], [ -87.8799641, 43.0456899 ], [ -87.879957499999989, 43.0457181 ], [ -87.8799441, 43.0457813 ], [ -87.8799292, 43.0458314 ], [ -87.879911, 43.0458986 ], [ -87.879891, 43.045964 ], [ -87.879878, 43.0460134 ], [ -87.879865099999989, 43.0460629 ], [ -87.8798482, 43.0461184 ], [ -87.87983, 43.0461845 ], [ -87.8798075, 43.0462662 ], [ -87.8797875, 43.046331 ], [ -87.8797664, 43.0464005 ], [ -87.879749600000011, 43.0464788 ], [ -87.8797341, 43.0465495 ], [ -87.8797158, 43.0466181 ], [ -87.8797025, 43.046679499999989 ], [ -87.8796874, 43.046735399999989 ], [ -87.8796755, 43.0467829 ], [ -87.8796236, 43.0469668 ], [ -87.879526200000015, 43.0473118 ], [ -87.8795233, 43.0474484 ], [ -87.8795559, 43.0475873 ], [ -87.87962060000001, 43.0477177 ], [ -87.8797699, 43.0479524 ], [ -87.8799028, 43.0481611 ], [ -87.8804999, 43.0491 ], [ -87.8805629, 43.0491991 ], [ -87.8812085, 43.0502241 ], [ -87.8818473, 43.0512315 ], [ -87.8818524, 43.0512728 ], [ -87.881865499999989, 43.0512985 ], [ -87.8818839, 43.0513338 ], [ -87.8819023, 43.0513705 ], [ -87.881928, 43.0514118 ], [ -87.8819456, 43.0514454 ], [ -87.8819634, 43.0514723 ], [ -87.8819855, 43.0515074 ], [ -87.8820104, 43.0515453 ], [ -87.8820336, 43.0515773 ], [ -87.8820514, 43.0516038 ], [ -87.8820762, 43.0516451 ], [ -87.8821019, 43.0516866 ], [ -87.882125, 43.051721 ], [ -87.8821536, 43.0517599 ], [ -87.8821812, 43.0518006 ], [ -87.8822007, 43.0518334 ], [ -87.8822274, 43.0518713 ], [ -87.8822505, 43.0519065 ], [ -87.8822691, 43.0519388 ], [ -87.8822847, 43.0519731 ], [ -87.8822891, 43.052007499999988 ], [ -87.8822925, 43.0520453 ], [ -87.8822847, 43.0520808 ], [ -87.8822715, 43.0521118 ], [ -87.8822593, 43.0521383 ], [ -87.8822398, 43.0521635 ], [ -87.8821993, 43.0521966 ], [ -87.8821619, 43.0522221 ], [ -87.8821228, 43.0522459 ], [ -87.8820921, 43.0522677 ], [ -87.8820612, 43.0522938 ], [ -87.8820353, 43.0523116 ], [ -87.8819812, 43.0523613 ], [ -87.8819322, 43.0523985 ], [ -87.8818887, 43.05244 ], [ -87.8818406, 43.0524783 ], [ -87.8817734, 43.0525281 ], [ -87.8817157, 43.052572 ], [ -87.8816639, 43.0526096 ], [ -87.8816138, 43.0526505 ], [ -87.8815724, 43.0526845 ], [ -87.8815252, 43.0527239 ], [ -87.881505, 43.0527382 ], [ -87.8814897, 43.0527496 ], [ -87.8814683, 43.0527708 ], [ -87.8814659, 43.0527861 ], [ -87.8814698, 43.0528089 ], [ -87.881488, 43.0528241 ], [ -87.8815155, 43.0528396 ], [ -87.8815389, 43.0528407 ], [ -87.8815691, 43.0528319 ], [ -87.8816141, 43.0528049 ], [ -87.881662, 43.0527709 ], [ -87.8816968, 43.0527393 ], [ -87.8817055, 43.0527316 ], [ -87.8817422, 43.0526967 ], [ -87.881781, 43.0526595 ], [ -87.8818166, 43.0526298 ], [ -87.8818436, 43.0526059 ], [ -87.8818542, 43.0525981 ], [ -87.8818867, 43.052658799999989 ], [ -87.8819169, 43.0527045 ], [ -87.8819358, 43.0527267 ], [ -87.8819447, 43.0527405 ], [ -87.8819536, 43.0527545 ], [ -87.8819721, 43.0527863 ], [ -87.8819898, 43.0528155 ], [ -87.8820065, 43.0528467 ], [ -87.8820223, 43.052878199999988 ], [ -87.8820248, 43.0528853 ], [ -87.8820214, 43.0529046 ], [ -87.8820183, 43.0529668 ], [ -87.8820091, 43.0530152 ], [ -87.882009, 43.0530179 ], [ -87.8820037, 43.0530903 ], [ -87.8819974, 43.053163 ], [ -87.881993, 43.0531844 ], [ -87.8819632, 43.0532611 ], [ -87.8819391, 43.053307 ], [ -87.8819085, 43.0533525 ], [ -87.8818692, 43.0534068 ], [ -87.8818516, 43.053428499999988 ], [ -87.8817993, 43.0534796 ], [ -87.8817267, 43.0535496 ], [ -87.8816396, 43.0536068 ], [ -87.8815968, 43.0536289 ], [ -87.8815787, 43.0536358 ], [ -87.88150370000001, 43.053667399999988 ], [ -87.8814545, 43.0536851 ], [ -87.8814006, 43.0537008 ], [ -87.8813977, 43.0537016 ], [ -87.8812979, 43.0537201 ], [ -87.8812141, 43.0537346 ], [ -87.8811682, 43.0537364 ], [ -87.8810719, 43.0537356 ], [ -87.8810224, 43.0537313 ], [ -87.8809321, 43.05372 ], [ -87.8808471, 43.0537143 ], [ -87.880761100000015, 43.053712 ], [ -87.8807397, 43.0537084 ], [ -87.8807243, 43.0536961 ], [ -87.8807203, 43.053688099999988 ], [ -87.8807164, 43.0536804 ], [ -87.880721799999989, 43.053659 ], [ -87.8807449, 43.053641 ], [ -87.880811799999989, 43.0535985 ], [ -87.8808483, 43.0535715 ], [ -87.8809157, 43.053543399999988 ], [ -87.8809325, 43.0535197 ], [ -87.8809307, 43.0534897 ], [ -87.8809679, 43.0534424 ], [ -87.8809602, 43.0534221 ], [ -87.8809354, 43.053409 ], [ -87.8808774, 43.0534075 ], [ -87.880849900000015, 43.0534185 ], [ -87.8808189, 43.0534493 ], [ -87.8807694, 43.0535006 ], [ -87.8807378, 43.0535222 ], [ -87.8806498, 43.0535752 ], [ -87.8806162, 43.0536019 ], [ -87.8805645, 43.0536361 ], [ -87.8805199, 43.0536524 ], [ -87.8804961, 43.0536642 ], [ -87.8804923, 43.0536672 ], [ -87.8804826, 43.0536759 ], [ -87.8804759, 43.0536812 ], [ -87.8804746, 43.0536835 ], [ -87.8804689, 43.0536934 ], [ -87.8804583, 43.0537035 ], [ -87.8804504, 43.0537155 ], [ -87.8804453, 43.0537282 ], [ -87.880442, 43.0537414 ], [ -87.8804426, 43.0537508 ], [ -87.880434, 43.0537555 ], [ -87.8804298, 43.0537697 ], [ -87.8804074, 43.0537951 ], [ -87.8803545, 43.0538372 ], [ -87.8802708, 43.0539013 ], [ -87.8802187, 43.0539469 ], [ -87.8801736, 43.0539801 ], [ -87.880108, 43.0540362 ], [ -87.8800894, 43.0540619 ], [ -87.8800856, 43.0540882 ], [ -87.880091299999989, 43.0541141 ], [ -87.8801051, 43.0541208 ], [ -87.8801275, 43.054121099999989 ], [ -87.8801527, 43.0541247 ], [ -87.8801879, 43.0541338 ], [ -87.8802184, 43.0541448 ], [ -87.880234, 43.054155 ], [ -87.8802411, 43.0541658 ], [ -87.8802586, 43.0542274 ], [ -87.8802614, 43.0542543 ], [ -87.8802386, 43.054317499999989 ], [ -87.8801932, 43.0543862 ], [ -87.8801343, 43.0544401 ], [ -87.8800881, 43.0544761 ], [ -87.8800422, 43.0545048 ], [ -87.8800066, 43.0545323 ], [ -87.879986, 43.0545598 ], [ -87.8799794, 43.0545613 ], [ -87.8799546, 43.054576499999989 ], [ -87.8799198, 43.0546086 ], [ -87.8798728, 43.0546692 ], [ -87.8798351, 43.054704199999989 ], [ -87.879785, 43.0547446 ], [ -87.8796882, 43.0548103 ], [ -87.8796075, 43.0548727 ], [ -87.8795559, 43.0549148 ], [ -87.8795112, 43.0549514 ], [ -87.8794203, 43.0550355 ], [ -87.8793666, 43.0551003 ], [ -87.8793293, 43.0551215 ], [ -87.8792795, 43.055155 ], [ -87.8792266, 43.0551965 ], [ -87.879117, 43.0552823 ], [ -87.8790751, 43.0553039 ], [ -87.8789837, 43.0553488 ], [ -87.8789338, 43.0553834 ], [ -87.8788322, 43.0554528 ], [ -87.8787457, 43.055493299999988 ], [ -87.878663, 43.0555314 ], [ -87.8785626, 43.0555666 ], [ -87.8785268, 43.0555715 ], [ -87.8784959, 43.0555726 ], [ -87.8784735, 43.0555706 ], [ -87.878456899999989, 43.0555656 ], [ -87.8784504, 43.0555636 ], [ -87.878420300000016, 43.0555418 ], [ -87.878415, 43.055531 ], [ -87.878421, 43.0555205 ], [ -87.8784583, 43.0554981 ], [ -87.8784669, 43.0554931 ], [ -87.8784693, 43.0554776 ], [ -87.8784625, 43.055457 ], [ -87.8784598, 43.0554538 ], [ -87.878449, 43.0554426 ], [ -87.8784324, 43.0554347 ], [ -87.878411899999989, 43.0554316 ], [ -87.8783876, 43.0554318 ], [ -87.878361200000015, 43.0554365 ], [ -87.8783327, 43.0554502 ], [ -87.8782715, 43.0554872 ], [ -87.8782639, 43.0554918 ], [ -87.8782318, 43.0555245 ], [ -87.8781914, 43.0555585 ], [ -87.8781501, 43.0555896 ], [ -87.8781128, 43.0556125 ], [ -87.8780829, 43.0556381 ], [ -87.8780819, 43.0556393 ], [ -87.8780093, 43.05571 ], [ -87.8779421, 43.0557855 ], [ -87.8779266, 43.05581 ], [ -87.8779213, 43.0558185 ], [ -87.8778777, 43.055888 ], [ -87.8778642, 43.0559261 ], [ -87.8778627, 43.0559422 ], [ -87.8778588, 43.0560002 ], [ -87.8778535, 43.0560745 ], [ -87.8778604, 43.0561714 ], [ -87.8778626, 43.0562439 ], [ -87.8778604, 43.0562792 ], [ -87.8778516, 43.0563161 ], [ -87.8778262, 43.0563734 ], [ -87.8778115, 43.0563951 ], [ -87.8777649, 43.0564434 ], [ -87.8777582, 43.0564461 ], [ -87.8777131, 43.0564788 ], [ -87.8776312, 43.0565474 ], [ -87.877584, 43.0565853 ], [ -87.8775351, 43.056619 ], [ -87.8774832, 43.056659499999988 ], [ -87.8774321, 43.0567037 ], [ -87.8773688, 43.0567488 ], [ -87.8773171, 43.0567818 ], [ -87.8772613, 43.0568242 ], [ -87.877198, 43.0568692 ], [ -87.8771384, 43.0569156 ], [ -87.8770757, 43.0569689 ], [ -87.8770085, 43.0570174 ], [ -87.8769468, 43.0570698 ], [ -87.87689, 43.0571176 ], [ -87.8768342, 43.0571594 ], [ -87.87677, 43.0572028 ], [ -87.8766965, 43.0572448 ], [ -87.8766187, 43.057303 ], [ -87.8765461, 43.0573469 ], [ -87.8764959, 43.0573905 ], [ -87.8764429, 43.0574343 ], [ -87.8763918, 43.057479 ], [ -87.876326600000013, 43.057524 ], [ -87.876257, 43.0575599 ], [ -87.8762007, 43.0575912 ], [ -87.8761124, 43.0576278 ], [ -87.8760471, 43.0576514 ], [ -87.8759824, 43.0576813 ], [ -87.8759481, 43.0576977 ], [ -87.8758611, 43.0577533 ], [ -87.8758055, 43.0577897 ], [ -87.8757823, 43.0578106 ], [ -87.8757244, 43.0578637 ], [ -87.8756838, 43.0578989 ], [ -87.875616, 43.0579647 ], [ -87.8755435, 43.0580316 ], [ -87.875515299999989, 43.0580624 ], [ -87.8755024, 43.0580855 ], [ -87.875479, 43.0581389 ], [ -87.8754655, 43.0581774 ], [ -87.8754542, 43.0582609 ], [ -87.8754375, 43.0583378 ], [ -87.8754145, 43.0584051 ], [ -87.875387, 43.0584967 ], [ -87.8753506, 43.0586019 ], [ -87.8753402, 43.058658 ], [ -87.8753222, 43.0587459 ], [ -87.8753172, 43.0587825 ], [ -87.8752921, 43.0588599 ], [ -87.8752811, 43.0589055 ], [ -87.8752844, 43.0589699 ], [ -87.8751432, 43.0591644 ], [ -87.8747067, 43.0596637 ], [ -87.8743134, 43.0600423 ], [ -87.8742996, 43.0600587 ], [ -87.874781, 43.0600724 ], [ -87.874782, 43.0600725 ], [ -87.8748189, 43.0600736 ] ] ] } },
{ "type": "Feature", "properties": { "rep_unit_id": 178, "ward": "City of Milwaukee Ward 178", "county": "MILWAUKEE" }, "geometry": { "type": "Polygon", "coordinates": [ [ [ -87.8923222, 43.0529236 ], [ -87.8927238, 43.0529305 ], [ -87.8937567, 43.0529375 ], [ -87.8939377, 43.0529385 ], [ -87.894142699999989, 43.0529395 ], [ -87.8947587, 43.0529425 ], [ -87.8949647, 43.0529435 ], [ -87.8950577, 43.0529435 ], [ -87.8953387, 43.052944499999988 ], [ -87.8954327, 43.0529455 ], [ -87.8957117, 43.0529465 ], [ -87.8965487, 43.0529495 ], [ -87.8968287, 43.0529515 ], [ -87.89684170000001, 43.0524615 ], [ -87.8968847, 43.0509934 ], [ -87.8968987, 43.0505044 ], [ -87.8969017, 43.0503624 ], [ -87.8969127, 43.0499374 ], [ -87.8969167, 43.0497964 ], [ -87.8969167, 43.0497814 ], [ -87.8969177, 43.0497364 ], [ -87.8969187, 43.0497224 ], [ -87.8969267, 43.0493924 ], [ -87.8969527, 43.0484063 ], [ -87.8969617, 43.048077299999989 ], [ -87.8969667, 43.0478363 ], [ -87.8969857, 43.0471163 ], [ -87.8969917, 43.0468763 ], [ -87.8969937, 43.0467523 ], [ -87.8970037, 43.0463833 ], [ -87.897007699999989, 43.0462603 ], [ -87.8968907, 43.0463823 ], [ -87.8965427, 43.0467473 ], [ -87.8964268, 43.0468703 ], [ -87.8962718, 43.0470323 ], [ -87.8958098, 43.0475173 ], [ -87.8956558, 43.0476803 ], [ -87.8953748, 43.0479743 ], [ -87.8945338, 43.0488574 ], [ -87.8942538, 43.0491524 ], [ -87.8941468, 43.0492634 ], [ -87.8938288, 43.0495984 ], [ -87.8937228, 43.0497104 ], [ -87.8932158, 43.0502414 ], [ -87.8916968, 43.0518354 ], [ -87.8911908, 43.0523675 ], [ -87.8914178, 43.0524795 ], [ -87.8920998, 43.0528185 ], [ -87.8923222, 43.0529236 ] ] ] } },
{ "type": "Feature", "properties": { "rep_unit_id": 179, "ward": "City of Milwaukee Ward 179", "county": "MILWAUKEE" }, "geometry": { "type": "Polygon", "coordinates": [ [ [ -87.9042018, 43.0543607 ], [ -87.9054735, 43.0534391 ], [ -87.906449, 43.0527967 ], [ -87.9073583, 43.0517646 ], [ -87.907564, 43.0515196 ], [ -87.9074364, 43.0514535 ], [ -87.9073684, 43.0514155 ], [ -87.9071444, 43.0512905 ], [ -87.906827400000012, 43.0511133 ], [ -87.9064734, 43.0509155 ], [ -87.9062504, 43.0507905 ], [ -87.9061914, 43.0507655 ], [ -87.9060174, 43.0506905 ], [ -87.9059595, 43.0506665 ], [ -87.9058975, 43.0506405 ], [ -87.9057585, 43.0505985 ], [ -87.9057145, 43.0505904 ], [ -87.9055965, 43.0505724 ], [ -87.9049445, 43.0505674 ], [ -87.9046885, 43.0505664 ], [ -87.9044365, 43.0505644 ], [ -87.903682500000016, 43.0505584 ], [ -87.9034315, 43.0505574 ], [ -87.9031795, 43.050554399999989 ], [ -87.9024265, 43.0505484 ], [ -87.9021756, 43.0505474 ], [ -87.901923599999989, 43.0505454 ], [ -87.9011676, 43.0505394 ], [ -87.9009156, 43.0505384 ], [ -87.9006626, 43.0505364 ], [ -87.8999056, 43.0505304 ], [ -87.8996536, 43.0505294 ], [ -87.8993586, 43.0505264 ], [ -87.8984737, 43.0505204 ], [ -87.8981797, 43.0505184 ], [ -87.8979227, 43.0505154 ], [ -87.8971547, 43.0505064 ], [ -87.8968987, 43.0505044 ], [ -87.8968847, 43.0509934 ], [ -87.89684170000001, 43.0524615 ], [ -87.8968287, 43.0529515 ], [ -87.8970877, 43.052952499999989 ], [ -87.8978646, 43.052955499999989 ], [ -87.8981246, 43.0529575 ], [ -87.8983986, 43.0529585 ], [ -87.8992206, 43.0529635 ], [ -87.8994946, 43.0529655 ], [ -87.8997676, 43.0529665 ], [ -87.900586600000011, 43.0529705 ], [ -87.9008606, 43.0529725 ], [ -87.9011345, 43.0529735 ], [ -87.9019565, 43.0529775 ], [ -87.9022315, 43.0529795 ], [ -87.9024525, 43.0529805 ], [ -87.9031185, 43.0529835 ], [ -87.9033405, 43.0529855 ], [ -87.9033425, 43.0531165 ], [ -87.9033445, 43.0532015 ], [ -87.9033575, 43.0533155 ], [ -87.9033815, 43.0534055 ], [ -87.9034155, 43.0534995 ], [ -87.9034305, 43.0535395 ], [ -87.9034775, 43.0536155 ], [ -87.9035505, 43.0537395 ], [ -87.9035544, 43.0537442 ], [ -87.9035795, 43.0537735 ], [ -87.9036265, 43.0538295 ], [ -87.9039865, 43.0541706 ], [ -87.9041285, 43.0542976 ], [ -87.9041735, 43.0543386 ], [ -87.9042018, 43.0543607 ] ] ] } },
{ "type": "Feature", "properties": { "rep_unit_id": 180, "ward": "City of Milwaukee Ward 180", "county": "MILWAUKEE" }, "geometry": { "type": "Polygon", "coordinates": [ [ [ -87.8969617, 43.048077299999989 ], [ -87.8972157, 43.0480803 ], [ -87.8979797, 43.0480893 ], [ -87.898234699999989, 43.0480923 ], [ -87.8985267, 43.0480973 ], [ -87.8994037, 43.0481123 ], [ -87.8996966, 43.0481173 ], [ -87.8999486, 43.0481183 ], [ -87.9007056, 43.0481234 ], [ -87.9009586, 43.0481254 ], [ -87.9012106, 43.0481264 ], [ -87.9019666, 43.0481324 ], [ -87.9022186, 43.0481344 ], [ -87.902469599999989, 43.0481354 ], [ -87.9032236, 43.0481414 ], [ -87.9034755, 43.0481434 ], [ -87.9037265, 43.0481444 ], [ -87.9044825, 43.0481494 ], [ -87.904734499999989, 43.0481514 ], [ -87.9049855, 43.0481524 ], [ -87.9057385, 43.0481584 ], [ -87.9059905, 43.0481604 ], [ -87.9062405, 43.0481614 ], [ -87.9069935, 43.0481674 ], [ -87.9072444, 43.0481694 ], [ -87.9072944, 43.0481694 ], [ -87.9075064, 43.048170399999989 ], [ -87.908295400000014, 43.0481764 ], [ -87.9085584, 43.0481784 ], [ -87.9085604, 43.0479354 ], [ -87.9085684, 43.0472093 ], [ -87.9085714, 43.0469673 ], [ -87.9085734, 43.0467263 ], [ -87.9085824, 43.0460053 ], [ -87.9085854, 43.0457653 ], [ -87.9083274, 43.0457633 ], [ -87.908038499999989, 43.0457613 ], [ -87.9080115, 43.0457613 ], [ -87.9075535, 43.0457573 ], [ -87.9072965, 43.0457563 ], [ -87.9067925, 43.0457523 ], [ -87.9061265, 43.0457473 ], [ -87.9052835, 43.0457403 ], [ -87.9047805, 43.0457373 ], [ -87.9045285, 43.0457353 ], [ -87.9037726, 43.0457293 ], [ -87.9035206, 43.0457283 ], [ -87.9032686, 43.0457263 ], [ -87.9025136, 43.0457203 ], [ -87.9022626, 43.0457183 ], [ -87.9020106, 43.045716299999988 ], [ -87.9012546, 43.045710299999989 ], [ -87.9010026, 43.0457093 ], [ -87.9007496, 43.0457073 ], [ -87.8999917, 43.0457013 ], [ -87.8997397, 43.0456993 ], [ -87.8984917, 43.0456893 ], [ -87.8984307, 43.0456883 ], [ -87.8975617, 43.0456793 ], [ -87.897007699999989, 43.0462603 ], [ -87.8970037, 43.0463833 ], [ -87.8969937, 43.0467523 ], [ -87.8969917, 43.0468763 ], [ -87.8969857, 43.0471163 ], [ -87.8969667, 43.0478363 ], [ -87.8969617, 43.048077299999989 ] ] ] } },
{ "type": "Feature", "properties": { "rep_unit_id": 181, "ward": "City of Milwaukee Ward 181", "county": "MILWAUKEE" }, "geometry": { "type": "Polygon", "coordinates": [ [ [ -87.8975617, 43.0456793 ], [ -87.8984307, 43.0456883 ], [ -87.8984917, 43.0456893 ], [ -87.8997397, 43.0456993 ], [ -87.8999917, 43.0457013 ], [ -87.9007496, 43.0457073 ], [ -87.9010026, 43.0457093 ], [ -87.9012546, 43.045710299999989 ], [ -87.9020106, 43.045716299999988 ], [ -87.9022626, 43.0457183 ], [ -87.9025136, 43.0457203 ], [ -87.9032686, 43.0457263 ], [ -87.9035206, 43.0457283 ], [ -87.903471599999989, 43.0453473 ], [ -87.9033246, 43.0442062 ], [ -87.9032756, 43.0438262 ], [ -87.9032546, 43.0436342 ], [ -87.9031946, 43.0430602 ], [ -87.9031746, 43.0428692 ], [ -87.9031706, 43.0428382 ], [ -87.9031616, 43.0427452 ], [ -87.9031586, 43.0427142 ], [ -87.902908599999989, 43.0427442 ], [ -87.9021606, 43.0428332 ], [ -87.9019117, 43.0428642 ], [ -87.9016617, 43.0428782 ], [ -87.9009137, 43.0429202 ], [ -87.9006647, 43.0429352 ], [ -87.9005477, 43.0429442 ], [ -87.9001977, 43.0429732 ], [ -87.9000817, 43.0429832 ], [ -87.9000117, 43.0429892 ], [ -87.8999467, 43.0429962 ], [ -87.8997637, 43.0430162 ], [ -87.8995477, 43.0430632 ], [ -87.899416699999989, 43.0430932 ], [ -87.8992617, 43.0431392 ], [ -87.8990137, 43.0432142 ], [ -87.8988247, 43.0433372 ], [ -87.8986907, 43.0434262 ], [ -87.8985647, 43.0435482 ], [ -87.8984657, 43.0436872 ], [ -87.8983167, 43.0439702 ], [ -87.8982527, 43.0441172 ], [ -87.8982487, 43.0444622 ], [ -87.8981587, 43.0449052 ], [ -87.8981527, 43.0449352 ], [ -87.89801270000001, 43.0451802 ], [ -87.8978937, 43.0453642 ], [ -87.8976817, 43.0455563 ], [ -87.8975617, 43.0456793 ] ] ] } },
{ "type": "Feature", "properties": { "rep_unit_id": 182, "ward": "City of Milwaukee Ward 182", "county": "MILWAUKEE" }, "geometry": { "type": "Polygon", "coordinates": [ [ [ -87.9037327, 43.036464 ], [ -87.9075351, 43.0362273 ], [ -87.9088077, 43.0361318 ], [ -87.9095167, 43.0360948 ], [ -87.9098323, 43.0360668 ], [ -87.9102638, 43.0338341 ], [ -87.9107373, 43.0322951 ], [ -87.9107275, 43.0320493 ], [ -87.9107207, 43.031880400000013 ], [ -87.9105852, 43.031579 ], [ -87.9104154, 43.0313554 ], [ -87.9099573, 43.031154699999988 ], [ -87.9098296, 43.0313318 ], [ -87.9095056, 43.0317538 ], [ -87.9094336, 43.0318508 ], [ -87.9092056, 43.0317548 ], [ -87.9085236, 43.0314678 ], [ -87.908296600000014, 43.0313728 ], [ -87.9080166, 43.0312548 ], [ -87.9071767, 43.0309008 ], [ -87.9068977, 43.0307838 ], [ -87.9068077, 43.0307418 ], [ -87.9066967, 43.0306638 ], [ -87.9061217, 43.0302588 ], [ -87.9059307, 43.0301238 ], [ -87.9058477, 43.0301288 ], [ -87.9055987, 43.0301438 ], [ -87.9055157, 43.0301488 ], [ -87.905264699999989, 43.0301628 ], [ -87.9045117, 43.0302068 ], [ -87.9042617, 43.0302228 ], [ -87.9040118, 43.0302368 ], [ -87.9032638, 43.0302808 ], [ -87.9030148, 43.030296799999988 ], [ -87.9030428, 43.030569799999988 ], [ -87.9031298, 43.0313918 ], [ -87.9031588, 43.0316658 ], [ -87.903187800000012, 43.0319068 ], [ -87.9032747, 43.0326298 ], [ -87.9033037, 43.0328719 ], [ -87.9033317, 43.0331109 ], [ -87.9034177, 43.0338289 ], [ -87.903446699999989, 43.0340689 ], [ -87.9034747, 43.0343109 ], [ -87.9035617, 43.0350369 ], [ -87.9035907, 43.0352799 ], [ -87.903593700000016, 43.0353049 ], [ -87.9036017, 43.0353799 ], [ -87.9036057, 43.0354049 ], [ -87.903615699999989, 43.0354949 ], [ -87.9036307, 43.035621899999988 ], [ -87.9036587, 43.03584 ], [ -87.903685700000011, 43.036072 ], [ -87.9036997, 43.036186 ], [ -87.9037157, 43.036319 ], [ -87.9037327, 43.036464 ] ] ] } },
{ "type": "Feature", "properties": { "rep_unit_id": 236, "ward": "City of Milwaukee Ward 236", "county": "MILWAUKEE" }, "geometry": { "type": "Polygon", "coordinates": [ [ [ -87.8986551, 43.025084899999989 ], [ -87.9023759, 43.0251276 ], [ -87.9028439, 43.0246636 ], [ -87.9033098, 43.0242006 ], [ -87.9043768, 43.023264499999989 ], [ -87.9047288, 43.0229565 ], [ -87.9047318, 43.0218895 ], [ -87.9021186, 43.0169926 ], [ -87.9039819, 43.0140183 ], [ -87.9048574, 43.0125033 ], [ -87.9066149, 43.0090839 ], [ -87.9083338, 43.0082651 ], [ -87.9083337, 43.008265 ], [ -87.9088782, 43.0077343 ], [ -87.9088819, 43.0072341 ], [ -87.9089621, 43.002875 ], [ -87.906930300000013, 43.0028862 ], [ -87.9049441, 43.0029029 ], [ -87.9047351, 43.0029049 ], [ -87.9046341, 43.0029049 ], [ -87.904333100000017, 43.0029059 ], [ -87.9042331, 43.0029069 ], [ -87.9040461, 43.0026849 ], [ -87.9034881, 43.0020198 ], [ -87.9033021, 43.0017988 ], [ -87.9031861, 43.0016598 ], [ -87.9028391, 43.0012448 ], [ -87.9027242, 43.0011068 ], [ -87.9026512, 43.0010188 ], [ -87.9024322, 43.0007558 ], [ -87.9023592, 43.0006688 ], [ -87.9020572, 43.0006678 ], [ -87.90115320000001, 43.0006678 ], [ -87.9008522, 43.000667799999988 ], [ -87.900582200000017, 43.0006718 ], [ -87.8997752, 43.0006858 ], [ -87.8995062, 43.0006908 ], [ -87.8981267, 43.000668399999988 ], [ -87.8981544, 43.0029283 ], [ -87.8956493, 43.0029398 ], [ -87.8956813, 43.0030228 ], [ -87.8957773, 43.0032719 ], [ -87.8958093, 43.0033559 ], [ -87.8956703, 43.0033849 ], [ -87.8954193, 43.0034389 ], [ -87.8952563, 43.0034719 ], [ -87.8951183, 43.0035009 ], [ -87.8949613, 43.0035329 ], [ -87.8944913, 43.0036279 ], [ -87.8943353, 43.0036609 ], [ -87.8942194, 43.003684899999989 ], [ -87.8938844, 43.0037529 ], [ -87.8926264, 43.0040129 ], [ -87.89253140000001, 43.0040319 ], [ -87.8907348, 43.0043734 ], [ -87.8898736, 43.002444 ], [ -87.8893762, 43.001666 ], [ -87.8889655, 43.0011193 ], [ -87.8887661, 43.0008951 ], [ -87.8884426, 43.0005227 ], [ -87.88827, 43.0003375 ], [ -87.8877192, 43.0004294 ], [ -87.887852, 43.0005351 ], [ -87.887673, 43.0006585 ], [ -87.8872593, 43.0009436 ], [ -87.8868785, 43.0011948 ], [ -87.8868029, 43.0011382 ], [ -87.8867752, 43.0011558 ], [ -87.8868507, 43.0012164 ], [ -87.8856823, 43.002022 ], [ -87.8857071, 43.0020357 ], [ -87.8866844, 43.0013748 ], [ -87.8867199, 43.0014013 ], [ -87.886745499999989, 43.0014206 ], [ -87.8870434, 43.0016454 ], [ -87.8874232, 43.001935 ], [ -87.8874378, 43.0019461 ], [ -87.887503400000014, 43.0019958 ], [ -87.887518, 43.0020072 ], [ -87.8875836, 43.0020572 ], [ -87.8876, 43.0020695 ], [ -87.8876437, 43.002103 ], [ -87.8876583, 43.0021138 ], [ -87.8879115, 43.0023069 ], [ -87.887317, 43.0027376 ], [ -87.8873169, 43.0027405 ], [ -87.887309300000013, 43.0027731 ], [ -87.8872885, 43.0027782 ], [ -87.8872601, 43.0027886 ], [ -87.8872333, 43.002806 ], [ -87.8872188, 43.0028215 ], [ -87.8872059, 43.0028415 ], [ -87.8871881, 43.0028435 ], [ -87.887172, 43.0028485 ], [ -87.8871653, 43.002854299999989 ], [ -87.8871584, 43.0028628 ], [ -87.8871544, 43.0028726 ], [ -87.8871269, 43.002883 ], [ -87.8870992, 43.0029002 ], [ -87.8870876, 43.0029103 ], [ -87.8870671, 43.0029374 ], [ -87.887064, 43.0029444 ], [ -87.8870462, 43.0029456 ], [ -87.8870358, 43.0029483 ], [ -87.8870272, 43.0029539 ], [ -87.8870204, 43.0029614 ], [ -87.8870123, 43.0029803 ], [ -87.8869849, 43.0029874 ], [ -87.8869651, 43.0029945 ], [ -87.8869423, 43.0030031 ], [ -87.8869262, 43.0030108 ], [ -87.8869193, 43.003019599999988 ], [ -87.8869152, 43.0030317 ], [ -87.8869138, 43.0030444 ], [ -87.8869026, 43.0030433 ], [ -87.8868923, 43.0030444 ], [ -87.8868819, 43.0030478 ], [ -87.8868742, 43.0030533 ], [ -87.8868684, 43.0030601 ], [ -87.8868662, 43.0030679 ], [ -87.8868669, 43.0030759 ], [ -87.88685, 43.0030769 ], [ -87.886834, 43.0030801 ], [ -87.8868189, 43.0030853 ], [ -87.8868046, 43.0030924 ], [ -87.8867931, 43.0031012 ], [ -87.8867834, 43.0031114 ], [ -87.8867765, 43.0031226 ], [ -87.8867723, 43.0031346 ], [ -87.8867709, 43.0031469 ], [ -87.8867597, 43.0031464 ], [ -87.8867494, 43.0031482 ], [ -87.8867475, 43.0031489 ], [ -87.8867399, 43.003152 ], [ -87.8867322, 43.0031576 ], [ -87.8867273, 43.0031645 ], [ -87.8867243, 43.0031722 ], [ -87.8867249, 43.003180199999989 ], [ -87.886708, 43.0031818 ], [ -87.8866911, 43.0031854 ], [ -87.8866759, 43.0031908 ], [ -87.8866626, 43.003198 ], [ -87.8866501, 43.0032068 ], [ -87.8866405, 43.0032168 ], [ -87.886632600000013, 43.0032279 ], [ -87.8866275, 43.0032397 ], [ -87.8866252, 43.003252 ], [ -87.8866159, 43.0032505 ], [ -87.8866056, 43.0032508 ], [ -87.8865971, 43.0032531 ], [ -87.8865886, 43.0032571 ], [ -87.8865828, 43.0032625 ], [ -87.8865788, 43.003269 ], [ -87.8865767, 43.003276 ], [ -87.8865783, 43.003283 ], [ -87.8865605, 43.0032841 ], [ -87.8865445, 43.0032874 ], [ -87.8865284, 43.0032928 ], [ -87.8865142, 43.0033001 ], [ -87.8865017, 43.0033091 ], [ -87.886492, 43.0033196 ], [ -87.8864841, 43.0033312 ], [ -87.8864799, 43.0033436 ], [ -87.8864786, 43.0033564 ], [ -87.8864674, 43.0033553 ], [ -87.8864561, 43.0033567 ], [ -87.8864466, 43.0033604 ], [ -87.886438, 43.0033661 ], [ -87.8864331, 43.0033733 ], [ -87.886431, 43.0033812 ], [ -87.8864326, 43.0033893 ], [ -87.8864157, 43.0033901 ], [ -87.8863988, 43.0033932 ], [ -87.8863836, 43.0033983 ], [ -87.8863694, 43.0034055 ], [ -87.88635690000001, 43.0034144 ], [ -87.8863481, 43.003424699999989 ], [ -87.8863412, 43.0034362 ], [ -87.886337, 43.0034484 ], [ -87.886335699999989, 43.003461 ], [ -87.8863264, 43.003459 ], [ -87.8863161, 43.0034591 ], [ -87.8863067, 43.0034613 ], [ -87.8862981, 43.0034653 ], [ -87.8862914, 43.003471 ], [ -87.886287400000015, 43.0034778 ], [ -87.886286200000015, 43.0034851 ], [ -87.8862878, 43.0034924 ], [ -87.886271, 43.0034939 ], [ -87.8862549, 43.0034975 ], [ -87.8862389, 43.0035029 ], [ -87.8862255, 43.0035101 ], [ -87.8862131, 43.0035189 ], [ -87.886203400000014, 43.003529 ], [ -87.8861955, 43.0035402 ], [ -87.8861913, 43.0035522 ], [ -87.886189, 43.003564499999989 ], [ -87.8861798, 43.0035624 ], [ -87.8861704, 43.0035624 ], [ -87.886161, 43.003564499999989 ], [ -87.8861534, 43.0035685 ], [ -87.8861476, 43.0035739 ], [ -87.8861446, 43.0035804 ], [ -87.8861434, 43.0035873 ], [ -87.886146, 43.003594 ], [ -87.8861272, 43.0035961 ], [ -87.886108299999989, 43.0036005 ], [ -87.8860913, 43.003607 ], [ -87.886076, 43.0036155 ], [ -87.8860635, 43.003625799999988 ], [ -87.8860528, 43.0036375 ], [ -87.8860449, 43.0036504 ], [ -87.8860407, 43.0036641 ], [ -87.8860295, 43.003664 ], [ -87.8860191, 43.0036664 ], [ -87.8860096, 43.003670899999989 ], [ -87.8860028, 43.0036773 ], [ -87.8859988, 43.003685 ], [ -87.8859986, 43.003693 ], [ -87.8860011, 43.003701 ], [ -87.8859823, 43.0037034 ], [ -87.8859653, 43.0037081 ], [ -87.8859492, 43.0037149 ], [ -87.8859339, 43.0037235 ], [ -87.8859214, 43.0037338 ], [ -87.8859117, 43.0037454 ], [ -87.88591, 43.0037485 ], [ -87.8859047, 43.0037582 ], [ -87.8859005, 43.0037716 ], [ -87.8858903, 43.0037703 ], [ -87.8858799, 43.0037713 ], [ -87.8858705, 43.0037745 ], [ -87.8858628, 43.0037796 ], [ -87.885857, 43.0037863 ], [ -87.8858548, 43.0037938 ], [ -87.8858555, 43.0038015 ], [ -87.8858386, 43.0038035 ], [ -87.8858226, 43.0038074 ], [ -87.8858074, 43.003813 ], [ -87.8857941, 43.003820399999988 ], [ -87.8857816, 43.0038292 ], [ -87.8857719, 43.0038393 ], [ -87.885765, 43.003850299999989 ], [ -87.885763, 43.0038555 ], [ -87.8857599, 43.0038621 ], [ -87.8857576, 43.0038743 ], [ -87.8857474, 43.0038731 ], [ -87.8857371, 43.0038739 ], [ -87.8857277, 43.0038765 ], [ -87.88572, 43.0038809 ], [ -87.8857133, 43.0038867 ], [ -87.8857093, 43.0038936 ], [ -87.8857081, 43.0039009 ], [ -87.8857097, 43.0039083 ], [ -87.8856929, 43.0039094 ], [ -87.8856769, 43.0039126 ], [ -87.885661700000014, 43.0039177 ], [ -87.8856475, 43.0039248 ], [ -87.885635, 43.003933499999988 ], [ -87.8856253, 43.0039435 ], [ -87.8856184, 43.0039546 ], [ -87.8856133, 43.0039664 ], [ -87.8856119, 43.003978599999989 ], [ -87.8856026, 43.0039769 ], [ -87.8855933, 43.0039771 ], [ -87.8855839, 43.0039794 ], [ -87.8855762, 43.0039836 ], [ -87.8855695, 43.0039892 ], [ -87.8855665, 43.0039958 ], [ -87.8855653, 43.0040029 ], [ -87.8855678, 43.0040098 ], [ -87.885552, 43.0040097 ], [ -87.8855369, 43.0040116 ], [ -87.8855219, 43.0040153 ], [ -87.8855086, 43.0040209 ], [ -87.8854962, 43.0040281 ], [ -87.885486500000013, 43.0040369 ], [ -87.8854787, 43.0040467 ], [ -87.8854727, 43.0040574 ], [ -87.8854695, 43.004068599999989 ], [ -87.8854701, 43.0040801 ], [ -87.8854588, 43.0040803 ], [ -87.8854485, 43.0040826 ], [ -87.885439, 43.0040869 ], [ -87.8854313, 43.0040929 ], [ -87.8854264, 43.0041001 ], [ -87.8854242, 43.004108 ], [ -87.8854249, 43.0041161 ], [ -87.8854071, 43.0041171 ], [ -87.8853901, 43.0041203 ], [ -87.885375, 43.0041256 ], [ -87.8853607, 43.0041328 ], [ -87.8853483, 43.0041416 ], [ -87.8853376, 43.0041519 ], [ -87.8853298, 43.0041632 ], [ -87.8853247, 43.0041755 ], [ -87.8853233, 43.0041881 ], [ -87.8853131, 43.0041859 ], [ -87.8853028, 43.0041858 ], [ -87.8852934, 43.0041878 ], [ -87.8852839, 43.0041918 ], [ -87.8852772, 43.0041973 ], [ -87.8852732, 43.0042041 ], [ -87.885271100000011, 43.0042115 ], [ -87.8852727, 43.004219 ], [ -87.8852549, 43.0042201 ], [ -87.8851982, 43.0042369 ], [ -87.8844112, 43.0047995 ], [ -87.8843858, 43.0048297 ], [ -87.8843837, 43.0048643 ], [ -87.8843879, 43.004877 ], [ -87.8843941, 43.0048891 ], [ -87.884404, 43.0049001 ], [ -87.8844158, 43.0049096 ], [ -87.8844305, 43.0049175 ], [ -87.8844462, 43.0049234 ], [ -87.8844629, 43.0049271 ], [ -87.884480599999989, 43.0049285 ], [ -87.8844984, 43.0049276 ], [ -87.8845059, 43.0049262 ], [ -87.8845238, 43.0049509 ], [ -87.8845432, 43.0049834 ], [ -87.8845774, 43.0050229 ], [ -87.8846222, 43.0050771 ], [ -87.8846579, 43.0051275 ], [ -87.8846967, 43.0051691 ], [ -87.8847323, 43.0052201 ], [ -87.8847709, 43.0052676 ], [ -87.8848169, 43.0053163 ], [ -87.8848547, 43.0053563 ], [ -87.8849018, 43.0054007 ], [ -87.8849686, 43.0054695 ], [ -87.8850163, 43.0055242 ], [ -87.8850748, 43.0055893 ], [ -87.8851328, 43.0056439 ], [ -87.885198, 43.0057048 ], [ -87.885266700000017, 43.0057736 ], [ -87.8853308, 43.0058394 ], [ -87.8853986, 43.0059061 ], [ -87.8854626, 43.005973 ], [ -87.885536, 43.0060418 ], [ -87.8856148, 43.0061163 ], [ -87.88568140000001, 43.0061899 ], [ -87.8857371, 43.0062559 ], [ -87.8857885, 43.0063096 ], [ -87.885831, 43.0063531 ], [ -87.8858954, 43.0064108 ], [ -87.8859453, 43.0064548 ], [ -87.8859715, 43.0064792 ], [ -87.8859996, 43.0065051 ], [ -87.8860484, 43.0065539 ], [ -87.8860963, 43.0066017 ], [ -87.8861513, 43.0066625 ], [ -87.8862049, 43.0067063 ], [ -87.8862501, 43.0067499 ], [ -87.8862987, 43.0068051 ], [ -87.8863473, 43.006860599999989 ], [ -87.8864017, 43.0069108 ], [ -87.886453, 43.0069681 ], [ -87.8865056, 43.0070157 ], [ -87.8865635, 43.0070704 ], [ -87.886626, 43.0071294 ], [ -87.8866814, 43.0071775 ], [ -87.8867293, 43.0072237 ], [ -87.8867871, 43.0072845 ], [ -87.8868356, 43.0073413 ], [ -87.8869018, 43.0073998 ], [ -87.8869468, 43.0074494 ], [ -87.8870055, 43.007511 ], [ -87.8870687, 43.0075744 ], [ -87.8871248, 43.0076303 ], [ -87.8871956, 43.0076919 ], [ -87.8872452, 43.0077439 ], [ -87.8873066, 43.0078063 ], [ -87.8873553, 43.007858299999988 ], [ -87.8874059, 43.0079093 ], [ -87.8874574, 43.0079624 ], [ -87.8875097, 43.0080177 ], [ -87.887552, 43.0080653 ], [ -87.887586, 43.0081103 ], [ -87.8876203, 43.0081442 ], [ -87.8876631, 43.0081518 ], [ -87.8877091, 43.0081475 ], [ -87.8877579, 43.0081412 ], [ -87.8878192, 43.0081255 ], [ -87.8878815, 43.0081089 ], [ -87.8879523, 43.008089299999988 ], [ -87.8880137, 43.0080719 ], [ -87.8880787, 43.0080562 ], [ -87.8881531, 43.0080399 ], [ -87.8882324, 43.0080184 ], [ -87.8882828, 43.0079935 ], [ -87.8882857, 43.0079923 ], [ -87.8885804, 43.0079321 ], [ -87.8894116, 43.0077404 ], [ -87.8915695, 43.0071995 ], [ -87.8924551, 43.0091752 ], [ -87.8928858, 43.0101351 ], [ -87.8937107, 43.0119974 ], [ -87.8937708, 43.0121331 ], [ -87.891291700000011, 43.0142854 ], [ -87.8911383, 43.014424 ], [ -87.8911521, 43.0144552 ], [ -87.8911796, 43.0144736 ], [ -87.8912101, 43.0144816 ], [ -87.8912159, 43.0145048 ], [ -87.8912372, 43.0145092 ], [ -87.891255, 43.0145093 ], [ -87.8938328, 43.0122876 ], [ -87.894947, 43.0147699 ], [ -87.8954586, 43.0159107 ], [ -87.8941938, 43.0170126 ], [ -87.8941399, 43.0170575 ], [ -87.893534, 43.0175984 ], [ -87.8933537, 43.0177585 ], [ -87.8930538, 43.0180221 ], [ -87.8930393, 43.0180346 ], [ -87.8930314, 43.0180485 ], [ -87.8930222, 43.01807 ], [ -87.8930219, 43.018079 ], [ -87.8930244, 43.018088 ], [ -87.893025, 43.0180968 ], [ -87.893029399999989, 43.0181058 ], [ -87.8930347, 43.0181149 ], [ -87.893039, 43.0181239 ], [ -87.8930434, 43.018133 ], [ -87.8930487, 43.0181421 ], [ -87.8930531, 43.0181511 ], [ -87.893057399999989, 43.0181602 ], [ -87.8930705, 43.0181871 ], [ -87.8930758, 43.0181962 ], [ -87.8930889, 43.0182233 ], [ -87.8930986, 43.0182414 ], [ -87.8931073, 43.0182595 ], [ -87.8931257, 43.0182955 ], [ -87.893145, 43.0183317 ], [ -87.893154700000011, 43.0183499 ], [ -87.8931581, 43.0183587 ], [ -87.8931722, 43.0183859 ], [ -87.8931818, 43.018404 ], [ -87.8931915, 43.0184226 ], [ -87.8932011, 43.018442199999988 ], [ -87.8932073, 43.0184518 ], [ -87.8932265, 43.0184908 ], [ -87.8933658, 43.0187638 ], [ -87.8933746, 43.0187819 ], [ -87.8933789, 43.018791 ], [ -87.8933886, 43.0188091 ], [ -87.8933982, 43.0188272 ], [ -87.893407, 43.0188451 ], [ -87.8934113, 43.0188542 ], [ -87.8934201, 43.0188723 ], [ -87.8934254, 43.0188813 ], [ -87.8934297, 43.0188904 ], [ -87.8934341, 43.0188994 ], [ -87.8934394, 43.0189085 ], [ -87.8934534, 43.0189354 ], [ -87.8934849, 43.0189988 ], [ -87.8934902, 43.0190076 ], [ -87.8934999, 43.0190257 ], [ -87.8935095, 43.0190438 ], [ -87.893513, 43.0190529 ], [ -87.8935217, 43.019071 ], [ -87.8935261, 43.0190801 ], [ -87.8935357, 43.019098 ], [ -87.8935454, 43.0191161 ], [ -87.893555, 43.0191357 ], [ -87.8935795, 43.0191842 ], [ -87.8936348, 43.0192912 ], [ -87.8936549, 43.0193301 ], [ -87.8936732, 43.0193684 ], [ -87.893701299999989, 43.0194225 ], [ -87.8937241, 43.0194675 ], [ -87.8937337, 43.0194857 ], [ -87.893739, 43.0194948 ], [ -87.8937531, 43.0195219 ], [ -87.8937584, 43.019531 ], [ -87.8937683, 43.0195397 ], [ -87.893772, 43.0195425 ], [ -87.8937794, 43.0195454 ], [ -87.8937914, 43.019548 ], [ -87.8938035, 43.019551 ], [ -87.8938156, 43.0195529 ], [ -87.8938277, 43.0195539 ], [ -87.893839899999989, 43.0195531 ], [ -87.893852099999989, 43.0195512 ], [ -87.8938644, 43.0195479 ], [ -87.8938767, 43.0195435 ], [ -87.8938881, 43.019537 ], [ -87.8938977, 43.0195304 ], [ -87.8939064, 43.0195227 ], [ -87.8939151, 43.0195148 ], [ -87.8939228, 43.0195071 ], [ -87.8939315, 43.0194994 ], [ -87.8939393, 43.0194919 ], [ -87.8939489, 43.0194846 ], [ -87.8939575, 43.0194765 ], [ -87.8939662, 43.0194688 ], [ -87.8939845, 43.0194536 ], [ -87.8939932, 43.0194459 ], [ -87.8940106, 43.0194302 ], [ -87.8940183, 43.0194229 ], [ -87.894035699999989, 43.0194076 ], [ -87.8940434, 43.0194003 ], [ -87.8940608, 43.0193847 ], [ -87.8940694, 43.019377 ], [ -87.8940868, 43.0193622 ], [ -87.8940955, 43.0193548 ], [ -87.8941128, 43.0193396 ], [ -87.8941302, 43.0193241 ], [ -87.8941389, 43.0193165 ], [ -87.8941553, 43.0193008 ], [ -87.894164, 43.0192935 ], [ -87.8941804, 43.0192786 ], [ -87.8941891, 43.019270899999988 ], [ -87.8941987, 43.0192637 ], [ -87.8942151, 43.0192487 ], [ -87.8943067, 43.0191677 ], [ -87.8943154, 43.0191603 ], [ -87.8943404, 43.0191381 ], [ -87.8943732, 43.0191095 ], [ -87.8944687, 43.0190256 ], [ -87.894476400000016, 43.0190176 ], [ -87.8944928, 43.019003 ], [ -87.8945102, 43.0189877 ], [ -87.8945285, 43.0189721 ], [ -87.8945372, 43.0189645 ], [ -87.8945632, 43.0189415 ], [ -87.8945796, 43.0189268 ], [ -87.894596, 43.018912 ], [ -87.8946462, 43.018868 ], [ -87.8946712, 43.0188462 ], [ -87.894679, 43.0188388 ], [ -87.8946877, 43.0188309 ], [ -87.8947118, 43.0188098 ], [ -87.8947282, 43.0187949 ], [ -87.8947359, 43.0187879 ], [ -87.8947446, 43.0187808 ], [ -87.8947774, 43.0187515 ], [ -87.8947851, 43.0187447 ], [ -87.894801500000014, 43.0187302 ], [ -87.8948179, 43.0187153 ], [ -87.8948333, 43.018701 ], [ -87.8948411, 43.0186938 ], [ -87.894891199999989, 43.018649 ], [ -87.8949346, 43.0186107 ], [ -87.8949722, 43.0185772 ], [ -87.8949896, 43.018561 ], [ -87.8950234, 43.0185303 ], [ -87.8950408, 43.0185147 ], [ -87.8950668, 43.0184921 ], [ -87.8950851, 43.018477399999988 ], [ -87.8950938, 43.0184696 ], [ -87.8951015, 43.0184619 ], [ -87.8951102, 43.0184541 ], [ -87.8951362, 43.018431199999988 ], [ -87.8951536, 43.0184154 ], [ -87.8951623, 43.0184072 ], [ -87.895180599999989, 43.018391 ], [ -87.8955356, 43.0180769 ], [ -87.8957159, 43.0179172 ], [ -87.895741, 43.0178957 ], [ -87.8957573, 43.0178821 ], [ -87.8957651, 43.0178751 ], [ -87.8957737, 43.0178678 ], [ -87.8957815, 43.0178602 ], [ -87.8957892, 43.0178532 ], [ -87.8957969, 43.0178461 ], [ -87.8958046, 43.0178387 ], [ -87.8958133, 43.017831 ], [ -87.895822, 43.0178231 ], [ -87.8958297, 43.0178161 ], [ -87.8958375, 43.0178089 ], [ -87.8958703, 43.0177801 ], [ -87.8958953, 43.0177584 ], [ -87.895904, 43.0177507 ], [ -87.8959214, 43.0177349 ], [ -87.8959301, 43.017727 ], [ -87.8959397, 43.0177189 ], [ -87.8959484, 43.0177112 ], [ -87.895958, 43.0177032 ], [ -87.896171099999989, 43.0175152 ], [ -87.8963802, 43.017989299999989 ], [ -87.8964262, 43.0180933 ], [ -87.8965173, 43.0182992 ], [ -87.8965215, 43.0183119 ], [ -87.8965267, 43.0183241 ], [ -87.8965336, 43.0183421 ], [ -87.896537, 43.0183512 ], [ -87.8965414, 43.0183602 ], [ -87.8965457, 43.0183693 ], [ -87.8965501, 43.0183781 ], [ -87.8965535, 43.0183872 ], [ -87.8965579, 43.0183962 ], [ -87.8965623, 43.0184053 ], [ -87.8965657, 43.0184143 ], [ -87.89657, 43.0184234 ], [ -87.8965735, 43.0184324 ], [ -87.896576900000014, 43.0184414 ], [ -87.8965794, 43.0184505 ], [ -87.8965726, 43.0184567 ], [ -87.896563, 43.0184646 ], [ -87.8965543, 43.0184723 ], [ -87.8965456, 43.0184804 ], [ -87.896537, 43.0184881 ], [ -87.8965283, 43.0184959 ], [ -87.8965196, 43.0185033 ], [ -87.89651, 43.0185106 ], [ -87.8965023, 43.0185185 ], [ -87.8964936, 43.0185262 ], [ -87.896484, 43.0185335 ], [ -87.8964753, 43.0185412 ], [ -87.8964666, 43.0185492 ], [ -87.8964589, 43.0185569 ], [ -87.8964502, 43.0185642 ], [ -87.8964415, 43.0185721 ], [ -87.8964338, 43.0185795 ], [ -87.896424200000013, 43.0185868 ], [ -87.8964164, 43.0185947 ], [ -87.896407700000012, 43.018602 ], [ -87.8963991, 43.0186097 ], [ -87.8960606, 43.0189081 ], [ -87.8957221, 43.0192056 ], [ -87.895384600000014, 43.0195031 ], [ -87.8950433, 43.0198005 ], [ -87.8947057, 43.0201007 ], [ -87.8946223, 43.0201744 ], [ -87.8943662, 43.0204009 ], [ -87.8942717, 43.0204826 ], [ -87.8942591, 43.0204974 ], [ -87.894254, 43.0205075 ], [ -87.8942518, 43.0205196 ], [ -87.894248499999989, 43.0205336 ], [ -87.8942527, 43.0205467 ], [ -87.8943334, 43.0207031 ], [ -87.8944881, 43.0210152 ], [ -87.8946429, 43.0213273 ], [ -87.8946569, 43.021357099999989 ], [ -87.894672500000013, 43.0213658 ], [ -87.8946892, 43.0213697 ], [ -87.8947069, 43.02137 ], [ -87.8947238, 43.0213685 ], [ -87.8947399, 43.0213624 ], [ -87.8947552, 43.0213534 ], [ -87.8947754, 43.0213369 ], [ -87.895124600000017, 43.021027 ], [ -87.895467, 43.0207232 ], [ -87.8958104, 43.0204193 ], [ -87.8960583, 43.020201 ], [ -87.8961556, 43.020115399999987 ], [ -87.896499, 43.0198106 ], [ -87.8968424, 43.0195057 ], [ -87.8969891, 43.0193736 ], [ -87.8971989, 43.0198263 ], [ -87.8973399, 43.0201299 ], [ -87.8972341, 43.0202228 ], [ -87.8953603, 43.0218675 ], [ -87.8942022, 43.0228838 ], [ -87.8941925, 43.0228937 ], [ -87.8941847, 43.0229045 ], [ -87.8941796, 43.0229161 ], [ -87.8941773, 43.022928 ], [ -87.8941778, 43.0229402 ], [ -87.8941802, 43.0229522 ], [ -87.8944203, 43.0239668 ], [ -87.8944529, 43.0241043 ], [ -87.8944847, 43.0242413 ], [ -87.8946423, 43.0249064 ], [ -87.894711199999989, 43.0249435 ], [ -87.8952047, 43.0249191 ], [ -87.8986491, 43.0244866 ], [ -87.8986551, 43.025084899999989 ] ] ] } },
{ "type": "Feature", "properties": { "rep_unit_id": 237, "ward": "City of Milwaukee Ward 237", "county": "MILWAUKEE" }, "geometry": { "type": "Polygon", "coordinates": [ [ [ -87.8907348, 43.0043734 ], [ -87.89253140000001, 43.0040319 ], [ -87.8926264, 43.0040129 ], [ -87.8938844, 43.0037529 ], [ -87.8942194, 43.003684899999989 ], [ -87.8943353, 43.0036609 ], [ -87.8944913, 43.0036279 ], [ -87.8949613, 43.0035329 ], [ -87.8951183, 43.0035009 ], [ -87.8952563, 43.0034719 ], [ -87.8954193, 43.0034389 ], [ -87.8956703, 43.0033849 ], [ -87.8958093, 43.0033559 ], [ -87.8957773, 43.0032719 ], [ -87.8956813, 43.0030228 ], [ -87.8956493, 43.0029398 ], [ -87.8981544, 43.0029283 ], [ -87.8981267, 43.000668399999988 ], [ -87.8995062, 43.0006908 ], [ -87.8997752, 43.0006858 ], [ -87.900582200000017, 43.0006718 ], [ -87.9008522, 43.000667799999988 ], [ -87.90115320000001, 43.0006678 ], [ -87.9020572, 43.0006678 ], [ -87.9023592, 43.0006688 ], [ -87.9022612, 43.0005518 ], [ -87.9019682, 43.000200799999988 ], [ -87.9018712, 43.0000848 ], [ -87.9017622, 42.9999538 ], [ -87.9014362, 42.9995638 ], [ -87.9013282, 42.9994348 ], [ -87.9012782, 42.9993738 ], [ -87.9011432, 42.999212799999988 ], [ -87.9007412, 42.9987297 ], [ -87.9006072, 42.9985697 ], [ -87.9005373, 42.9984867 ], [ -87.9003293, 42.9982377 ], [ -87.900260300000014, 42.9981547 ], [ -87.9001783, 42.9980627 ], [ -87.899932299999989, 42.9977867 ], [ -87.8998503, 42.9976957 ], [ -87.8997843, 42.9976317 ], [ -87.8997613, 42.9976087 ], [ -87.8995483, 42.9974937 ], [ -87.8994683, 42.9974507 ], [ -87.8993573, 42.9973897 ], [ -87.8990243, 42.9972097 ], [ -87.8989143, 42.9971507 ], [ -87.8986843, 42.9970407 ], [ -87.8977084, 42.9964767 ], [ -87.8967669, 42.9959573 ], [ -87.896703699999989, 42.9959192 ], [ -87.8928586, 42.9974418 ], [ -87.8927515, 42.9974867 ], [ -87.8922675, 42.9976787 ], [ -87.8918495, 42.9978457 ], [ -87.8914935, 42.9979837 ], [ -87.8913195, 42.9980977 ], [ -87.8907715, 42.9984627 ], [ -87.8902725, 42.9987947 ], [ -87.8896765, 42.9991877 ], [ -87.8894985, 42.9993137 ], [ -87.8894635, 42.999335699999989 ], [ -87.888476, 43.0000028 ], [ -87.8883013, 43.0002453 ], [ -87.88827, 43.0003375 ], [ -87.8884426, 43.0005227 ], [ -87.8887661, 43.0008951 ], [ -87.8889655, 43.0011193 ], [ -87.8893762, 43.001666 ], [ -87.8898736, 43.002444 ], [ -87.8907348, 43.0043734 ] ] ] } },
{ "type": "Feature", "properties": { "rep_unit_id": 238, "ward": "City of Milwaukee Ward 238", "county": "MILWAUKEE" }, "geometry": { "type": "Polygon", "coordinates": [ [ [ -87.8871356, 43.0008167 ], [ -87.8872657, 43.0007317 ], [ -87.8875432, 43.0005458 ], [ -87.8877192, 43.0004294 ], [ -87.88827, 43.0003375 ], [ -87.8883013, 43.0002453 ], [ -87.888476, 43.0000028 ], [ -87.8894635, 42.999335699999989 ], [ -87.8894985, 42.9993137 ], [ -87.8896765, 42.9991877 ], [ -87.8902725, 42.9987947 ], [ -87.8907715, 42.9984627 ], [ -87.8913195, 42.9980977 ], [ -87.8914935, 42.9979837 ], [ -87.8918495, 42.9978457 ], [ -87.8922675, 42.9976787 ], [ -87.8927515, 42.9974867 ], [ -87.8928586, 42.9974418 ], [ -87.8924035, 42.9964517 ], [ -87.8917745, 42.9952767 ], [ -87.8905726, 42.9927686 ], [ -87.8904606, 42.9927206 ], [ -87.8903866, 42.9926886 ], [ -87.8902346, 42.9926386 ], [ -87.8902206, 42.9926356 ], [ -87.8897077, 42.9925376 ], [ -87.8895377, 42.9925056 ], [ -87.8893167, 42.9924676 ], [ -87.8886567, 42.9923566 ], [ -87.8884367, 42.9923196 ], [ -87.8882707, 42.9922906 ], [ -87.8877727, 42.9922066 ], [ -87.8877497, 42.9922036 ], [ -87.8876067, 42.9921796 ], [ -87.8875127, 42.9921636 ], [ -87.8871664, 42.9920996 ], [ -87.8871549, 42.9924932 ], [ -87.8852088, 42.9935976 ], [ -87.8850198, 42.9937006 ], [ -87.8844528, 42.9940106 ], [ -87.8842648, 42.9941146 ], [ -87.8840388, 42.9942376 ], [ -87.8833608, 42.9946096 ], [ -87.8831358, 42.9947336 ], [ -87.8842847, 42.9958736 ], [ -87.8840378, 42.9960076 ], [ -87.8833688, 42.9963716 ], [ -87.8830458, 42.9965386 ], [ -87.8826999, 42.9966995 ], [ -87.8826439, 42.9967531 ], [ -87.8826491, 42.9967744 ], [ -87.8826554, 42.9967994 ], [ -87.8826554, 42.9968244 ], [ -87.8826493, 42.9968675 ], [ -87.8826307, 42.9969182 ], [ -87.8825878, 42.9969968 ], [ -87.8824373, 42.9972403 ], [ -87.882420599999989, 42.9972624 ], [ -87.8823208, 42.997392 ], [ -87.8823539, 42.9974068 ], [ -87.8827004, 42.9977407 ], [ -87.8827359, 42.9977414 ], [ -87.882844, 42.9976984 ], [ -87.8828631, 42.9976841 ], [ -87.882968, 42.9976512 ], [ -87.8830688, 42.9976297 ], [ -87.8831516, 42.9976138 ], [ -87.883209, 42.9976027 ], [ -87.8832909, 42.9975885 ], [ -87.8833781, 42.9975783 ], [ -87.8834653, 42.997572299999987 ], [ -87.8835437, 42.9975766 ], [ -87.8835431, 42.9975937 ], [ -87.8835605, 42.9976035 ], [ -87.883615, 42.9976217 ], [ -87.8836875, 42.9976336 ], [ -87.8837618, 42.9976493 ], [ -87.8838015, 42.9976619 ], [ -87.8838678, 42.9976909 ], [ -87.8839417, 42.9977165 ], [ -87.8840175, 42.9977413 ], [ -87.8840695, 42.9977528 ], [ -87.8841227, 42.997782 ], [ -87.884141, 42.997794 ], [ -87.8841487, 42.9977989 ], [ -87.8841949, 42.9978286 ], [ -87.8842013, 42.9978324 ], [ -87.8842727, 42.9978777 ], [ -87.8842948, 42.997888 ], [ -87.8843624, 42.9979316 ], [ -87.8844446, 42.9979902 ], [ -87.8845142, 42.9980295 ], [ -87.8845361, 42.998046 ], [ -87.8846145, 42.9981053 ], [ -87.8847059, 42.9981635 ], [ -87.8847848, 42.9982354 ], [ -87.8848412, 42.99828 ], [ -87.8849413, 42.9983576 ], [ -87.8849858, 42.998396 ], [ -87.8850415, 42.9984354 ], [ -87.8850936, 42.9984949 ], [ -87.8851373, 42.9985303 ], [ -87.885221, 42.9985983 ], [ -87.8852489, 42.9986279 ], [ -87.8853207, 42.9986876 ], [ -87.8853499, 42.9987081 ], [ -87.8853673, 42.9987179 ], [ -87.885381, 42.9987293 ], [ -87.8853871, 42.9987414 ], [ -87.8854153, 42.9987631 ], [ -87.8854442, 42.9987916 ], [ -87.8855186, 42.998859 ], [ -87.8855911, 42.9989232 ], [ -87.8856683, 42.9989891 ], [ -87.88572, 42.9990354 ], [ -87.8857405, 42.9990637 ], [ -87.8857486, 42.9990744 ], [ -87.8857741, 42.9991207 ], [ -87.8857789, 42.9991431 ], [ -87.885779, 42.9991684 ], [ -87.8857834, 42.99923 ], [ -87.8857879, 42.9992898 ], [ -87.8857892, 42.9993593 ], [ -87.8857879, 42.9994255 ], [ -87.8857956, 42.9994725 ], [ -87.885807899999989, 42.9994952 ], [ -87.8858275, 42.9995234 ], [ -87.8858491, 42.9995473 ], [ -87.8859005, 42.9996012 ], [ -87.8859656, 42.9996659 ], [ -87.8860438, 42.9997292 ], [ -87.8860994, 42.9997974 ], [ -87.8861276, 42.999822 ], [ -87.8861458, 42.9998348 ], [ -87.8861575, 42.9998482 ], [ -87.8862188, 42.999912599999988 ], [ -87.8862966, 42.9999887 ], [ -87.8863402, 43.000033 ], [ -87.8863743, 43.0000676 ], [ -87.8864161, 43.0001024 ], [ -87.886454, 43.0001417 ], [ -87.8865299, 43.0002191 ], [ -87.8865595, 43.000253699999988 ], [ -87.8866187, 43.000325599999989 ], [ -87.8866613, 43.0003661 ], [ -87.8867299, 43.0004357 ], [ -87.8868016, 43.0004981 ], [ -87.8868438, 43.0005499 ], [ -87.8868959, 43.0006099 ], [ -87.8869596, 43.0006615 ], [ -87.8870038, 43.0007072 ], [ -87.8870538, 43.0007493 ], [ -87.8870721, 43.0007595 ], [ -87.8870994, 43.0007808 ], [ -87.8871048, 43.0007869 ], [ -87.8871066, 43.000789 ], [ -87.8871356, 43.0008167 ] ] ] } },
{ "type": "Feature", "properties": { "rep_unit_id": 239, "ward": "City of Milwaukee Ward 239", "county": "MILWAUKEE" }, "geometry": { "type": "Polygon", "coordinates": [ [ [ -87.8826439, 42.9967531 ], [ -87.8826999, 42.9966995 ], [ -87.8830458, 42.9965386 ], [ -87.8833688, 42.9963716 ], [ -87.8840378, 42.9960076 ], [ -87.8842847, 42.9958736 ], [ -87.8831358, 42.9947336 ], [ -87.8833608, 42.9946096 ], [ -87.8840388, 42.9942376 ], [ -87.8842648, 42.9941146 ], [ -87.8844528, 42.9940106 ], [ -87.8850198, 42.9937006 ], [ -87.8852088, 42.9935976 ], [ -87.8871549, 42.9924932 ], [ -87.8871664, 42.9920996 ], [ -87.8875127, 42.9921636 ], [ -87.8876067, 42.9921796 ], [ -87.8877497, 42.9922036 ], [ -87.8877727, 42.9922066 ], [ -87.8882707, 42.9922906 ], [ -87.8884367, 42.9923196 ], [ -87.8886567, 42.9923566 ], [ -87.8893167, 42.9924676 ], [ -87.8895377, 42.9925056 ], [ -87.8897077, 42.9925376 ], [ -87.8902206, 42.9926356 ], [ -87.8902346, 42.9926386 ], [ -87.8903866, 42.9926886 ], [ -87.8904606, 42.9927206 ], [ -87.8905726, 42.9927686 ], [ -87.8888819, 42.9896163 ], [ -87.8882293, 42.9882093 ], [ -87.8880898, 42.9882105 ], [ -87.887965799999989, 42.9882105 ], [ -87.8878938, 42.9882095 ], [ -87.8878288, 42.9882085 ], [ -87.8874178, 42.9882055 ], [ -87.8872808, 42.9882045 ], [ -87.8871428, 42.9882035 ], [ -87.8865108, 42.9881965 ], [ -87.8864128, 42.9881955 ], [ -87.8842039, 42.9881705 ], [ -87.8834359, 42.9881625 ], [ -87.8830529, 42.9881575 ], [ -87.881904, 42.9881455 ], [ -87.881521, 42.9881415 ], [ -87.8793508, 42.9881122 ], [ -87.8730325, 42.9880374 ], [ -87.8705427, 42.9867592 ], [ -87.8697848, 42.986151 ], [ -87.8697149, 42.9861934 ], [ -87.8696996, 42.9862023 ], [ -87.8689592, 42.9866483 ], [ -87.8688805, 42.9866946 ], [ -87.8688804, 42.9866947 ], [ -87.8688854, 42.9866977 ], [ -87.8689343, 42.9867275 ], [ -87.8690049, 42.9867664 ], [ -87.8690828, 42.9868115 ], [ -87.8691653, 42.986857 ], [ -87.8692663, 42.9869086 ], [ -87.8693555, 42.986950899999989 ], [ -87.8694362, 42.9869949 ], [ -87.8695307, 42.987046 ], [ -87.8696306, 42.9871038 ], [ -87.8697205, 42.9871533 ], [ -87.869801, 42.9872037 ], [ -87.8698303, 42.9872212 ], [ -87.8698319, 42.9872264 ], [ -87.8700875, 42.9873952 ], [ -87.870319099999989, 42.987521699999988 ], [ -87.8706527, 42.9876745 ], [ -87.8709413, 42.9878132 ], [ -87.8711841, 42.9879666 ], [ -87.8714358, 42.9881245 ], [ -87.8716646, 42.988246499999988 ], [ -87.8716925, 42.9882792 ], [ -87.8717837, 42.9883256 ], [ -87.8718499, 42.9883565 ], [ -87.8719235, 42.9883889 ], [ -87.8719474, 42.9884016 ], [ -87.871972500000012, 42.9884161 ], [ -87.8720187, 42.988502 ], [ -87.8720951, 42.9886544 ], [ -87.8722, 42.9887719 ], [ -87.872335800000016, 42.9888677 ], [ -87.8725921, 42.9889814 ], [ -87.872845, 42.9891038 ], [ -87.8730683, 42.989208 ], [ -87.8731074, 42.9892269 ], [ -87.8731231, 42.9892391 ], [ -87.8731286, 42.9892432 ], [ -87.8731779, 42.9892767 ], [ -87.8732866, 42.9893482 ], [ -87.8733305, 42.9893776 ], [ -87.8733737, 42.9893983 ], [ -87.8733956, 42.9894122 ], [ -87.8734159, 42.9894215 ], [ -87.8734389, 42.9894299 ], [ -87.87345, 42.9894351 ], [ -87.87347, 42.9894512 ], [ -87.8735065, 42.989476 ], [ -87.8735338, 42.9894962 ], [ -87.8735668, 42.9895165 ], [ -87.873594400000016, 42.9895298 ], [ -87.873621899999989, 42.9895443 ], [ -87.8736712, 42.989578 ], [ -87.8737304, 42.9896241 ], [ -87.873765, 42.9896482 ], [ -87.873796, 42.9896713 ], [ -87.873838, 42.9897001 ], [ -87.8738802, 42.9897229 ], [ -87.8739133, 42.9897385 ], [ -87.8739268, 42.9897549 ], [ -87.874091299999989, 42.9898979 ], [ -87.8742161, 42.9900491 ], [ -87.8743192, 42.9902176 ], [ -87.874392, 42.9903878 ], [ -87.874442, 42.9905153 ], [ -87.874527500000013, 42.9905791 ], [ -87.8746414, 42.9906333 ], [ -87.8746494, 42.9906396 ], [ -87.8747376, 42.9906847 ], [ -87.8752961, 42.9909673 ], [ -87.8753613, 42.9910007 ], [ -87.8753672, 42.9910007 ], [ -87.8754407, 42.9910315 ], [ -87.875502, 42.9910414 ], [ -87.8756704, 42.9910402 ], [ -87.8756776, 42.991044 ], [ -87.8756801, 42.9910415 ], [ -87.8757097, 42.991041 ], [ -87.8758151, 42.9910563 ], [ -87.8759353, 42.9910785 ], [ -87.875941, 42.9910789 ], [ -87.8759694, 42.991094 ], [ -87.8760357, 42.9911218 ], [ -87.8761102, 42.9911578 ], [ -87.876157, 42.9911813 ], [ -87.8762185, 42.9912158 ], [ -87.8762782, 42.9912453 ], [ -87.876339, 42.9912711 ], [ -87.8763995, 42.9913048 ], [ -87.8764603, 42.9913309 ], [ -87.8765577, 42.9913788 ], [ -87.8766357, 42.9914199 ], [ -87.8766814, 42.9914505 ], [ -87.876741, 42.991484 ], [ -87.8767511, 42.991489 ], [ -87.8768373, 42.9915364 ], [ -87.8768978, 42.9915716 ], [ -87.8769824, 42.9916135 ], [ -87.8770824, 42.9916673 ], [ -87.8770934, 42.991674 ], [ -87.8771412, 42.9916972 ], [ -87.8771603, 42.9917119 ], [ -87.8772563, 42.9917738 ], [ -87.8772984, 42.9917979 ], [ -87.8773378, 42.9918235 ], [ -87.8774299, 42.9918898 ], [ -87.8774802, 42.9919206 ], [ -87.8775407, 42.9919543 ], [ -87.8776013, 42.9919866 ], [ -87.8777067, 42.9920479 ], [ -87.87782150000001, 42.9921321 ], [ -87.8779159, 42.9921863 ], [ -87.8780777, 42.9922938 ], [ -87.8781595, 42.9923607 ], [ -87.8782125, 42.9923934 ], [ -87.8782534, 42.992427299999989 ], [ -87.878328599999989, 42.9924978 ], [ -87.8783527, 42.9925311 ], [ -87.8783964, 42.9925632 ], [ -87.8784288, 42.992598199999989 ], [ -87.8785151, 42.9926716 ], [ -87.878565, 42.9927163 ], [ -87.8785916, 42.9927453 ], [ -87.8786181, 42.9927742 ], [ -87.8786552, 42.9928095 ], [ -87.8787193, 42.9928741 ], [ -87.8787659, 42.9929319 ], [ -87.8787931, 42.9929585 ], [ -87.8788323, 42.9929867 ], [ -87.8788622, 42.9930115 ], [ -87.8790289, 42.9932265 ], [ -87.8791813, 42.9934581 ], [ -87.8792109, 42.9935543 ], [ -87.879207, 42.9935583 ], [ -87.8791732, 42.9935894 ], [ -87.8791678, 42.9936097 ], [ -87.8791772, 42.9936353 ], [ -87.879189599999989, 42.9936545 ], [ -87.8792068, 42.9936714 ], [ -87.879246900000012, 42.9937006 ], [ -87.8792487, 42.9937013 ], [ -87.8792608, 42.9937047 ], [ -87.8792785, 42.9937051 ], [ -87.8793171, 42.9936982 ], [ -87.8793522, 42.9936838 ], [ -87.8794176, 42.9936555 ], [ -87.8794339, 42.9936454 ], [ -87.8794425, 42.9936399 ], [ -87.879498, 42.993603 ], [ -87.8795628, 42.9935653 ], [ -87.8796173, 42.9935306 ], [ -87.8796601, 42.9935108 ], [ -87.8797177, 42.9934938 ], [ -87.8797304, 42.9935045 ], [ -87.8797862, 42.9935406 ], [ -87.8798098, 42.9935607 ], [ -87.8798838, 42.9936105 ], [ -87.8799451, 42.993647 ], [ -87.8800075, 42.9937073 ], [ -87.8800504, 42.9937384 ], [ -87.880131, 42.993786199999988 ], [ -87.8801937, 42.9938377 ], [ -87.8802227, 42.9938638 ], [ -87.8802754, 42.9939089 ], [ -87.8803456, 42.993960199999989 ], [ -87.8803828, 42.9939913 ], [ -87.8804071, 42.994017899999989 ], [ -87.8804577, 42.9940697 ], [ -87.8804828, 42.9941016 ], [ -87.8805328, 42.9941683 ], [ -87.8805711, 42.9942225 ], [ -87.8806059, 42.9942719 ], [ -87.8806185, 42.994285 ], [ -87.8806688, 42.9943458 ], [ -87.8806951, 42.9943691 ], [ -87.8807498, 42.9944067 ], [ -87.8807686, 42.9944332 ], [ -87.880804, 42.9944906 ], [ -87.8808414, 42.9945441 ], [ -87.8808759, 42.9945984 ], [ -87.8808899, 42.9946268 ], [ -87.8809354, 42.9946911 ], [ -87.8809911, 42.9947551 ], [ -87.8810292, 42.9948153 ], [ -87.8810891, 42.9948956 ], [ -87.8811142, 42.9949243 ], [ -87.881159, 42.9949825 ], [ -87.8812016, 42.9950468 ], [ -87.8812325, 42.9951011 ], [ -87.8812785, 42.9951491 ], [ -87.881282700000014, 42.9951563 ], [ -87.8812829, 42.9951588 ], [ -87.8812915, 42.9951712 ], [ -87.8812917, 42.9951715 ], [ -87.8812918, 42.9951716 ], [ -87.8814126, 42.9953455 ], [ -87.8815823, 42.9956019 ], [ -87.881739, 42.9957936 ], [ -87.8818439, 42.9959133 ], [ -87.8818876, 42.9959608 ], [ -87.8818995, 42.9959654 ], [ -87.8819928, 42.9959219 ], [ -87.8820169, 42.9959342 ], [ -87.8820362, 42.995943 ], [ -87.8820543, 42.9959605 ], [ -87.8820615, 42.9959694 ], [ -87.8820706, 42.9959753 ], [ -87.8820896, 42.9959952 ], [ -87.8821132, 42.996015 ], [ -87.882117799999989, 42.9960154 ], [ -87.8821368, 42.9960349 ], [ -87.8821614, 42.99606 ], [ -87.882182, 42.9961106 ], [ -87.8822084, 42.9962222 ], [ -87.8822648, 42.996341 ], [ -87.8823686, 42.9964029 ], [ -87.8824448, 42.996417 ], [ -87.8825001, 42.9965046 ], [ -87.882626500000015, 42.9967135 ], [ -87.8826439, 42.9967531 ] ] ] } },
{ "type": "Feature", "properties": { "rep_unit_id": 241, "ward": "City of Milwaukee Ward 241", "county": "MILWAUKEE" }, "geometry": { "type": "Polygon", "coordinates": [ [ [ -87.9042331, 43.0029069 ], [ -87.904333100000017, 43.0029059 ], [ -87.9046341, 43.0029049 ], [ -87.9047351, 43.0029049 ], [ -87.9049441, 43.0029029 ], [ -87.906930300000013, 43.0028862 ], [ -87.906941, 43.0025289 ], [ -87.906959, 43.0014428 ], [ -87.906966, 43.0010808 ], [ -87.906969, 43.0008778 ], [ -87.906979, 43.0002698 ], [ -87.906983, 43.0000678 ], [ -87.906985, 42.9999048 ], [ -87.9069931, 42.9994168 ], [ -87.9069961, 42.9992548 ], [ -87.9070001, 42.9989868 ], [ -87.9070131, 42.9981848 ], [ -87.9070181, 42.9979178 ], [ -87.9070221, 42.9976817 ], [ -87.9070331, 42.9969757 ], [ -87.9070381, 42.996740699999989 ], [ -87.9070421, 42.9965917 ], [ -87.9070541, 42.9961467 ], [ -87.9070591, 42.9959987 ], [ -87.9070561, 42.9958197 ], [ -87.9070541, 42.9956157 ], [ -87.9068591, 42.9953467 ], [ -87.9067551, 42.9952027 ], [ -87.9062551, 42.9952057 ], [ -87.9047562, 42.9952137 ], [ -87.904257199999989, 42.9952177 ], [ -87.9045461, 42.9956113 ], [ -87.9037182, 42.9956227 ], [ -87.9035832, 42.995623699999989 ], [ -87.9034282, 42.9956247 ], [ -87.902963200000016, 42.995626699999988 ], [ -87.9028092, 42.9956287 ], [ -87.9025752, 42.9956297 ], [ -87.9018723, 42.9956337 ], [ -87.9016393, 42.9956357 ], [ -87.9013993, 42.9956367 ], [ -87.9006813, 42.9956417 ], [ -87.9004423, 42.9956437 ], [ -87.9002013, 42.9956447 ], [ -87.8994793, 42.9956497 ], [ -87.8992393, 42.9956517 ], [ -87.8967894, 42.9956277 ], [ -87.8967669, 42.9959573 ], [ -87.8977084, 42.9964767 ], [ -87.8986843, 42.9970407 ], [ -87.8989143, 42.9971507 ], [ -87.8990243, 42.9972097 ], [ -87.8993573, 42.9973897 ], [ -87.8994683, 42.9974507 ], [ -87.8995483, 42.9974937 ], [ -87.8997613, 42.9976087 ], [ -87.8997843, 42.9976317 ], [ -87.8998503, 42.9976957 ], [ -87.899932299999989, 42.9977867 ], [ -87.9001783, 42.9980627 ], [ -87.900260300000014, 42.9981547 ], [ -87.9003293, 42.9982377 ], [ -87.9005373, 42.9984867 ], [ -87.9006072, 42.9985697 ], [ -87.9007412, 42.9987297 ], [ -87.9011432, 42.999212799999988 ], [ -87.9012782, 42.9993738 ], [ -87.9013282, 42.9994348 ], [ -87.9014362, 42.9995638 ], [ -87.9017622, 42.9999538 ], [ -87.9018712, 43.0000848 ], [ -87.9019682, 43.000200799999988 ], [ -87.9022612, 43.0005518 ], [ -87.9023592, 43.0006688 ], [ -87.9024322, 43.0007558 ], [ -87.9026512, 43.0010188 ], [ -87.9027242, 43.0011068 ], [ -87.9028391, 43.0012448 ], [ -87.9031861, 43.0016598 ], [ -87.9033021, 43.0017988 ], [ -87.9034881, 43.0020198 ], [ -87.9040461, 43.0026849 ], [ -87.9042331, 43.0029069 ] ] ] } },
{ "type": "Feature", "properties": { "rep_unit_id": 340, "ward": "City of Milwaukee Ward 340", "county": "MILWAUKEE" }, "geometry": { "type": "Polygon", "coordinates": [ [ [ -87.9048341, 43.0280436 ], [ -87.9054144, 43.0277574 ], [ -87.9053627, 43.0276931 ], [ -87.9053304, 43.0276531 ], [ -87.9052792, 43.0275913 ], [ -87.9040533, 43.0261109 ], [ -87.9040483, 43.0260948 ], [ -87.9038455, 43.0254333 ], [ -87.9038442, 43.0254179 ], [ -87.9038267, 43.0253142 ], [ -87.9027841, 43.025475899999989 ], [ -87.9037158, 43.0266667 ], [ -87.9048341, 43.0280436 ] ] ] } },
{ "type": "Feature", "properties": { "rep_unit_id": 341, "ward": "City of Milwaukee Ward 341", "county": "MILWAUKEE" }, "geometry": { "type": "Polygon", "coordinates": [ [ [ -87.9027841, 43.025475899999989 ], [ -87.9038267, 43.0253142 ], [ -87.903834, 43.0252244 ], [ -87.9039889, 43.0248525 ], [ -87.9040536, 43.0246565 ], [ -87.9040692, 43.0246085 ], [ -87.9043715, 43.0243851 ], [ -87.9046058, 43.0241236 ], [ -87.9056225, 43.0230267 ], [ -87.9056606, 43.0229785 ], [ -87.9057678, 43.022551799999988 ], [ -87.905807900000013, 43.0223933 ], [ -87.9058426, 43.022254 ], [ -87.9058556, 43.0222017 ], [ -87.9059559, 43.0217553 ], [ -87.906052699999989, 43.0213866 ], [ -87.9060456, 43.0213761 ], [ -87.9047742, 43.0195882 ], [ -87.9073684, 43.0196112 ], [ -87.9073759, 43.0193556 ], [ -87.9044742, 43.0193366 ], [ -87.9034237, 43.0182546 ], [ -87.9035119, 43.0181373 ], [ -87.9036175, 43.0180852 ], [ -87.9076382, 43.0180657 ], [ -87.907605, 43.0179423 ], [ -87.9075677, 43.0178035 ], [ -87.903059399999989, 43.0178084 ], [ -87.902924200000015, 43.0177402 ], [ -87.9028146, 43.0172006 ], [ -87.9028425, 43.0171495 ], [ -87.902946899999989, 43.0169682 ], [ -87.9033889, 43.0161471 ], [ -87.9034657, 43.0160043 ], [ -87.903694, 43.0155801 ], [ -87.9038293, 43.0153288 ], [ -87.9040745, 43.0148694 ], [ -87.9044598, 43.014156199999988 ], [ -87.9039819, 43.0140183 ], [ -87.9021186, 43.0169926 ], [ -87.9047318, 43.0218895 ], [ -87.9047288, 43.0229565 ], [ -87.9043768, 43.023264499999989 ], [ -87.9033098, 43.0242006 ], [ -87.9028439, 43.0246636 ], [ -87.9023759, 43.0251276 ], [ -87.9024589, 43.0251996 ], [ -87.9027109, 43.0254176 ], [ -87.9027841, 43.025475899999989 ] ] ] } }
]
}
