{
"type": "FeatureCollection",
"name": "candidate-votes",
"crs": { "type": "name", "properties": { "name": "urn:ogc:def:crs:OGC:1.3:CRS84" } },
"features": [
{ "type": "Feature", "properties": { "ward": "City of Milwaukee Ward 281", "candidate": "Daniel J. Bukiewicz", "votes": 1.0, "color": "#E41A1C", "popup": "<div><strong>City of Milwaukee Ward 281</strong><div><strong>Representative to the Assembly, District 21</strong><table style='border-collapse:collapse;margin-top:4px;'><tr><th></th><th style='text-align:right;padding-right:8px;'>Votes</th><th style='text-align:right;'>Percent</th></tr><tr><td style='padding-right:8px;'>Daniel J. Bukiewicz</td><td style='text-align:right;padding-right:8px;'>1</td><td style='text-align:right;'>1.9%</td></tr><tr><td style='padding-right:8px;'>David Liners</td><td style='text-align:right;padding-right:8px;'>35</td><td style='text-align:right;'>66.0%</td></tr><tr><td style='padding-right:8px;'>write-in:</td><td style='text-align:right;padding-right:8px;'>17</td><td style='text-align:right;'>32.1%</td></tr></table></div>" }, "geometry": { "type": "Point", "coordinates": [ -87.914399022806009, 42.97742743653582 ] } },
{ "type": "Feature", "properties": { "ward": "City of Milwaukee Ward 292", "candidate": "Daniel J. Bukiewicz", "votes": 1.0, "color": "#E41A1C", "popup": "<div><strong>City of Milwaukee Ward 292</strong><div><strong>Representative to the Assembly, District 21</strong><table style='border-collapse:collapse;margin-top:4px;'><tr><th></th><th style='text-align:right;padding-right:8px;'>Votes</th><th style='text-align:right;'>Percent</th></tr><tr><td style='padding-right:8px;'>Daniel J. Bukiewicz</td><td style='text-align:right;padding-right:8px;'>1</td><td style='text-align:right;'>3.3%</td></tr><tr><td style='padding-right:8px;'>David Liners</td><td style='text-align:right;padding-right:8px;'>22</td><td style='text-align:right;'>73.3%</td></tr><tr><td style='padding-right:8px;'>write-in:</td><td style='text-align:right;padding-right:8px;'>7</td><td style='text-align:right;'>23.3%</td></tr></table></div>" }, "geometry": { "type": "Point", "coordinates": [ -87.919522392826323, 42.962899760820243 ] } },
{ "type": "Feature", "properties": { "ward": "City of Milwaukee Ward 302", "candidate": "Daniel J. Bukiewicz", "votes": 1.0, "color": "#E41A1C", "popup": "<div><strong>City of Milwaukee Ward 302</strong><div><strong>Representative to the Assembly, District 21</strong><table style='border-collapse:collapse;margin-top:4px;'><tr><th></th><th style='text-align:right;padding-right:8px;'>Votes</th><th style='text-align:right;'>Percent</th></tr><tr><td style='padding-right:8px;'>Daniel J. Bukiewicz</td><td style='text-align:right;padding-right:8px;'>1</td><td style='text-align:right;'>1.7%</td></tr><tr><td style='padding-right:8px;'>David Liners</td><td style='text-align:right;padding-right:8px;'>37</td><td style='text-align:right;'>63.8%</td></tr><tr><td style='padding-right:8px;'>write-in:</td><td style='text-align:right;padding-right:8px;'>20</td><td style='text-align:right;'>34.5%</td></tr></table></div>" }, "geometry": { "type": "Point", "coordinates": [ -87.940301251615324, 42.933945707763016 ] } },
{ "type": "Feature", "properties": { "ward": "C. Oak Creek Ward 2", "candidate": "Daniel J. Bukiewicz", "votes": 1.0, "color": "#E41A1C", "popup": "<div><strong>C. Oak Creek Ward 2</strong><div><strong>Representative to the Assembly, District 21</strong><table style='border-collapse:collapse;margin-top:4px;'><tr><th></th><th style='text-align:right;padding-right:8px;'>Votes</th><th style='text-align:right;'>Percent</th></tr><tr><td style='padding-right:8px;'>Daniel J. Bukiewicz</td><td style='text-align:right;padding-right:8px;'>1</td><td style='text-align:right;'>4.3%</td></tr><tr><td style='padding-right:8px;'>David Liners</td><td style='text-align:right;padding-right:8px;'>18</td><td style='text-align:right;'>78.3%</td></tr><tr><td style='padding-right:8px;'>write-in:</td><td style='text-align:right;padding-right:8px;'>4</td><td style='text-align:right;'>17.4%</td></tr></table></div>" }, "geometry": { "type": "Point", "coordinates": [ -87.901749722477859, 42.908821891401331 ] } },
{ "type": "Feature", "properties": { "ward": "C. Oak Creek Ward 3", "candidate": "Daniel J. Bukiewicz", "votes": 1.0, "color": "#E41A1C", "popup": "<div><strong>C. Oak Creek Ward 3</strong><div><strong>Representative to the Assembly, District 21</strong><table style='border-collapse:collapse;margin-top:4px;'><tr><th></th><th style='text-align:right;padding-right:8px;'>Votes</th><th style='text-align:right;'>Percent</th></tr><tr><td style='padding-right:8px;'>Daniel J. Bukiewicz</td><td style='text-align:right;padding-right:8px;'>1</td><td style='text-align:right;'>2.2%</td></tr><tr><td style='padding-right:8px;'>David Liners</td><td style='text-align:right;padding-right:8px;'>12</td><td style='text-align:right;'>26.7%</td></tr><tr><td style='padding-right:8px;'>write-in:</td><td style='text-align:right;padding-right:8px;'>32</td><td style='text-align:right;'>71.1%</td></tr></table></div>" }, "geometry": { "type": "Point", "coordinates": [ -87.896884160409286, 42.89642922702933 ] } },
{ "type": "Feature", "properties": { "ward": "C. Oak Creek Ward 4", "candidate": "Daniel J. Bukiewicz", "votes": 1.0, "color": "#E41A1C", "popup": "<div><strong>C. Oak Creek Ward 4</strong><div><strong>Representative to the Assembly, District 21</strong><table style='border-collapse:collapse;margin-top:4px;'><tr><th></th><th style='text-align:right;padding-right:8px;'>Votes</th><th style='text-align:right;'>Percent</th></tr><tr><td style='padding-right:8px;'>Daniel J. Bukiewicz</td><td style='text-align:right;padding-right:8px;'>1</td><td style='text-align:right;'>3.1%</td></tr><tr><td style='padding-right:8px;'>David Liners</td><td style='text-align:right;padding-right:8px;'>8</td><td style='text-align:right;'>25.0%</td></tr><tr><td style='padding-right:8px;'>write-in:</td><td style='text-align:right;padding-right:8px;'>23</td><td style='text-align:right;'>71.9%</td></tr></table></div>" }, "geometry": { "type": "Point", "coordinates": [ -87.93818177153004, 42.894424901683479 ] } },
{ "type": "Feature", "properties": { "ward": "City of Milwaukee Ward 291", "candidate": "David Liners", "votes": 3.0, "color": "#377EB8", "popup": "<div><strong>City of Milwaukee Ward 291</strong><div><strong>Representative to the Assembly, District 21</strong><table style='border-collapse:collapse;margin-top:4px;'><tr><th></th><th style='text-align:right;padding-right:8px;'>Votes</th><th style='text-align:right;'>Percent</th></tr><tr><td style='padding-right:8px;'>Daniel J. Bukiewicz</td><td style='text-align:right;padding-right:8px;'>42</td><td style='text-align:right;'>63.6%</td></tr><tr><td style='padding-right:8px;'>David Liners</td><td style='text-align:right;padding-right:8px;'>3</td><td style='text-align:right;'>4.5%</td></tr><tr><td style='padding-right:8px;'>write-in:</td><td style='text-align:right;padding-right:8px;'>21</td><td style='text-align:right;'>31.8%</td></tr></table></div>" }, "geometry": { "type": "Point", "coordinates": [ -87.906114245876083, 42.968996292060936 ] } },
{ "type": "Feature", "properties": { "ward": "City of Milwaukee Ward 313", "candidate": "Daniel J. Bukiewicz", "votes": 4.0, "color": "#E41A1C", "popup": "<div><strong>City of Milwaukee Ward 313</strong><div><strong>Representative to the Assembly, District 21</strong><table style='border-collapse:collapse;margin-top:4px;'><tr><th></th><th style='text-align:right;padding-right:8px;'>Votes</th><th style='text-align:right;'>Percent</th></tr><tr><td style='padding-right:8px;'>Daniel J. Bukiewicz</td><td style='text-align:right;padding-right:8px;'>4</td><td style='text-align:right;'>19.0%</td></tr><tr><td style='padding-right:8px;'>David Liners</td><td style='text-align:right;padding-right:8px;'>10</td><td style='text-align:right;'>47.6%</td></tr><tr><td style='padding-right:8px;'>write-in:</td><td style='text-align:right;padding-right:8px;'>7</td><td style='text-align:right;'>33.3%</td></tr></table></div>" }, "geometry": { "type": "Point", "coordinates": [ -87.932245734606326, 42.94270457832048 ] } },
{ "type": "Feature", "properties": { "ward": "C. Oak Creek Ward 2", "candidate": "write-in:", "votes": 4.0, "color": "#4DAF4A", "popup": "<div><strong>C. Oak Creek Ward 2</strong><div><strong>Representative to the Assembly, District 21</strong><table style='border-collapse:collapse;margin-top:4px;'><tr><th></th><th style='text-align:right;padding-right:8px;'>Votes</th><th style='text-align:right;'>Percent</th></tr><tr><td style='padding-right:8px;'>Daniel J. Bukiewicz</td><td style='text-align:right;padding-right:8px;'>1</td><td style='text-align:right;'>4.3%</td></tr><tr><td style='padding-right:8px;'>David Liners</td><td style='text-align:right;padding-right:8px;'>18</td><td style='text-align:right;'>78.3%</td></tr><tr><td style='padding-right:8px;'>write-in:</td><td style='text-align:right;padding-right:8px;'>4</td><td style='text-align:right;'>17.4%</td></tr></table></div>" }, "geometry": { "type": "Point", "coordinates": [ -87.901749722477859, 42.908821891401331 ] } },
{ "type": "Feature", "properties": { "ward": "C. Oak Creek Ward 12", "candidate": "write-in:", "votes": 4.0, "color": "#4DAF4A", "popup": "<div><strong>C. Oak Creek Ward 12</strong><div><strong>Representative to the Assembly, District 21</strong><table style='border-collapse:collapse;margin-top:4px;'><tr><th></th><th style='text-align:right;padding-right:8px;'>Votes</th><th style='text-align:right;'>Percent</th></tr><tr><td style='padding-right:8px;'>Daniel J. Bukiewicz</td><td style='text-align:right;padding-right:8px;'>21</td><td style='text-align:right;'>46.7%</td></tr><tr><td style='padding-right:8px;'>David Liners</td><td style='text-align:right;padding-right:8px;'>20</td><td style='text-align:right;'>44.4%</td></tr><tr><td style='padding-right:8px;'>write-in:</td><td style='text-align:right;padding-right:8px;'>4</td><td style='text-align:right;'>8.9%</td></tr></table></div>" }, "geometry": { "type": "Point", "coordinates": [ -87.882491779921978, 42.879187973519677 ] } },
{ "type": "Feature", "properties": { "ward": "City of Milwaukee Ward 284", "candidate": "Daniel J. Bukiewicz", "votes": 5.0, "color": "#E41A1C", "popup": "<div><strong>City of Milwaukee Ward 284</strong><div><strong>Representative to the Assembly, District 21</strong><table style='border-collapse:collapse;margin-top:4px;'><tr><th></th><th style='text-align:right;padding-right:8px;'>Votes</th><th style='text-align:right;'>Percent</th></tr><tr><td style='padding-right:8px;'>Daniel J. Bukiewicz</td><td style='text-align:right;padding-right:8px;'>5</td><td style='text-align:right;'>7.9%</td></tr><tr><td style='padding-right:8px;'>David Liners</td><td style='text-align:right;padding-right:8px;'>51</td><td style='text-align:right;'>81.0%</td></tr><tr><td style='padding-right:8px;'>write-in:</td><td style='text-align:right;padding-right:8px;'>7</td><td style='text-align:right;'>11.1%</td></tr></table></div>" }, "geometry": { "type": "Point", "coordinates": [ -87.897505399603645, 42.980077533623231 ] } },
{ "type": "Feature", "properties": { "ward": "City of Milwaukee Ward 293", "candidate": "write-in:", "votes": 5.0, "color": "#4DAF4A", "popup": "<div><strong>City of Milwaukee Ward 293</strong><div><strong>Representative to the Assembly, District 21</strong><table style='border-collapse:collapse;margin-top:4px;'><tr><th></th><th style='text-align:right;padding-right:8px;'>Votes</th><th style='text-align:right;'>Percent</th></tr><tr><td style='padding-right:8px;'>Daniel J. Bukiewicz</td><td style='text-align:right;padding-right:8px;'>37</td><td style='text-align:right;'>33.6%</td></tr><tr><td style='padding-right:8px;'>David Liners</td><td style='text-align:right;padding-right:8px;'>68</td><td style='text-align:right;'>61.8%</td></tr><tr><td style='padding-right:8px;'>write-in:</td><td style='text-align:right;padding-right:8px;'>5</td><td style='text-align:right;'>4.5%</td></tr></table></div>" }, "geometry": { "type": "Point", "coordinates": [ -87.914659305829801, 42.970148214411822 ] } },
{ "type": "Feature", "properties": { "ward": "C. Oak Creek Ward 18", "candidate": "write-in:", "votes": 5.0, "color": "#4DAF4A", "popup": "<div><strong>C. Oak Creek Ward 18</strong><div><strong>Representative to the Assembly, District 21</strong><table style='border-collapse:collapse;margin-top:4px;'><tr><th></th><th style='text-align:right;padding-right:8px;'>Votes</th><th style='text-align:right;'>Percent</th></tr><tr><td style='padding-right:8px;'>Daniel J. Bukiewicz</td><td style='text-align:right;padding-right:8px;'>16</td><td style='text-align:right;'>33.3%</td></tr><tr><td style='padding-right:8px;'>David Liners</td><td style='text-align:right;padding-right:8px;'>27</td><td style='text-align:right;'>56.2%</td></tr><tr><td style='padding-right:8px;'>write-in:</td><td style='text-align:right;padding-right:8px;'>5</td><td style='text-align:right;'>10.4%</td></tr></table></div>" }, "geometry": { "type": "Point", "coordinates": [ -87.916490694141274, 42.888405955295958 ] } },
{ "type": "Feature", "properties": { "ward": "C. Oak Creek Ward 9", "candidate": "David Liners", "votes": 6.0, "color": "#377EB8", "popup": "<div><strong>C. Oak Creek Ward 9</strong><div><strong>Representative to the Assembly, District 21</strong><table style='border-collapse:collapse;margin-top:4px;'><tr><th></th><th style='text-align:right;padding-right:8px;'>Votes</th><th style='text-align:right;'>Percent</th></tr><tr><td style='padding-right:8px;'>Daniel J. Bukiewicz</td><td style='text-align:right;padding-right:8px;'>47</td><td style='text-align:right;'>65.3%</td></tr><tr><td style='padding-right:8px;'>David Liners</td><td style='text-align:right;padding-right:8px;'>6</td><td style='text-align:right;'>8.3%</td></tr><tr><td style='padding-right:8px;'>write-in:</td><td style='text-align:right;padding-right:8px;'>19</td><td style='text-align:right;'>26.4%</td></tr></table></div>" }, "geometry": { "type": "Point", "coordinates": [ -87.905060065261821, 42.875607246406744 ] } },
{ "type": "Feature", "properties": { "ward": "City of Milwaukee Ward 284", "candidate": "write-in:", "votes": 7.0, "color": "#4DAF4A", "popup": "<div><strong>City of Milwaukee Ward 284</strong><div><strong>Representative to the Assembly, District 21</strong><table style='border-collapse:collapse;margin-top:4px;'><tr><th></th><th style='text-align:right;padding-right:8px;'>Votes</th><th style='text-align:right;'>Percent</th></tr><tr><td style='padding-right:8px;'>Daniel J. Bukiewicz</td><td style='text-align:right;padding-right:8px;'>5</td><td style='text-align:right;'>7.9%</td></tr><tr><td style='padding-right:8px;'>David Liners</td><td style='text-align:right;padding-right:8px;'>51</td><td style='text-align:right;'>81.0%</td></tr><tr><td style='padding-right:8px;'>write-in:</td><td style='text-align:right;padding-right:8px;'>7</td><td style='text-align:right;'>11.1%</td></tr></table></div>" }, "geometry": { "type": "Point", "coordinates": [ -87.897505399603645, 42.980077533623231 ] } },
{ "type": "Feature", "properties": { "ward": "City of Milwaukee Ward 290", "candidate": "David Liners", "votes": 7.0, "color": "#377EB8", "popup": "<div><strong>City of Milwaukee Ward 290</strong><div><strong>Representative to the Assembly, District 21</strong><table style='border-collapse:collapse;margin-top:4px;'><tr><th></th><th style='text-align:right;padding-right:8px;'>Votes</th><th style='text-align:right;'>Percent</th></tr><tr><td style='padding-right:8px;'>Daniel J. Bukiewicz</td><td style='text-align:right;padding-right:8px;'>55</td><td style='text-align:right;'>55.0%</td></tr><tr><td style='padding-right:8px;'>David Liners</td><td style='text-align:right;padding-right:8px;'>7</td><td style='text-align:right;'>7.0%</td></tr><tr><td style='padding-right:8px;'>write-in:</td><td style='text-align:right;padding-right:8px;'>38</td><td style='text-align:right;'>38.0%</td></tr></table></div>" }, "geometry": { "type": "Point", "coordinates": [ -87.897794111559293, 42.970963571059137 ] } },
{ "type": "Feature", "properties": { "ward": "City of Milwaukee Ward 292", "candidate": "write-in:", "votes": 7.0, "color": "#4DAF4A", "popup": "<div><strong>City of Milwaukee Ward 292</strong><div><strong>Representative to the Assembly, District 21</strong><table style='border-collapse:collapse;margin-top:4px;'><tr><th></th><th style='text-align:right;padding-right:8px;'>Votes</th><th style='text-align:right;'>Percent</th></tr><tr><td style='padding-right:8px;'>Daniel J. Bukiewicz</td><td style='text-align:right;padding-right:8px;'>1</td><td style='text-align:right;'>3.3%</td></tr><tr><td style='padding-right:8px;'>David Liners</td><td style='text-align:right;padding-right:8px;'>22</td><td style='text-align:right;'>73.3%</td></tr><tr><td style='padding-right:8px;'>write-in:</td><td style='text-align:right;padding-right:8px;'>7</td><td style='text-align:right;'>23.3%</td></tr></table></div>" }, "geometry": { "type": "Point", "coordinates": [ -87.919522392826323, 42.962899760820243 ] } },
{ "type": "Feature", "properties": { "ward": "City of Milwaukee Ward 300", "candidate": "David Liners", "votes": 7.0, "color": "#377EB8", "popup": "<div><strong>City of Milwaukee Ward 300</strong><div><strong>Representative to the Assembly, District 21</strong><table style='border-collapse:collapse;margin-top:4px;'><tr><th></th><th style='text-align:right;padding-right:8px;'>Votes</th><th style='text-align:right;'>Percent</th></tr><tr><td style='padding-right:8px;'>Daniel J. Bukiewicz</td><td style='text-align:right;padding-right:8px;'>22</td><td style='text-align:right;'>34.9%</td></tr><tr><td style='padding-right:8px;'>David Liners</td><td style='text-align:right;padding-right:8px;'>7</td><td style='text-align:right;'>11.1%</td></tr><tr><td style='padding-right:8px;'>write-in:</td><td style='text-align:right;padding-right:8px;'>34</td><td style='text-align:right;'>54.0%</td></tr></table></div>" }, "geometry": { "type": "Point", "coordinates": [ -87.958004860667415, 42.940691557495597 ] } },
{ "type": "Feature", "properties": { "ward": "City of Milwaukee Ward 313", "candidate": "write-in:", "votes": 7.0, "color": "#4DAF4A", "popup": "<div><strong>City of Milwaukee Ward 313</strong><div><strong>Representative to the Assembly, District 21</strong><table style='border-collapse:collapse;margin-top:4px;'><tr><th></th><th style='text-align:right;padding-right:8px;'>Votes</th><th style='text-align:right;'>Percent</th></tr><tr><td style='padding-right:8px;'>Daniel J. Bukiewicz</td><td style='text-align:right;padding-right:8px;'>4</td><td style='text-align:right;'>19.0%</td></tr><tr><td style='padding-right:8px;'>David Liners</td><td style='text-align:right;padding-right:8px;'>10</td><td style='text-align:right;'>47.6%</td></tr><tr><td style='padding-right:8px;'>write-in:</td><td style='text-align:right;padding-right:8px;'>7</td><td style='text-align:right;'>33.3%</td></tr></table></div>" }, "geometry": { "type": "Point", "coordinates": [ -87.932245734606326, 42.94270457832048 ] } },
{ "type": "Feature", "properties": { "ward": "C. Oak Creek Ward 1", "candidate": "write-in:", "votes": 7.0, "color": "#4DAF4A", "popup": "<div><strong>C. Oak Creek Ward 1</strong><div><strong>Representative to the Assembly, District 21</strong><table style='border-collapse:collapse;margin-top:4px;'><tr><th></th><th style='text-align:right;padding-right:8px;'>Votes</th><th style='text-align:right;'>Percent</th></tr><tr><td style='padding-right:8px;'>Daniel J. Bukiewicz</td><td style='text-align:right;padding-right:8px;'>34</td><td style='text-align:right;'>55.7%</td></tr><tr><td style='padding-right:8px;'>David Liners</td><td style='text-align:right;padding-right:8px;'>20</td><td style='text-align:right;'>32.8%</td></tr><tr><td style='padding-right:8px;'>write-in:</td><td style='text-align:right;padding-right:8px;'>7</td><td style='text-align:right;'>11.5%</td></tr></table></div>" }, "geometry": { "type": "Point", "coordinates": [ -87.923287399356951, 42.913518796630157 ] } },
{ "type": "Feature", "properties": { "ward": "C. Oak Creek Ward 16", "candidate": "David Liners", "votes": 7.0, "color": "#377EB8", "popup": "<div><strong>C. Oak Creek Ward 16</strong><div><strong>Representative to the Assembly, District 21</strong><table style='border-collapse:collapse;margin-top:4px;'><tr><th></th><th style='text-align:right;padding-right:8px;'>Votes</th><th style='text-align:right;'>Percent</th></tr><tr><td style='padding-right:8px;'>Daniel J. Bukiewicz</td><td style='text-align:right;padding-right:8px;'>75</td><td style='text-align:right;'>76.5%</td></tr><tr><td style='padding-right:8px;'>David Liners</td><td style='text-align:right;padding-right:8px;'>7</td><td style='text-align:right;'>7.1%</td></tr><tr><td style='padding-right:8px;'>write-in:</td><td style='text-align:right;padding-right:8px;'>16</td><td style='text-align:right;'>16.3%</td></tr></table></div>" }, "geometry": { "type": "Point", "coordinates": [ -87.94157444698844, 42.880178273300359 ] } },
{ "type": "Feature", "properties": { "ward": "City of Milwaukee Ward 303", "candidate": "David Liners", "votes": 8.0, "color": "#377EB8", "popup": "<div><strong>City of Milwaukee Ward 303</strong><div><strong>Representative to the Assembly, District 21</strong><table style='border-collapse:collapse;margin-top:4px;'><tr><th></th><th style='text-align:right;padding-right:8px;'>Votes</th><th style='text-align:right;'>Percent</th></tr><tr><td style='padding-right:8px;'>Daniel J. Bukiewicz</td><td style='text-align:right;padding-right:8px;'>40</td><td style='text-align:right;'>44.9%</td></tr><tr><td style='padding-right:8px;'>David Liners</td><td style='text-align:right;padding-right:8px;'>8</td><td style='text-align:right;'>9.0%</td></tr><tr><td style='padding-right:8px;'>write-in:</td><td style='text-align:right;padding-right:8px;'>41</td><td style='text-align:right;'>46.1%</td></tr></table></div>" }, "geometry": { "type": "Point", "coordinates": [ -87.919490518696207, 42.940354478183245 ] } },
{ "type": "Feature", "properties": { "ward": "City of Milwaukee Ward 355", "candidate": "Daniel J. Bukiewicz", "votes": 8.0, "color": "#E41A1C", "popup": "<div><strong>City of Milwaukee Ward 355</strong><div><strong>Representative to the Assembly, District 21</strong><table style='border-collapse:collapse;margin-top:4px;'><tr><th></th><th style='text-align:right;padding-right:8px;'>Votes</th><th style='text-align:right;'>Percent</th></tr><tr><td style='padding-right:8px;'>Daniel J. Bukiewicz</td><td style='text-align:right;padding-right:8px;'>8</td><td style='text-align:right;'>12.9%</td></tr><tr><td style='padding-right:8px;'>David Liners</td><td style='text-align:right;padding-right:8px;'>42</td><td style='text-align:right;'>67.7%</td></tr><tr><td style='padding-right:8px;'>write-in:</td><td style='text-align:right;padding-right:8px;'>12</td><td style='text-align:right;'>19.4%</td></tr></table></div>" }, "geometry": { "type": "Point", "coordinates": [ -87.901632289485306, 42.981724494217474 ] } },
{ "type": "Feature", "properties": { "ward": "C. Oak Creek Ward 4", "candidate": "David Liners", "votes": 8.0, "color": "#377EB8", "popup": "<div><strong>C. Oak Creek Ward 4</strong><div><strong>Representative to the Assembly, District 21</strong><table style='border-collapse:collapse;margin-top:4px;'><tr><th></th><th style='text-align:right;padding-right:8px;'>Votes</th><th style='text-align:right;'>Percent</th></tr><tr><td style='padding-right:8px;'>Daniel J. Bukiewicz</td><td style='text-align:right;padding-right:8px;'>1</td><td style='text-align:right;'>3.1%</td></tr><tr><td style='padding-right:8px;'>David Liners</td><td style='text-align:right;padding-right:8px;'>8</td><td style='text-align:right;'>25.0%</td></tr><tr><td style='padding-right:8px;'>write-in:</td><td style='text-align:right;padding-right:8px;'>23</td><td style='text-align:right;'>71.9%</td></tr></table></div>" }, "geometry": { "type": "Point", "coordinates": [ -87.93818177153004, 42.894424901683479 ] } },
{ "type": "Feature", "properties": { "ward": "C. Oak Creek Ward 5", "candidate": "David Liners", "votes": 9.0, "color": "#377EB8", "popup": "<div><strong>C. Oak Creek Ward 5</strong><div><strong>Representative to the Assembly, District 21</strong><table style='border-collapse:collapse;margin-top:4px;'><tr><th></th><th style='text-align:right;padding-right:8px;'>Votes</th><th style='text-align:right;'>Percent</th></tr><tr><td style='padding-right:8px;'>Daniel J. Bukiewicz</td><td style='text-align:right;padding-right:8px;'>46</td><td style='text-align:right;'>57.5%</td></tr><tr><td style='padding-right:8px;'>David Liners</td><td style='text-align:right;padding-right:8px;'>9</td><td style='text-align:right;'>11.2%</td></tr><tr><td style='padding-right:8px;'>write-in:</td><td style='text-align:right;padding-right:8px;'>25</td><td style='text-align:right;'>31.2%</td></tr></table></div>" }, "geometry": { "type": "Point", "coordinates": [ -87.942851442396375, 42.912699952895991 ] } },
{ "type": "Feature", "properties": { "ward": "C. Oak Creek Ward 6", "candidate": "write-in:", "votes": 9.0, "color": "#4DAF4A", "popup": "<div><strong>C. Oak Creek Ward 6</strong><div><strong>Representative to the Assembly, District 21</strong><table style='border-collapse:collapse;margin-top:4px;'><tr><th></th><th style='text-align:right;padding-right:8px;'>Votes</th><th style='text-align:right;'>Percent</th></tr><tr><td style='padding-right:8px;'>Daniel J. Bukiewicz</td><td style='text-align:right;padding-right:8px;'>30</td><td style='text-align:right;'>39.5%</td></tr><tr><td style='padding-right:8px;'>David Liners</td><td style='text-align:right;padding-right:8px;'>37</td><td style='text-align:right;'>48.7%</td></tr><tr><td style='padding-right:8px;'>write-in:</td><td style='text-align:right;padding-right:8px;'>9</td><td style='text-align:right;'>11.8%</td></tr></table></div>" }, "geometry": { "type": "Point", "coordinates": [ -87.912414267042251, 42.897490959517569 ] } },
{ "type": "Feature", "properties": { "ward": "C. Oak Creek Ward 13", "candidate": "write-in:", "votes": 9.0, "color": "#4DAF4A", "popup": "<div><strong>C. Oak Creek Ward 13</strong><div><strong>Representative to the Assembly, District 21</strong><table style='border-collapse:collapse;margin-top:4px;'><tr><th></th><th style='text-align:right;padding-right:8px;'>Votes</th><th style='text-align:right;'>Percent</th></tr><tr><td style='padding-right:8px;'>Daniel J. Bukiewicz</td><td style='text-align:right;padding-right:8px;'>25</td><td style='text-align:right;'>41.0%</td></tr><tr><td style='padding-right:8px;'>David Liners</td><td style='text-align:right;padding-right:8px;'>27</td><td style='text-align:right;'>44.3%</td></tr><tr><td style='padding-right:8px;'>write-in:</td><td style='text-align:right;padding-right:8px;'>9</td><td style='text-align:right;'>14.8%</td></tr></table></div>" }, "geometry": { "type": "Point", "coordinates": [ -87.932471625346864, 42.865149206376451 ] } },
{ "type": "Feature", "properties": { "ward": "City of Milwaukee Ward 313", "candidate": "David Liners", "votes": 10.0, "color": "#377EB8", "popup": "<div><strong>City of Milwaukee Ward 313</strong><div><strong>Representative to the Assembly, District 21</strong><table style='border-collapse:collapse;margin-top:4px;'><tr><th></th><th style='text-align:right;padding-right:8px;'>Votes</th><th style='text-align:right;'>Percent</th></tr><tr><td style='padding-right:8px;'>Daniel J. Bukiewicz</td><td style='text-align:right;padding-right:8px;'>4</td><td style='text-align:right;'>19.0%</td></tr><tr><td style='padding-right:8px;'>David Liners</td><td style='text-align:right;padding-right:8px;'>10</td><td style='text-align:right;'>47.6%</td></tr><tr><td style='padding-right:8px;'>write-in:</td><td style='text-align:right;padding-right:8px;'>7</td><td style='text-align:right;'>33.3%</td></tr></table></div>" }, "geometry": { "type": "Point", "coordinates": [ -87.932245734606326, 42.94270457832048 ] } },
{ "type": "Feature", "properties": { "ward": "C. Oak Creek Ward 11", "candidate": "write-in:", "votes": 11.0, "color": "#4DAF4A", "popup": "<div><strong>C. Oak Creek Ward 11</strong><div><strong>Representative to the Assembly, District 21</strong><table style='border-collapse:collapse;margin-top:4px;'><tr><th></th><th style='text-align:right;padding-right:8px;'>Votes</th><th style='text-align:right;'>Percent</th></tr><tr><td style='padding-right:8px;'>Daniel J. Bukiewicz</td><td style='text-align:right;padding-right:8px;'>36</td><td style='text-align:right;'>33.6%</td></tr><tr><td style='padding-right:8px;'>David Liners</td><td style='text-align:right;padding-right:8px;'>60</td><td style='text-align:right;'>56.1%</td></tr><tr><td style='padding-right:8px;'>write-in:</td><td style='text-align:right;padding-right:8px;'>11</td><td style='text-align:right;'>10.3%</td></tr></table></div>" }, "geometry": { "type": "Point", "coordinates": [ -87.842869109637931, 42.84997356526025 ] } },
{ "type": "Feature", "properties": { "ward": "City of Milwaukee Ward 355", "candidate": "write-in:", "votes": 12.0, "color": "#4DAF4A", "popup": "<div><strong>City of Milwaukee Ward 355</strong><div><strong>Representative to the Assembly, District 21</strong><table style='border-collapse:collapse;margin-top:4px;'><tr><th></th><th style='text-align:right;padding-right:8px;'>Votes</th><th style='text-align:right;'>Percent</th></tr><tr><td style='padding-right:8px;'>Daniel J. Bukiewicz</td><td style='text-align:right;padding-right:8px;'>8</td><td style='text-align:right;'>12.9%</td></tr><tr><td style='padding-right:8px;'>David Liners</td><td style='text-align:right;padding-right:8px;'>42</td><td style='text-align:right;'>67.7%</td></tr><tr><td style='padding-right:8px;'>write-in:</td><td style='text-align:right;padding-right:8px;'>12</td><td style='text-align:right;'>19.4%</td></tr></table></div>" }, "geometry": { "type": "Point", "coordinates": [ -87.901632289485306, 42.981724494217474 ] } },
{ "type": "Feature", "properties": { "ward": "C. Oak Creek Ward 3", "candidate": "David Liners", "votes": 12.0, "color": "#377EB8", "popup": "<div><strong>C. Oak Creek Ward 3</strong><div><strong>Representative to the Assembly, District 21</strong><table style='border-collapse:collapse;margin-top:4px;'><tr><th></th><th style='text-align:right;padding-right:8px;'>Votes</th><th style='text-align:right;'>Percent</th></tr><tr><td style='padding-right:8px;'>Daniel J. Bukiewicz</td><td style='text-align:right;padding-right:8px;'>1</td><td style='text-align:right;'>2.2%</td></tr><tr><td style='padding-right:8px;'>David Liners</td><td style='text-align:right;padding-right:8px;'>12</td><td style='text-align:right;'>26.7%</td></tr><tr><td style='padding-right:8px;'>write-in:</td><td style='text-align:right;padding-right:8px;'>32</td><td style='text-align:right;'>71.1%</td></tr></table></div>" }, "geometry": { "type": "Point", "coordinates": [ -87.896884160409286, 42.89642922702933 ] } },
{ "type": "Feature", "properties": { "ward": "C. Oak Creek Ward 10", "candidate": "write-in:", "votes": 12.0, "color": "#4DAF4A", "popup": "<div><strong>C. Oak Creek Ward 10</strong><div><strong>Representative to the Assembly, District 21</strong><table style='border-collapse:collapse;margin-top:4px;'><tr><th></th><th style='text-align:right;padding-right:8px;'>Votes</th><th style='text-align:right;'>Percent</th></tr><tr><td style='padding-right:8px;'>Daniel J. Bukiewicz</td><td style='text-align:right;padding-right:8px;'>71</td><td style='text-align:right;'>71.0%</td></tr><tr><td style='padding-right:8px;'>David Liners</td><td style='text-align:right;padding-right:8px;'>17</td><td style='text-align:right;'>17.0%</td></tr><tr><td style='padding-right:8px;'>write-in:</td><td style='text-align:right;padding-right:8px;'>12</td><td style='text-align:right;'>12.0%</td></tr></table></div>" }, "geometry": { "type": "Point", "coordinates": [ -87.86500875678793, 42.887914644451058 ] } },
{ "type": "Feature", "properties": { "ward": "City of Milwaukee Ward 282", "candidate": "David Liners", "votes": 13.0, "color": "#377EB8", "popup": "<div><strong>City of Milwaukee Ward 282</strong><div><strong>Representative to the Assembly, District 21</strong><table style='border-collapse:collapse;margin-top:4px;'><tr><th></th><th style='text-align:right;padding-right:8px;'>Votes</th><th style='text-align:right;'>Percent</th></tr><tr><td style='padding-right:8px;'>Daniel J. Bukiewicz</td><td style='text-align:right;padding-right:8px;'>24</td><td style='text-align:right;'>32.4%</td></tr><tr><td style='padding-right:8px;'>David Liners</td><td style='text-align:right;padding-right:8px;'>13</td><td style='text-align:right;'>17.6%</td></tr><tr><td style='padding-right:8px;'>write-in:</td><td style='text-align:right;padding-right:8px;'>37</td><td style='text-align:right;'>50.0%</td></tr></table></div>" }, "geometry": { "type": "Point", "coordinates": [ -87.906358109138864, 42.976067119787075 ] } },
{ "type": "Feature", "properties": { "ward": "City of Greenfield Ward 25", "candidate": "Daniel J. Bukiewicz", "votes": 13.0, "color": "#E41A1C", "popup": "<div><strong>City of Greenfield Ward 25</strong><div><strong>Representative to the Assembly, District 21</strong><table style='border-collapse:collapse;margin-top:4px;'><tr><th></th><th style='text-align:right;padding-right:8px;'>Votes</th><th style='text-align:right;'>Percent</th></tr><tr><td style='padding-right:8px;'>Daniel J. Bukiewicz</td><td style='text-align:right;padding-right:8px;'>13</td><td style='text-align:right;'>27.7%</td></tr><tr><td style='padding-right:8px;'>David Liners</td><td style='text-align:right;padding-right:8px;'>20</td><td style='text-align:right;'>42.6%</td></tr><tr><td style='padding-right:8px;'>write-in:</td><td style='text-align:right;padding-right:8px;'>14</td><td style='text-align:right;'>29.8%</td></tr></table></div>" }, "geometry": { "type": "Point", "coordinates": [ -87.954388883949633, 42.934007517084225 ] } },
{ "type": "Feature", "properties": { "ward": "City of Greenfield Ward 25", "candidate": "write-in:", "votes": 14.0, "color": "#4DAF4A", "popup": "<div><strong>City of Greenfield Ward 25</strong><div><strong>Representative to the Assembly, District 21</strong><table style='border-collapse:collapse;margin-top:4px;'><tr><th></th><th style='text-align:right;padding-right:8px;'>Votes</th><th style='text-align:right;'>Percent</th></tr><tr><td style='padding-right:8px;'>Daniel J. Bukiewicz</td><td style='text-align:right;padding-right:8px;'>13</td><td style='text-align:right;'>27.7%</td></tr><tr><td style='padding-right:8px;'>David Liners</td><td style='text-align:right;padding-right:8px;'>20</td><td style='text-align:right;'>42.6%</td></tr><tr><td style='padding-right:8px;'>write-in:</td><td style='text-align:right;padding-right:8px;'>14</td><td style='text-align:right;'>29.8%</td></tr></table></div>" }, "geometry": { "type": "Point", "coordinates": [ -87.954388883949633, 42.934007517084225 ] } },
{ "type": "Feature", "properties": { "ward": "C. Oak Creek Ward 8", "candidate": "David Liners", "votes": 14.0, "color": "#377EB8", "popup": "<div><strong>C. Oak Creek Ward 8</strong><div><strong>Representative to the Assembly, District 21</strong><table style='border-collapse:collapse;margin-top:4px;'><tr><th></th><th style='text-align:right;padding-right:8px;'>Votes</th><th style='text-align:right;'>Percent</th></tr><tr><td style='padding-right:8px;'>Daniel J. Bukiewicz</td><td style='text-align:right;padding-right:8px;'>25</td><td style='text-align:right;'>21.6%</td></tr><tr><td style='padding-right:8px;'>David Liners</td><td style='text-align:right;padding-right:8px;'>14</td><td style='text-align:right;'>12.1%</td></tr><tr><td style='padding-right:8px;'>write-in:</td><td style='text-align:right;padding-right:8px;'>77</td><td style='text-align:right;'>66.4%</td></tr></table></div>" }, "geometry": { "type": "Point", "coordinates": [ -87.866662183033824, 42.864336257943407 ] } },
{ "type": "Feature", "properties": { "ward": "City of Milwaukee Ward 304", "candidate": "David Liners", "votes": 16.0, "color": "#377EB8", "popup": "<div><strong>City of Milwaukee Ward 304</strong><div><strong>Representative to the Assembly, District 21</strong><table style='border-collapse:collapse;margin-top:4px;'><tr><th></th><th style='text-align:right;padding-right:8px;'>Votes</th><th style='text-align:right;'>Percent</th></tr><tr><td style='padding-right:8px;'>Daniel J. Bukiewicz</td><td style='text-align:right;padding-right:8px;'>26</td><td style='text-align:right;'>38.2%</td></tr><tr><td style='padding-right:8px;'>David Liners</td><td style='text-align:right;padding-right:8px;'>16</td><td style='text-align:right;'>23.5%</td></tr><tr><td style='padding-right:8px;'>write-in:</td><td style='text-align:right;padding-right:8px;'>26</td><td style='text-align:right;'>38.2%</td></tr></table></div>" }, "geometry": { "type": "Point", "coordinates": [ -87.896953622108953, 42.951462629961085 ] } },
{ "type": "Feature", "properties": { "ward": "C. Oak Creek Ward 16", "candidate": "write-in:", "votes": 16.0, "color": "#4DAF4A", "popup": "<div><strong>C. Oak Creek Ward 16</strong><div><strong>Representative to the Assembly, District 21</strong><table style='border-collapse:collapse;margin-top:4px;'><tr><th></th><th style='text-align:right;padding-right:8px;'>Votes</th><th style='text-align:right;'>Percent</th></tr><tr><td style='padding-right:8px;'>Daniel J. Bukiewicz</td><td style='text-align:right;padding-right:8px;'>75</td><td style='text-align:right;'>76.5%</td></tr><tr><td style='padding-right:8px;'>David Liners</td><td style='text-align:right;padding-right:8px;'>7</td><td style='text-align:right;'>7.1%</td></tr><tr><td style='padding-right:8px;'>write-in:</td><td style='text-align:right;padding-right:8px;'>16</td><td style='text-align:right;'>16.3%</td></tr></table></div>" }, "geometry": { "type": "Point", "coordinates": [ -87.94157444698844, 42.880178273300359 ] } },
{ "type": "Feature", "properties": { "ward": "C. Oak Creek Ward 18", "candidate": "Daniel J. Bukiewicz", "votes": 16.0, "color": "#E41A1C", "popup": "<div><strong>C. Oak Creek Ward 18</strong><div><strong>Representative to the Assembly, District 21</strong><table style='border-collapse:collapse;margin-top:4px;'><tr><th></th><th style='text-align:right;padding-right:8px;'>Votes</th><th style='text-align:right;'>Percent</th></tr><tr><td style='padding-right:8px;'>Daniel J. Bukiewicz</td><td style='text-align:right;padding-right:8px;'>16</td><td style='text-align:right;'>33.3%</td></tr><tr><td style='padding-right:8px;'>David Liners</td><td style='text-align:right;padding-right:8px;'>27</td><td style='text-align:right;'>56.2%</td></tr><tr><td style='padding-right:8px;'>write-in:</td><td style='text-align:right;padding-right:8px;'>5</td><td style='text-align:right;'>10.4%</td></tr></table></div>" }, "geometry": { "type": "Point", "coordinates": [ -87.916490694141274, 42.888405955295958 ] } },
{ "type": "Feature", "properties": { "ward": "City of Milwaukee Ward 281", "candidate": "write-in:", "votes": 17.0, "color": "#4DAF4A", "popup": "<div><strong>City of Milwaukee Ward 281</strong><div><strong>Representative to the Assembly, District 21</strong><table style='border-collapse:collapse;margin-top:4px;'><tr><th></th><th style='text-align:right;padding-right:8px;'>Votes</th><th style='text-align:right;'>Percent</th></tr><tr><td style='padding-right:8px;'>Daniel J. Bukiewicz</td><td style='text-align:right;padding-right:8px;'>1</td><td style='text-align:right;'>1.9%</td></tr><tr><td style='padding-right:8px;'>David Liners</td><td style='text-align:right;padding-right:8px;'>35</td><td style='text-align:right;'>66.0%</td></tr><tr><td style='padding-right:8px;'>write-in:</td><td style='text-align:right;padding-right:8px;'>17</td><td style='text-align:right;'>32.1%</td></tr></table></div>" }, "geometry": { "type": "Point", "coordinates": [ -87.914399022806009, 42.97742743653582 ] } },
{ "type": "Feature", "properties": { "ward": "C. Oak Creek Ward 10", "candidate": "David Liners", "votes": 17.0, "color": "#377EB8", "popup": "<div><strong>C. Oak Creek Ward 10</strong><div><strong>Representative to the Assembly, District 21</strong><table style='border-collapse:collapse;margin-top:4px;'><tr><th></th><th style='text-align:right;padding-right:8px;'>Votes</th><th style='text-align:right;'>Percent</th></tr><tr><td style='padding-right:8px;'>Daniel J. Bukiewicz</td><td style='text-align:right;padding-right:8px;'>71</td><td style='text-align:right;'>71.0%</td></tr><tr><td style='padding-right:8px;'>David Liners</td><td style='text-align:right;padding-right:8px;'>17</td><td style='text-align:right;'>17.0%</td></tr><tr><td style='padding-right:8px;'>write-in:</td><td style='text-align:right;padding-right:8px;'>12</td><td style='text-align:right;'>12.0%</td></tr></table></div>" }, "geometry": { "type": "Point", "coordinates": [ -87.86500875678793, 42.887914644451058 ] } },
{ "type": "Feature", "properties": { "ward": "C. Oak Creek Ward 2", "candidate": "David Liners", "votes": 18.0, "color": "#377EB8", "popup": "<div><strong>C. Oak Creek Ward 2</strong><div><strong>Representative to the Assembly, District 21</strong><table style='border-collapse:collapse;margin-top:4px;'><tr><th></th><th style='text-align:right;padding-right:8px;'>Votes</th><th style='text-align:right;'>Percent</th></tr><tr><td style='padding-right:8px;'>Daniel J. Bukiewicz</td><td style='text-align:right;padding-right:8px;'>1</td><td style='text-align:right;'>4.3%</td></tr><tr><td style='padding-right:8px;'>David Liners</td><td style='text-align:right;padding-right:8px;'>18</td><td style='text-align:right;'>78.3%</td></tr><tr><td style='padding-right:8px;'>write-in:</td><td style='text-align:right;padding-right:8px;'>4</td><td style='text-align:right;'>17.4%</td></tr></table></div>" }, "geometry": { "type": "Point", "coordinates": [ -87.901749722477859, 42.908821891401331 ] } },
{ "type": "Feature", "properties": { "ward": "C. Oak Creek Ward 9", "candidate": "write-in:", "votes": 19.0, "color": "#4DAF4A", "popup": "<div><strong>C. Oak Creek Ward 9</strong><div><strong>Representative to the Assembly, District 21</strong><table style='border-collapse:collapse;margin-top:4px;'><tr><th></th><th style='text-align:right;padding-right:8px;'>Votes</th><th style='text-align:right;'>Percent</th></tr><tr><td style='padding-right:8px;'>Daniel J. Bukiewicz</td><td style='text-align:right;padding-right:8px;'>47</td><td style='text-align:right;'>65.3%</td></tr><tr><td style='padding-right:8px;'>David Liners</td><td style='text-align:right;padding-right:8px;'>6</td><td style='text-align:right;'>8.3%</td></tr><tr><td style='padding-right:8px;'>write-in:</td><td style='text-align:right;padding-right:8px;'>19</td><td style='text-align:right;'>26.4%</td></tr></table></div>" }, "geometry": { "type": "Point", "coordinates": [ -87.905060065261821, 42.875607246406744 ] } },
{ "type": "Feature", "properties": { "ward": "City of Milwaukee Ward 302", "candidate": "write-in:", "votes": 20.0, "color": "#4DAF4A", "popup": "<div><strong>City of Milwaukee Ward 302</strong><div><strong>Representative to the Assembly, District 21</strong><table style='border-collapse:collapse;margin-top:4px;'><tr><th></th><th style='text-align:right;padding-right:8px;'>Votes</th><th style='text-align:right;'>Percent</th></tr><tr><td style='padding-right:8px;'>Daniel J. Bukiewicz</td><td style='text-align:right;padding-right:8px;'>1</td><td style='text-align:right;'>1.7%</td></tr><tr><td style='padding-right:8px;'>David Liners</td><td style='text-align:right;padding-right:8px;'>37</td><td style='text-align:right;'>63.8%</td></tr><tr><td style='padding-right:8px;'>write-in:</td><td style='text-align:right;padding-right:8px;'>20</td><td style='text-align:right;'>34.5%</td></tr></table></div>" }, "geometry": { "type": "Point", "coordinates": [ -87.940301251615324, 42.933945707763016 ] } },
{ "type": "Feature", "properties": { "ward": "City of Greenfield Ward 25", "candidate": "David Liners", "votes": 20.0, "color": "#377EB8", "popup": "<div><strong>City of Greenfield Ward 25</strong><div><strong>Representative to the Assembly, District 21</strong><table style='border-collapse:collapse;margin-top:4px;'><tr><th></th><th style='text-align:right;padding-right:8px;'>Votes</th><th style='text-align:right;'>Percent</th></tr><tr><td style='padding-right:8px;'>Daniel J. Bukiewicz</td><td style='text-align:right;padding-right:8px;'>13</td><td style='text-align:right;'>27.7%</td></tr><tr><td style='padding-right:8px;'>David Liners</td><td style='text-align:right;padding-right:8px;'>20</td><td style='text-align:right;'>42.6%</td></tr><tr><td style='padding-right:8px;'>write-in:</td><td style='text-align:right;padding-right:8px;'>14</td><td style='text-align:right;'>29.8%</td></tr></table></div>" }, "geometry": { "type": "Point", "coordinates": [ -87.954388883949633, 42.934007517084225 ] } },
{ "type": "Feature", "properties": { "ward": "C. Oak Creek Ward 1", "candidate": "David Liners", "votes": 20.0, "color": "#377EB8", "popup": "<div><strong>C. Oak Creek Ward 1</strong><div><strong>Representative to the Assembly, District 21</strong><table style='border-collapse:collapse;margin-top:4px;'><tr><th></th><th style='text-align:right;padding-right:8px;'>Votes</th><th style='text-align:right;'>Percent</th></tr><tr><td style='padding-right:8px;'>Daniel J. Bukiewicz</td><td style='text-align:right;padding-right:8px;'>34</td><td style='text-align:right;'>55.7%</td></tr><tr><td style='padding-right:8px;'>David Liners</td><td style='text-align:right;padding-right:8px;'>20</td><td style='text-align:right;'>32.8%</td></tr><tr><td style='padding-right:8px;'>write-in:</td><td style='text-align:right;padding-right:8px;'>7</td><td style='text-align:right;'>11.5%</td></tr></table></div>" }, "geometry": { "type": "Point", "coordinates": [ -87.923287399356951, 42.913518796630157 ] } },
{ "type": "Feature", "properties": { "ward": "C. Oak Creek Ward 12", "candidate": "David Liners", "votes": 20.0, "color": "#377EB8", "popup": "<div><strong>C. Oak Creek Ward 12</strong><div><strong>Representative to the Assembly, District 21</strong><table style='border-collapse:collapse;margin-top:4px;'><tr><th></th><th style='text-align:right;padding-right:8px;'>Votes</th><th style='text-align:right;'>Percent</th></tr><tr><td style='padding-right:8px;'>Daniel J. Bukiewicz</td><td style='text-align:right;padding-right:8px;'>21</td><td style='text-align:right;'>46.7%</td></tr><tr><td style='padding-right:8px;'>David Liners</td><td style='text-align:right;padding-right:8px;'>20</td><td style='text-align:right;'>44.4%</td></tr><tr><td style='padding-right:8px;'>write-in:</td><td style='text-align:right;padding-right:8px;'>4</td><td style='text-align:right;'>8.9%</td></tr></table></div>" }, "geometry": { "type": "Point", "coordinates": [ -87.882491779921978, 42.879187973519677 ] } },
{ "type": "Feature", "properties": { "ward": "City of Milwaukee Ward 291", "candidate": "write-in:", "votes": 21.0, "color": "#4DAF4A", "popup": "<div><strong>City of Milwaukee Ward 291</strong><div><strong>Representative to the Assembly, District 21</strong><table style='border-collapse:collapse;margin-top:4px;'><tr><th></th><th style='text-align:right;padding-right:8px;'>Votes</th><th style='text-align:right;'>Percent</th></tr><tr><td style='padding-right:8px;'>Daniel J. Bukiewicz</td><td style='text-align:right;padding-right:8px;'>42</td><td style='text-align:right;'>63.6%</td></tr><tr><td style='padding-right:8px;'>David Liners</td><td style='text-align:right;padding-right:8px;'>3</td><td style='text-align:right;'>4.5%</td></tr><tr><td style='padding-right:8px;'>write-in:</td><td style='text-align:right;padding-right:8px;'>21</td><td style='text-align:right;'>31.8%</td></tr></table></div>" }, "geometry": { "type": "Point", "coordinates": [ -87.906114245876083, 42.968996292060936 ] } },
{ "type": "Feature", "properties": { "ward": "C. Oak Creek Ward 12", "candidate": "Daniel J. Bukiewicz", "votes": 21.0, "color": "#E41A1C", "popup": "<div><strong>C. Oak Creek Ward 12</strong><div><strong>Representative to the Assembly, District 21</strong><table style='border-collapse:collapse;margin-top:4px;'><tr><th></th><th style='text-align:right;padding-right:8px;'>Votes</th><th style='text-align:right;'>Percent</th></tr><tr><td style='padding-right:8px;'>Daniel J. Bukiewicz</td><td style='text-align:right;padding-right:8px;'>21</td><td style='text-align:right;'>46.7%</td></tr><tr><td style='padding-right:8px;'>David Liners</td><td style='text-align:right;padding-right:8px;'>20</td><td style='text-align:right;'>44.4%</td></tr><tr><td style='padding-right:8px;'>write-in:</td><td style='text-align:right;padding-right:8px;'>4</td><td style='text-align:right;'>8.9%</td></tr></table></div>" }, "geometry": { "type": "Point", "coordinates": [ -87.882491779921978, 42.879187973519677 ] } },
{ "type": "Feature", "properties": { "ward": "City of Milwaukee Ward 292", "candidate": "David Liners", "votes": 22.0, "color": "#377EB8", "popup": "<div><strong>City of Milwaukee Ward 292</strong><div><strong>Representative to the Assembly, District 21</strong><table style='border-collapse:collapse;margin-top:4px;'><tr><th></th><th style='text-align:right;padding-right:8px;'>Votes</th><th style='text-align:right;'>Percent</th></tr><tr><td style='padding-right:8px;'>Daniel J. Bukiewicz</td><td style='text-align:right;padding-right:8px;'>1</td><td style='text-align:right;'>3.3%</td></tr><tr><td style='padding-right:8px;'>David Liners</td><td style='text-align:right;padding-right:8px;'>22</td><td style='text-align:right;'>73.3%</td></tr><tr><td style='padding-right:8px;'>write-in:</td><td style='text-align:right;padding-right:8px;'>7</td><td style='text-align:right;'>23.3%</td></tr></table></div>" }, "geometry": { "type": "Point", "coordinates": [ -87.919522392826323, 42.962899760820243 ] } },
{ "type": "Feature", "properties": { "ward": "City of Milwaukee Ward 300", "candidate": "Daniel J. Bukiewicz", "votes": 22.0, "color": "#E41A1C", "popup": "<div><strong>City of Milwaukee Ward 300</strong><div><strong>Representative to the Assembly, District 21</strong><table style='border-collapse:collapse;margin-top:4px;'><tr><th></th><th style='text-align:right;padding-right:8px;'>Votes</th><th style='text-align:right;'>Percent</th></tr><tr><td style='padding-right:8px;'>Daniel J. Bukiewicz</td><td style='text-align:right;padding-right:8px;'>22</td><td style='text-align:right;'>34.9%</td></tr><tr><td style='padding-right:8px;'>David Liners</td><td style='text-align:right;padding-right:8px;'>7</td><td style='text-align:right;'>11.1%</td></tr><tr><td style='padding-right:8px;'>write-in:</td><td style='text-align:right;padding-right:8px;'>34</td><td style='text-align:right;'>54.0%</td></tr></table></div>" }, "geometry": { "type": "Point", "coordinates": [ -87.958004860667415, 42.940691557495597 ] } },
{ "type": "Feature", "properties": { "ward": "C. Oak Creek Ward 14", "candidate": "Daniel J. Bukiewicz", "votes": 22.0, "color": "#E41A1C", "popup": "<div><strong>C. Oak Creek Ward 14</strong><div><strong>Representative to the Assembly, District 21</strong><table style='border-collapse:collapse;margin-top:4px;'><tr><th></th><th style='text-align:right;padding-right:8px;'>Votes</th><th style='text-align:right;'>Percent</th></tr><tr><td style='padding-right:8px;'>Daniel J. Bukiewicz</td><td style='text-align:right;padding-right:8px;'>22</td><td style='text-align:right;'>16.3%</td></tr><tr><td style='padding-right:8px;'>David Liners</td><td style='text-align:right;padding-right:8px;'>45</td><td style='text-align:right;'>33.3%</td></tr><tr><td style='padding-right:8px;'>write-in:</td><td style='text-align:right;padding-right:8px;'>68</td><td style='text-align:right;'>50.4%</td></tr></table></div>" }, "geometry": { "type": "Point", "coordinates": [ -87.936868313975268, 42.850630987086326 ] } },
{ "type": "Feature", "properties": { "ward": "C. Oak Creek Ward 4", "candidate": "write-in:", "votes": 23.0, "color": "#4DAF4A", "popup": "<div><strong>C. Oak Creek Ward 4</strong><div><strong>Representative to the Assembly, District 21</strong><table style='border-collapse:collapse;margin-top:4px;'><tr><th></th><th style='text-align:right;padding-right:8px;'>Votes</th><th style='text-align:right;'>Percent</th></tr><tr><td style='padding-right:8px;'>Daniel J. Bukiewicz</td><td style='text-align:right;padding-right:8px;'>1</td><td style='text-align:right;'>3.1%</td></tr><tr><td style='padding-right:8px;'>David Liners</td><td style='text-align:right;padding-right:8px;'>8</td><td style='text-align:right;'>25.0%</td></tr><tr><td style='padding-right:8px;'>write-in:</td><td style='text-align:right;padding-right:8px;'>23</td><td style='text-align:right;'>71.9%</td></tr></table></div>" }, "geometry": { "type": "Point", "coordinates": [ -87.93818177153004, 42.894424901683479 ] } },
{ "type": "Feature", "properties": { "ward": "C. Oak Creek Ward 15", "candidate": "write-in:", "votes": 23.0, "color": "#4DAF4A", "popup": "<div><strong>C. Oak Creek Ward 15</strong><div><strong>Representative to the Assembly, District 21</strong><table style='border-collapse:collapse;margin-top:4px;'><tr><th></th><th style='text-align:right;padding-right:8px;'>Votes</th><th style='text-align:right;'>Percent</th></tr><tr><td style='padding-right:8px;'>Daniel J. Bukiewicz</td><td style='text-align:right;padding-right:8px;'>32</td><td style='text-align:right;'>23.7%</td></tr><tr><td style='padding-right:8px;'>David Liners</td><td style='text-align:right;padding-right:8px;'>80</td><td style='text-align:right;'>59.3%</td></tr><tr><td style='padding-right:8px;'>write-in:</td><td style='text-align:right;padding-right:8px;'>23</td><td style='text-align:right;'>17.0%</td></tr></table></div>" }, "geometry": { "type": "Point", "coordinates": [ -87.87710910523974, 42.849860686907022 ] } },
{ "type": "Feature", "properties": { "ward": "City of Milwaukee Ward 282", "candidate": "Daniel J. Bukiewicz", "votes": 24.0, "color": "#E41A1C", "popup": "<div><strong>City of Milwaukee Ward 282</strong><div><strong>Representative to the Assembly, District 21</strong><table style='border-collapse:collapse;margin-top:4px;'><tr><th></th><th style='text-align:right;padding-right:8px;'>Votes</th><th style='text-align:right;'>Percent</th></tr><tr><td style='padding-right:8px;'>Daniel J. Bukiewicz</td><td style='text-align:right;padding-right:8px;'>24</td><td style='text-align:right;'>32.4%</td></tr><tr><td style='padding-right:8px;'>David Liners</td><td style='text-align:right;padding-right:8px;'>13</td><td style='text-align:right;'>17.6%</td></tr><tr><td style='padding-right:8px;'>write-in:</td><td style='text-align:right;padding-right:8px;'>37</td><td style='text-align:right;'>50.0%</td></tr></table></div>" }, "geometry": { "type": "Point", "coordinates": [ -87.906358109138864, 42.976067119787075 ] } },
{ "type": "Feature", "properties": { "ward": "City of Milwaukee Ward 314", "candidate": "David Liners", "votes": 24.0, "color": "#377EB8", "popup": "<div><strong>City of Milwaukee Ward 314</strong><div><strong>Representative to the Assembly, District 21</strong><table style='border-collapse:collapse;margin-top:4px;'><tr><th></th><th style='text-align:right;padding-right:8px;'>Votes</th><th style='text-align:right;'>Percent</th></tr><tr><td style='padding-right:8px;'>Daniel J. Bukiewicz</td><td style='text-align:right;padding-right:8px;'>49</td><td style='text-align:right;'>18.8%</td></tr><tr><td style='padding-right:8px;'>David Liners</td><td style='text-align:right;padding-right:8px;'>24</td><td style='text-align:right;'>9.2%</td></tr><tr><td style='padding-right:8px;'>write-in:</td><td style='text-align:right;padding-right:8px;'>187</td><td style='text-align:right;'>71.9%</td></tr></table></div>" }, "geometry": { "type": "Point", "coordinates": [ -87.93532908236331, 42.926642672680202 ] } },
{ "type": "Feature", "properties": { "ward": "C. Oak Creek Ward 5", "candidate": "write-in:", "votes": 25.0, "color": "#4DAF4A", "popup": "<div><strong>C. Oak Creek Ward 5</strong><div><strong>Representative to the Assembly, District 21</strong><table style='border-collapse:collapse;margin-top:4px;'><tr><th></th><th style='text-align:right;padding-right:8px;'>Votes</th><th style='text-align:right;'>Percent</th></tr><tr><td style='padding-right:8px;'>Daniel J. Bukiewicz</td><td style='text-align:right;padding-right:8px;'>46</td><td style='text-align:right;'>57.5%</td></tr><tr><td style='padding-right:8px;'>David Liners</td><td style='text-align:right;padding-right:8px;'>9</td><td style='text-align:right;'>11.2%</td></tr><tr><td style='padding-right:8px;'>write-in:</td><td style='text-align:right;padding-right:8px;'>25</td><td style='text-align:right;'>31.2%</td></tr></table></div>" }, "geometry": { "type": "Point", "coordinates": [ -87.942851442396375, 42.912699952895991 ] } },
{ "type": "Feature", "properties": { "ward": "C. Oak Creek Ward 8", "candidate": "Daniel J. Bukiewicz", "votes": 25.0, "color": "#E41A1C", "popup": "<div><strong>C. Oak Creek Ward 8</strong><div><strong>Representative to the Assembly, District 21</strong><table style='border-collapse:collapse;margin-top:4px;'><tr><th></th><th style='text-align:right;padding-right:8px;'>Votes</th><th style='text-align:right;'>Percent</th></tr><tr><td style='padding-right:8px;'>Daniel J. Bukiewicz</td><td style='text-align:right;padding-right:8px;'>25</td><td style='text-align:right;'>21.6%</td></tr><tr><td style='padding-right:8px;'>David Liners</td><td style='text-align:right;padding-right:8px;'>14</td><td style='text-align:right;'>12.1%</td></tr><tr><td style='padding-right:8px;'>write-in:</td><td style='text-align:right;padding-right:8px;'>77</td><td style='text-align:right;'>66.4%</td></tr></table></div>" }, "geometry": { "type": "Point", "coordinates": [ -87.866662183033824, 42.864336257943407 ] } },
{ "type": "Feature", "properties": { "ward": "C. Oak Creek Ward 13", "candidate": "Daniel J. Bukiewicz", "votes": 25.0, "color": "#E41A1C", "popup": "<div><strong>C. Oak Creek Ward 13</strong><div><strong>Representative to the Assembly, District 21</strong><table style='border-collapse:collapse;margin-top:4px;'><tr><th></th><th style='text-align:right;padding-right:8px;'>Votes</th><th style='text-align:right;'>Percent</th></tr><tr><td style='padding-right:8px;'>Daniel J. Bukiewicz</td><td style='text-align:right;padding-right:8px;'>25</td><td style='text-align:right;'>41.0%</td></tr><tr><td style='padding-right:8px;'>David Liners</td><td style='text-align:right;padding-right:8px;'>27</td><td style='text-align:right;'>44.3%</td></tr><tr><td style='padding-right:8px;'>write-in:</td><td style='text-align:right;padding-right:8px;'>9</td><td style='text-align:right;'>14.8%</td></tr></table></div>" }, "geometry": { "type": "Point", "coordinates": [ -87.932471625346864, 42.865149206376451 ] } },
{ "type": "Feature", "properties": { "ward": "City of Milwaukee Ward 301", "candidate": "Daniel J. Bukiewicz", "votes": 26.0, "color": "#E41A1C", "popup": "<div><strong>City of Milwaukee Ward 301</strong><div><strong>Representative to the Assembly, District 21</strong><table style='border-collapse:collapse;margin-top:4px;'><tr><th></th><th style='text-align:right;padding-right:8px;'>Votes</th><th style='text-align:right;'>Percent</th></tr><tr><td style='padding-right:8px;'>Daniel J. Bukiewicz</td><td style='text-align:right;padding-right:8px;'>26</td><td style='text-align:right;'>17.2%</td></tr><tr><td style='padding-right:8px;'>David Liners</td><td style='text-align:right;padding-right:8px;'>91</td><td style='text-align:right;'>60.3%</td></tr><tr><td style='padding-right:8px;'>write-in:</td><td style='text-align:right;padding-right:8px;'>34</td><td style='text-align:right;'>22.5%</td></tr></table></div>" }, "geometry": { "type": "Point", "coordinates": [ -87.943636440990645, 42.941209363193835 ] } },
{ "type": "Feature", "properties": { "ward": "City of Milwaukee Ward 304", "candidate": "Daniel J. Bukiewicz", "votes": 26.0, "color": "#E41A1C", "popup": "<div><strong>City of Milwaukee Ward 304</strong><div><strong>Representative to the Assembly, District 21</strong><table style='border-collapse:collapse;margin-top:4px;'><tr><th></th><th style='text-align:right;padding-right:8px;'>Votes</th><th style='text-align:right;'>Percent</th></tr><tr><td style='padding-right:8px;'>Daniel J. Bukiewicz</td><td style='text-align:right;padding-right:8px;'>26</td><td style='text-align:right;'>38.2%</td></tr><tr><td style='padding-right:8px;'>David Liners</td><td style='text-align:right;padding-right:8px;'>16</td><td style='text-align:right;'>23.5%</td></tr><tr><td style='padding-right:8px;'>write-in:</td><td style='text-align:right;padding-right:8px;'>26</td><td style='text-align:right;'>38.2%</td></tr></table></div>" }, "geometry": { "type": "Point", "coordinates": [ -87.896953622108953, 42.951462629961085 ] } },
{ "type": "Feature", "properties": { "ward": "City of Milwaukee Ward 304", "candidate": "write-in:", "votes": 26.0, "color": "#4DAF4A", "popup": "<div><strong>City of Milwaukee Ward 304</strong><div><strong>Representative to the Assembly, District 21</strong><table style='border-collapse:collapse;margin-top:4px;'><tr><th></th><th style='text-align:right;padding-right:8px;'>Votes</th><th style='text-align:right;'>Percent</th></tr><tr><td style='padding-right:8px;'>Daniel J. Bukiewicz</td><td style='text-align:right;padding-right:8px;'>26</td><td style='text-align:right;'>38.2%</td></tr><tr><td style='padding-right:8px;'>David Liners</td><td style='text-align:right;padding-right:8px;'>16</td><td style='text-align:right;'>23.5%</td></tr><tr><td style='padding-right:8px;'>write-in:</td><td style='text-align:right;padding-right:8px;'>26</td><td style='text-align:right;'>38.2%</td></tr></table></div>" }, "geometry": { "type": "Point", "coordinates": [ -87.896953622108953, 42.951462629961085 ] } },
{ "type": "Feature", "properties": { "ward": "C. Oak Creek Ward 13", "candidate": "David Liners", "votes": 27.0, "color": "#377EB8", "popup": "<div><strong>C. Oak Creek Ward 13</strong><div><strong>Representative to the Assembly, District 21</strong><table style='border-collapse:collapse;margin-top:4px;'><tr><th></th><th style='text-align:right;padding-right:8px;'>Votes</th><th style='text-align:right;'>Percent</th></tr><tr><td style='padding-right:8px;'>Daniel J. Bukiewicz</td><td style='text-align:right;padding-right:8px;'>25</td><td style='text-align:right;'>41.0%</td></tr><tr><td style='padding-right:8px;'>David Liners</td><td style='text-align:right;padding-right:8px;'>27</td><td style='text-align:right;'>44.3%</td></tr><tr><td style='padding-right:8px;'>write-in:</td><td style='text-align:right;padding-right:8px;'>9</td><td style='text-align:right;'>14.8%</td></tr></table></div>" }, "geometry": { "type": "Point", "coordinates": [ -87.932471625346864, 42.865149206376451 ] } },
{ "type": "Feature", "properties": { "ward": "C. Oak Creek Ward 18", "candidate": "David Liners", "votes": 27.0, "color": "#377EB8", "popup": "<div><strong>C. Oak Creek Ward 18</strong><div><strong>Representative to the Assembly, District 21</strong><table style='border-collapse:collapse;margin-top:4px;'><tr><th></th><th style='text-align:right;padding-right:8px;'>Votes</th><th style='text-align:right;'>Percent</th></tr><tr><td style='padding-right:8px;'>Daniel J. Bukiewicz</td><td style='text-align:right;padding-right:8px;'>16</td><td style='text-align:right;'>33.3%</td></tr><tr><td style='padding-right:8px;'>David Liners</td><td style='text-align:right;padding-right:8px;'>27</td><td style='text-align:right;'>56.2%</td></tr><tr><td style='padding-right:8px;'>write-in:</td><td style='text-align:right;padding-right:8px;'>5</td><td style='text-align:right;'>10.4%</td></tr></table></div>" }, "geometry": { "type": "Point", "coordinates": [ -87.916490694141274, 42.888405955295958 ] } },
{ "type": "Feature", "properties": { "ward": "C. Oak Creek Ward 7", "candidate": "Daniel J. Bukiewicz", "votes": 28.0, "color": "#E41A1C", "popup": "<div><strong>C. Oak Creek Ward 7</strong><div><strong>Representative to the Assembly, District 21</strong><table style='border-collapse:collapse;margin-top:4px;'><tr><th></th><th style='text-align:right;padding-right:8px;'>Votes</th><th style='text-align:right;'>Percent</th></tr><tr><td style='padding-right:8px;'>Daniel J. Bukiewicz</td><td style='text-align:right;padding-right:8px;'>28</td><td style='text-align:right;'>20.7%</td></tr><tr><td style='padding-right:8px;'>David Liners</td><td style='text-align:right;padding-right:8px;'>34</td><td style='text-align:right;'>25.2%</td></tr><tr><td style='padding-right:8px;'>write-in:</td><td style='text-align:right;padding-right:8px;'>73</td><td style='text-align:right;'>54.1%</td></tr></table></div>" }, "geometry": { "type": "Point", "coordinates": [ -87.903754659331341, 42.886021520407347 ] } },
{ "type": "Feature", "properties": { "ward": "C. Oak Creek Ward 6", "candidate": "Daniel J. Bukiewicz", "votes": 30.0, "color": "#E41A1C", "popup": "<div><strong>C. Oak Creek Ward 6</strong><div><strong>Representative to the Assembly, District 21</strong><table style='border-collapse:collapse;margin-top:4px;'><tr><th></th><th style='text-align:right;padding-right:8px;'>Votes</th><th style='text-align:right;'>Percent</th></tr><tr><td style='padding-right:8px;'>Daniel J. Bukiewicz</td><td style='text-align:right;padding-right:8px;'>30</td><td style='text-align:right;'>39.5%</td></tr><tr><td style='padding-right:8px;'>David Liners</td><td style='text-align:right;padding-right:8px;'>37</td><td style='text-align:right;'>48.7%</td></tr><tr><td style='padding-right:8px;'>write-in:</td><td style='text-align:right;padding-right:8px;'>9</td><td style='text-align:right;'>11.8%</td></tr></table></div>" }, "geometry": { "type": "Point", "coordinates": [ -87.912414267042251, 42.897490959517569 ] } },
{ "type": "Feature", "properties": { "ward": "C. Oak Creek Ward 17", "candidate": "David Liners", "votes": 31.0, "color": "#377EB8", "popup": "<div><strong>C. Oak Creek Ward 17</strong><div><strong>Representative to the Assembly, District 21</strong><table style='border-collapse:collapse;margin-top:4px;'><tr><th></th><th style='text-align:right;padding-right:8px;'>Votes</th><th style='text-align:right;'>Percent</th></tr><tr><td style='padding-right:8px;'>Daniel J. Bukiewicz</td><td style='text-align:right;padding-right:8px;'>46</td><td style='text-align:right;'>29.7%</td></tr><tr><td style='padding-right:8px;'>David Liners</td><td style='text-align:right;padding-right:8px;'>31</td><td style='text-align:right;'>20.0%</td></tr><tr><td style='padding-right:8px;'>write-in:</td><td style='text-align:right;padding-right:8px;'>78</td><td style='text-align:right;'>50.3%</td></tr></table></div>" }, "geometry": { "type": "Point", "coordinates": [ -87.924509364549976, 42.879754206133242 ] } },
{ "type": "Feature", "properties": { "ward": "C. Oak Creek Ward 3", "candidate": "write-in:", "votes": 32.0, "color": "#4DAF4A", "popup": "<div><strong>C. Oak Creek Ward 3</strong><div><strong>Representative to the Assembly, District 21</strong><table style='border-collapse:collapse;margin-top:4px;'><tr><th></th><th style='text-align:right;padding-right:8px;'>Votes</th><th style='text-align:right;'>Percent</th></tr><tr><td style='padding-right:8px;'>Daniel J. Bukiewicz</td><td style='text-align:right;padding-right:8px;'>1</td><td style='text-align:right;'>2.2%</td></tr><tr><td style='padding-right:8px;'>David Liners</td><td style='text-align:right;padding-right:8px;'>12</td><td style='text-align:right;'>26.7%</td></tr><tr><td style='padding-right:8px;'>write-in:</td><td style='text-align:right;padding-right:8px;'>32</td><td style='text-align:right;'>71.1%</td></tr></table></div>" }, "geometry": { "type": "Point", "coordinates": [ -87.896884160409286, 42.89642922702933 ] } },
{ "type": "Feature", "properties": { "ward": "C. Oak Creek Ward 15", "candidate": "Daniel J. Bukiewicz", "votes": 32.0, "color": "#E41A1C", "popup": "<div><strong>C. Oak Creek Ward 15</strong><div><strong>Representative to the Assembly, District 21</strong><table style='border-collapse:collapse;margin-top:4px;'><tr><th></th><th style='text-align:right;padding-right:8px;'>Votes</th><th style='text-align:right;'>Percent</th></tr><tr><td style='padding-right:8px;'>Daniel J. Bukiewicz</td><td style='text-align:right;padding-right:8px;'>32</td><td style='text-align:right;'>23.7%</td></tr><tr><td style='padding-right:8px;'>David Liners</td><td style='text-align:right;padding-right:8px;'>80</td><td style='text-align:right;'>59.3%</td></tr><tr><td style='padding-right:8px;'>write-in:</td><td style='text-align:right;padding-right:8px;'>23</td><td style='text-align:right;'>17.0%</td></tr></table></div>" }, "geometry": { "type": "Point", "coordinates": [ -87.87710910523974, 42.849860686907022 ] } },
{ "type": "Feature", "properties": { "ward": "City of Milwaukee Ward 352", "candidate": "write-in:", "votes": 33.0, "color": "#4DAF4A", "popup": "<div><strong>City of Milwaukee Ward 352</strong><div><strong>Representative to the Assembly, District 21</strong><table style='border-collapse:collapse;margin-top:4px;'><tr><th></th><th style='text-align:right;padding-right:8px;'>Votes</th><th style='text-align:right;'>Percent</th></tr><tr><td style='padding-right:8px;'>Daniel J. Bukiewicz</td><td style='text-align:right;padding-right:8px;'>57</td><td style='text-align:right;'>43.2%</td></tr><tr><td style='padding-right:8px;'>David Liners</td><td style='text-align:right;padding-right:8px;'>42</td><td style='text-align:right;'>31.8%</td></tr><tr><td style='padding-right:8px;'>write-in:</td><td style='text-align:right;padding-right:8px;'>33</td><td style='text-align:right;'>25.0%</td></tr></table></div>" }, "geometry": { "type": "Point", "coordinates": [ -87.928181481329943, 42.967264049638146 ] } },
{ "type": "Feature", "properties": { "ward": "City of Milwaukee Ward 300", "candidate": "write-in:", "votes": 34.0, "color": "#4DAF4A", "popup": "<div><strong>City of Milwaukee Ward 300</strong><div><strong>Representative to the Assembly, District 21</strong><table style='border-collapse:collapse;margin-top:4px;'><tr><th></th><th style='text-align:right;padding-right:8px;'>Votes</th><th style='text-align:right;'>Percent</th></tr><tr><td style='padding-right:8px;'>Daniel J. Bukiewicz</td><td style='text-align:right;padding-right:8px;'>22</td><td style='text-align:right;'>34.9%</td></tr><tr><td style='padding-right:8px;'>David Liners</td><td style='text-align:right;padding-right:8px;'>7</td><td style='text-align:right;'>11.1%</td></tr><tr><td style='padding-right:8px;'>write-in:</td><td style='text-align:right;padding-right:8px;'>34</td><td style='text-align:right;'>54.0%</td></tr></table></div>" }, "geometry": { "type": "Point", "coordinates": [ -87.958004860667415, 42.940691557495597 ] } },
{ "type": "Feature", "properties": { "ward": "City of Milwaukee Ward 301", "candidate": "write-in:", "votes": 34.0, "color": "#4DAF4A", "popup": "<div><strong>City of Milwaukee Ward 301</strong><div><strong>Representative to the Assembly, District 21</strong><table style='border-collapse:collapse;margin-top:4px;'><tr><th></th><th style='text-align:right;padding-right:8px;'>Votes</th><th style='text-align:right;'>Percent</th></tr><tr><td style='padding-right:8px;'>Daniel J. Bukiewicz</td><td style='text-align:right;padding-right:8px;'>26</td><td style='text-align:right;'>17.2%</td></tr><tr><td style='padding-right:8px;'>David Liners</td><td style='text-align:right;padding-right:8px;'>91</td><td style='text-align:right;'>60.3%</td></tr><tr><td style='padding-right:8px;'>write-in:</td><td style='text-align:right;padding-right:8px;'>34</td><td style='text-align:right;'>22.5%</td></tr></table></div>" }, "geometry": { "type": "Point", "coordinates": [ -87.943636440990645, 42.941209363193835 ] } },
{ "type": "Feature", "properties": { "ward": "C. Oak Creek Ward 1", "candidate": "Daniel J. Bukiewicz", "votes": 34.0, "color": "#E41A1C", "popup": "<div><strong>C. Oak Creek Ward 1</strong><div><strong>Representative to the Assembly, District 21</strong><table style='border-collapse:collapse;margin-top:4px;'><tr><th></th><th style='text-align:right;padding-right:8px;'>Votes</th><th style='text-align:right;'>Percent</th></tr><tr><td style='padding-right:8px;'>Daniel J. Bukiewicz</td><td style='text-align:right;padding-right:8px;'>34</td><td style='text-align:right;'>55.7%</td></tr><tr><td style='padding-right:8px;'>David Liners</td><td style='text-align:right;padding-right:8px;'>20</td><td style='text-align:right;'>32.8%</td></tr><tr><td style='padding-right:8px;'>write-in:</td><td style='text-align:right;padding-right:8px;'>7</td><td style='text-align:right;'>11.5%</td></tr></table></div>" }, "geometry": { "type": "Point", "coordinates": [ -87.923287399356951, 42.913518796630157 ] } },
{ "type": "Feature", "properties": { "ward": "C. Oak Creek Ward 7", "candidate": "David Liners", "votes": 34.0, "color": "#377EB8", "popup": "<div><strong>C. Oak Creek Ward 7</strong><div><strong>Representative to the Assembly, District 21</strong><table style='border-collapse:collapse;margin-top:4px;'><tr><th></th><th style='text-align:right;padding-right:8px;'>Votes</th><th style='text-align:right;'>Percent</th></tr><tr><td style='padding-right:8px;'>Daniel J. Bukiewicz</td><td style='text-align:right;padding-right:8px;'>28</td><td style='text-align:right;'>20.7%</td></tr><tr><td style='padding-right:8px;'>David Liners</td><td style='text-align:right;padding-right:8px;'>34</td><td style='text-align:right;'>25.2%</td></tr><tr><td style='padding-right:8px;'>write-in:</td><td style='text-align:right;padding-right:8px;'>73</td><td style='text-align:right;'>54.1%</td></tr></table></div>" }, "geometry": { "type": "Point", "coordinates": [ -87.903754659331341, 42.886021520407347 ] } },
{ "type": "Feature", "properties": { "ward": "City of Milwaukee Ward 281", "candidate": "David Liners", "votes": 35.0, "color": "#377EB8", "popup": "<div><strong>City of Milwaukee Ward 281</strong><div><strong>Representative to the Assembly, District 21</strong><table style='border-collapse:collapse;margin-top:4px;'><tr><th></th><th style='text-align:right;padding-right:8px;'>Votes</th><th style='text-align:right;'>Percent</th></tr><tr><td style='padding-right:8px;'>Daniel J. Bukiewicz</td><td style='text-align:right;padding-right:8px;'>1</td><td style='text-align:right;'>1.9%</td></tr><tr><td style='padding-right:8px;'>David Liners</td><td style='text-align:right;padding-right:8px;'>35</td><td style='text-align:right;'>66.0%</td></tr><tr><td style='padding-right:8px;'>write-in:</td><td style='text-align:right;padding-right:8px;'>17</td><td style='text-align:right;'>32.1%</td></tr></table></div>" }, "geometry": { "type": "Point", "coordinates": [ -87.914399022806009, 42.97742743653582 ] } },
{ "type": "Feature", "properties": { "ward": "C. Oak Creek Ward 11", "candidate": "Daniel J. Bukiewicz", "votes": 36.0, "color": "#E41A1C", "popup": "<div><strong>C. Oak Creek Ward 11</strong><div><strong>Representative to the Assembly, District 21</strong><table style='border-collapse:collapse;margin-top:4px;'><tr><th></th><th style='text-align:right;padding-right:8px;'>Votes</th><th style='text-align:right;'>Percent</th></tr><tr><td style='padding-right:8px;'>Daniel J. Bukiewicz</td><td style='text-align:right;padding-right:8px;'>36</td><td style='text-align:right;'>33.6%</td></tr><tr><td style='padding-right:8px;'>David Liners</td><td style='text-align:right;padding-right:8px;'>60</td><td style='text-align:right;'>56.1%</td></tr><tr><td style='padding-right:8px;'>write-in:</td><td style='text-align:right;padding-right:8px;'>11</td><td style='text-align:right;'>10.3%</td></tr></table></div>" }, "geometry": { "type": "Point", "coordinates": [ -87.842869109637931, 42.84997356526025 ] } },
{ "type": "Feature", "properties": { "ward": "City of Milwaukee Ward 282", "candidate": "write-in:", "votes": 37.0, "color": "#4DAF4A", "popup": "<div><strong>City of Milwaukee Ward 282</strong><div><strong>Representative to the Assembly, District 21</strong><table style='border-collapse:collapse;margin-top:4px;'><tr><th></th><th style='text-align:right;padding-right:8px;'>Votes</th><th style='text-align:right;'>Percent</th></tr><tr><td style='padding-right:8px;'>Daniel J. Bukiewicz</td><td style='text-align:right;padding-right:8px;'>24</td><td style='text-align:right;'>32.4%</td></tr><tr><td style='padding-right:8px;'>David Liners</td><td style='text-align:right;padding-right:8px;'>13</td><td style='text-align:right;'>17.6%</td></tr><tr><td style='padding-right:8px;'>write-in:</td><td style='text-align:right;padding-right:8px;'>37</td><td style='text-align:right;'>50.0%</td></tr></table></div>" }, "geometry": { "type": "Point", "coordinates": [ -87.906358109138864, 42.976067119787075 ] } },
{ "type": "Feature", "properties": { "ward": "City of Milwaukee Ward 293", "candidate": "Daniel J. Bukiewicz", "votes": 37.0, "color": "#E41A1C", "popup": "<div><strong>City of Milwaukee Ward 293</strong><div><strong>Representative to the Assembly, District 21</strong><table style='border-collapse:collapse;margin-top:4px;'><tr><th></th><th style='text-align:right;padding-right:8px;'>Votes</th><th style='text-align:right;'>Percent</th></tr><tr><td style='padding-right:8px;'>Daniel J. Bukiewicz</td><td style='text-align:right;padding-right:8px;'>37</td><td style='text-align:right;'>33.6%</td></tr><tr><td style='padding-right:8px;'>David Liners</td><td style='text-align:right;padding-right:8px;'>68</td><td style='text-align:right;'>61.8%</td></tr><tr><td style='padding-right:8px;'>write-in:</td><td style='text-align:right;padding-right:8px;'>5</td><td style='text-align:right;'>4.5%</td></tr></table></div>" }, "geometry": { "type": "Point", "coordinates": [ -87.914659305829801, 42.970148214411822 ] } },
{ "type": "Feature", "properties": { "ward": "City of Milwaukee Ward 302", "candidate": "David Liners", "votes": 37.0, "color": "#377EB8", "popup": "<div><strong>City of Milwaukee Ward 302</strong><div><strong>Representative to the Assembly, District 21</strong><table style='border-collapse:collapse;margin-top:4px;'><tr><th></th><th style='text-align:right;padding-right:8px;'>Votes</th><th style='text-align:right;'>Percent</th></tr><tr><td style='padding-right:8px;'>Daniel J. Bukiewicz</td><td style='text-align:right;padding-right:8px;'>1</td><td style='text-align:right;'>1.7%</td></tr><tr><td style='padding-right:8px;'>David Liners</td><td style='text-align:right;padding-right:8px;'>37</td><td style='text-align:right;'>63.8%</td></tr><tr><td style='padding-right:8px;'>write-in:</td><td style='text-align:right;padding-right:8px;'>20</td><td style='text-align:right;'>34.5%</td></tr></table></div>" }, "geometry": { "type": "Point", "coordinates": [ -87.940301251615324, 42.933945707763016 ] } },
{ "type": "Feature", "properties": { "ward": "C. Oak Creek Ward 6", "candidate": "David Liners", "votes": 37.0, "color": "#377EB8", "popup": "<div><strong>C. Oak Creek Ward 6</strong><div><strong>Representative to the Assembly, District 21</strong><table style='border-collapse:collapse;margin-top:4px;'><tr><th></th><th style='text-align:right;padding-right:8px;'>Votes</th><th style='text-align:right;'>Percent</th></tr><tr><td style='padding-right:8px;'>Daniel J. Bukiewicz</td><td style='text-align:right;padding-right:8px;'>30</td><td style='text-align:right;'>39.5%</td></tr><tr><td style='padding-right:8px;'>David Liners</td><td style='text-align:right;padding-right:8px;'>37</td><td style='text-align:right;'>48.7%</td></tr><tr><td style='padding-right:8px;'>write-in:</td><td style='text-align:right;padding-right:8px;'>9</td><td style='text-align:right;'>11.8%</td></tr></table></div>" }, "geometry": { "type": "Point", "coordinates": [ -87.912414267042251, 42.897490959517569 ] } },
{ "type": "Feature", "properties": { "ward": "City of Milwaukee Ward 290", "candidate": "write-in:", "votes": 38.0, "color": "#4DAF4A", "popup": "<div><strong>City of Milwaukee Ward 290</strong><div><strong>Representative to the Assembly, District 21</strong><table style='border-collapse:collapse;margin-top:4px;'><tr><th></th><th style='text-align:right;padding-right:8px;'>Votes</th><th style='text-align:right;'>Percent</th></tr><tr><td style='padding-right:8px;'>Daniel J. Bukiewicz</td><td style='text-align:right;padding-right:8px;'>55</td><td style='text-align:right;'>55.0%</td></tr><tr><td style='padding-right:8px;'>David Liners</td><td style='text-align:right;padding-right:8px;'>7</td><td style='text-align:right;'>7.0%</td></tr><tr><td style='padding-right:8px;'>write-in:</td><td style='text-align:right;padding-right:8px;'>38</td><td style='text-align:right;'>38.0%</td></tr></table></div>" }, "geometry": { "type": "Point", "coordinates": [ -87.897794111559293, 42.970963571059137 ] } },
{ "type": "Feature", "properties": { "ward": "City of Milwaukee Ward 303", "candidate": "Daniel J. Bukiewicz", "votes": 40.0, "color": "#E41A1C", "popup": "<div><strong>City of Milwaukee Ward 303</strong><div><strong>Representative to the Assembly, District 21</strong><table style='border-collapse:collapse;margin-top:4px;'><tr><th></th><th style='text-align:right;padding-right:8px;'>Votes</th><th style='text-align:right;'>Percent</th></tr><tr><td style='padding-right:8px;'>Daniel J. Bukiewicz</td><td style='text-align:right;padding-right:8px;'>40</td><td style='text-align:right;'>44.9%</td></tr><tr><td style='padding-right:8px;'>David Liners</td><td style='text-align:right;padding-right:8px;'>8</td><td style='text-align:right;'>9.0%</td></tr><tr><td style='padding-right:8px;'>write-in:</td><td style='text-align:right;padding-right:8px;'>41</td><td style='text-align:right;'>46.1%</td></tr></table></div>" }, "geometry": { "type": "Point", "coordinates": [ -87.919490518696207, 42.940354478183245 ] } },
{ "type": "Feature", "properties": { "ward": "City of Milwaukee Ward 303", "candidate": "write-in:", "votes": 41.0, "color": "#4DAF4A", "popup": "<div><strong>City of Milwaukee Ward 303</strong><div><strong>Representative to the Assembly, District 21</strong><table style='border-collapse:collapse;margin-top:4px;'><tr><th></th><th style='text-align:right;padding-right:8px;'>Votes</th><th style='text-align:right;'>Percent</th></tr><tr><td style='padding-right:8px;'>Daniel J. Bukiewicz</td><td style='text-align:right;padding-right:8px;'>40</td><td style='text-align:right;'>44.9%</td></tr><tr><td style='padding-right:8px;'>David Liners</td><td style='text-align:right;padding-right:8px;'>8</td><td style='text-align:right;'>9.0%</td></tr><tr><td style='padding-right:8px;'>write-in:</td><td style='text-align:right;padding-right:8px;'>41</td><td style='text-align:right;'>46.1%</td></tr></table></div>" }, "geometry": { "type": "Point", "coordinates": [ -87.919490518696207, 42.940354478183245 ] } },
{ "type": "Feature", "properties": { "ward": "City of Milwaukee Ward 291", "candidate": "Daniel J. Bukiewicz", "votes": 42.0, "color": "#E41A1C", "popup": "<div><strong>City of Milwaukee Ward 291</strong><div><strong>Representative to the Assembly, District 21</strong><table style='border-collapse:collapse;margin-top:4px;'><tr><th></th><th style='text-align:right;padding-right:8px;'>Votes</th><th style='text-align:right;'>Percent</th></tr><tr><td style='padding-right:8px;'>Daniel J. Bukiewicz</td><td style='text-align:right;padding-right:8px;'>42</td><td style='text-align:right;'>63.6%</td></tr><tr><td style='padding-right:8px;'>David Liners</td><td style='text-align:right;padding-right:8px;'>3</td><td style='text-align:right;'>4.5%</td></tr><tr><td style='padding-right:8px;'>write-in:</td><td style='text-align:right;padding-right:8px;'>21</td><td style='text-align:right;'>31.8%</td></tr></table></div>" }, "geometry": { "type": "Point", "coordinates": [ -87.906114245876083, 42.968996292060936 ] } },
{ "type": "Feature", "properties": { "ward": "City of Milwaukee Ward 352", "candidate": "David Liners", "votes": 42.0, "color": "#377EB8", "popup": "<div><strong>City of Milwaukee Ward 352</strong><div><strong>Representative to the Assembly, District 21</strong><table style='border-collapse:collapse;margin-top:4px;'><tr><th></th><th style='text-align:right;padding-right:8px;'>Votes</th><th style='text-align:right;'>Percent</th></tr><tr><td style='padding-right:8px;'>Daniel J. Bukiewicz</td><td style='text-align:right;padding-right:8px;'>57</td><td style='text-align:right;'>43.2%</td></tr><tr><td style='padding-right:8px;'>David Liners</td><td style='text-align:right;padding-right:8px;'>42</td><td style='text-align:right;'>31.8%</td></tr><tr><td style='padding-right:8px;'>write-in:</td><td style='text-align:right;padding-right:8px;'>33</td><td style='text-align:right;'>25.0%</td></tr></table></div>" }, "geometry": { "type": "Point", "coordinates": [ -87.928181481329943, 42.967264049638146 ] } },
{ "type": "Feature", "properties": { "ward": "City of Milwaukee Ward 355", "candidate": "David Liners", "votes": 42.0, "color": "#377EB8", "popup": "<div><strong>City of Milwaukee Ward 355</strong><div><strong>Representative to the Assembly, District 21</strong><table style='border-collapse:collapse;margin-top:4px;'><tr><th></th><th style='text-align:right;padding-right:8px;'>Votes</th><th style='text-align:right;'>Percent</th></tr><tr><td style='padding-right:8px;'>Daniel J. Bukiewicz</td><td style='text-align:right;padding-right:8px;'>8</td><td style='text-align:right;'>12.9%</td></tr><tr><td style='padding-right:8px;'>David Liners</td><td style='text-align:right;padding-right:8px;'>42</td><td style='text-align:right;'>67.7%</td></tr><tr><td style='padding-right:8px;'>write-in:</td><td style='text-align:right;padding-right:8px;'>12</td><td style='text-align:right;'>19.4%</td></tr></table></div>" }, "geometry": { "type": "Point", "coordinates": [ -87.901632289485306, 42.981724494217474 ] } },
{ "type": "Feature", "properties": { "ward": "C. Oak Creek Ward 14", "candidate": "David Liners", "votes": 45.0, "color": "#377EB8", "popup": "<div><strong>C. Oak Creek Ward 14</strong><div><strong>Representative to the Assembly, District 21</strong><table style='border-collapse:collapse;margin-top:4px;'><tr><th></th><th style='text-align:right;padding-right:8px;'>Votes</th><th style='text-align:right;'>Percent</th></tr><tr><td style='padding-right:8px;'>Daniel J. Bukiewicz</td><td style='text-align:right;padding-right:8px;'>22</td><td style='text-align:right;'>16.3%</td></tr><tr><td style='padding-right:8px;'>David Liners</td><td style='text-align:right;padding-right:8px;'>45</td><td style='text-align:right;'>33.3%</td></tr><tr><td style='padding-right:8px;'>write-in:</td><td style='text-align:right;padding-right:8px;'>68</td><td style='text-align:right;'>50.4%</td></tr></table></div>" }, "geometry": { "type": "Point", "coordinates": [ -87.936868313975268, 42.850630987086326 ] } },
{ "type": "Feature", "properties": { "ward": "C. Oak Creek Ward 5", "candidate": "Daniel J. Bukiewicz", "votes": 46.0, "color": "#E41A1C", "popup": "<div><strong>C. Oak Creek Ward 5</strong><div><strong>Representative to the Assembly, District 21</strong><table style='border-collapse:collapse;margin-top:4px;'><tr><th></th><th style='text-align:right;padding-right:8px;'>Votes</th><th style='text-align:right;'>Percent</th></tr><tr><td style='padding-right:8px;'>Daniel J. Bukiewicz</td><td style='text-align:right;padding-right:8px;'>46</td><td style='text-align:right;'>57.5%</td></tr><tr><td style='padding-right:8px;'>David Liners</td><td style='text-align:right;padding-right:8px;'>9</td><td style='text-align:right;'>11.2%</td></tr><tr><td style='padding-right:8px;'>write-in:</td><td style='text-align:right;padding-right:8px;'>25</td><td style='text-align:right;'>31.2%</td></tr></table></div>" }, "geometry": { "type": "Point", "coordinates": [ -87.942851442396375, 42.912699952895991 ] } },
{ "type": "Feature", "properties": { "ward": "C. Oak Creek Ward 17", "candidate": "Daniel J. Bukiewicz", "votes": 46.0, "color": "#E41A1C", "popup": "<div><strong>C. Oak Creek Ward 17</strong><div><strong>Representative to the Assembly, District 21</strong><table style='border-collapse:collapse;margin-top:4px;'><tr><th></th><th style='text-align:right;padding-right:8px;'>Votes</th><th style='text-align:right;'>Percent</th></tr><tr><td style='padding-right:8px;'>Daniel J. Bukiewicz</td><td style='text-align:right;padding-right:8px;'>46</td><td style='text-align:right;'>29.7%</td></tr><tr><td style='padding-right:8px;'>David Liners</td><td style='text-align:right;padding-right:8px;'>31</td><td style='text-align:right;'>20.0%</td></tr><tr><td style='padding-right:8px;'>write-in:</td><td style='text-align:right;padding-right:8px;'>78</td><td style='text-align:right;'>50.3%</td></tr></table></div>" }, "geometry": { "type": "Point", "coordinates": [ -87.924509364549976, 42.879754206133242 ] } },
{ "type": "Feature", "properties": { "ward": "C. Oak Creek Ward 9", "candidate": "Daniel J. Bukiewicz", "votes": 47.0, "color": "#E41A1C", "popup": "<div><strong>C. Oak Creek Ward 9</strong><div><strong>Representative to the Assembly, District 21</strong><table style='border-collapse:collapse;margin-top:4px;'><tr><th></th><th style='text-align:right;padding-right:8px;'>Votes</th><th style='text-align:right;'>Percent</th></tr><tr><td style='padding-right:8px;'>Daniel J. Bukiewicz</td><td style='text-align:right;padding-right:8px;'>47</td><td style='text-align:right;'>65.3%</td></tr><tr><td style='padding-right:8px;'>David Liners</td><td style='text-align:right;padding-right:8px;'>6</td><td style='text-align:right;'>8.3%</td></tr><tr><td style='padding-right:8px;'>write-in:</td><td style='text-align:right;padding-right:8px;'>19</td><td style='text-align:right;'>26.4%</td></tr></table></div>" }, "geometry": { "type": "Point", "coordinates": [ -87.905060065261821, 42.875607246406744 ] } },
{ "type": "Feature", "properties": { "ward": "City of Milwaukee Ward 314", "candidate": "Daniel J. Bukiewicz", "votes": 49.0, "color": "#E41A1C", "popup": "<div><strong>City of Milwaukee Ward 314</strong><div><strong>Representative to the Assembly, District 21</strong><table style='border-collapse:collapse;margin-top:4px;'><tr><th></th><th style='text-align:right;padding-right:8px;'>Votes</th><th style='text-align:right;'>Percent</th></tr><tr><td style='padding-right:8px;'>Daniel J. Bukiewicz</td><td style='text-align:right;padding-right:8px;'>49</td><td style='text-align:right;'>18.8%</td></tr><tr><td style='padding-right:8px;'>David Liners</td><td style='text-align:right;padding-right:8px;'>24</td><td style='text-align:right;'>9.2%</td></tr><tr><td style='padding-right:8px;'>write-in:</td><td style='text-align:right;padding-right:8px;'>187</td><td style='text-align:right;'>71.9%</td></tr></table></div>" }, "geometry": { "type": "Point", "coordinates": [ -87.93532908236331, 42.926642672680202 ] } },
{ "type": "Feature", "properties": { "ward": "City of Milwaukee Ward 284", "candidate": "David Liners", "votes": 51.0, "color": "#377EB8", "popup": "<div><strong>City of Milwaukee Ward 284</strong><div><strong>Representative to the Assembly, District 21</strong><table style='border-collapse:collapse;margin-top:4px;'><tr><th></th><th style='text-align:right;padding-right:8px;'>Votes</th><th style='text-align:right;'>Percent</th></tr><tr><td style='padding-right:8px;'>Daniel J. Bukiewicz</td><td style='text-align:right;padding-right:8px;'>5</td><td style='text-align:right;'>7.9%</td></tr><tr><td style='padding-right:8px;'>David Liners</td><td style='text-align:right;padding-right:8px;'>51</td><td style='text-align:right;'>81.0%</td></tr><tr><td style='padding-right:8px;'>write-in:</td><td style='text-align:right;padding-right:8px;'>7</td><td style='text-align:right;'>11.1%</td></tr></table></div>" }, "geometry": { "type": "Point", "coordinates": [ -87.897505399603645, 42.980077533623231 ] } },
{ "type": "Feature", "properties": { "ward": "City of Milwaukee Ward 290", "candidate": "Daniel J. Bukiewicz", "votes": 55.0, "color": "#E41A1C", "popup": "<div><strong>City of Milwaukee Ward 290</strong><div><strong>Representative to the Assembly, District 21</strong><table style='border-collapse:collapse;margin-top:4px;'><tr><th></th><th style='text-align:right;padding-right:8px;'>Votes</th><th style='text-align:right;'>Percent</th></tr><tr><td style='padding-right:8px;'>Daniel J. Bukiewicz</td><td style='text-align:right;padding-right:8px;'>55</td><td style='text-align:right;'>55.0%</td></tr><tr><td style='padding-right:8px;'>David Liners</td><td style='text-align:right;padding-right:8px;'>7</td><td style='text-align:right;'>7.0%</td></tr><tr><td style='padding-right:8px;'>write-in:</td><td style='text-align:right;padding-right:8px;'>38</td><td style='text-align:right;'>38.0%</td></tr></table></div>" }, "geometry": { "type": "Point", "coordinates": [ -87.897794111559293, 42.970963571059137 ] } },
{ "type": "Feature", "properties": { "ward": "City of Milwaukee Ward 352", "candidate": "Daniel J. Bukiewicz", "votes": 57.0, "color": "#E41A1C", "popup": "<div><strong>City of Milwaukee Ward 352</strong><div><strong>Representative to the Assembly, District 21</strong><table style='border-collapse:collapse;margin-top:4px;'><tr><th></th><th style='text-align:right;padding-right:8px;'>Votes</th><th style='text-align:right;'>Percent</th></tr><tr><td style='padding-right:8px;'>Daniel J. Bukiewicz</td><td style='text-align:right;padding-right:8px;'>57</td><td style='text-align:right;'>43.2%</td></tr><tr><td style='padding-right:8px;'>David Liners</td><td style='text-align:right;padding-right:8px;'>42</td><td style='text-align:right;'>31.8%</td></tr><tr><td style='padding-right:8px;'>write-in:</td><td style='text-align:right;padding-right:8px;'>33</td><td style='text-align:right;'>25.0%</td></tr></table></div>" }, "geometry": { "type": "Point", "coordinates": [ -87.928181481329943, 42.967264049638146 ] } },
{ "type": "Feature", "properties": { "ward": "C. Oak Creek Ward 11", "candidate": "David Liners", "votes": 60.0, "color": "#377EB8", "popup": "<div><strong>C. Oak Creek Ward 11</strong><div><strong>Representative to the Assembly, District 21</strong><table style='border-collapse:collapse;margin-top:4px;'><tr><th></th><th style='text-align:right;padding-right:8px;'>Votes</th><th style='text-align:right;'>Percent</th></tr><tr><td style='padding-right:8px;'>Daniel J. Bukiewicz</td><td style='text-align:right;padding-right:8px;'>36</td><td style='text-align:right;'>33.6%</td></tr><tr><td style='padding-right:8px;'>David Liners</td><td style='text-align:right;padding-right:8px;'>60</td><td style='text-align:right;'>56.1%</td></tr><tr><td style='padding-right:8px;'>write-in:</td><td style='text-align:right;padding-right:8px;'>11</td><td style='text-align:right;'>10.3%</td></tr></table></div>" }, "geometry": { "type": "Point", "coordinates": [ -87.842869109637931, 42.84997356526025 ] } },
{ "type": "Feature", "properties": { "ward": "City of Milwaukee Ward 293", "candidate": "David Liners", "votes": 68.0, "color": "#377EB8", "popup": "<div><strong>City of Milwaukee Ward 293</strong><div><strong>Representative to the Assembly, District 21</strong><table style='border-collapse:collapse;margin-top:4px;'><tr><th></th><th style='text-align:right;padding-right:8px;'>Votes</th><th style='text-align:right;'>Percent</th></tr><tr><td style='padding-right:8px;'>Daniel J. Bukiewicz</td><td style='text-align:right;padding-right:8px;'>37</td><td style='text-align:right;'>33.6%</td></tr><tr><td style='padding-right:8px;'>David Liners</td><td style='text-align:right;padding-right:8px;'>68</td><td style='text-align:right;'>61.8%</td></tr><tr><td style='padding-right:8px;'>write-in:</td><td style='text-align:right;padding-right:8px;'>5</td><td style='text-align:right;'>4.5%</td></tr></table></div>" }, "geometry": { "type": "Point", "coordinates": [ -87.914659305829801, 42.970148214411822 ] } },
{ "type": "Feature", "properties": { "ward": "C. Oak Creek Ward 14", "candidate": "write-in:", "votes": 68.0, "color": "#4DAF4A", "popup": "<div><strong>C. Oak Creek Ward 14</strong><div><strong>Representative to the Assembly, District 21</strong><table style='border-collapse:collapse;margin-top:4px;'><tr><th></th><th style='text-align:right;padding-right:8px;'>Votes</th><th style='text-align:right;'>Percent</th></tr><tr><td style='padding-right:8px;'>Daniel J. Bukiewicz</td><td style='text-align:right;padding-right:8px;'>22</td><td style='text-align:right;'>16.3%</td></tr><tr><td style='padding-right:8px;'>David Liners</td><td style='text-align:right;padding-right:8px;'>45</td><td style='text-align:right;'>33.3%</td></tr><tr><td style='padding-right:8px;'>write-in:</td><td style='text-align:right;padding-right:8px;'>68</td><td style='text-align:right;'>50.4%</td></tr></table></div>" }, "geometry": { "type": "Point", "coordinates": [ -87.936868313975268, 42.850630987086326 ] } },
{ "type": "Feature", "properties": { "ward": "C. Oak Creek Ward 10", "candidate": "Daniel J. Bukiewicz", "votes": 71.0, "color": "#E41A1C", "popup": "<div><strong>C. Oak Creek Ward 10</strong><div><strong>Representative to the Assembly, District 21</strong><table style='border-collapse:collapse;margin-top:4px;'><tr><th></th><th style='text-align:right;padding-right:8px;'>Votes</th><th style='text-align:right;'>Percent</th></tr><tr><td style='padding-right:8px;'>Daniel J. Bukiewicz</td><td style='text-align:right;padding-right:8px;'>71</td><td style='text-align:right;'>71.0%</td></tr><tr><td style='padding-right:8px;'>David Liners</td><td style='text-align:right;padding-right:8px;'>17</td><td style='text-align:right;'>17.0%</td></tr><tr><td style='padding-right:8px;'>write-in:</td><td style='text-align:right;padding-right:8px;'>12</td><td style='text-align:right;'>12.0%</td></tr></table></div>" }, "geometry": { "type": "Point", "coordinates": [ -87.86500875678793, 42.887914644451058 ] } },
{ "type": "Feature", "properties": { "ward": "C. Oak Creek Ward 7", "candidate": "write-in:", "votes": 73.0, "color": "#4DAF4A", "popup": "<div><strong>C. Oak Creek Ward 7</strong><div><strong>Representative to the Assembly, District 21</strong><table style='border-collapse:collapse;margin-top:4px;'><tr><th></th><th style='text-align:right;padding-right:8px;'>Votes</th><th style='text-align:right;'>Percent</th></tr><tr><td style='padding-right:8px;'>Daniel J. Bukiewicz</td><td style='text-align:right;padding-right:8px;'>28</td><td style='text-align:right;'>20.7%</td></tr><tr><td style='padding-right:8px;'>David Liners</td><td style='text-align:right;padding-right:8px;'>34</td><td style='text-align:right;'>25.2%</td></tr><tr><td style='padding-right:8px;'>write-in:</td><td style='text-align:right;padding-right:8px;'>73</td><td style='text-align:right;'>54.1%</td></tr></table></div>" }, "geometry": { "type": "Point", "coordinates": [ -87.903754659331341, 42.886021520407347 ] } },
{ "type": "Feature", "properties": { "ward": "C. Oak Creek Ward 16", "candidate": "Daniel J. Bukiewicz", "votes": 75.0, "color": "#E41A1C", "popup": "<div><strong>C. Oak Creek Ward 16</strong><div><strong>Representative to the Assembly, District 21</strong><table style='border-collapse:collapse;margin-top:4px;'><tr><th></th><th style='text-align:right;padding-right:8px;'>Votes</th><th style='text-align:right;'>Percent</th></tr><tr><td style='padding-right:8px;'>Daniel J. Bukiewicz</td><td style='text-align:right;padding-right:8px;'>75</td><td style='text-align:right;'>76.5%</td></tr><tr><td style='padding-right:8px;'>David Liners</td><td style='text-align:right;padding-right:8px;'>7</td><td style='text-align:right;'>7.1%</td></tr><tr><td style='padding-right:8px;'>write-in:</td><td style='text-align:right;padding-right:8px;'>16</td><td style='text-align:right;'>16.3%</td></tr></table></div>" }, "geometry": { "type": "Point", "coordinates": [ -87.94157444698844, 42.880178273300359 ] } },
{ "type": "Feature", "properties": { "ward": "C. Oak Creek Ward 8", "candidate": "write-in:", "votes": 77.0, "color": "#4DAF4A", "popup": "<div><strong>C. Oak Creek Ward 8</strong><div><strong>Representative to the Assembly, District 21</strong><table style='border-collapse:collapse;margin-top:4px;'><tr><th></th><th style='text-align:right;padding-right:8px;'>Votes</th><th style='text-align:right;'>Percent</th></tr><tr><td style='padding-right:8px;'>Daniel J. Bukiewicz</td><td style='text-align:right;padding-right:8px;'>25</td><td style='text-align:right;'>21.6%</td></tr><tr><td style='padding-right:8px;'>David Liners</td><td style='text-align:right;padding-right:8px;'>14</td><td style='text-align:right;'>12.1%</td></tr><tr><td style='padding-right:8px;'>write-in:</td><td style='text-align:right;padding-right:8px;'>77</td><td style='text-align:right;'>66.4%</td></tr></table></div>" }, "geometry": { "type": "Point", "coordinates": [ -87.866662183033824, 42.864336257943407 ] } },
{ "type": "Feature", "properties": { "ward": "C. Oak Creek Ward 17", "candidate": "write-in:", "votes": 78.0, "color": "#4DAF4A", "popup": "<div><strong>C. Oak Creek Ward 17</strong><div><strong>Representative to the Assembly, District 21</strong><table style='border-collapse:collapse;margin-top:4px;'><tr><th></th><th style='text-align:right;padding-right:8px;'>Votes</th><th style='text-align:right;'>Percent</th></tr><tr><td style='padding-right:8px;'>Daniel J. Bukiewicz</td><td style='text-align:right;padding-right:8px;'>46</td><td style='text-align:right;'>29.7%</td></tr><tr><td style='padding-right:8px;'>David Liners</td><td style='text-align:right;padding-right:8px;'>31</td><td style='text-align:right;'>20.0%</td></tr><tr><td style='padding-right:8px;'>write-in:</td><td style='text-align:right;padding-right:8px;'>78</td><td style='text-align:right;'>50.3%</td></tr></table></div>" }, "geometry": { "type": "Point", "coordinates": [ -87.924509364549976, 42.879754206133242 ] } },
{ "type": "Feature", "properties": { "ward": "C. Oak Creek Ward 15", "candidate": "David Liners", "votes": 80.0, "color": "#377EB8", "popup": "<div><strong>C. Oak Creek Ward 15</strong><div><strong>Representative to the Assembly, District 21</strong><table style='border-collapse:collapse;margin-top:4px;'><tr><th></th><th style='text-align:right;padding-right:8px;'>Votes</th><th style='text-align:right;'>Percent</th></tr><tr><td style='padding-right:8px;'>Daniel J. Bukiewicz</td><td style='text-align:right;padding-right:8px;'>32</td><td style='text-align:right;'>23.7%</td></tr><tr><td style='padding-right:8px;'>David Liners</td><td style='text-align:right;padding-right:8px;'>80</td><td style='text-align:right;'>59.3%</td></tr><tr><td style='padding-right:8px;'>write-in:</td><td style='text-align:right;padding-right:8px;'>23</td><td style='text-align:right;'>17.0%</td></tr></table></div>" }, "geometry": { "type": "Point", "coordinates": [ -87.87710910523974, 42.849860686907022 ] } },
{ "type": "Feature", "properties": { "ward": "City of Milwaukee Ward 301", "candidate": "David Liners", "votes": 91.0, "color": "#377EB8", "popup": "<div><strong>City of Milwaukee Ward 301</strong><div><strong>Representative to the Assembly, District 21</strong><table style='border-collapse:collapse;margin-top:4px;'><tr><th></th><th style='text-align:right;padding-right:8px;'>Votes</th><th style='text-align:right;'>Percent</th></tr><tr><td style='padding-right:8px;'>Daniel J. Bukiewicz</td><td style='text-align:right;padding-right:8px;'>26</td><td style='text-align:right;'>17.2%</td></tr><tr><td style='padding-right:8px;'>David Liners</td><td style='text-align:right;padding-right:8px;'>91</td><td style='text-align:right;'>60.3%</td></tr><tr><td style='padding-right:8px;'>write-in:</td><td style='text-align:right;padding-right:8px;'>34</td><td style='text-align:right;'>22.5%</td></tr></table></div>" }, "geometry": { "type": "Point", "coordinates": [ -87.943636440990645, 42.941209363193835 ] } },
{ "type": "Feature", "properties": { "ward": "City of Milwaukee Ward 314", "candidate": "write-in:", "votes": 187.0, "color": "#4DAF4A", "popup": "<div><strong>City of Milwaukee Ward 314</strong><div><strong>Representative to the Assembly, District 21</strong><table style='border-collapse:collapse;margin-top:4px;'><tr><th></th><th style='text-align:right;padding-right:8px;'>Votes</th><th style='text-align:right;'>Percent</th></tr><tr><td style='padding-right:8px;'>Daniel J. Bukiewicz</td><td style='text-align:right;padding-right:8px;'>49</td><td style='text-align:right;'>18.8%</td></tr><tr><td style='padding-right:8px;'>David Liners</td><td style='text-align:right;padding-right:8px;'>24</td><td style='text-align:right;'>9.2%</td></tr><tr><td style='padding-right:8px;'>write-in:</td><td style='text-align:right;padding-right:8px;'>187</td><td style='text-align:right;'>71.9%</td></tr></table></div>" }, "geometry": { "type": "Point", "coordinates": [ -87.93532908236331, 42.926642672680202 ] } }
]
}
