{
"type": "FeatureCollection",
"name": "wards",
"crs": { "type": "name", "properties": { "name": "urn:ogc:def:crs:OGC:1.3:CRS84" } },
"features": [
{ "type": "Feature", "properties": { "rep_unit_id": 281, "ward": "City of Milwaukee Ward 281", "county": "MILWAUKEE" }, "geometry": { "type": "Polygon", "coordinates": [ [ [ -87.9155868, 42.9823259 ], [ -87.9165711, 42.9821225 ], [ -87.9169891, 42.9820205 ], [ -87.917025099999989, 42.9820115 ], [ -87.9171371, 42.9819825 ], [ -87.9174731, 42.9818985 ], [ -87.9175861, 42.9818705 ], [ -87.9176211, 42.981863499999989 ], [ -87.9177281, 42.9818435 ], [ -87.917764, 42.9818375 ], [ -87.917898, 42.9818125 ], [ -87.918303, 42.9817385 ], [ -87.918409, 42.9817195 ], [ -87.918439, 42.9817155 ], [ -87.918596, 42.9816935 ], [ -87.91907, 42.9816285 ], [ -87.919228, 42.9816075 ], [ -87.919233, 42.9813025 ], [ -87.919238, 42.9810105 ], [ -87.919246, 42.9803885 ], [ -87.919249, 42.980163499999989 ], [ -87.91925, 42.9800845 ], [ -87.919252, 42.9799135 ], [ -87.91926, 42.9794015 ], [ -87.919264, 42.9792315 ], [ -87.9192811, 42.9781385 ], [ -87.9193311, 42.9748614 ], [ -87.9193491, 42.9737694 ], [ -87.9191051, 42.9737684 ], [ -87.9095304, 42.9737594 ], [ -87.9095274, 42.9741114 ], [ -87.9095204, 42.9751694 ], [ -87.9095184, 42.9755224 ], [ -87.9095164, 42.9757194 ], [ -87.9095134, 42.9763124 ], [ -87.9095124, 42.9765104 ], [ -87.9095104, 42.9766884 ], [ -87.9095074, 42.9772224 ], [ -87.9095064, 42.9774014 ], [ -87.9095054, 42.9774344 ], [ -87.9095054, 42.9775354 ], [ -87.9095054, 42.9775694 ], [ -87.9095044, 42.9776354 ], [ -87.9095034, 42.9778364 ], [ -87.9095034, 42.9779034 ], [ -87.9095003, 42.9781634 ], [ -87.9094993, 42.9783464 ], [ -87.9094953, 42.9789445 ], [ -87.9094943, 42.9792055 ], [ -87.9094913, 42.9795705 ], [ -87.9094843, 42.9806695 ], [ -87.909476, 42.9810302 ], [ -87.9097293, 42.9810355 ], [ -87.9104733, 42.9810365 ], [ -87.9107213, 42.9810375 ], [ -87.9109663, 42.9810375 ], [ -87.9117022, 42.9810395 ], [ -87.9119482, 42.9810405 ], [ -87.912196200000011, 42.9810405 ], [ -87.9129412, 42.9810415 ], [ -87.9131902, 42.9810425 ], [ -87.9134312, 42.9810425 ], [ -87.9141572, 42.9810435 ], [ -87.9143992, 42.9810445 ], [ -87.9146352, 42.9810445 ], [ -87.9155791, 42.9810465 ], [ -87.9155868, 42.9823259 ] ] ] } },
{ "type": "Feature", "properties": { "rep_unit_id": 282, "ward": "City of Milwaukee Ward 282", "county": "MILWAUKEE" }, "geometry": { "type": "Polygon", "coordinates": [ [ [ -87.9055894, 42.9810285 ], [ -87.9058284, 42.9810285 ], [ -87.9065464, 42.9810295 ], [ -87.9067864, 42.9810305 ], [ -87.9069584, 42.9810305 ], [ -87.9074754, 42.9810315 ], [ -87.907648400000014, 42.9810325 ], [ -87.9077853, 42.9810325 ], [ -87.9081963, 42.9810325 ], [ -87.9083343, 42.9810335 ], [ -87.9085633, 42.9810335 ], [ -87.9092523, 42.9810345 ], [ -87.909476, 42.9810302 ], [ -87.9094843, 42.9806695 ], [ -87.9094913, 42.9795705 ], [ -87.9094943, 42.9792055 ], [ -87.9094953, 42.9789445 ], [ -87.9094993, 42.9783464 ], [ -87.9095003, 42.9781634 ], [ -87.9095034, 42.9779034 ], [ -87.9095034, 42.9778364 ], [ -87.9095044, 42.9776354 ], [ -87.9095054, 42.9775694 ], [ -87.9095054, 42.9775354 ], [ -87.9095054, 42.9774344 ], [ -87.9095064, 42.9774014 ], [ -87.9095074, 42.9772224 ], [ -87.9095104, 42.9766884 ], [ -87.9095124, 42.9765104 ], [ -87.9095134, 42.9763124 ], [ -87.9095164, 42.9757194 ], [ -87.9095184, 42.9755224 ], [ -87.9095204, 42.9751694 ], [ -87.9095274, 42.9741114 ], [ -87.9095304, 42.9737594 ], [ -87.909161400000016, 42.9737584 ], [ -87.908055499999989, 42.9737554 ], [ -87.9076875, 42.9737554 ], [ -87.9072665, 42.9737544 ], [ -87.9060045, 42.9737514 ], [ -87.905584499999989, 42.9737514 ], [ -87.9052555, 42.9737504 ], [ -87.9042686, 42.9737474 ], [ -87.9039396, 42.9737473 ], [ -87.9032676, 42.9737403 ], [ -87.8995577, 42.9737313 ], [ -87.8995447, 42.9742773 ], [ -87.8995087, 42.9759174 ], [ -87.8994967, 42.9764644 ], [ -87.8994877, 42.9768324 ], [ -87.8994756, 42.9773404 ], [ -87.8994626, 42.9779394 ], [ -87.8994556, 42.9783084 ], [ -87.8996916, 42.9783094 ], [ -87.9004006, 42.9783144 ], [ -87.9006376, 42.9783164 ], [ -87.9006375, 42.9783209 ], [ -87.9056813, 42.9783298 ], [ -87.9055894, 42.9810285 ] ] ] } },
{ "type": "Feature", "properties": { "rep_unit_id": 284, "ward": "City of Milwaukee Ward 284", "county": "MILWAUKEE" }, "geometry": { "type": "Polygon", "coordinates": [ [ [ -87.8943809, 42.9823932 ], [ -87.8946797, 42.9823985 ], [ -87.8954537, 42.9823985 ], [ -87.8957127, 42.9823985 ], [ -87.8959567, 42.982398499999988 ], [ -87.8966886, 42.9823985 ], [ -87.8969326, 42.9823985 ], [ -87.8971786, 42.982398499999988 ], [ -87.9003275, 42.9824235 ], [ -87.900564500000016, 42.9824245 ], [ -87.9005685, 42.9821425 ], [ -87.9005805, 42.9812995 ], [ -87.9005856, 42.9810185 ], [ -87.9005956, 42.9804774 ], [ -87.9006266, 42.9788564 ], [ -87.9006375, 42.9783209 ], [ -87.9006376, 42.9783164 ], [ -87.9004006, 42.9783144 ], [ -87.8996916, 42.9783094 ], [ -87.8994556, 42.9783084 ], [ -87.8994626, 42.9779394 ], [ -87.8994756, 42.9773404 ], [ -87.8994877, 42.9768324 ], [ -87.8994967, 42.9764644 ], [ -87.8995087, 42.9759174 ], [ -87.8995447, 42.9742773 ], [ -87.8995577, 42.9737313 ], [ -87.8995277, 42.9737313 ], [ -87.899309699999989, 42.9737313 ], [ -87.8985687, 42.9737313 ], [ -87.8983217, 42.9737313 ], [ -87.8982957, 42.9737313 ], [ -87.8980538, 42.9737303 ], [ -87.8973308, 42.9737303 ], [ -87.897089799999989, 42.9737303 ], [ -87.8968378, 42.9737293 ], [ -87.8960828, 42.9737293 ], [ -87.8958318, 42.9737293 ], [ -87.8957968, 42.9737293 ], [ -87.8955458, 42.9737283 ], [ -87.8947948, 42.9737283 ], [ -87.8945449, 42.9737283 ], [ -87.8945249, 42.9737283 ], [ -87.8945208, 42.9739203 ], [ -87.894511799999989, 42.9745003 ], [ -87.8945088, 42.9746933 ], [ -87.8945058, 42.9748713 ], [ -87.8944968, 42.9754053 ], [ -87.8944938, 42.9755833 ], [ -87.8944898, 42.9757573 ], [ -87.8944818, 42.9762814 ], [ -87.8944798, 42.9764564 ], [ -87.8944718, 42.9768284 ], [ -87.8944518, 42.9779444 ], [ -87.8944448, 42.9783174 ], [ -87.8944408, 42.9785124 ], [ -87.8944298, 42.9791014 ], [ -87.8944268, 42.9792974 ], [ -87.8944168, 42.9796414 ], [ -87.8943867, 42.9812974 ], [ -87.8943809, 42.9823932 ] ] ] } },
{ "type": "Feature", "properties": { "rep_unit_id": 290, "ward": "City of Milwaukee Ward 290", "county": "MILWAUKEE" }, "geometry": { "type": "Polygon", "coordinates": [ [ [ -87.8945249, 42.9737283 ], [ -87.8945449, 42.9737283 ], [ -87.8947948, 42.9737283 ], [ -87.8955458, 42.9737283 ], [ -87.8957968, 42.9737293 ], [ -87.8958318, 42.9737293 ], [ -87.8960828, 42.9737293 ], [ -87.8968378, 42.9737293 ], [ -87.897089799999989, 42.9737303 ], [ -87.8973308, 42.9737303 ], [ -87.8980538, 42.9737303 ], [ -87.8982957, 42.9737313 ], [ -87.8983217, 42.9737313 ], [ -87.8985687, 42.9737313 ], [ -87.899309699999989, 42.9737313 ], [ -87.8995277, 42.9737313 ], [ -87.8995577, 42.9737313 ], [ -87.9032676, 42.9737403 ], [ -87.9039396, 42.9737473 ], [ -87.9042686, 42.9737474 ], [ -87.9052555, 42.9737504 ], [ -87.905584499999989, 42.9737514 ], [ -87.9055285, 42.9735624 ], [ -87.9053616, 42.9729953 ], [ -87.9053066, 42.9728073 ], [ -87.905244599999989, 42.9726253 ], [ -87.9051546, 42.9723603 ], [ -87.9050186, 42.9720983 ], [ -87.9049316, 42.9719283 ], [ -87.9048776, 42.9718673 ], [ -87.9045636, 42.9714543 ], [ -87.9045576, 42.9714463 ], [ -87.9042846, 42.9712103 ], [ -87.9040316, 42.9710273 ], [ -87.9037016, 42.9708093 ], [ -87.903097699999989, 42.9704153 ], [ -87.9025957, 42.9700883 ], [ -87.9023757, 42.9699653 ], [ -87.901718699999989, 42.9695963 ], [ -87.9014997, 42.9694743 ], [ -87.9013557, 42.9694033 ], [ -87.9009257, 42.9691923 ], [ -87.9007818, 42.9691223 ], [ -87.9005478, 42.9690023 ], [ -87.8998448, 42.9686443 ], [ -87.8996118, 42.9685252 ], [ -87.8993678, 42.9684222 ], [ -87.8986358, 42.9681142 ], [ -87.8983928, 42.9680122 ], [ -87.8983128, 42.9679782 ], [ -87.8980729, 42.9678782 ], [ -87.8979929, 42.9678452 ], [ -87.8978209, 42.9677732 ], [ -87.8973049, 42.9675572 ], [ -87.8971329, 42.9674862 ], [ -87.8968839, 42.9673812 ], [ -87.8961369, 42.9670652 ], [ -87.8958879, 42.9669612 ], [ -87.8955219, 42.9668062 ], [ -87.894688, 42.9664542 ], [ -87.894425, 42.9663422 ], [ -87.8940547, 42.9661934 ], [ -87.8940525, 42.9664579 ], [ -87.894051499999989, 42.9665816 ], [ -87.8940507, 42.9666835 ], [ -87.8940474, 42.9670828 ], [ -87.8940462, 42.9672366 ], [ -87.8940451, 42.9673655 ], [ -87.8940441, 42.9674945 ], [ -87.894043, 42.9676234 ], [ -87.894042, 42.9677524 ], [ -87.8940409, 42.9678813 ], [ -87.8940393, 42.968081 ], [ -87.8940376, 42.9682806 ], [ -87.8940366, 42.9684041 ], [ -87.8940344, 42.9686799 ], [ -87.8940334, 42.9688048 ], [ -87.8940323, 42.968942 ], [ -87.8940311, 42.9690792 ], [ -87.8940295, 42.9692789 ], [ -87.8940279, 42.9694785 ], [ -87.8940262, 42.9696782 ], [ -87.8940246, 42.9698741 ], [ -87.8940213, 42.9702771 ], [ -87.8940201, 42.970424 ], [ -87.8940163, 42.9708932 ], [ -87.8940149, 42.9710716 ], [ -87.8940083, 42.9718714 ], [ -87.8940063, 42.9721154 ], [ -87.894005, 42.9722773 ], [ -87.8940037, 42.9724409 ], [ -87.8940007, 42.9727994 ], [ -87.8939975, 42.9731954 ], [ -87.8939968, 42.9732824 ], [ -87.8945249, 42.9737283 ] ] ] } },
{ "type": "Feature", "properties": { "rep_unit_id": 291, "ward": "City of Milwaukee Ward 291", "county": "MILWAUKEE" }, "geometry": { "type": "Polygon", "coordinates": [ [ [ -87.905584499999989, 42.9737514 ], [ -87.9060045, 42.9737514 ], [ -87.9072665, 42.9737544 ], [ -87.9076875, 42.9737554 ], [ -87.908055499999989, 42.9737554 ], [ -87.909161400000016, 42.9737584 ], [ -87.9095304, 42.9737594 ], [ -87.9095314, 42.9735674 ], [ -87.9095344, 42.9729944 ], [ -87.9095364, 42.9728034 ], [ -87.9095374, 42.9726274 ], [ -87.9095404, 42.9721023 ], [ -87.9095425, 42.9719273 ], [ -87.9095445, 42.9715603 ], [ -87.9095515, 42.9704583 ], [ -87.9095545, 42.9700923 ], [ -87.9095565, 42.9697293 ], [ -87.9095635, 42.9686433 ], [ -87.9095665, 42.9682813 ], [ -87.9095745, 42.9679173 ], [ -87.9095754, 42.9669429 ], [ -87.9096085, 42.9664643 ], [ -87.9093675, 42.9664643 ], [ -87.9086456, 42.9664642 ], [ -87.9084056, 42.9664652 ], [ -87.9081596, 42.9664652 ], [ -87.9074216, 42.966465199999988 ], [ -87.9071766, 42.9664662 ], [ -87.9066856, 42.9664662 ], [ -87.9052157, 42.9664672 ], [ -87.9047257, 42.9664682 ], [ -87.9044777, 42.9664682 ], [ -87.9037367, 42.9664682 ], [ -87.9034897, 42.9664692 ], [ -87.9032187, 42.9664692 ], [ -87.902408799999989, 42.9664692 ], [ -87.9021388, 42.9664702 ], [ -87.9018908, 42.9664692 ], [ -87.901150800000011, 42.9664692 ], [ -87.9009038, 42.9664692 ], [ -87.900832799999989, 42.9664692 ], [ -87.9006488, 42.9664692 ], [ -87.8998868, 42.9664692 ], [ -87.8996938, 42.9664692 ], [ -87.8996328, 42.9664722 ], [ -87.8993878, 42.9664712 ], [ -87.898652900000016, 42.9664682 ], [ -87.8984089, 42.9664682 ], [ -87.8981519, 42.9664672 ], [ -87.8973799, 42.9664632 ], [ -87.8971239, 42.9664632 ], [ -87.8971249, 42.9666672 ], [ -87.8971309, 42.9672812 ], [ -87.8971329, 42.9674862 ], [ -87.8973049, 42.9675572 ], [ -87.8978209, 42.9677732 ], [ -87.8979929, 42.9678452 ], [ -87.8980729, 42.9678782 ], [ -87.8983128, 42.9679782 ], [ -87.8983928, 42.9680122 ], [ -87.8986358, 42.9681142 ], [ -87.8993678, 42.9684222 ], [ -87.8996118, 42.9685252 ], [ -87.8998448, 42.9686443 ], [ -87.9005478, 42.9690023 ], [ -87.9007818, 42.9691223 ], [ -87.9009257, 42.9691923 ], [ -87.9013557, 42.9694033 ], [ -87.9014997, 42.9694743 ], [ -87.901718699999989, 42.9695963 ], [ -87.9023757, 42.9699653 ], [ -87.9025957, 42.9700883 ], [ -87.903097699999989, 42.9704153 ], [ -87.9037016, 42.9708093 ], [ -87.9040316, 42.9710273 ], [ -87.9042846, 42.9712103 ], [ -87.9045576, 42.9714463 ], [ -87.9045636, 42.9714543 ], [ -87.9048776, 42.9718673 ], [ -87.9049316, 42.9719283 ], [ -87.9050186, 42.9720983 ], [ -87.9051546, 42.9723603 ], [ -87.905244599999989, 42.9726253 ], [ -87.9053066, 42.9728073 ], [ -87.9053616, 42.9729953 ], [ -87.9055285, 42.9735624 ], [ -87.905584499999989, 42.9737514 ] ] ] } },
{ "type": "Feature", "properties": { "rep_unit_id": 292, "ward": "City of Milwaukee Ward 292", "county": "MILWAUKEE" }, "geometry": { "type": "Polygon", "coordinates": [ [ [ -87.9096085, 42.9664643 ], [ -87.9098585, 42.9664673 ], [ -87.9106095, 42.9664773 ], [ -87.9108605, 42.9664813 ], [ -87.9110995, 42.9664843 ], [ -87.9118175, 42.9664933 ], [ -87.9120575, 42.9664973 ], [ -87.9122985, 42.9665003 ], [ -87.9130214, 42.9665093 ], [ -87.9132624, 42.9665133 ], [ -87.9135114, 42.9665163 ], [ -87.914260399999989, 42.9665263 ], [ -87.9145104, 42.966530299999988 ], [ -87.9147594, 42.9665333 ], [ -87.9155084, 42.9665433 ], [ -87.9157584, 42.9665473 ], [ -87.9159964, 42.9665503 ], [ -87.9167103, 42.9665593 ], [ -87.9169483, 42.9665633 ], [ -87.9193561, 42.9665904 ], [ -87.9271586, 42.9665413 ], [ -87.926556100000013, 42.959244 ], [ -87.926158199999989, 42.9592472 ], [ -87.9250362, 42.9592412 ], [ -87.9246632, 42.9592402 ], [ -87.923892200000012, 42.9592352 ], [ -87.9215813, 42.9592222 ], [ -87.9208113, 42.9592182 ], [ -87.9205393, 42.9592162 ], [ -87.9197254, 42.9592112 ], [ -87.9194544, 42.9592102 ], [ -87.9189704, 42.9592082 ], [ -87.9175184, 42.9592022 ], [ -87.917035399999989, 42.959201199999988 ], [ -87.9096537, 42.9591691 ], [ -87.9096587, 42.9597461 ], [ -87.9096546, 42.9612912 ], [ -87.9096536, 42.961807199999988 ], [ -87.9096526, 42.9619892 ], [ -87.909651599999989, 42.9625362 ], [ -87.909651599999989, 42.9627192 ], [ -87.9096496, 42.9632622 ], [ -87.9096466, 42.9644322 ], [ -87.9096456, 42.9648932 ], [ -87.9096446, 42.9654372 ], [ -87.90964360000001, 42.9656422 ], [ -87.9096435, 42.9659362 ], [ -87.9096215, 42.9662582 ], [ -87.9096085, 42.9664643 ] ] ] } },
{ "type": "Feature", "properties": { "rep_unit_id": 293, "ward": "City of Milwaukee Ward 293", "county": "MILWAUKEE" }, "geometry": { "type": "Polygon", "coordinates": [ [ [ -87.9095304, 42.9737594 ], [ -87.9191051, 42.9737684 ], [ -87.9193491, 42.9737694 ], [ -87.9208531, 42.9737684 ], [ -87.925364, 42.9737664 ], [ -87.9268689, 42.9737664 ], [ -87.9269639, 42.9735274 ], [ -87.9270729, 42.9732634 ], [ -87.9271339, 42.9730774 ], [ -87.9272169, 42.9728294 ], [ -87.9272989, 42.9724984 ], [ -87.9273649, 42.9721784 ], [ -87.9274159, 42.9717954 ], [ -87.9274469, 42.9714594 ], [ -87.9274399, 42.9709774 ], [ -87.9274339, 42.9708974 ], [ -87.927388, 42.9701614 ], [ -87.927367, 42.9698714 ], [ -87.927331, 42.9693744 ], [ -87.92732, 42.9692104 ], [ -87.927244, 42.9682283 ], [ -87.9271586, 42.9665413 ], [ -87.9193561, 42.9665904 ], [ -87.9169483, 42.9665633 ], [ -87.9167103, 42.9665593 ], [ -87.9159964, 42.9665503 ], [ -87.9157584, 42.9665473 ], [ -87.9155084, 42.9665433 ], [ -87.9147594, 42.9665333 ], [ -87.9145104, 42.966530299999988 ], [ -87.914260399999989, 42.9665263 ], [ -87.9135114, 42.9665163 ], [ -87.9132624, 42.9665133 ], [ -87.9130214, 42.9665093 ], [ -87.9122985, 42.9665003 ], [ -87.9120575, 42.9664973 ], [ -87.9118175, 42.9664933 ], [ -87.9110995, 42.9664843 ], [ -87.9108605, 42.9664813 ], [ -87.9106095, 42.9664773 ], [ -87.9098585, 42.9664673 ], [ -87.9096085, 42.9664643 ], [ -87.9095754, 42.9669429 ], [ -87.9095745, 42.9679173 ], [ -87.9095665, 42.9682813 ], [ -87.9095635, 42.9686433 ], [ -87.9095565, 42.9697293 ], [ -87.9095545, 42.9700923 ], [ -87.9095515, 42.9704583 ], [ -87.9095445, 42.9715603 ], [ -87.9095425, 42.9719273 ], [ -87.9095404, 42.9721023 ], [ -87.9095374, 42.9726274 ], [ -87.9095364, 42.9728034 ], [ -87.9095344, 42.9729944 ], [ -87.9095314, 42.9735674 ], [ -87.9095304, 42.9737594 ] ] ] } },
{ "type": "Feature", "properties": { "rep_unit_id": 300, "ward": "City of Milwaukee Ward 300", "county": "MILWAUKEE" }, "geometry": { "type": "Polygon", "coordinates": [ [ [ -87.9580541, 42.944874 ], [ -87.9589318, 42.944875 ], [ -87.9601654, 42.9448781 ], [ -87.9601692, 42.9447272 ], [ -87.9601713, 42.9446449 ], [ -87.9601793, 42.9443294 ], [ -87.9601817, 42.9442336 ], [ -87.9601932, 42.9437809 ], [ -87.9601953, 42.9436986 ], [ -87.960197400000013, 42.9436163 ], [ -87.9602058, 42.9432862 ], [ -87.960512, 42.9432869 ], [ -87.9606133, 42.9432871 ], [ -87.960762699999989, 42.9432875 ], [ -87.9608182, 42.9432876 ], [ -87.9611245, 42.9432883 ], [ -87.9614307, 42.943289 ], [ -87.9614467, 42.943289 ], [ -87.9614501, 42.9431581 ], [ -87.9615748, 42.9431584 ], [ -87.9616569, 42.9431025 ], [ -87.9617282, 42.9431588 ], [ -87.961894199999989, 42.9432901 ], [ -87.9619934, 42.9432903 ], [ -87.9622725, 42.9430998 ], [ -87.9623487, 42.9431602 ], [ -87.9627055, 42.943161 ], [ -87.962745, 42.9431611 ], [ -87.9627416, 42.943292 ], [ -87.9631532, 42.943292899999989 ], [ -87.9633018, 42.9432933 ], [ -87.9632966, 42.9434891 ], [ -87.9632778, 42.9441861 ], [ -87.963277, 42.9442135 ], [ -87.9632711, 42.944433 ], [ -87.9632651, 42.9446524 ], [ -87.963262899999989, 42.9447347 ], [ -87.9632589, 42.9448856 ], [ -87.9637272, 42.9448868 ], [ -87.9638755, 42.944887099999988 ], [ -87.9644954, 42.9448886 ], [ -87.9644995, 42.9447377 ], [ -87.9645018, 42.9446554 ], [ -87.9645059, 42.9445033 ], [ -87.96451, 42.9443561 ], [ -87.9645138, 42.9442165 ], [ -87.9645262, 42.943764 ], [ -87.9645275, 42.9436816 ], [ -87.9645305, 42.9435993 ], [ -87.9645437, 42.9430918 ], [ -87.964544, 42.9430781 ], [ -87.9645572, 42.9425706 ], [ -87.9645576, 42.9425569 ], [ -87.9645597, 42.9424746 ], [ -87.9645608, 42.9423923 ], [ -87.964562199999989, 42.9423786 ], [ -87.9645668, 42.9422019 ], [ -87.9645718, 42.9420099 ], [ -87.9645736, 42.9419396 ], [ -87.9645767, 42.9418178 ], [ -87.9645817, 42.9416258 ], [ -87.964585, 42.9415007 ], [ -87.9645867, 42.9414338 ], [ -87.9645917, 42.9412418 ], [ -87.9645964, 42.9410618 ], [ -87.9645967, 42.9410497 ], [ -87.9646017, 42.9408577 ], [ -87.9646067, 42.9406657 ], [ -87.9646078, 42.9406229 ], [ -87.9646117, 42.9404737 ], [ -87.964616600000014, 42.9402816 ], [ -87.9646192, 42.9401839 ], [ -87.9646216, 42.9400896 ], [ -87.9646266, 42.9398976 ], [ -87.9646299, 42.9397724 ], [ -87.9646316, 42.9397056 ], [ -87.9646366, 42.9395135 ], [ -87.9646406, 42.939361 ], [ -87.9646416, 42.9393215 ], [ -87.9646466, 42.9391295 ], [ -87.9646516, 42.9389316 ], [ -87.9646539, 42.9388493 ], [ -87.9646562, 42.938767 ], [ -87.9646664, 42.9383645 ], [ -87.9643677, 42.938364 ], [ -87.9643602, 42.938364 ], [ -87.964125, 42.9383636 ], [ -87.9640479, 42.9383635 ], [ -87.9640635, 42.9377644 ], [ -87.9640646, 42.9377233 ], [ -87.9640678, 42.937641 ], [ -87.9630943, 42.9376395 ], [ -87.9619826, 42.9376377 ], [ -87.9615921, 42.9376371 ], [ -87.961218699999989, 42.9376365 ], [ -87.9603497, 42.9376352 ], [ -87.9591173, 42.9376305 ], [ -87.9578662, 42.9376316 ], [ -87.9566712, 42.93763 ], [ -87.9554762, 42.9376284 ], [ -87.9542812, 42.9376268 ], [ -87.9533049, 42.937625499999989 ], [ -87.9525634, 42.9376245 ], [ -87.9506198, 42.9376218 ], [ -87.9492381, 42.9376199 ], [ -87.9490786, 42.9436832 ], [ -87.9493774, 42.9436837 ], [ -87.9510318, 42.9436858 ], [ -87.9522434, 42.9436872 ], [ -87.9530053, 42.9436882 ], [ -87.953677700000014, 42.943689 ], [ -87.953827, 42.9436892 ], [ -87.9539528, 42.9436894 ], [ -87.9539764, 42.9436894 ], [ -87.954018, 42.9436894 ], [ -87.9540865, 42.9436895 ], [ -87.9545843, 42.9436901 ], [ -87.9551665, 42.9436908 ], [ -87.955757300000016, 42.9436915 ], [ -87.956589799999989, 42.943692399999989 ], [ -87.9568145, 42.9436927 ], [ -87.957187499999989, 42.9436931 ], [ -87.9571854, 42.9437754 ], [ -87.957174, 42.9442282 ], [ -87.9573981, 42.9442285 ], [ -87.9574456, 42.9442285 ], [ -87.957707, 42.9442288 ], [ -87.9577342, 42.9442288 ], [ -87.9579684, 42.9442291 ], [ -87.9580703, 42.9442292 ], [ -87.95806, 42.944640799999988 ], [ -87.9580579, 42.9447231 ], [ -87.9580541, 42.944874 ] ] ] } },
{ "type": "Feature", "properties": { "rep_unit_id": 301, "ward": "City of Milwaukee Ward 301", "county": "MILWAUKEE" }, "geometry": { "type": "Polygon", "coordinates": [ [ [ -87.9352221, 42.94478 ], [ -87.9353831, 42.944781 ], [ -87.9354171, 42.944781 ], [ -87.9356321, 42.944783 ], [ -87.9373311, 42.944792 ], [ -87.9378981, 42.944796 ], [ -87.938167, 42.944797 ], [ -87.938975, 42.944801 ], [ -87.939245, 42.944803 ], [ -87.940036, 42.944807 ], [ -87.9424109, 42.94482 ], [ -87.9432029, 42.944825 ], [ -87.9433899, 42.944826 ], [ -87.9439509, 42.944829 ], [ -87.9441389, 42.94483 ], [ -87.9464758, 42.944843 ], [ -87.9467388, 42.944846 ], [ -87.9490478, 42.9448522 ], [ -87.9490786, 42.9436832 ], [ -87.9492381, 42.9376199 ], [ -87.9488838, 42.9376119 ], [ -87.9478109, 42.937607899999989 ], [ -87.9474539, 42.9376069 ], [ -87.9468109, 42.9376039 ], [ -87.944885, 42.9375959 ], [ -87.944243, 42.9375939 ], [ -87.943262, 42.9375899 ], [ -87.9403221, 42.9375779 ], [ -87.9393421, 42.9375749 ], [ -87.9388231, 42.9375719 ], [ -87.9372672, 42.937562899999989 ], [ -87.9367492, 42.9375609 ], [ -87.9351108, 42.9375447 ], [ -87.9350189, 42.9447748 ], [ -87.9352221, 42.94478 ] ] ] } },
{ "type": "Feature", "properties": { "rep_unit_id": 302, "ward": "City of Milwaukee Ward 302", "county": "MILWAUKEE" }, "geometry": { "type": "Polygon", "coordinates": [ [ [ -87.9351108, 42.9375447 ], [ -87.9367492, 42.9375609 ], [ -87.9372672, 42.937562899999989 ], [ -87.9388231, 42.9375719 ], [ -87.9393421, 42.9375749 ], [ -87.9403221, 42.9375779 ], [ -87.943262, 42.9375899 ], [ -87.944243, 42.9375939 ], [ -87.944885, 42.9375959 ], [ -87.9468109, 42.9376039 ], [ -87.9474539, 42.9376069 ], [ -87.9478109, 42.937607899999989 ], [ -87.9488838, 42.9376119 ], [ -87.9492381, 42.9376199 ], [ -87.9492643, 42.9362607 ], [ -87.9492898, 42.9349174 ], [ -87.9492902, 42.9348985 ], [ -87.9492964, 42.9345711 ], [ -87.9493073, 42.9339975 ], [ -87.9493085, 42.9339382 ], [ -87.949333, 42.9326561 ], [ -87.9493766, 42.9303752 ], [ -87.9493764, 42.9303752 ], [ -87.9447609, 42.9303442 ], [ -87.9443802, 42.9303416 ], [ -87.9401452, 42.9303129 ], [ -87.9385373, 42.9302978 ], [ -87.9382973, 42.9302968 ], [ -87.9361733, 42.9302838 ], [ -87.9354304, 42.9302798 ], [ -87.9352114, 42.9302818 ], [ -87.9351613, 42.9320718 ], [ -87.9351233, 42.9334598 ], [ -87.9351108, 42.9375447 ] ] ] } },
{ "type": "Feature", "properties": { "rep_unit_id": 303, "ward": "City of Milwaukee Ward 303", "county": "MILWAUKEE" }, "geometry": { "type": "Polygon", "coordinates": [ [ [ -87.9096537, 42.9591691 ], [ -87.917035399999989, 42.959201199999988 ], [ -87.9175184, 42.9592022 ], [ -87.9189704, 42.9592082 ], [ -87.9194544, 42.9592102 ], [ -87.9197254, 42.9592112 ], [ -87.9205393, 42.9592162 ], [ -87.9208113, 42.9592182 ], [ -87.9215813, 42.9592222 ], [ -87.923892200000012, 42.9592352 ], [ -87.9246632, 42.9592402 ], [ -87.9250362, 42.9592412 ], [ -87.926158199999989, 42.9592472 ], [ -87.926556100000013, 42.959244 ], [ -87.9270671, 42.9592522 ], [ -87.9286751, 42.9592622 ], [ -87.929211099999989, 42.9592662 ], [ -87.9292161, 42.9588282 ], [ -87.9292331, 42.9575152 ], [ -87.929240100000015, 42.9570782 ], [ -87.9292481, 42.9564262 ], [ -87.9292742, 42.9544711 ], [ -87.9292832, 42.9538201 ], [ -87.9292872, 42.9534571 ], [ -87.9293012, 42.9523691 ], [ -87.9293072, 42.9520071 ], [ -87.9293152, 42.9514691 ], [ -87.9293292, 42.9505831 ], [ -87.9293392, 42.9498551 ], [ -87.9293482, 42.949317 ], [ -87.9293562, 42.948766 ], [ -87.9293813, 42.947113 ], [ -87.9293903, 42.946563 ], [ -87.9293953, 42.946201 ], [ -87.9294123, 42.945114 ], [ -87.9294183, 42.944753 ], [ -87.9294253, 42.944207 ], [ -87.9294483, 42.9425709 ], [ -87.9294574, 42.9420259 ], [ -87.9294624, 42.9417999 ], [ -87.9294794, 42.9411229 ], [ -87.9294814, 42.9410349 ], [ -87.9294834, 42.9409229 ], [ -87.9294854, 42.9406029 ], [ -87.9294924, 42.9396429 ], [ -87.9294954, 42.9393239 ], [ -87.9295004, 42.9389619 ], [ -87.9295154, 42.9378789 ], [ -87.9295214, 42.9375189 ], [ -87.9295284, 42.9370048 ], [ -87.9295505, 42.9354658 ], [ -87.9295585, 42.9349538 ], [ -87.9295675, 42.9344528 ], [ -87.9295955, 42.9329528 ], [ -87.9296045, 42.9324868 ], [ -87.9296045, 42.9324528 ], [ -87.9296135, 42.931232799999989 ], [ -87.9299396, 42.9302681 ], [ -87.9296213, 42.9302667 ], [ -87.9244652, 42.9302217 ], [ -87.9241009, 42.9302185 ], [ -87.9201632, 42.9301839 ], [ -87.9199235, 42.9301818 ], [ -87.9197768, 42.9301805 ], [ -87.9148309, 42.9301581 ], [ -87.913733, 42.9301528 ], [ -87.9116012, 42.9301431 ], [ -87.9109314, 42.9301399 ], [ -87.9101387, 42.9301362 ], [ -87.9099769, 42.9301355 ], [ -87.9098861, 42.9307347 ], [ -87.9098421, 42.9314817 ], [ -87.9098381, 42.9318397 ], [ -87.9098421, 42.9320677 ], [ -87.9098491, 42.9323997 ], [ -87.909871099999989, 42.9325597 ], [ -87.9098951, 42.9327277 ], [ -87.9099171, 42.9329647 ], [ -87.9099251, 42.9330437 ], [ -87.9099371, 42.9333327 ], [ -87.9099371, 42.9333797 ], [ -87.9099391, 42.9337017 ], [ -87.9099271, 42.9341907 ], [ -87.9099171, 42.9345997 ], [ -87.9099031, 42.9348887 ], [ -87.9098761, 42.9354598 ], [ -87.9098611, 42.9356258 ], [ -87.9098451, 42.9357578 ], [ -87.9098241, 42.9359418 ], [ -87.909811, 42.9360468 ], [ -87.909804, 42.9361018 ], [ -87.909785, 42.9362678 ], [ -87.909779, 42.9363238 ], [ -87.909733, 42.9367158 ], [ -87.909669, 42.9372738 ], [ -87.90966, 42.9374028 ], [ -87.9096447, 42.9378621 ], [ -87.9094907, 42.9402136 ], [ -87.9095375, 42.9429201 ], [ -87.9095608, 42.9433335 ], [ -87.9096944, 42.9439691 ], [ -87.9097295, 42.9443512 ], [ -87.9097219, 42.9460709 ], [ -87.9097209, 42.9464829 ], [ -87.9097209, 42.9466739 ], [ -87.9097199, 42.9468369 ], [ -87.9097189, 42.9469519 ], [ -87.9097189, 42.9471329 ], [ -87.9097179, 42.9471839 ], [ -87.9097169, 42.9472619 ], [ -87.9097159, 42.9473749 ], [ -87.9097149, 42.9475699 ], [ -87.9097149, 42.9477159 ], [ -87.9097149, 42.94783 ], [ -87.9097139, 42.947891 ], [ -87.9097138, 42.948074 ], [ -87.9097138, 42.948136 ], [ -87.9097138, 42.948155 ], [ -87.9097128, 42.948546 ], [ -87.9097098, 42.949777 ], [ -87.9097088, 42.950188 ], [ -87.9097058, 42.950535 ], [ -87.9096998, 42.951576 ], [ -87.909697799999989, 42.951924 ], [ -87.9096908, 42.95314 ], [ -87.9096767, 42.9560231 ], [ -87.9096717, 42.9567891 ], [ -87.9096667, 42.9579141 ], [ -87.9096667, 42.9580061 ], [ -87.9096647, 42.9582501 ], [ -87.909661700000015, 42.9589861 ], [ -87.9096537, 42.9591691 ] ] ] } },
{ "type": "Feature", "properties": { "rep_unit_id": 304, "ward": "City of Milwaukee Ward 304", "county": "MILWAUKEE" }, "geometry": { "type": "Polygon", "coordinates": [ [ [ -87.8971329, 42.9674862 ], [ -87.8971309, 42.9672812 ], [ -87.8971249, 42.9666672 ], [ -87.8971239, 42.9664632 ], [ -87.8973799, 42.9664632 ], [ -87.8981519, 42.9664672 ], [ -87.8984089, 42.9664682 ], [ -87.898652900000016, 42.9664682 ], [ -87.8993878, 42.9664712 ], [ -87.8996328, 42.9664722 ], [ -87.8996938, 42.9664692 ], [ -87.8998868, 42.9664692 ], [ -87.9006488, 42.9664692 ], [ -87.900832799999989, 42.9664692 ], [ -87.9009038, 42.9664692 ], [ -87.901150800000011, 42.9664692 ], [ -87.9018908, 42.9664692 ], [ -87.9021388, 42.9664702 ], [ -87.902408799999989, 42.9664692 ], [ -87.9032187, 42.9664692 ], [ -87.9034897, 42.9664692 ], [ -87.9037367, 42.9664682 ], [ -87.9044777, 42.9664682 ], [ -87.9047257, 42.9664682 ], [ -87.9052157, 42.9664672 ], [ -87.9066856, 42.9664662 ], [ -87.9071766, 42.9664662 ], [ -87.9074216, 42.966465199999988 ], [ -87.9081596, 42.9664652 ], [ -87.9084056, 42.9664652 ], [ -87.9086456, 42.9664642 ], [ -87.9093675, 42.9664643 ], [ -87.9096085, 42.9664643 ], [ -87.9096215, 42.9662582 ], [ -87.9096435, 42.9659362 ], [ -87.90964360000001, 42.9656422 ], [ -87.9096446, 42.9654372 ], [ -87.9096456, 42.9648932 ], [ -87.9096466, 42.9644322 ], [ -87.9096496, 42.9632622 ], [ -87.909651599999989, 42.9627192 ], [ -87.909651599999989, 42.9625362 ], [ -87.9096526, 42.9619892 ], [ -87.9096536, 42.961807199999988 ], [ -87.9096546, 42.9612912 ], [ -87.9096587, 42.9597461 ], [ -87.9096537, 42.9591691 ], [ -87.909661700000015, 42.9589861 ], [ -87.9096647, 42.9582501 ], [ -87.9096667, 42.9580061 ], [ -87.9096667, 42.9579141 ], [ -87.9096717, 42.9567891 ], [ -87.9096767, 42.9560231 ], [ -87.9096908, 42.95314 ], [ -87.909697799999989, 42.951924 ], [ -87.9096998, 42.951576 ], [ -87.9097058, 42.950535 ], [ -87.9097088, 42.950188 ], [ -87.9097098, 42.949777 ], [ -87.9097128, 42.948546 ], [ -87.9097138, 42.948155 ], [ -87.9097138, 42.948136 ], [ -87.9097138, 42.948074 ], [ -87.9097139, 42.947891 ], [ -87.9097149, 42.94783 ], [ -87.9097149, 42.9477159 ], [ -87.9097149, 42.9475699 ], [ -87.9097159, 42.9473749 ], [ -87.9097169, 42.9472619 ], [ -87.9097179, 42.9471839 ], [ -87.9097189, 42.9471329 ], [ -87.9097189, 42.9469519 ], [ -87.9097199, 42.9468369 ], [ -87.9097209, 42.9466739 ], [ -87.9097209, 42.9464829 ], [ -87.9097219, 42.9460709 ], [ -87.9097295, 42.9443512 ], [ -87.9096944, 42.9439691 ], [ -87.9095608, 42.9433335 ], [ -87.9095375, 42.9429201 ], [ -87.9094907, 42.9402136 ], [ -87.9096447, 42.9378621 ], [ -87.90966, 42.9374028 ], [ -87.909669, 42.9372738 ], [ -87.909733, 42.9367158 ], [ -87.909779, 42.9363238 ], [ -87.909785, 42.9362678 ], [ -87.909804, 42.9361018 ], [ -87.909811, 42.9360468 ], [ -87.9098241, 42.9359418 ], [ -87.9098451, 42.9357578 ], [ -87.9098611, 42.9356258 ], [ -87.9098761, 42.9354598 ], [ -87.9099031, 42.9348887 ], [ -87.9099171, 42.9345997 ], [ -87.9099271, 42.9341907 ], [ -87.9099391, 42.9337017 ], [ -87.9099371, 42.9333797 ], [ -87.9099371, 42.9333327 ], [ -87.9099251, 42.9330437 ], [ -87.9099171, 42.9329647 ], [ -87.9098951, 42.9327277 ], [ -87.909871099999989, 42.9325597 ], [ -87.9098491, 42.9323997 ], [ -87.9098421, 42.9320677 ], [ -87.9098381, 42.9318397 ], [ -87.9098421, 42.9314817 ], [ -87.9098861, 42.9307347 ], [ -87.9099769, 42.9301355 ], [ -87.9098784, 42.930135 ], [ -87.9002225, 42.9300795 ], [ -87.8999868, 42.9300782 ], [ -87.890317200000013, 42.930038499999988 ], [ -87.8903246, 42.9298889 ], [ -87.8903269, 42.9298384 ], [ -87.8906724, 42.922698 ], [ -87.8891092, 42.9226912 ], [ -87.8881467, 42.9282354 ], [ -87.8880354, 42.9288765 ], [ -87.8880727, 42.92888 ], [ -87.887898299999989, 42.9298846 ], [ -87.8878718, 42.930037 ], [ -87.8878306, 42.930037 ], [ -87.887815, 42.9301275 ], [ -87.8878044, 42.9301878 ], [ -87.8865574, 42.9373129 ], [ -87.8856344, 42.9422981 ], [ -87.8856994, 42.9423042 ], [ -87.8853142, 42.9444477 ], [ -87.8852891, 42.944584 ], [ -87.8853504, 42.944585 ], [ -87.8846924, 42.948202699999989 ], [ -87.884032499999989, 42.9518322 ], [ -87.884120200000012, 42.951833 ], [ -87.883263, 42.9568305 ], [ -87.883248, 42.9588952 ], [ -87.8832465, 42.959131 ], [ -87.8841373, 42.9591351 ], [ -87.8855846, 42.959142 ], [ -87.8865707, 42.9591466 ], [ -87.887259899999989, 42.9591498 ], [ -87.8896773, 42.9591611 ], [ -87.8896695, 42.9597647 ], [ -87.8896673, 42.959936 ], [ -87.889657, 42.9607316 ], [ -87.8896498, 42.9612861 ], [ -87.8896304, 42.9628011 ], [ -87.8896108, 42.9643072 ], [ -87.8940547, 42.9661934 ], [ -87.894425, 42.9663422 ], [ -87.894688, 42.9664542 ], [ -87.8955219, 42.9668062 ], [ -87.8958879, 42.9669612 ], [ -87.8961369, 42.9670652 ], [ -87.8968839, 42.9673812 ], [ -87.8971329, 42.9674862 ] ] ] } },
{ "type": "Feature", "properties": { "rep_unit_id": 313, "ward": "City of Milwaukee Ward 313", "county": "MILWAUKEE" }, "geometry": { "type": "Polygon", "coordinates": [ [ [ -87.9294183, 42.944753 ], [ -87.9296683, 42.944754 ], [ -87.9304203, 42.944758 ], [ -87.9306713, 42.94476 ], [ -87.9315502, 42.944764 ], [ -87.9341872, 42.944776 ], [ -87.9346502, 42.944777 ], [ -87.9347951, 42.944778 ], [ -87.9350189, 42.9447748 ], [ -87.9351108, 42.9375447 ], [ -87.9351233, 42.9334598 ], [ -87.9351613, 42.9320718 ], [ -87.9352114, 42.9302818 ], [ -87.9302483, 42.9302694 ], [ -87.9299396, 42.9302681 ], [ -87.9296135, 42.931232799999989 ], [ -87.9296045, 42.9324528 ], [ -87.9296045, 42.9324868 ], [ -87.9295955, 42.9329528 ], [ -87.9295675, 42.9344528 ], [ -87.9295585, 42.9349538 ], [ -87.9295505, 42.9354658 ], [ -87.9295284, 42.9370048 ], [ -87.9295214, 42.9375189 ], [ -87.9295154, 42.9378789 ], [ -87.9295004, 42.9389619 ], [ -87.9294954, 42.9393239 ], [ -87.9294924, 42.9396429 ], [ -87.9294854, 42.9406029 ], [ -87.9294834, 42.9409229 ], [ -87.9294814, 42.9410349 ], [ -87.9294794, 42.9411229 ], [ -87.9294624, 42.9417999 ], [ -87.9294574, 42.9420259 ], [ -87.9294483, 42.9425709 ], [ -87.9294253, 42.944207 ], [ -87.9294183, 42.944753 ] ] ] } },
{ "type": "Feature", "properties": { "rep_unit_id": 314, "ward": "City of Milwaukee Ward 314", "county": "MILWAUKEE" }, "geometry": { "type": "Polygon", "coordinates": [ [ [ -87.9302483, 42.9302694 ], [ -87.9352114, 42.9302818 ], [ -87.9354304, 42.9302798 ], [ -87.9361733, 42.9302838 ], [ -87.9382973, 42.9302968 ], [ -87.9385373, 42.9302978 ], [ -87.9401452, 42.9303129 ], [ -87.9401529, 42.930099 ], [ -87.9401646, 42.929778399999989 ], [ -87.9401882, 42.9291107 ], [ -87.9401902, 42.9290625 ], [ -87.9401933, 42.9289698 ], [ -87.9401964, 42.9288776 ], [ -87.9402115, 42.9284626 ], [ -87.9402353, 42.9277946 ], [ -87.9402649, 42.9269703 ], [ -87.9402813, 42.926509599999989 ], [ -87.9403002, 42.9259816 ], [ -87.9403618, 42.9242609 ], [ -87.9403844, 42.9236276 ], [ -87.9403887, 42.9235191 ], [ -87.9404925, 42.920899 ], [ -87.936244699999989, 42.9208673 ], [ -87.9353774, 42.9208612 ], [ -87.9348854, 42.9208578 ], [ -87.9348826, 42.9208578 ], [ -87.9307612, 42.9208301 ], [ -87.9305938, 42.9208274 ], [ -87.9305411, 42.922386 ], [ -87.9305321, 42.9226491 ], [ -87.9305006, 42.9235684 ], [ -87.9304915, 42.923811 ], [ -87.9304427, 42.9251141 ], [ -87.9304396, 42.9251973 ], [ -87.930438099999989, 42.9252382 ], [ -87.930425, 42.9255838 ], [ -87.9304145, 42.925856 ], [ -87.9302483, 42.9302694 ] ] ] } },
{ "type": "Feature", "properties": { "rep_unit_id": 352, "ward": "City of Milwaukee Ward 352", "county": "MILWAUKEE" }, "geometry": { "type": "Polygon", "coordinates": [ [ [ -87.9268689, 42.9737664 ], [ -87.9269129, 42.9737664 ], [ -87.9273179, 42.9737664 ], [ -87.9286649, 42.9737664 ], [ -87.9291139, 42.9737674 ], [ -87.9291202, 42.9737675 ], [ -87.9291471, 42.9701684 ], [ -87.9291552, 42.9690845 ], [ -87.9291699, 42.9670308 ], [ -87.929174, 42.966542 ], [ -87.9291741, 42.9665344 ], [ -87.929168, 42.9665343 ], [ -87.9271586, 42.9665413 ], [ -87.927244, 42.9682283 ], [ -87.92732, 42.9692104 ], [ -87.927331, 42.9693744 ], [ -87.927367, 42.9698714 ], [ -87.927388, 42.9701614 ], [ -87.9274339, 42.9708974 ], [ -87.9274399, 42.9709774 ], [ -87.9274469, 42.9714594 ], [ -87.9274159, 42.9717954 ], [ -87.9273649, 42.9721784 ], [ -87.9272989, 42.9724984 ], [ -87.9272169, 42.9728294 ], [ -87.9271339, 42.9730774 ], [ -87.9270729, 42.9732634 ], [ -87.9269639, 42.9735274 ], [ -87.9268689, 42.9737664 ] ] ] } },
{ "type": "Feature", "properties": { "rep_unit_id": 355, "ward": "City of Milwaukee Ward 355", "county": "MILWAUKEE" }, "geometry": { "type": "Polygon", "coordinates": [ [ [ -87.900564500000016, 42.9824245 ], [ -87.9007985, 42.9824245 ], [ -87.9015035, 42.9824275 ], [ -87.9017385, 42.9824285 ], [ -87.9019735, 42.9824285 ], [ -87.9026815, 42.9824305 ], [ -87.9029133, 42.9824315 ], [ -87.9029255, 42.9810235 ], [ -87.9026935, 42.9810225 ], [ -87.9019985, 42.9810215 ], [ -87.9017675, 42.9810215 ], [ -87.9015305, 42.9810205 ], [ -87.9008215, 42.9810185 ], [ -87.9005856, 42.9810185 ], [ -87.9005805, 42.9812995 ], [ -87.9005685, 42.9821425 ], [ -87.900564500000016, 42.9824245 ] ] ] } },
{ "type": "Feature", "properties": { "rep_unit_id": 422, "ward": "City of Greenfield Ward 25", "county": "MILWAUKEE" }, "geometry": { "type": "Polygon", "coordinates": [ [ [ -87.9492381, 42.9376199 ], [ -87.9506198, 42.9376218 ], [ -87.9525634, 42.9376245 ], [ -87.9533049, 42.937625499999989 ], [ -87.9542812, 42.9376268 ], [ -87.9554762, 42.9376284 ], [ -87.9566712, 42.93763 ], [ -87.9578662, 42.9376316 ], [ -87.9591173, 42.9376305 ], [ -87.9603497, 42.9376352 ], [ -87.961218699999989, 42.9376365 ], [ -87.9615921, 42.9376371 ], [ -87.9619826, 42.9376377 ], [ -87.9630943, 42.9376395 ], [ -87.9630956, 42.937516 ], [ -87.9630922, 42.9374435 ], [ -87.9630813, 42.9373714 ], [ -87.9630632, 42.9373002 ], [ -87.963037700000015, 42.9372301 ], [ -87.9630052, 42.9371616 ], [ -87.9629657, 42.9370952 ], [ -87.9627547, 42.936775 ], [ -87.9623767, 42.9362015 ], [ -87.962333199999989, 42.9361297 ], [ -87.9622965, 42.936056099999988 ], [ -87.9622665, 42.9359807 ], [ -87.9622435, 42.9359041 ], [ -87.9622276, 42.9358265 ], [ -87.9622189, 42.9357482 ], [ -87.9622173, 42.9356698 ], [ -87.9622195, 42.9355875 ], [ -87.9622468, 42.9345999 ], [ -87.9622945, 42.9328717 ], [ -87.9622999, 42.9328173 ], [ -87.962313, 42.9327635 ], [ -87.9623336, 42.9327111 ], [ -87.9623616, 42.9326606 ], [ -87.9623967, 42.9326125 ], [ -87.9624384, 42.9325673 ], [ -87.9624863, 42.9325256 ], [ -87.9627274, 42.9323367 ], [ -87.9627597, 42.9323114 ], [ -87.96283, 42.9322612 ], [ -87.962906300000014, 42.932216 ], [ -87.962988, 42.9321763 ], [ -87.9630744, 42.9321423 ], [ -87.9631647, 42.9321144 ], [ -87.9632581, 42.9320927 ], [ -87.9633539, 42.9320775 ], [ -87.9634512, 42.932069 ], [ -87.9635492, 42.9320671 ], [ -87.9636611, 42.9320687 ], [ -87.9636826, 42.9312888 ], [ -87.9637071, 42.9303971 ], [ -87.9634755, 42.9303973 ], [ -87.9633177, 42.9303974 ], [ -87.96113170000001, 42.9303991 ], [ -87.9596349, 42.9304002 ], [ -87.95929120000001, 42.9304004 ], [ -87.9592352, 42.9304002 ], [ -87.9576171, 42.9303962 ], [ -87.956323, 42.930393 ], [ -87.954045800000017, 42.9303872 ], [ -87.953876799999989, 42.9303867 ], [ -87.9537274, 42.9303863 ], [ -87.9493766, 42.9303752 ], [ -87.949333, 42.9326561 ], [ -87.9493085, 42.9339382 ], [ -87.9493073, 42.9339975 ], [ -87.9492964, 42.9345711 ], [ -87.9492902, 42.9348985 ], [ -87.9492898, 42.9349174 ], [ -87.9492643, 42.9362607 ], [ -87.9492381, 42.9376199 ] ] ] } },
{ "type": "Feature", "properties": { "rep_unit_id": 427, "ward": "C. Oak Creek Ward 1", "county": "MILWAUKEE" }, "geometry": { "type": "Polygon", "coordinates": [ [ [ -87.8813424, 42.9300354 ], [ -87.8813483, 42.9300354 ], [ -87.883274700000015, 42.9300359 ], [ -87.8873936, 42.9300369 ], [ -87.8874542, 42.9300368 ], [ -87.8876195, 42.9300369 ], [ -87.8876429, 42.9300369 ], [ -87.8876662, 42.9300369 ], [ -87.8878306, 42.930037 ], [ -87.8878718, 42.930037 ], [ -87.887898299999989, 42.9298846 ], [ -87.8880727, 42.92888 ], [ -87.8880354, 42.9288765 ], [ -87.8881467, 42.9282354 ], [ -87.8891092, 42.9226912 ], [ -87.8906724, 42.922698 ], [ -87.8903269, 42.9298384 ], [ -87.8903246, 42.9298889 ], [ -87.890317200000013, 42.930038499999988 ], [ -87.8999868, 42.9300782 ], [ -87.9002225, 42.9300795 ], [ -87.9098784, 42.930135 ], [ -87.9099769, 42.9301355 ], [ -87.9101387, 42.9301362 ], [ -87.9109314, 42.9301399 ], [ -87.9116012, 42.9301431 ], [ -87.913733, 42.9301528 ], [ -87.9148309, 42.9301581 ], [ -87.9197768, 42.9301805 ], [ -87.9199235, 42.9301818 ], [ -87.9201632, 42.9301839 ], [ -87.9241009, 42.9302185 ], [ -87.9244652, 42.9302217 ], [ -87.9296213, 42.9302667 ], [ -87.9299396, 42.9302681 ], [ -87.9302483, 42.9302694 ], [ -87.9304145, 42.925856 ], [ -87.930425, 42.9255838 ], [ -87.930438099999989, 42.9252382 ], [ -87.9304396, 42.9251973 ], [ -87.9304427, 42.9251141 ], [ -87.9304915, 42.923811 ], [ -87.9305006, 42.9235684 ], [ -87.9305321, 42.9226491 ], [ -87.9305411, 42.922386 ], [ -87.9305938, 42.9208274 ], [ -87.9307612, 42.9208301 ], [ -87.9348826, 42.9208578 ], [ -87.9348854, 42.9208578 ], [ -87.9353774, 42.9208612 ], [ -87.93538, 42.920638 ], [ -87.93538, 42.920078 ], [ -87.935418, 42.918619 ], [ -87.935571, 42.916298 ], [ -87.935588, 42.915688 ], [ -87.935678, 42.912518 ], [ -87.935706, 42.911688 ], [ -87.93584, 42.907661 ], [ -87.935892, 42.906085 ], [ -87.936039, 42.901703 ], [ -87.935311, 42.901696 ], [ -87.935223, 42.901695 ], [ -87.932264, 42.901668 ], [ -87.931278, 42.901659 ], [ -87.927315, 42.90155 ], [ -87.926987, 42.901541 ], [ -87.925972, 42.901514 ], [ -87.925358, 42.901497 ], [ -87.924192, 42.901465 ], [ -87.923519, 42.901446 ], [ -87.923018, 42.901432 ], [ -87.9224595, 42.9014205 ], [ -87.922438, 42.9014201 ], [ -87.9221176, 42.9014113 ], [ -87.9220866, 42.9014104 ], [ -87.920176, 42.901351 ], [ -87.919662, 42.901336 ], [ -87.918607, 42.901304 ], [ -87.917635, 42.901275 ], [ -87.915445, 42.901211 ], [ -87.914391, 42.90118 ], [ -87.91382, 42.901163 ], [ -87.912109, 42.901112 ], [ -87.911539, 42.901095 ], [ -87.911512, 42.901648 ], [ -87.911442, 42.903101 ], [ -87.911431, 42.90331 ], [ -87.911405, 42.903864 ], [ -87.911378, 42.904407 ], [ -87.9113, 42.906036 ], [ -87.911274, 42.90658 ], [ -87.911251, 42.907046 ], [ -87.911183, 42.908444 ], [ -87.911161, 42.908911 ], [ -87.911145, 42.909232 ], [ -87.911101, 42.910196 ], [ -87.911095, 42.910342 ], [ -87.911087, 42.910518 ], [ -87.911043, 42.911443 ], [ -87.911039, 42.911533 ], [ -87.910898, 42.91458 ], [ -87.910852, 42.915596 ], [ -87.909082, 42.915578 ], [ -87.903772, 42.915526 ], [ -87.902003, 42.915509 ], [ -87.901059, 42.915499 ], [ -87.8981813, 42.9154859 ], [ -87.8975818, 42.9154824 ], [ -87.8972597, 42.9154806 ], [ -87.8960217, 42.9154735 ], [ -87.8949998, 42.9154677 ], [ -87.8926349, 42.9154542 ], [ -87.892116, 42.915449 ], [ -87.890682, 42.91544 ], [ -87.890204, 42.915438 ], [ -87.889517, 42.915435 ], [ -87.887458, 42.915427 ], [ -87.887355, 42.915427 ], [ -87.886772, 42.915424 ], [ -87.886377, 42.915422 ], [ -87.885636, 42.915419 ], [ -87.885194, 42.915417 ], [ -87.8848, 42.915416 ], [ -87.884214, 42.915413 ], [ -87.884082, 42.915412 ], [ -87.881929, 42.915403 ], [ -87.8812068, 42.9154041 ], [ -87.8812231, 42.9164192 ], [ -87.8812428, 42.918334 ], [ -87.8812474, 42.9189319 ], [ -87.8812569, 42.9203856 ], [ -87.8812713, 42.9215901 ], [ -87.8812715, 42.9216109 ], [ -87.8812748, 42.9218937 ], [ -87.8812761, 42.9219927 ], [ -87.881275699999989, 42.9220844 ], [ -87.8812768, 42.9225671 ], [ -87.8812758, 42.9226475 ], [ -87.8812765, 42.9226569 ], [ -87.8812849, 42.9235472 ], [ -87.8813077, 42.925969 ], [ -87.8813184, 42.9271719 ], [ -87.881326, 42.9280064 ], [ -87.8813267, 42.9280377 ], [ -87.8813266, 42.9280691 ], [ -87.881326500000014, 42.9281004 ], [ -87.881326, 42.928112 ], [ -87.881326, 42.9281405 ], [ -87.8813259, 42.928169 ], [ -87.8813259, 42.9281974 ], [ -87.8813249, 42.9282258 ], [ -87.8813239, 42.9282542 ], [ -87.881322, 42.9282827 ], [ -87.8813201, 42.928311 ], [ -87.8813182, 42.9283395 ], [ -87.8813349, 42.9292408 ], [ -87.8813405, 42.9298364 ], [ -87.8813424, 42.9300354 ] ] ] } },
{ "type": "Feature", "properties": { "rep_unit_id": 428, "ward": "C. Oak Creek Ward 2", "county": "MILWAUKEE" }, "geometry": { "type": "Polygon", "coordinates": [ [ [ -87.890204, 42.915438 ], [ -87.890682, 42.91544 ], [ -87.892116, 42.915449 ], [ -87.8926349, 42.9154542 ], [ -87.8949998, 42.9154677 ], [ -87.8960217, 42.9154735 ], [ -87.8972597, 42.9154806 ], [ -87.8975818, 42.9154824 ], [ -87.8981813, 42.9154859 ], [ -87.901059, 42.915499 ], [ -87.902003, 42.915509 ], [ -87.903772, 42.915526 ], [ -87.909082, 42.915578 ], [ -87.910852, 42.915596 ], [ -87.910898, 42.91458 ], [ -87.911039, 42.911533 ], [ -87.911043, 42.911443 ], [ -87.911087, 42.910518 ], [ -87.911095, 42.910342 ], [ -87.911101, 42.910196 ], [ -87.911145, 42.909232 ], [ -87.911161, 42.908911 ], [ -87.911183, 42.908444 ], [ -87.911251, 42.907046 ], [ -87.911274, 42.90658 ], [ -87.9113, 42.906036 ], [ -87.911378, 42.904407 ], [ -87.911405, 42.903864 ], [ -87.911431, 42.90331 ], [ -87.911442, 42.903101 ], [ -87.911512, 42.901648 ], [ -87.911539, 42.901095 ], [ -87.910897, 42.90109 ], [ -87.908975, 42.901075 ], [ -87.908334, 42.901071 ], [ -87.908013, 42.901068 ], [ -87.90705, 42.901061 ], [ -87.90673, 42.901059 ], [ -87.906468, 42.901056 ], [ -87.905683, 42.90105 ], [ -87.905422, 42.901049 ], [ -87.904777, 42.901044 ], [ -87.902842, 42.901029 ], [ -87.902198, 42.901025 ], [ -87.902187, 42.901248 ], [ -87.902157, 42.901917 ], [ -87.902147, 42.902141 ], [ -87.901688, 42.902138 ], [ -87.901523, 42.902137 ], [ -87.900896, 42.902136 ], [ -87.900413, 42.902187 ], [ -87.900317, 42.902189 ], [ -87.899903, 42.902202 ], [ -87.899859, 42.902202 ], [ -87.899191, 42.902196 ], [ -87.898983, 42.902195 ], [ -87.897187, 42.902175 ], [ -87.8965159, 42.9021716 ], [ -87.8965607, 42.9009718 ], [ -87.8965006, 42.9009711 ], [ -87.8960382, 42.9009662 ], [ -87.8955344, 42.900961 ], [ -87.8950306, 42.9009559 ], [ -87.8945268, 42.9009507 ], [ -87.8940606, 42.900945899999989 ], [ -87.8935056, 42.90094 ], [ -87.8927425, 42.9009321 ], [ -87.8927198, 42.9009317 ], [ -87.8925613, 42.9009302 ], [ -87.892551, 42.901382 ], [ -87.892497, 42.90175 ], [ -87.892481, 42.901862 ], [ -87.892414, 42.902518 ], [ -87.892327, 42.903172 ], [ -87.892212, 42.903899 ], [ -87.892151, 42.90421 ], [ -87.892102, 42.904463 ], [ -87.891998, 42.905025 ], [ -87.891946, 42.905369 ], [ -87.891875, 42.905855 ], [ -87.891772, 42.906399 ], [ -87.891708, 42.906742 ], [ -87.891542, 42.907756 ], [ -87.891417, 42.908482 ], [ -87.891347, 42.908895 ], [ -87.891193, 42.90979 ], [ -87.891, 42.910879 ], [ -87.89081, 42.911934 ], [ -87.890626, 42.913009 ], [ -87.890509, 42.913699 ], [ -87.890466, 42.913959 ], [ -87.890297, 42.914923 ], [ -87.890204, 42.915438 ] ] ] } },
{ "type": "Feature", "properties": { "rep_unit_id": 429, "ward": "C. Oak Creek Ward 3", "county": "MILWAUKEE" }, "geometry": { "type": "Polygon", "coordinates": [ [ [ -87.8812068, 42.9154041 ], [ -87.881929, 42.915403 ], [ -87.884082, 42.915412 ], [ -87.884214, 42.915413 ], [ -87.8848, 42.915416 ], [ -87.885194, 42.915417 ], [ -87.885636, 42.915419 ], [ -87.886377, 42.915422 ], [ -87.886772, 42.915424 ], [ -87.887355, 42.915427 ], [ -87.887458, 42.915427 ], [ -87.889517, 42.915435 ], [ -87.890204, 42.915438 ], [ -87.890297, 42.914923 ], [ -87.890466, 42.913959 ], [ -87.890509, 42.913699 ], [ -87.890626, 42.913009 ], [ -87.89081, 42.911934 ], [ -87.891, 42.910879 ], [ -87.891193, 42.90979 ], [ -87.891347, 42.908895 ], [ -87.891417, 42.908482 ], [ -87.891542, 42.907756 ], [ -87.891708, 42.906742 ], [ -87.891772, 42.906399 ], [ -87.891875, 42.905855 ], [ -87.891946, 42.905369 ], [ -87.891998, 42.905025 ], [ -87.892102, 42.904463 ], [ -87.892151, 42.90421 ], [ -87.892212, 42.903899 ], [ -87.892327, 42.903172 ], [ -87.892414, 42.902518 ], [ -87.892481, 42.901862 ], [ -87.892497, 42.90175 ], [ -87.892551, 42.901382 ], [ -87.8925613, 42.9009302 ], [ -87.8927198, 42.9009317 ], [ -87.8927425, 42.9009321 ], [ -87.8935056, 42.90094 ], [ -87.8940606, 42.900945899999989 ], [ -87.8945268, 42.9009507 ], [ -87.8950306, 42.9009559 ], [ -87.8955344, 42.900961 ], [ -87.8960382, 42.9009662 ], [ -87.8965006, 42.9009711 ], [ -87.8965607, 42.9009718 ], [ -87.8965159, 42.9021716 ], [ -87.897187, 42.902175 ], [ -87.898983, 42.902195 ], [ -87.899191, 42.902196 ], [ -87.899859, 42.902202 ], [ -87.899903, 42.902202 ], [ -87.900317, 42.902189 ], [ -87.900413, 42.902187 ], [ -87.900896, 42.902136 ], [ -87.901523, 42.902137 ], [ -87.901688, 42.902138 ], [ -87.902147, 42.902141 ], [ -87.902157, 42.901917 ], [ -87.902187, 42.901248 ], [ -87.902198, 42.901025 ], [ -87.902842, 42.901029 ], [ -87.904777, 42.901044 ], [ -87.905422, 42.901049 ], [ -87.905683, 42.90105 ], [ -87.906468, 42.901056 ], [ -87.90673, 42.901059 ], [ -87.906731, 42.900925 ], [ -87.906735, 42.900526 ], [ -87.906737, 42.900394 ], [ -87.906738, 42.900229 ], [ -87.906743, 42.899734 ], [ -87.906746, 42.89957 ], [ -87.906747, 42.899405 ], [ -87.906752, 42.898911 ], [ -87.906754, 42.898747 ], [ -87.906757, 42.898574 ], [ -87.906766, 42.898055 ], [ -87.90677, 42.897883 ], [ -87.906771, 42.897805 ], [ -87.906777, 42.89757 ], [ -87.90678, 42.897493 ], [ -87.906851, 42.89734 ], [ -87.906917, 42.897203 ], [ -87.90716, 42.896947 ], [ -87.907277, 42.896825 ], [ -87.907347, 42.896678 ], [ -87.907375, 42.896513 ], [ -87.907368, 42.896465 ], [ -87.907353, 42.896348 ], [ -87.907289, 42.896202 ], [ -87.907166, 42.896048 ], [ -87.906677, 42.895604 ], [ -87.906397, 42.895351 ], [ -87.906333, 42.895293 ], [ -87.906144, 42.895122 ], [ -87.906081, 42.895065 ], [ -87.90601, 42.894999 ], [ -87.905872, 42.89487 ], [ -87.90581, 42.89479 ], [ -87.905751, 42.894714 ], [ -87.905665, 42.894542 ], [ -87.905657, 42.894525 ], [ -87.905612, 42.894338 ], [ -87.90562, 42.893975 ], [ -87.905625, 42.893784 ], [ -87.905128499999989, 42.8937824 ], [ -87.9047486, 42.8937788 ], [ -87.9044094, 42.8937756 ], [ -87.9043681, 42.8937752 ], [ -87.904163, 42.8937732 ], [ -87.90187, 42.893748 ], [ -87.901889, 42.893362 ], [ -87.901948, 42.892205 ], [ -87.901969, 42.89182 ], [ -87.901606, 42.891809 ], [ -87.901327, 42.891802 ], [ -87.900729, 42.891784 ], [ -87.900518, 42.891786 ], [ -87.900467, 42.891787 ], [ -87.900158, 42.891823 ], [ -87.900062, 42.891641 ], [ -87.900029, 42.891578 ], [ -87.899991, 42.891446 ], [ -87.899988, 42.891434 ], [ -87.899957, 42.89135 ], [ -87.899984, 42.891233 ], [ -87.900081, 42.891076 ], [ -87.900233, 42.890944 ], [ -87.900431, 42.890847 ], [ -87.900525, 42.890748 ], [ -87.900632, 42.890624 ], [ -87.900668, 42.890516 ], [ -87.900683, 42.890474 ], [ -87.900705, 42.890139 ], [ -87.900707, 42.890106 ], [ -87.900167, 42.890095 ], [ -87.900069, 42.890094 ], [ -87.899864, 42.890082 ], [ -87.899671, 42.890045 ], [ -87.899514, 42.890011 ], [ -87.899501, 42.890008 ], [ -87.899232, 42.889877 ], [ -87.899058, 42.889614 ], [ -87.898912, 42.889318 ], [ -87.898674, 42.888835 ], [ -87.898514, 42.888492 ], [ -87.898186, 42.887786 ], [ -87.898123, 42.887626 ], [ -87.898083, 42.887457 ], [ -87.898082, 42.887448 ], [ -87.898073, 42.887071 ], [ -87.898062, 42.886934 ], [ -87.898055, 42.886844 ], [ -87.898019, 42.886525 ], [ -87.897917, 42.886436 ], [ -87.897602, 42.886432 ], [ -87.896657, 42.886423 ], [ -87.896343, 42.88642 ], [ -87.896137, 42.885976 ], [ -87.896003, 42.885685 ], [ -87.8958727, 42.8857193 ], [ -87.895518, 42.885799 ], [ -87.895375, 42.885768 ], [ -87.894953, 42.885609 ], [ -87.894904, 42.885592 ], [ -87.894659, 42.885508 ], [ -87.89443, 42.885511 ], [ -87.894227, 42.885513 ], [ -87.893618, 42.885519 ], [ -87.893522, 42.885521 ], [ -87.89342, 42.885493 ], [ -87.893349, 42.885473 ], [ -87.893268, 42.885433 ], [ -87.893206, 42.885403 ], [ -87.893125, 42.885317 ], [ -87.893053, 42.885192 ], [ -87.893043, 42.885034 ], [ -87.893034, 42.884872 ], [ -87.892887, 42.88487 ], [ -87.892447, 42.884864 ], [ -87.892301, 42.884863 ], [ -87.892285, 42.885166 ], [ -87.892238, 42.886075 ], [ -87.892223, 42.886379 ], [ -87.891992, 42.886377 ], [ -87.8913202, 42.8863766 ], [ -87.8910959, 42.8863752 ], [ -87.891179, 42.887185 ], [ -87.891251, 42.887773 ], [ -87.891258, 42.887826 ], [ -87.891338, 42.888431 ], [ -87.891414, 42.889044 ], [ -87.891493, 42.889632 ], [ -87.891555, 42.890153 ], [ -87.891646, 42.89087 ], [ -87.891761, 42.891765 ], [ -87.891813, 42.892191 ], [ -87.891841, 42.892413 ], [ -87.891924, 42.89306 ], [ -87.891997, 42.893647 ], [ -87.891908, 42.893646 ], [ -87.891553, 42.893643 ], [ -87.890224, 42.893634 ], [ -87.8873395, 42.8936173 ], [ -87.8870315, 42.8936151 ], [ -87.8862876, 42.8936099 ], [ -87.885488, 42.8936044 ], [ -87.885149, 42.893602 ], [ -87.8848092, 42.8935996 ], [ -87.8841321, 42.8935949 ], [ -87.8837803, 42.8935924 ], [ -87.8820978, 42.8935805 ], [ -87.8820621, 42.894507 ], [ -87.8819549, 42.8972587 ], [ -87.8819547, 42.8972646 ], [ -87.8818144, 42.9008681 ], [ -87.8817672, 42.9019926 ], [ -87.8817313, 42.9028702 ], [ -87.881695, 42.9037319 ], [ -87.8816944, 42.9037478 ], [ -87.8816395, 42.9050672 ], [ -87.8816287, 42.9053258 ], [ -87.8816217, 42.905503 ], [ -87.8815839, 42.9063806 ], [ -87.8815675, 42.9067738 ], [ -87.8815111, 42.908136 ], [ -87.8814681, 42.909164 ], [ -87.8813925, 42.9109756 ], [ -87.8813549, 42.911874 ], [ -87.8813181, 42.9127512 ], [ -87.881281199999989, 42.9136287 ], [ -87.8812444, 42.9145061 ], [ -87.8812068, 42.9154041 ] ] ] } },
{ "type": "Feature", "properties": { "rep_unit_id": 430, "ward": "C. Oak Creek Ward 4", "county": "MILWAUKEE" }, "geometry": { "type": "Polygon", "coordinates": [ [ [ -87.931278, 42.901659 ], [ -87.932264, 42.901668 ], [ -87.935223, 42.901695 ], [ -87.935311, 42.901696 ], [ -87.936039, 42.901703 ], [ -87.936346, 42.901705 ], [ -87.937211, 42.901714 ], [ -87.940215, 42.901741 ], [ -87.941217, 42.901751 ], [ -87.941847, 42.901754 ], [ -87.943051, 42.90176 ], [ -87.9494536, 42.9017963 ], [ -87.9500881, 42.9017995 ], [ -87.950386900000012, 42.901801 ], [ -87.9506241, 42.8945323 ], [ -87.950742, 42.8908361 ], [ -87.9507422, 42.8908315 ], [ -87.9508564, 42.8872445 ], [ -87.949378, 42.88723 ], [ -87.949159, 42.887228 ], [ -87.947849, 42.8872206 ], [ -87.947356500000012, 42.8872167 ], [ -87.946864, 42.8872127 ], [ -87.9461254, 42.8872068 ], [ -87.944155, 42.8871911 ], [ -87.9436625, 42.8871871 ], [ -87.94339, 42.887182 ], [ -87.942264, 42.887173 ], [ -87.9417119, 42.8871715 ], [ -87.940981100000016, 42.8871623 ], [ -87.9404939, 42.8871561 ], [ -87.9400066, 42.88715 ], [ -87.9395566, 42.8871443 ], [ -87.9387884, 42.8871346 ], [ -87.9383012, 42.8871284 ], [ -87.936854, 42.887106 ], [ -87.936591, 42.887103 ], [ -87.936035, 42.887097 ], [ -87.935759, 42.887093 ], [ -87.934931, 42.887082 ], [ -87.934656, 42.887079 ], [ -87.9335093, 42.8870677 ], [ -87.9330168, 42.8870615 ], [ -87.93179, 42.887043 ], [ -87.931801, 42.886778 ], [ -87.931833, 42.885985 ], [ -87.931845, 42.885721 ], [ -87.9316748, 42.8856751 ], [ -87.9312082, 42.8856648 ], [ -87.930815, 42.885652 ], [ -87.930557, 42.885645 ], [ -87.929656, 42.885616 ], [ -87.929432, 42.885609 ], [ -87.928792, 42.885601 ], [ -87.928532, 42.88562 ], [ -87.928188, 42.885671 ], [ -87.92768, 42.88584 ], [ -87.927082, 42.886065 ], [ -87.927033, 42.886095 ], [ -87.926957, 42.886144 ], [ -87.926881, 42.88628 ], [ -87.926843, 42.886422 ], [ -87.926831, 42.88693 ], [ -87.926369, 42.886919 ], [ -87.925798, 42.886907 ], [ -87.924986, 42.886888 ], [ -87.924525, 42.886878 ], [ -87.924428, 42.887169 ], [ -87.924383, 42.887257 ], [ -87.924234, 42.887477 ], [ -87.92419, 42.887588 ], [ -87.92419, 42.887764 ], [ -87.924161, 42.887852 ], [ -87.924078, 42.887984 ], [ -87.923907, 42.888204 ], [ -87.923863, 42.888292 ], [ -87.923788, 42.888402 ], [ -87.923625, 42.888733 ], [ -87.923536, 42.889019 ], [ -87.923536, 42.889129 ], [ -87.92355, 42.889173 ], [ -87.923618, 42.889261 ], [ -87.923715, 42.889343 ], [ -87.923775, 42.889431 ], [ -87.92379, 42.88947 ], [ -87.923805, 42.889822 ], [ -87.92385, 42.889916 ], [ -87.923962, 42.889981 ], [ -87.924112, 42.890025 ], [ -87.924291, 42.890047 ], [ -87.924469, 42.890036 ], [ -87.9245, 42.890025 ], [ -87.924619, 42.890025 ], [ -87.924738, 42.890047 ], [ -87.92479, 42.890074 ], [ -87.924821, 42.890107 ], [ -87.924865, 42.890173 ], [ -87.92491, 42.890272 ], [ -87.924939, 42.890305 ], [ -87.92494, 42.890327 ], [ -87.924986, 42.890393 ], [ -87.924985, 42.890415 ], [ -87.925015, 42.890448 ], [ -87.925014, 42.89047 ], [ -87.925097, 42.890591 ], [ -87.925239, 42.890751 ], [ -87.925403, 42.890987 ], [ -87.925463, 42.891163 ], [ -87.925493, 42.891218 ], [ -87.925508, 42.891284 ], [ -87.925539, 42.891339 ], [ -87.925599, 42.891581 ], [ -87.925658, 42.891713 ], [ -87.925673, 42.891779 ], [ -87.925748, 42.891917 ], [ -87.925778, 42.891999 ], [ -87.925934, 42.892208 ], [ -87.926084, 42.892313 ], [ -87.926152, 42.892379 ], [ -87.926166, 42.892412 ], [ -87.926151, 42.892494 ], [ -87.9261, 42.89256 ], [ -87.925668, 42.892891 ], [ -87.925593, 42.892957 ], [ -87.925518, 42.893045 ], [ -87.925436, 42.893111 ], [ -87.925221, 42.893199 ], [ -87.925168, 42.893288 ], [ -87.925168, 42.893398 ], [ -87.925183, 42.89342 ], [ -87.925199, 42.893574 ], [ -87.925203, 42.893589 ], [ -87.925228, 42.893662 ], [ -87.925228, 42.893728 ], [ -87.925214, 42.893772 ], [ -87.925169, 42.893838 ], [ -87.925169, 42.893882 ], [ -87.925184, 42.893926 ], [ -87.925289, 42.894102 ], [ -87.925319, 42.89419 ], [ -87.925573, 42.894619 ], [ -87.92567, 42.894762 ], [ -87.925744, 42.894839 ], [ -87.925947, 42.894971 ], [ -87.926067, 42.895027 ], [ -87.926476, 42.895218 ], [ -87.926919, 42.895439 ], [ -87.927081, 42.895553 ], [ -87.927401, 42.895983 ], [ -87.927395, 42.896037 ], [ -87.927426, 42.896081 ], [ -87.927426, 42.896103 ], [ -87.927493, 42.89618 ], [ -87.927583, 42.896246 ], [ -87.927634, 42.896306 ], [ -87.927665, 42.896367 ], [ -87.92771, 42.896422 ], [ -87.927709, 42.896444 ], [ -87.927754, 42.896532 ], [ -87.927755, 42.896774 ], [ -87.927742, 42.896825 ], [ -87.927695, 42.897016 ], [ -87.927696, 42.897082 ], [ -87.927725, 42.89717 ], [ -87.927726, 42.897324 ], [ -87.927644, 42.897434 ], [ -87.927545, 42.897474 ], [ -87.927494, 42.897495 ], [ -87.927353, 42.897578 ], [ -87.927294, 42.897666 ], [ -87.927247, 42.897861 ], [ -87.927197, 42.897914 ], [ -87.927114, 42.89804 ], [ -87.927115, 42.898062 ], [ -87.927055, 42.898172 ], [ -87.927056, 42.898194 ], [ -87.927026, 42.898238 ], [ -87.926996, 42.898326 ], [ -87.926907, 42.89848 ], [ -87.926907, 42.898503 ], [ -87.926847, 42.898591 ], [ -87.926847, 42.898613 ], [ -87.926803, 42.898679 ], [ -87.926802, 42.898701 ], [ -87.926684, 42.898921 ], [ -87.926661, 42.898987 ], [ -87.926646, 42.8991 ], [ -87.926526, 42.89919 ], [ -87.926371, 42.89928 ], [ -87.926315, 42.899313 ], [ -87.925877, 42.899549 ], [ -87.925708, 42.899636 ], [ -87.92541, 42.899788 ], [ -87.925288, 42.899851 ], [ -87.925087, 42.89998 ], [ -87.924878, 42.900131 ], [ -87.924683, 42.900291 ], [ -87.924596, 42.90037 ], [ -87.924515, 42.900446 ], [ -87.924418, 42.900557 ], [ -87.924372, 42.900617 ], [ -87.924164, 42.900889 ], [ -87.924146, 42.900906 ], [ -87.924073, 42.900982 ], [ -87.923992, 42.90104 ], [ -87.923858, 42.901104 ], [ -87.923734, 42.901137 ], [ -87.923114, 42.901166 ], [ -87.923039, 42.90117 ], [ -87.922986, 42.901263 ], [ -87.923019, 42.901329 ], [ -87.923018, 42.901432 ], [ -87.923519, 42.901446 ], [ -87.924192, 42.901465 ], [ -87.925358, 42.901497 ], [ -87.925972, 42.901514 ], [ -87.926987, 42.901541 ], [ -87.927315, 42.90155 ], [ -87.931278, 42.901659 ] ] ] } },
{ "type": "Feature", "properties": { "rep_unit_id": 431, "ward": "C. Oak Creek Ward 5", "county": "MILWAUKEE" }, "geometry": { "type": "Polygon", "coordinates": [ [ [ -87.9401452, 42.9303129 ], [ -87.9443802, 42.9303416 ], [ -87.9447609, 42.9303442 ], [ -87.9493764, 42.9303752 ], [ -87.9493769, 42.9303598 ], [ -87.9494111, 42.929505 ], [ -87.9494199, 42.9292962 ], [ -87.9494216, 42.9292463 ], [ -87.949427899999989, 42.9290872 ], [ -87.9494428, 42.9287255 ], [ -87.9494956, 42.9273963 ], [ -87.9495472, 42.9261046 ], [ -87.9496225, 42.9242448 ], [ -87.9496228, 42.9242351 ], [ -87.9496464, 42.923643 ], [ -87.9498125, 42.9190392 ], [ -87.9499077, 42.9163861 ], [ -87.9500131, 42.9132052 ], [ -87.9500257, 42.9128306 ], [ -87.9501339, 42.909537 ], [ -87.950386900000012, 42.901801 ], [ -87.9500881, 42.9017995 ], [ -87.9494536, 42.9017963 ], [ -87.943051, 42.90176 ], [ -87.941847, 42.901754 ], [ -87.941217, 42.901751 ], [ -87.940215, 42.901741 ], [ -87.937211, 42.901714 ], [ -87.936346, 42.901705 ], [ -87.936039, 42.901703 ], [ -87.935892, 42.906085 ], [ -87.93584, 42.907661 ], [ -87.935706, 42.911688 ], [ -87.935678, 42.912518 ], [ -87.935588, 42.915688 ], [ -87.935571, 42.916298 ], [ -87.935418, 42.918619 ], [ -87.93538, 42.920078 ], [ -87.93538, 42.920638 ], [ -87.9353774, 42.9208612 ], [ -87.936244699999989, 42.9208673 ], [ -87.9404925, 42.920899 ], [ -87.9403887, 42.9235191 ], [ -87.9403844, 42.9236276 ], [ -87.9403618, 42.9242609 ], [ -87.9403002, 42.9259816 ], [ -87.9402813, 42.926509599999989 ], [ -87.9402649, 42.9269703 ], [ -87.9402353, 42.9277946 ], [ -87.9402115, 42.9284626 ], [ -87.9401964, 42.9288776 ], [ -87.9401933, 42.9289698 ], [ -87.9401902, 42.9290625 ], [ -87.9401882, 42.9291107 ], [ -87.9401646, 42.929778399999989 ], [ -87.9401529, 42.930099 ], [ -87.9401452, 42.9303129 ] ] ] } },
{ "type": "Feature", "properties": { "rep_unit_id": 432, "ward": "C. Oak Creek Ward 6", "county": "MILWAUKEE" }, "geometry": { "type": "Polygon", "coordinates": [ [ [ -87.923018, 42.901432 ], [ -87.923019, 42.901329 ], [ -87.922986, 42.901263 ], [ -87.923039, 42.90117 ], [ -87.923114, 42.901166 ], [ -87.923734, 42.901137 ], [ -87.923858, 42.901104 ], [ -87.923992, 42.90104 ], [ -87.924073, 42.900982 ], [ -87.924146, 42.900906 ], [ -87.924164, 42.900889 ], [ -87.924372, 42.900617 ], [ -87.924418, 42.900557 ], [ -87.924515, 42.900446 ], [ -87.924596, 42.90037 ], [ -87.924683, 42.900291 ], [ -87.924878, 42.900131 ], [ -87.925087, 42.89998 ], [ -87.925288, 42.899851 ], [ -87.92541, 42.899788 ], [ -87.925708, 42.899636 ], [ -87.925877, 42.899549 ], [ -87.926315, 42.899313 ], [ -87.926371, 42.89928 ], [ -87.926526, 42.89919 ], [ -87.926646, 42.8991 ], [ -87.926661, 42.898987 ], [ -87.926684, 42.898921 ], [ -87.926802, 42.898701 ], [ -87.926803, 42.898679 ], [ -87.926847, 42.898613 ], [ -87.926847, 42.898591 ], [ -87.926907, 42.898503 ], [ -87.926907, 42.89848 ], [ -87.926996, 42.898326 ], [ -87.927026, 42.898238 ], [ -87.927056, 42.898194 ], [ -87.927055, 42.898172 ], [ -87.927115, 42.898062 ], [ -87.927114, 42.89804 ], [ -87.927197, 42.897914 ], [ -87.927247, 42.897861 ], [ -87.927294, 42.897666 ], [ -87.927353, 42.897578 ], [ -87.927494, 42.897495 ], [ -87.927545, 42.897474 ], [ -87.927644, 42.897434 ], [ -87.927726, 42.897324 ], [ -87.927725, 42.89717 ], [ -87.927696, 42.897082 ], [ -87.927695, 42.897016 ], [ -87.927742, 42.896825 ], [ -87.927755, 42.896774 ], [ -87.927754, 42.896532 ], [ -87.927709, 42.896444 ], [ -87.92771, 42.896422 ], [ -87.927665, 42.896367 ], [ -87.927634, 42.896306 ], [ -87.927583, 42.896246 ], [ -87.927493, 42.89618 ], [ -87.927426, 42.896103 ], [ -87.927426, 42.896081 ], [ -87.927395, 42.896037 ], [ -87.927401, 42.895983 ], [ -87.927081, 42.895553 ], [ -87.926919, 42.895439 ], [ -87.926476, 42.895218 ], [ -87.926067, 42.895027 ], [ -87.925947, 42.894971 ], [ -87.925744, 42.894839 ], [ -87.92567, 42.894762 ], [ -87.925573, 42.894619 ], [ -87.925319, 42.89419 ], [ -87.925289, 42.894102 ], [ -87.925184, 42.893926 ], [ -87.925169, 42.893882 ], [ -87.925169, 42.893838 ], [ -87.925214, 42.893772 ], [ -87.925228, 42.893728 ], [ -87.925228, 42.893662 ], [ -87.925203, 42.893589 ], [ -87.925199, 42.893574 ], [ -87.925183, 42.89342 ], [ -87.925168, 42.893398 ], [ -87.925168, 42.893288 ], [ -87.925221, 42.893199 ], [ -87.925436, 42.893111 ], [ -87.925518, 42.893045 ], [ -87.925593, 42.892957 ], [ -87.925668, 42.892891 ], [ -87.9261, 42.89256 ], [ -87.926151, 42.892494 ], [ -87.926166, 42.892412 ], [ -87.926152, 42.892379 ], [ -87.926084, 42.892313 ], [ -87.925934, 42.892208 ], [ -87.925778, 42.891999 ], [ -87.925748, 42.891917 ], [ -87.925673, 42.891779 ], [ -87.925658, 42.891713 ], [ -87.925599, 42.891581 ], [ -87.925539, 42.891339 ], [ -87.925508, 42.891284 ], [ -87.925493, 42.891218 ], [ -87.925463, 42.891163 ], [ -87.925403, 42.890987 ], [ -87.925239, 42.890751 ], [ -87.925097, 42.890591 ], [ -87.925014, 42.89047 ], [ -87.925015, 42.890448 ], [ -87.924985, 42.890415 ], [ -87.924986, 42.890393 ], [ -87.92494, 42.890327 ], [ -87.924939, 42.890305 ], [ -87.92491, 42.890272 ], [ -87.924865, 42.890173 ], [ -87.924821, 42.890107 ], [ -87.92479, 42.890074 ], [ -87.924738, 42.890047 ], [ -87.924619, 42.890025 ], [ -87.9245, 42.890025 ], [ -87.924469, 42.890036 ], [ -87.924291, 42.890047 ], [ -87.924112, 42.890025 ], [ -87.923962, 42.889981 ], [ -87.92385, 42.889916 ], [ -87.923805, 42.889822 ], [ -87.92379, 42.88947 ], [ -87.923775, 42.889431 ], [ -87.923715, 42.889343 ], [ -87.923618, 42.889261 ], [ -87.92355, 42.889173 ], [ -87.923536, 42.889129 ], [ -87.923536, 42.889019 ], [ -87.923625, 42.888733 ], [ -87.923788, 42.888402 ], [ -87.923863, 42.888292 ], [ -87.923907, 42.888204 ], [ -87.924078, 42.887984 ], [ -87.924161, 42.887852 ], [ -87.92419, 42.887764 ], [ -87.92419, 42.887588 ], [ -87.924234, 42.887477 ], [ -87.924383, 42.887257 ], [ -87.924428, 42.887169 ], [ -87.924525, 42.886878 ], [ -87.924214, 42.886871 ], [ -87.924126, 42.886869 ], [ -87.9231881, 42.8868512 ], [ -87.9230017, 42.886847 ], [ -87.922815, 42.8868427 ], [ -87.922502, 42.886832 ], [ -87.921083, 42.886799 ], [ -87.920649, 42.88679 ], [ -87.920611, 42.886789 ], [ -87.920609, 42.886996 ], [ -87.920609, 42.887081 ], [ -87.920663, 42.887431 ], [ -87.920719, 42.887604 ], [ -87.920783, 42.887802 ], [ -87.920878, 42.888096 ], [ -87.921003, 42.888482 ], [ -87.921024, 42.888737 ], [ -87.921, 42.888972 ], [ -87.92099, 42.889001 ], [ -87.920908, 42.889263 ], [ -87.920897, 42.889296 ], [ -87.920706, 42.889615 ], [ -87.920621, 42.889699 ], [ -87.919909, 42.890414 ], [ -87.919762, 42.8906 ], [ -87.919747, 42.890827 ], [ -87.919717, 42.891318 ], [ -87.91968, 42.891955 ], [ -87.919568, 42.893868 ], [ -87.919532, 42.894506 ], [ -87.918111, 42.894466 ], [ -87.917986, 42.894463 ], [ -87.915428, 42.894393 ], [ -87.915067, 42.894323 ], [ -87.914184, 42.893983 ], [ -87.913885, 42.893909 ], [ -87.913427, 42.893893 ], [ -87.911882, 42.893843 ], [ -87.9104039, 42.893832599999989 ], [ -87.9099125, 42.8938279 ], [ -87.909421, 42.8938232 ], [ -87.9089296, 42.8938186 ], [ -87.9084382, 42.8938139 ], [ -87.908154599999989, 42.893811199999988 ], [ -87.9068721, 42.893799 ], [ -87.9064922, 42.8937954 ], [ -87.905625, 42.893784 ], [ -87.90562, 42.893975 ], [ -87.905612, 42.894338 ], [ -87.905657, 42.894525 ], [ -87.905665, 42.894542 ], [ -87.905751, 42.894714 ], [ -87.90581, 42.89479 ], [ -87.905872, 42.89487 ], [ -87.90601, 42.894999 ], [ -87.906081, 42.895065 ], [ -87.906144, 42.895122 ], [ -87.906333, 42.895293 ], [ -87.906397, 42.895351 ], [ -87.906677, 42.895604 ], [ -87.907166, 42.896048 ], [ -87.907289, 42.896202 ], [ -87.907353, 42.896348 ], [ -87.907368, 42.896465 ], [ -87.907375, 42.896513 ], [ -87.907347, 42.896678 ], [ -87.907277, 42.896825 ], [ -87.90716, 42.896947 ], [ -87.906917, 42.897203 ], [ -87.906851, 42.89734 ], [ -87.90678, 42.897493 ], [ -87.906777, 42.89757 ], [ -87.906771, 42.897805 ], [ -87.90677, 42.897883 ], [ -87.906766, 42.898055 ], [ -87.906757, 42.898574 ], [ -87.906754, 42.898747 ], [ -87.906752, 42.898911 ], [ -87.906747, 42.899405 ], [ -87.906746, 42.89957 ], [ -87.906743, 42.899734 ], [ -87.906738, 42.900229 ], [ -87.906737, 42.900394 ], [ -87.906735, 42.900526 ], [ -87.906731, 42.900925 ], [ -87.90673, 42.901059 ], [ -87.90705, 42.901061 ], [ -87.908013, 42.901068 ], [ -87.908334, 42.901071 ], [ -87.908975, 42.901075 ], [ -87.910897, 42.90109 ], [ -87.911539, 42.901095 ], [ -87.912109, 42.901112 ], [ -87.91382, 42.901163 ], [ -87.914391, 42.90118 ], [ -87.915445, 42.901211 ], [ -87.917635, 42.901275 ], [ -87.918607, 42.901304 ], [ -87.919662, 42.901336 ], [ -87.920176, 42.901351 ], [ -87.9220866, 42.9014104 ], [ -87.9221176, 42.9014113 ], [ -87.922438, 42.9014201 ], [ -87.9224595, 42.9014205 ], [ -87.923018, 42.901432 ] ] ] } },
{ "type": "Feature", "properties": { "rep_unit_id": 433, "ward": "C. Oak Creek Ward 7", "county": "MILWAUKEE" }, "geometry": { "type": "Polygon", "coordinates": [ [ [ -87.90187, 42.893748 ], [ -87.904163, 42.8937732 ], [ -87.9043681, 42.8937752 ], [ -87.9044094, 42.8937756 ], [ -87.9047486, 42.8937788 ], [ -87.905128499999989, 42.8937824 ], [ -87.905625, 42.893784 ], [ -87.905634, 42.893564 ], [ -87.905664, 42.892927 ], [ -87.905658, 42.892906 ], [ -87.905598, 42.892695 ], [ -87.905465, 42.892533 ], [ -87.905191, 42.892333 ], [ -87.905104, 42.892206 ], [ -87.905073, 42.892065 ], [ -87.905139, 42.890699 ], [ -87.905166, 42.890146 ], [ -87.905412, 42.890148 ], [ -87.906151, 42.890156 ], [ -87.906398, 42.890159 ], [ -87.90665, 42.890161 ], [ -87.907409, 42.890169 ], [ -87.907662, 42.890172 ], [ -87.908006, 42.890175 ], [ -87.909038, 42.890186 ], [ -87.909382, 42.89019 ], [ -87.909593, 42.890187 ], [ -87.909698, 42.890187 ], [ -87.910129, 42.890125 ], [ -87.910225, 42.890122 ], [ -87.910437, 42.890118 ], [ -87.910757, 42.890121 ], [ -87.91172, 42.890131 ], [ -87.912041, 42.890135 ], [ -87.912071, 42.889426 ], [ -87.912162, 42.8873 ], [ -87.912193, 42.886592 ], [ -87.912223, 42.885865 ], [ -87.912315, 42.883687 ], [ -87.912346, 42.882962 ], [ -87.911594, 42.882954 ], [ -87.91082, 42.882949 ], [ -87.909338, 42.882939 ], [ -87.908586, 42.882935 ], [ -87.908001, 42.882897 ], [ -87.90775, 42.882858 ], [ -87.907734, 42.882856 ], [ -87.907517, 42.882771 ], [ -87.907289, 42.88265 ], [ -87.907015, 42.882448 ], [ -87.906938, 42.882396 ], [ -87.906717, 42.882245 ], [ -87.906627, 42.882178 ], [ -87.906395, 42.882005 ], [ -87.905876, 42.881825 ], [ -87.90554, 42.881702 ], [ -87.90538, 42.881644 ], [ -87.90502, 42.881513 ], [ -87.904746, 42.881432 ], [ -87.904305, 42.881302 ], [ -87.904174, 42.881264 ], [ -87.903577, 42.881199 ], [ -87.90316, 42.881191 ], [ -87.902937, 42.881187 ], [ -87.902509, 42.881179 ], [ -87.902478, 42.881177 ], [ -87.902413, 42.881176 ], [ -87.902221, 42.881174 ], [ -87.902157, 42.881174 ], [ -87.901924, 42.881171 ], [ -87.901225, 42.881165 ], [ -87.900993, 42.881163 ], [ -87.900455, 42.881157 ], [ -87.898953, 42.881141 ], [ -87.898845, 42.881126 ], [ -87.898636, 42.881097 ], [ -87.898324, 42.881002 ], [ -87.898193, 42.881179 ], [ -87.898009, 42.881429 ], [ -87.897765, 42.88168 ], [ -87.897612, 42.881839 ], [ -87.897454, 42.881968 ], [ -87.897231, 42.882151 ], [ -87.896961, 42.882329 ], [ -87.896791, 42.882442 ], [ -87.896594, 42.882546 ], [ -87.89632, 42.882693 ], [ -87.895991, 42.882831 ], [ -87.895815, 42.882906 ], [ -87.895785, 42.882915 ], [ -87.895124, 42.883113 ], [ -87.894946, 42.8831694 ], [ -87.8946678, 42.8832488 ], [ -87.894431, 42.883261 ], [ -87.893076, 42.883235 ], [ -87.8923815, 42.8832225 ], [ -87.8923529, 42.8837763 ], [ -87.8923387, 42.8840505 ], [ -87.8923245, 42.8843248 ], [ -87.892301, 42.884863 ], [ -87.892447, 42.884864 ], [ -87.892887, 42.88487 ], [ -87.893034, 42.884872 ], [ -87.893043, 42.885034 ], [ -87.893053, 42.885192 ], [ -87.893125, 42.885317 ], [ -87.893206, 42.885403 ], [ -87.893268, 42.885433 ], [ -87.893349, 42.885473 ], [ -87.89342, 42.885493 ], [ -87.893522, 42.885521 ], [ -87.893618, 42.885519 ], [ -87.894227, 42.885513 ], [ -87.89443, 42.885511 ], [ -87.894659, 42.885508 ], [ -87.894904, 42.885592 ], [ -87.894953, 42.885609 ], [ -87.895375, 42.885768 ], [ -87.895518, 42.885799 ], [ -87.8958727, 42.8857193 ], [ -87.896003, 42.885685 ], [ -87.896137, 42.885976 ], [ -87.896343, 42.88642 ], [ -87.896657, 42.886423 ], [ -87.897602, 42.886432 ], [ -87.897917, 42.886436 ], [ -87.898019, 42.886525 ], [ -87.898055, 42.886844 ], [ -87.898062, 42.886934 ], [ -87.898073, 42.887071 ], [ -87.898082, 42.887448 ], [ -87.898083, 42.887457 ], [ -87.898123, 42.887626 ], [ -87.898186, 42.887786 ], [ -87.898514, 42.888492 ], [ -87.898674, 42.888835 ], [ -87.898912, 42.889318 ], [ -87.899058, 42.889614 ], [ -87.899232, 42.889877 ], [ -87.899501, 42.890008 ], [ -87.899514, 42.890011 ], [ -87.899671, 42.890045 ], [ -87.899864, 42.890082 ], [ -87.900069, 42.890094 ], [ -87.900167, 42.890095 ], [ -87.900707, 42.890106 ], [ -87.900705, 42.890139 ], [ -87.900683, 42.890474 ], [ -87.900668, 42.890516 ], [ -87.900632, 42.890624 ], [ -87.900525, 42.890748 ], [ -87.900431, 42.890847 ], [ -87.900233, 42.890944 ], [ -87.900081, 42.891076 ], [ -87.899984, 42.891233 ], [ -87.899957, 42.89135 ], [ -87.899988, 42.891434 ], [ -87.899991, 42.891446 ], [ -87.900029, 42.891578 ], [ -87.900062, 42.891641 ], [ -87.900158, 42.891823 ], [ -87.900467, 42.891787 ], [ -87.900518, 42.891786 ], [ -87.900729, 42.891784 ], [ -87.901327, 42.891802 ], [ -87.901606, 42.891809 ], [ -87.901969, 42.89182 ], [ -87.901948, 42.892205 ], [ -87.901889, 42.893362 ], [ -87.90187, 42.893748 ] ] ] } },
{ "type": "Feature", "properties": { "rep_unit_id": 434, "ward": "C. Oak Creek Ward 8", "county": "MILWAUKEE" }, "geometry": { "type": "Polygon", "coordinates": [ [ [ -87.866739, 42.875019 ], [ -87.867222200000015, 42.8749862 ], [ -87.8676326, 42.8749939 ], [ -87.8676567, 42.8749942 ], [ -87.8676808, 42.8749943 ], [ -87.8677049, 42.8749942 ], [ -87.867729, 42.8749938 ], [ -87.8677531, 42.8749932 ], [ -87.8677772, 42.8749925 ], [ -87.8678012, 42.8749915 ], [ -87.8678253, 42.8749903 ], [ -87.867849299999989, 42.8749889 ], [ -87.8678733, 42.8749873 ], [ -87.86789730000001, 42.8749854 ], [ -87.8679212, 42.8749834 ], [ -87.8679451, 42.8749811 ], [ -87.867969, 42.8749787 ], [ -87.8679928, 42.874976 ], [ -87.8680166, 42.8749731 ], [ -87.8680403, 42.87497 ], [ -87.8680639, 42.8749667 ], [ -87.8680876, 42.8749631 ], [ -87.8681111, 42.8749594 ], [ -87.8681346, 42.8749555 ], [ -87.8681425, 42.8749541 ], [ -87.8685361, 42.8748723 ], [ -87.868814, 42.874838 ], [ -87.868985, 42.874838 ], [ -87.869551, 42.874841 ], [ -87.869556, 42.874671 ], [ -87.869569, 42.874329 ], [ -87.869594, 42.874166 ], [ -87.86962, 42.873999 ], [ -87.869153, 42.873951 ], [ -87.868613, 42.873897 ], [ -87.867899, 42.873856 ], [ -87.867755, 42.873824 ], [ -87.867298, 42.873724 ], [ -87.867205, 42.873675 ], [ -87.867187, 42.873602 ], [ -87.867251, 42.87341 ], [ -87.867259, 42.873356 ], [ -87.86729, 42.873176 ], [ -87.867339, 42.872984 ], [ -87.867391, 42.872055 ], [ -87.8673934, 42.8716225 ], [ -87.8674828, 42.8716239 ], [ -87.8677668, 42.8716284 ], [ -87.8679723, 42.8716316 ], [ -87.868144, 42.8716343 ], [ -87.8683855, 42.8716381 ], [ -87.8686553, 42.8716422 ], [ -87.868690199999989, 42.8716428 ], [ -87.868700600000011, 42.871643 ], [ -87.8689655, 42.8716471 ], [ -87.8689965, 42.8716476 ], [ -87.8691893, 42.8716506 ], [ -87.8692191, 42.8716511 ], [ -87.8693531, 42.8716532 ], [ -87.869413, 42.8716541 ], [ -87.8694429, 42.8716546 ], [ -87.8696368, 42.8716576 ], [ -87.8696666, 42.8716581 ], [ -87.8698606, 42.8716611 ], [ -87.8698904, 42.871661599999989 ], [ -87.870006, 42.871663399999989 ], [ -87.8701995, 42.8716664 ], [ -87.870379, 42.8716692 ], [ -87.8708009, 42.8716758 ], [ -87.8711945, 42.8716819 ], [ -87.8713891, 42.871685 ], [ -87.8717783, 42.871691 ], [ -87.8726825, 42.8717051 ], [ -87.8732664, 42.8717142 ], [ -87.8751145, 42.8717243 ], [ -87.8751891, 42.8717247 ], [ -87.8768677, 42.8717338 ], [ -87.8781443, 42.8717407 ], [ -87.8781457, 42.8717407 ], [ -87.8855028, 42.8717839 ], [ -87.887055, 42.8717945 ], [ -87.8871296, 42.871795 ], [ -87.8890647, 42.8718081 ], [ -87.8890698, 42.8718082 ], [ -87.8892521, 42.8718094 ], [ -87.8892573, 42.8718094 ], [ -87.8894396, 42.8718107 ], [ -87.8894448, 42.8718107 ], [ -87.8895738, 42.8718116 ], [ -87.8895771, 42.8718116 ], [ -87.8929452, 42.8718344 ], [ -87.8930252, 42.8698331 ], [ -87.8930367, 42.8695479 ], [ -87.8930471, 42.8692873 ], [ -87.8930543, 42.8691055 ], [ -87.8930549, 42.8690881 ], [ -87.8930616, 42.8689237 ], [ -87.893184, 42.865952 ], [ -87.893382, 42.865921 ], [ -87.893455, 42.865908 ], [ -87.893545, 42.865911 ], [ -87.893759, 42.86593 ], [ -87.893849, 42.865935 ], [ -87.89394, 42.865938 ], [ -87.894032, 42.865941 ], [ -87.894123, 42.865943 ], [ -87.894213, 42.865944 ], [ -87.894301, 42.865946 ], [ -87.894389, 42.865948 ], [ -87.894474, 42.86595 ], [ -87.894557, 42.865954 ], [ -87.894643, 42.865964 ], [ -87.894721, 42.865978 ], [ -87.894802, 42.866002 ], [ -87.894882, 42.866029 ], [ -87.894957, 42.866061 ], [ -87.895036, 42.866096 ], [ -87.895108, 42.866136 ], [ -87.895174, 42.866189 ], [ -87.895236, 42.866246 ], [ -87.895287, 42.866307 ], [ -87.895329, 42.866373 ], [ -87.895363, 42.866443 ], [ -87.895385, 42.866516 ], [ -87.895396, 42.866591 ], [ -87.895398, 42.866668 ], [ -87.895395, 42.866749 ], [ -87.895391, 42.866832 ], [ -87.895388, 42.866915 ], [ -87.895386, 42.866999 ], [ -87.895389, 42.867083 ], [ -87.89542, 42.867254 ], [ -87.895453, 42.867339 ], [ -87.895502, 42.867422 ], [ -87.895561, 42.867501 ], [ -87.895632, 42.867576 ], [ -87.895712, 42.867646 ], [ -87.895797, 42.867707 ], [ -87.895891, 42.867762 ], [ -87.895995, 42.867811 ], [ -87.896102, 42.867856 ], [ -87.896212, 42.8679 ], [ -87.896324, 42.867945 ], [ -87.89644, 42.867984 ], [ -87.896559, 42.868022 ], [ -87.896681, 42.868056 ], [ -87.896806, 42.868086 ], [ -87.896933, 42.868112 ], [ -87.897063, 42.868136 ], [ -87.897196, 42.868157 ], [ -87.897326, 42.868179 ], [ -87.897457, 42.868201 ], [ -87.897588, 42.868222 ], [ -87.897717, 42.868243 ], [ -87.897842, 42.868262 ], [ -87.897968, 42.868281 ], [ -87.898093, 42.868298 ], [ -87.898219, 42.868317 ], [ -87.898343, 42.868337 ], [ -87.898466, 42.868356 ], [ -87.898709, 42.868394 ], [ -87.898829, 42.868412 ], [ -87.898951, 42.868432 ], [ -87.899072, 42.868452 ], [ -87.899196, 42.868471 ], [ -87.899319, 42.868489 ], [ -87.89944, 42.868507 ], [ -87.899558, 42.86852 ], [ -87.899673, 42.868527 ], [ -87.899787, 42.868528 ], [ -87.899898, 42.868527 ], [ -87.900004, 42.868534 ], [ -87.9001, 42.868556 ], [ -87.90028, 42.868627 ], [ -87.900371, 42.868666 ], [ -87.900465, 42.868703 ], [ -87.900568, 42.868735 ], [ -87.900675, 42.868759 ], [ -87.900787, 42.868776 ], [ -87.900896, 42.868787 ], [ -87.901002, 42.868792 ], [ -87.901107, 42.868795 ], [ -87.901205, 42.868794 ], [ -87.901287, 42.868797 ], [ -87.90135, 42.868799 ], [ -87.901479, 42.868804 ], [ -87.901436, 42.870087 ], [ -87.902945, 42.870139 ], [ -87.9029762, 42.8692049 ], [ -87.9029874, 42.8689141 ], [ -87.9029979, 42.8686399 ], [ -87.9030101, 42.868324699999988 ], [ -87.9030233, 42.8679814 ], [ -87.9030366, 42.8676384 ], [ -87.9030799, 42.866514099999989 ], [ -87.9031148, 42.8656085 ], [ -87.9031197, 42.8654791 ], [ -87.9031248, 42.8653479 ], [ -87.9031444, 42.8648402 ], [ -87.9031455, 42.8648126 ], [ -87.9031911, 42.863465 ], [ -87.9032102, 42.8628925 ], [ -87.9032225, 42.8625256 ], [ -87.9032708, 42.8610828 ], [ -87.903397, 42.857459 ], [ -87.902239, 42.857443 ], [ -87.898768, 42.857397 ], [ -87.897611, 42.857382 ], [ -87.897453, 42.857379 ], [ -87.897314, 42.857378 ], [ -87.896983, 42.857373 ], [ -87.896826, 42.857371 ], [ -87.896169, 42.857362 ], [ -87.894201, 42.857335 ], [ -87.893545, 42.857327 ], [ -87.8917853, 42.8573083 ], [ -87.8910908, 42.8572995 ], [ -87.8875872, 42.8572552 ], [ -87.8872308, 42.8572507 ], [ -87.8872114, 42.8572504 ], [ -87.8861994, 42.8572376 ], [ -87.8852957, 42.8572261 ], [ -87.883750100000015, 42.8572065 ], [ -87.8824417, 42.8571951 ], [ -87.8820441, 42.8571919 ], [ -87.8788645, 42.8571639 ], [ -87.8776418, 42.8571532 ], [ -87.8767928, 42.8571458 ], [ -87.8749117, 42.8571293 ], [ -87.8739791, 42.8571211 ], [ -87.8724687, 42.8571022 ], [ -87.8721953, 42.8570987 ], [ -87.8720197, 42.8570966 ], [ -87.8697227, 42.8570678 ], [ -87.8694061, 42.8570638 ], [ -87.8691082, 42.8570601 ], [ -87.8690518, 42.8570594 ], [ -87.8667349, 42.8570303 ], [ -87.8653924, 42.8570134 ], [ -87.8642366, 42.8569989 ], [ -87.8634894, 42.8569904 ], [ -87.8612517, 42.856965 ], [ -87.8608788, 42.856960799999989 ], [ -87.858964, 42.856934 ], [ -87.856721, 42.856907 ], [ -87.856231, 42.856901 ], [ -87.853419, 42.856867 ], [ -87.853406, 42.857367 ], [ -87.853379, 42.858474 ], [ -87.853414, 42.858866 ], [ -87.853419, 42.858914 ], [ -87.85351, 42.859357 ], [ -87.853648, 42.859734 ], [ -87.853771, 42.860067 ], [ -87.853826, 42.8601932 ], [ -87.853827, 42.8601953 ], [ -87.853843, 42.860226399999988 ], [ -87.8538594, 42.8602574 ], [ -87.8538759, 42.8602884 ], [ -87.8538928, 42.8603193 ], [ -87.8539099, 42.8603501 ], [ -87.8539273, 42.8603808 ], [ -87.853944900000016, 42.8604115 ], [ -87.8539761, 42.8604652 ], [ -87.8540011, 42.8605081 ], [ -87.8541212, 42.8607149 ], [ -87.8541721, 42.8608025 ], [ -87.8541907, 42.8608345 ], [ -87.8541961, 42.8608439 ], [ -87.8542656, 42.8609647 ], [ -87.8543322, 42.8610794 ], [ -87.854567, 42.861484 ], [ -87.8547135, 42.8617366 ], [ -87.855072, 42.8623545 ], [ -87.8552474, 42.8626568 ], [ -87.8554236, 42.8629605 ], [ -87.855597, 42.8632594 ], [ -87.8557711, 42.8635595 ], [ -87.8561242, 42.8641683 ], [ -87.8561772, 42.8642596 ], [ -87.8563798, 42.8646085 ], [ -87.8564719, 42.8647775 ], [ -87.8565595, 42.8649432 ], [ -87.8565597, 42.8649434 ], [ -87.8565637, 42.8649518 ], [ -87.8565691, 42.8649629 ], [ -87.8565845, 42.8649953 ], [ -87.8565995, 42.8650278 ], [ -87.8566143, 42.8650604 ], [ -87.8566288, 42.8650931 ], [ -87.8566358, 42.8651092 ], [ -87.856643, 42.8651258 ], [ -87.8566568, 42.8651586 ], [ -87.8566705, 42.8651914 ], [ -87.8566838, 42.8652244 ], [ -87.8566969, 42.8652573 ], [ -87.8567036, 42.8652749 ], [ -87.8567096, 42.8652904 ], [ -87.856715, 42.8653048 ], [ -87.856722100000013, 42.865323499999988 ], [ -87.8567342, 42.8653567 ], [ -87.8567461, 42.8653899 ], [ -87.8567576, 42.8654232 ], [ -87.856763500000014, 42.8654406 ], [ -87.8567689, 42.8654566 ], [ -87.8567799, 42.86549 ], [ -87.8567905, 42.8655234 ], [ -87.8568009, 42.8655569 ], [ -87.8568109, 42.8655905 ], [ -87.8568169, 42.8656109 ], [ -87.8568207, 42.865624 ], [ -87.8568302, 42.8656577 ], [ -87.8568394, 42.8656914 ], [ -87.8568482, 42.8657251 ], [ -87.8568568, 42.8657589 ], [ -87.8568588, 42.865767 ], [ -87.8568651, 42.8657927 ], [ -87.856873, 42.8658266 ], [ -87.8568749, 42.865835 ], [ -87.8568807, 42.8658605 ], [ -87.8568881, 42.8658944 ], [ -87.8568941, 42.8659273 ], [ -87.8569076, 42.866002 ], [ -87.8569756, 42.8663759 ], [ -87.8569886, 42.8664479 ], [ -87.8569905, 42.8664585 ], [ -87.8570254, 42.8666506 ], [ -87.8570555, 42.8668159 ], [ -87.8570855, 42.8669812 ], [ -87.8571155, 42.8671465 ], [ -87.8571279, 42.8672146 ], [ -87.8571395, 42.8672686 ], [ -87.857149, 42.8673118 ], [ -87.857151300000012, 42.8673225 ], [ -87.8571635, 42.8673764 ], [ -87.8571759, 42.8674303 ], [ -87.8571868, 42.867476 ], [ -87.85722, 42.867588 ], [ -87.857432, 42.868265 ], [ -87.857578, 42.86873 ], [ -87.857829, 42.869313 ], [ -87.857994, 42.869696 ], [ -87.858522, 42.870658 ], [ -87.858738, 42.87109 ], [ -87.858984, 42.871489 ], [ -87.8597768, 42.8715044 ], [ -87.8600475, 42.8715086 ], [ -87.8603183, 42.8715128 ], [ -87.8604274, 42.8715144 ], [ -87.8605891, 42.8715169 ], [ -87.8608598, 42.8715211 ], [ -87.8609122, 42.8715219 ], [ -87.8614014, 42.8715294 ], [ -87.8615669, 42.8715319 ], [ -87.861553, 42.872275 ], [ -87.861553, 42.872306 ], [ -87.861618, 42.872467 ], [ -87.861751, 42.872603 ], [ -87.86316, 42.873364 ], [ -87.863401, 42.873411 ], [ -87.863416, 42.873414 ], [ -87.864148, 42.873427 ], [ -87.864142, 42.873667 ], [ -87.86417, 42.873796 ], [ -87.864253, 42.873935 ], [ -87.864345, 42.874017 ], [ -87.864385, 42.874052 ], [ -87.86458, 42.87416 ], [ -87.864957, 42.874288 ], [ -87.866079, 42.874647 ], [ -87.866192, 42.874689 ], [ -87.866532, 42.874815 ], [ -87.866662, 42.874904 ], [ -87.866739, 42.875019 ] ] ] } },
{ "type": "Feature", "properties": { "rep_unit_id": 435, "ward": "C. Oak Creek Ward 9", "county": "MILWAUKEE" }, "geometry": { "type": "Polygon", "coordinates": [ [ [ -87.894431, 42.883261 ], [ -87.8946678, 42.8832488 ], [ -87.894946, 42.8831694 ], [ -87.895124, 42.883113 ], [ -87.895785, 42.882915 ], [ -87.895815, 42.882906 ], [ -87.895991, 42.882831 ], [ -87.89632, 42.882693 ], [ -87.896594, 42.882546 ], [ -87.896791, 42.882442 ], [ -87.896961, 42.882329 ], [ -87.897231, 42.882151 ], [ -87.897454, 42.881968 ], [ -87.897612, 42.881839 ], [ -87.897765, 42.88168 ], [ -87.898009, 42.881429 ], [ -87.898193, 42.881179 ], [ -87.898324, 42.881002 ], [ -87.898636, 42.881097 ], [ -87.898845, 42.881126 ], [ -87.898953, 42.881141 ], [ -87.900455, 42.881157 ], [ -87.900993, 42.881163 ], [ -87.901225, 42.881165 ], [ -87.901924, 42.881171 ], [ -87.902157, 42.881174 ], [ -87.902221, 42.881174 ], [ -87.902413, 42.881176 ], [ -87.902478, 42.881177 ], [ -87.902509, 42.881179 ], [ -87.902937, 42.881187 ], [ -87.90316, 42.881191 ], [ -87.903577, 42.881199 ], [ -87.904174, 42.881264 ], [ -87.904305, 42.881302 ], [ -87.904746, 42.881432 ], [ -87.90502, 42.881513 ], [ -87.90538, 42.881644 ], [ -87.90554, 42.881702 ], [ -87.905876, 42.881825 ], [ -87.906395, 42.882005 ], [ -87.906627, 42.882178 ], [ -87.906717, 42.882245 ], [ -87.906938, 42.882396 ], [ -87.907015, 42.882448 ], [ -87.907289, 42.88265 ], [ -87.907517, 42.882771 ], [ -87.907734, 42.882856 ], [ -87.90775, 42.882858 ], [ -87.908001, 42.882897 ], [ -87.908586, 42.882935 ], [ -87.909338, 42.882939 ], [ -87.91082, 42.882949 ], [ -87.911594, 42.882954 ], [ -87.912346, 42.882962 ], [ -87.91352, 42.882988 ], [ -87.917044, 42.883068 ], [ -87.917126, 42.88307 ], [ -87.917149, 42.882532 ], [ -87.917185, 42.881802 ], [ -87.917069, 42.881685 ], [ -87.916942, 42.881541 ], [ -87.916761, 42.881423 ], [ -87.916662, 42.88121 ], [ -87.916669, 42.881113 ], [ -87.916736, 42.87964 ], [ -87.916791, 42.87954 ], [ -87.916821, 42.879425 ], [ -87.916849, 42.879339 ], [ -87.916932, 42.879084 ], [ -87.916961, 42.878999 ], [ -87.917037, 42.878764 ], [ -87.917267, 42.87806 ], [ -87.917345, 42.877826 ], [ -87.916398, 42.877662 ], [ -87.916184, 42.877626 ], [ -87.915473, 42.877567 ], [ -87.914757, 42.87758 ], [ -87.913743, 42.877685 ], [ -87.913528, 42.877681 ], [ -87.912568, 42.877666 ], [ -87.912574, 42.877506 ], [ -87.912594, 42.877026 ], [ -87.912601, 42.876867 ], [ -87.913682, 42.876434 ], [ -87.916927, 42.875138 ], [ -87.917249, 42.87501 ], [ -87.917324, 42.874944 ], [ -87.917955, 42.874599 ], [ -87.918157, 42.874488 ], [ -87.918365, 42.8744 ], [ -87.918653, 42.874315 ], [ -87.918783, 42.874282 ], [ -87.918808, 42.874277 ], [ -87.919143, 42.87415 ], [ -87.919359, 42.87404 ], [ -87.919545, 42.873897 ], [ -87.919701, 42.873656 ], [ -87.919899, 42.872977 ], [ -87.919973, 42.872867 ], [ -87.920114, 42.872752 ], [ -87.920248, 42.872697 ], [ -87.920604, 42.872649 ], [ -87.920673, 42.872641 ], [ -87.920994, 42.872525 ], [ -87.921232, 42.872475 ], [ -87.921468, 42.872505 ], [ -87.921591, 42.872529 ], [ -87.921651, 42.872527 ], [ -87.921993, 42.872517 ], [ -87.92212, 42.872467 ], [ -87.922179, 42.872413 ], [ -87.922194, 42.872401 ], [ -87.922231, 42.872357 ], [ -87.922252, 42.872274 ], [ -87.92226, 42.872252 ], [ -87.922241, 42.872252 ], [ -87.920367, 42.872214 ], [ -87.914689, 42.8721 ], [ -87.912797, 42.872063 ], [ -87.912817, 42.87149 ], [ -87.912878, 42.869773 ], [ -87.912899, 42.869201 ], [ -87.9129, 42.869182 ], [ -87.912916, 42.868727 ], [ -87.912965, 42.867361 ], [ -87.912982, 42.866907 ], [ -87.912987, 42.86675 ], [ -87.913004, 42.866279 ], [ -87.91301, 42.866123 ], [ -87.912903, 42.866121 ], [ -87.912584, 42.866117 ], [ -87.912478, 42.866116 ], [ -87.912271, 42.866113 ], [ -87.91165, 42.866105 ], [ -87.911444, 42.866103 ], [ -87.911211, 42.866097 ], [ -87.910661, 42.866086 ], [ -87.910516, 42.866049 ], [ -87.910476, 42.866039 ], [ -87.910309, 42.865947 ], [ -87.910217, 42.86602 ], [ -87.910204, 42.866031 ], [ -87.910124, 42.866155 ], [ -87.910101, 42.866339 ], [ -87.910088, 42.866456 ], [ -87.909868, 42.866451 ], [ -87.909741, 42.866449 ], [ -87.909514, 42.866421 ], [ -87.909257, 42.866355 ], [ -87.909222, 42.86634 ], [ -87.90902, 42.866257 ], [ -87.908784, 42.866158 ], [ -87.908744, 42.866147 ], [ -87.908547, 42.866096 ], [ -87.908299, 42.866065 ], [ -87.908171, 42.86606 ], [ -87.907876, 42.86605 ], [ -87.907864, 42.866047 ], [ -87.907575, 42.865982 ], [ -87.907513, 42.866091 ], [ -87.90741, 42.866276 ], [ -87.90739, 42.866441 ], [ -87.907375, 42.866566 ], [ -87.906822, 42.866559 ], [ -87.905166, 42.866538 ], [ -87.904614, 42.866531 ], [ -87.904308, 42.866527 ], [ -87.90339, 42.866515 ], [ -87.9030799, 42.866514099999989 ], [ -87.9030366, 42.8676384 ], [ -87.9030233, 42.8679814 ], [ -87.9030101, 42.868324699999988 ], [ -87.9029979, 42.8686399 ], [ -87.9029874, 42.8689141 ], [ -87.9029762, 42.8692049 ], [ -87.902945, 42.870139 ], [ -87.901436, 42.870087 ], [ -87.901479, 42.868804 ], [ -87.90135, 42.868799 ], [ -87.901287, 42.868797 ], [ -87.901205, 42.868794 ], [ -87.901107, 42.868795 ], [ -87.901002, 42.868792 ], [ -87.900896, 42.868787 ], [ -87.900787, 42.868776 ], [ -87.900675, 42.868759 ], [ -87.900568, 42.868735 ], [ -87.900465, 42.868703 ], [ -87.900371, 42.868666 ], [ -87.90028, 42.868627 ], [ -87.9001, 42.868556 ], [ -87.900004, 42.868534 ], [ -87.899898, 42.868527 ], [ -87.899787, 42.868528 ], [ -87.899673, 42.868527 ], [ -87.899558, 42.86852 ], [ -87.89944, 42.868507 ], [ -87.899319, 42.868489 ], [ -87.899196, 42.868471 ], [ -87.899072, 42.868452 ], [ -87.898951, 42.868432 ], [ -87.898829, 42.868412 ], [ -87.898709, 42.868394 ], [ -87.898466, 42.868356 ], [ -87.898343, 42.868337 ], [ -87.898219, 42.868317 ], [ -87.898093, 42.868298 ], [ -87.897968, 42.868281 ], [ -87.897842, 42.868262 ], [ -87.897717, 42.868243 ], [ -87.897588, 42.868222 ], [ -87.897457, 42.868201 ], [ -87.897326, 42.868179 ], [ -87.897196, 42.868157 ], [ -87.897063, 42.868136 ], [ -87.896933, 42.868112 ], [ -87.896806, 42.868086 ], [ -87.896681, 42.868056 ], [ -87.896559, 42.868022 ], [ -87.89644, 42.867984 ], [ -87.896324, 42.867945 ], [ -87.896212, 42.8679 ], [ -87.896102, 42.867856 ], [ -87.895995, 42.867811 ], [ -87.895891, 42.867762 ], [ -87.895797, 42.867707 ], [ -87.895712, 42.867646 ], [ -87.895632, 42.867576 ], [ -87.895561, 42.867501 ], [ -87.895502, 42.867422 ], [ -87.895453, 42.867339 ], [ -87.89542, 42.867254 ], [ -87.895389, 42.867083 ], [ -87.895386, 42.866999 ], [ -87.895388, 42.866915 ], [ -87.895391, 42.866832 ], [ -87.895395, 42.866749 ], [ -87.895398, 42.866668 ], [ -87.895396, 42.866591 ], [ -87.895385, 42.866516 ], [ -87.895363, 42.866443 ], [ -87.895329, 42.866373 ], [ -87.895287, 42.866307 ], [ -87.895236, 42.866246 ], [ -87.895174, 42.866189 ], [ -87.895108, 42.866136 ], [ -87.895036, 42.866096 ], [ -87.894957, 42.866061 ], [ -87.894882, 42.866029 ], [ -87.894802, 42.866002 ], [ -87.894721, 42.865978 ], [ -87.894643, 42.865964 ], [ -87.894557, 42.865954 ], [ -87.894474, 42.86595 ], [ -87.894389, 42.865948 ], [ -87.894301, 42.865946 ], [ -87.894213, 42.865944 ], [ -87.894123, 42.865943 ], [ -87.894032, 42.865941 ], [ -87.89394, 42.865938 ], [ -87.893849, 42.865935 ], [ -87.893759, 42.86593 ], [ -87.893545, 42.865911 ], [ -87.893455, 42.865908 ], [ -87.893382, 42.865921 ], [ -87.893184, 42.865952 ], [ -87.8930616, 42.8689237 ], [ -87.8930549, 42.8690881 ], [ -87.8930543, 42.8691055 ], [ -87.8930471, 42.8692873 ], [ -87.8930367, 42.8695479 ], [ -87.8930252, 42.8698331 ], [ -87.8929452, 42.8718344 ], [ -87.8929253, 42.8722457 ], [ -87.8929168, 42.8724237 ], [ -87.8929161, 42.8724361 ], [ -87.8929055, 42.8726568 ], [ -87.8929016, 42.8727377 ], [ -87.8928916, 42.8729447 ], [ -87.8928777, 42.8732326 ], [ -87.8928711, 42.8733697 ], [ -87.8928579, 42.8736426 ], [ -87.8928572, 42.8736576 ], [ -87.8928433, 42.8739455 ], [ -87.8928433, 42.8739458 ], [ -87.8928401, 42.8740108 ], [ -87.8928264, 42.8742965 ], [ -87.8928079, 42.8746794 ], [ -87.8927943, 42.8749609 ], [ -87.8927868, 42.8751157 ], [ -87.8927829, 42.8751969 ], [ -87.892777099999989, 42.8753164 ], [ -87.8927599, 42.8756728 ], [ -87.892742, 42.876043 ], [ -87.8927289, 42.8763172 ], [ -87.8927097, 42.876714799999988 ], [ -87.8926382, 42.8781941 ], [ -87.8925974, 42.8790407 ], [ -87.8925945, 42.879100799999989 ], [ -87.8925233, 42.8804787 ], [ -87.892478, 42.881443 ], [ -87.892473, 42.881534 ], [ -87.892459, 42.881798 ], [ -87.8924064, 42.8827414 ], [ -87.8923815, 42.8832225 ], [ -87.893076, 42.883235 ], [ -87.894431, 42.883261 ] ] ] } },
{ "type": "Feature", "properties": { "rep_unit_id": 436, "ward": "C. Oak Creek Ward 10", "county": "MILWAUKEE" }, "geometry": { "type": "Polygon", "coordinates": [ [ [ -87.8524769, 42.8932071 ], [ -87.8586298, 42.8933103 ], [ -87.8591559, 42.8933191 ], [ -87.8595886, 42.8933264 ], [ -87.862378299999989, 42.893373 ], [ -87.8634947, 42.8933928 ], [ -87.863564599999989, 42.8933941 ], [ -87.8642968, 42.8934071 ], [ -87.8648396, 42.8934168 ], [ -87.8665221, 42.8934466 ], [ -87.867867, 42.8934705 ], [ -87.8693182, 42.8934962 ], [ -87.8722962, 42.8935489 ], [ -87.872306, 42.89337 ], [ -87.872323, 42.892843 ], [ -87.872329, 42.892668 ], [ -87.872336, 42.892435 ], [ -87.872358, 42.891737 ], [ -87.872366, 42.891505 ], [ -87.872385, 42.890897 ], [ -87.872443, 42.889076 ], [ -87.872463, 42.888469 ], [ -87.872466, 42.888341 ], [ -87.872479, 42.887958 ], [ -87.872483, 42.887831 ], [ -87.8724971, 42.8872468 ], [ -87.8725058, 42.8869729 ], [ -87.8725273, 42.8862981 ], [ -87.8725656, 42.8854449 ], [ -87.8725698, 42.8853505 ], [ -87.8725779, 42.8851709 ], [ -87.8725826, 42.8850658 ], [ -87.8725956, 42.8847758 ], [ -87.8726085, 42.8844861 ], [ -87.8726196, 42.8842391 ], [ -87.872632, 42.883964 ], [ -87.8727116, 42.8821875 ], [ -87.872734, 42.8816873 ], [ -87.8727453, 42.8814348 ], [ -87.872764, 42.881119 ], [ -87.872596, 42.881114 ], [ -87.872093, 42.881102 ], [ -87.871926, 42.881098 ], [ -87.8717, 42.881098 ], [ -87.87153, 42.881098 ], [ -87.871167, 42.88113 ], [ -87.871027, 42.881159 ], [ -87.870806, 42.881205 ], [ -87.870482, 42.881271 ], [ -87.869969, 42.881378 ], [ -87.869506, 42.881421 ], [ -87.869178, 42.881453 ], [ -87.868384, 42.881489 ], [ -87.866489, 42.881575 ], [ -87.866269, 42.881561 ], [ -87.866008, 42.881481 ], [ -87.865789, 42.881333 ], [ -87.86567, 42.88117 ], [ -87.865567, 42.880866 ], [ -87.865321, 42.880908 ], [ -87.864585, 42.881036 ], [ -87.86434, 42.881079 ], [ -87.864098, 42.88112 ], [ -87.863373, 42.881245 ], [ -87.863132, 42.881287 ], [ -87.863081, 42.881295 ], [ -87.86293, 42.881321 ], [ -87.86288, 42.881331 ], [ -87.86284, 42.881207 ], [ -87.86272, 42.880835 ], [ -87.862681, 42.880711 ], [ -87.86247, 42.880055 ], [ -87.861838, 42.878088 ], [ -87.861628, 42.877433 ], [ -87.8612394, 42.8774267 ], [ -87.8604574, 42.8774028 ], [ -87.8601629, 42.8773938 ], [ -87.8597547, 42.8773813 ], [ -87.8591956, 42.8773642 ], [ -87.8586245, 42.8773467 ], [ -87.8574838, 42.8773117 ], [ -87.8565647, 42.8772836 ], [ -87.8562542, 42.8772741 ], [ -87.856054, 42.877264 ], [ -87.856096, 42.877472 ], [ -87.856187, 42.877917 ], [ -87.856226, 42.878097 ], [ -87.856272, 42.878306 ], [ -87.856395, 42.878857 ], [ -87.856529, 42.879451 ], [ -87.856761, 42.880513 ], [ -87.856883, 42.881066 ], [ -87.856891, 42.881103 ], [ -87.856917, 42.881215 ], [ -87.856926, 42.881253 ], [ -87.857069, 42.881873 ], [ -87.857112, 42.882057 ], [ -87.85733, 42.88305 ], [ -87.857477, 42.883738 ], [ -87.857626, 42.884357 ], [ -87.8577, 42.884691 ], [ -87.857923, 42.885693 ], [ -87.8579982, 42.8860298 ], [ -87.8577647, 42.8860257 ], [ -87.8577556, 42.886025499999988 ], [ -87.8575692, 42.8860222 ], [ -87.8575547, 42.886022 ], [ -87.856291399999989, 42.8859995 ], [ -87.8549065, 42.8859749 ], [ -87.8543469, 42.885965 ], [ -87.8541231, 42.885961 ], [ -87.8538992, 42.885957 ], [ -87.8538395, 42.8859559 ], [ -87.8528928, 42.8859391 ], [ -87.8528878, 42.885939 ], [ -87.8528554, 42.8865114 ], [ -87.8528338, 42.8868949 ], [ -87.8528122, 42.8872788 ], [ -87.8527967, 42.887553 ], [ -87.8527657, 42.8881012 ], [ -87.8527425, 42.8885124 ], [ -87.852730799999989, 42.888718 ], [ -87.8527193, 42.888923 ], [ -87.85271, 42.889087499999988 ], [ -87.8526728, 42.8897455 ], [ -87.8526546, 42.8900683 ], [ -87.852627, 42.8905562 ], [ -87.852579800000015, 42.891391 ], [ -87.8525281, 42.8923065 ], [ -87.8524769, 42.8932071 ] ] ] } },
{ "type": "Feature", "properties": { "rep_unit_id": 437, "ward": "C. Oak Creek Ward 11", "county": "MILWAUKEE" }, "geometry": { "type": "Polygon", "coordinates": [ [ [ -87.8471174, 42.893131 ], [ -87.8472158, 42.8931313 ], [ -87.8473781, 42.8931317 ], [ -87.8481389, 42.8931363 ], [ -87.8497226, 42.8931622 ], [ -87.8500155, 42.8931669 ], [ -87.8524768, 42.8932071 ], [ -87.8524769, 42.8932071 ], [ -87.8525281, 42.8923065 ], [ -87.852579800000015, 42.891391 ], [ -87.852627, 42.8905562 ], [ -87.8526546, 42.8900683 ], [ -87.8526728, 42.8897455 ], [ -87.85271, 42.889087499999988 ], [ -87.8527193, 42.888923 ], [ -87.852730799999989, 42.888718 ], [ -87.8527425, 42.8885124 ], [ -87.8527657, 42.8881012 ], [ -87.8527967, 42.887553 ], [ -87.8528122, 42.8872788 ], [ -87.8528338, 42.8868949 ], [ -87.8528554, 42.8865114 ], [ -87.8528878, 42.885939 ], [ -87.8528928, 42.8859391 ], [ -87.8538395, 42.8859559 ], [ -87.8538992, 42.885957 ], [ -87.8541231, 42.885961 ], [ -87.8543469, 42.885965 ], [ -87.8549065, 42.8859749 ], [ -87.856291399999989, 42.8859995 ], [ -87.8575547, 42.886022 ], [ -87.8575692, 42.8860222 ], [ -87.8577556, 42.886025499999988 ], [ -87.8577647, 42.8860257 ], [ -87.8579982, 42.8860298 ], [ -87.857923, 42.885693 ], [ -87.8577, 42.884691 ], [ -87.857626, 42.884357 ], [ -87.857477, 42.883738 ], [ -87.85733, 42.88305 ], [ -87.857112, 42.882057 ], [ -87.857069, 42.881873 ], [ -87.856926, 42.881253 ], [ -87.856917, 42.881215 ], [ -87.856891, 42.881103 ], [ -87.856883, 42.881066 ], [ -87.856761, 42.880513 ], [ -87.856529, 42.879451 ], [ -87.856395, 42.878857 ], [ -87.856272, 42.878306 ], [ -87.856226, 42.878097 ], [ -87.856187, 42.877917 ], [ -87.856096, 42.877472 ], [ -87.856054, 42.877264 ], [ -87.8562542, 42.8772741 ], [ -87.8565647, 42.8772836 ], [ -87.8574838, 42.8773117 ], [ -87.8586245, 42.8773467 ], [ -87.8591956, 42.8773642 ], [ -87.8597547, 42.8773813 ], [ -87.8601629, 42.8773938 ], [ -87.8604574, 42.8774028 ], [ -87.8612394, 42.8774267 ], [ -87.861628, 42.877433 ], [ -87.861599, 42.877344 ], [ -87.861513, 42.877079 ], [ -87.861485, 42.876991 ], [ -87.861453, 42.8769 ], [ -87.861358, 42.876627 ], [ -87.861327, 42.876536 ], [ -87.861303, 42.876468 ], [ -87.861233, 42.876266 ], [ -87.86121, 42.876199 ], [ -87.860953099999989, 42.8754737 ], [ -87.8608037, 42.8751536 ], [ -87.8606276, 42.874779 ], [ -87.8605538, 42.8746221 ], [ -87.860495, 42.874497 ], [ -87.8604903, 42.8744871 ], [ -87.860356, 42.8742013 ], [ -87.8602819, 42.8740439 ], [ -87.8602385, 42.8739516 ], [ -87.860148, 42.873759 ], [ -87.8600302, 42.8735085 ], [ -87.8599639, 42.8733675 ], [ -87.8597555, 42.8729243 ], [ -87.8596425, 42.872682499999989 ], [ -87.8593427, 42.8720414 ], [ -87.8592874, 42.8719214 ], [ -87.858984, 42.871489 ], [ -87.858738, 42.87109 ], [ -87.858522, 42.870658 ], [ -87.857994, 42.869696 ], [ -87.857829, 42.869313 ], [ -87.857578, 42.86873 ], [ -87.857432, 42.868265 ], [ -87.85722, 42.867588 ], [ -87.8571868, 42.867476 ], [ -87.8571759, 42.8674303 ], [ -87.8571635, 42.8673764 ], [ -87.857151300000012, 42.8673225 ], [ -87.857149, 42.8673118 ], [ -87.8571395, 42.8672686 ], [ -87.8571279, 42.8672146 ], [ -87.8571155, 42.8671465 ], [ -87.8570855, 42.8669812 ], [ -87.8570555, 42.8668159 ], [ -87.8570254, 42.8666506 ], [ -87.8569905, 42.8664585 ], [ -87.8569886, 42.8664479 ], [ -87.8569756, 42.8663759 ], [ -87.8569076, 42.866002 ], [ -87.8568941, 42.8659273 ], [ -87.8568881, 42.8658944 ], [ -87.8568807, 42.8658605 ], [ -87.8568749, 42.865835 ], [ -87.856873, 42.8658266 ], [ -87.8568651, 42.8657927 ], [ -87.8568588, 42.865767 ], [ -87.8568568, 42.8657589 ], [ -87.8568482, 42.8657251 ], [ -87.8568394, 42.8656914 ], [ -87.8568302, 42.8656577 ], [ -87.8568207, 42.865624 ], [ -87.8568169, 42.8656109 ], [ -87.8568109, 42.8655905 ], [ -87.8568009, 42.8655569 ], [ -87.8567905, 42.8655234 ], [ -87.8567799, 42.86549 ], [ -87.8567689, 42.8654566 ], [ -87.856763500000014, 42.8654406 ], [ -87.8567576, 42.8654232 ], [ -87.8567461, 42.8653899 ], [ -87.8567342, 42.8653567 ], [ -87.856722100000013, 42.865323499999988 ], [ -87.856715, 42.8653048 ], [ -87.8567096, 42.8652904 ], [ -87.8567036, 42.8652749 ], [ -87.8566969, 42.8652573 ], [ -87.8566838, 42.8652244 ], [ -87.8566705, 42.8651914 ], [ -87.8566568, 42.8651586 ], [ -87.856643, 42.8651258 ], [ -87.8566358, 42.8651092 ], [ -87.8566288, 42.8650931 ], [ -87.8566143, 42.8650604 ], [ -87.8565995, 42.8650278 ], [ -87.8565845, 42.8649953 ], [ -87.8565691, 42.8649629 ], [ -87.8565637, 42.8649518 ], [ -87.8565597, 42.8649434 ], [ -87.8565595, 42.8649432 ], [ -87.8564719, 42.8647775 ], [ -87.8563798, 42.8646085 ], [ -87.8561772, 42.8642596 ], [ -87.8561242, 42.8641683 ], [ -87.8557711, 42.8635595 ], [ -87.855597, 42.8632594 ], [ -87.8554236, 42.8629605 ], [ -87.8552474, 42.8626568 ], [ -87.855072, 42.8623545 ], [ -87.8547135, 42.8617366 ], [ -87.854567, 42.861484 ], [ -87.8543322, 42.8610794 ], [ -87.8542656, 42.8609647 ], [ -87.8541961, 42.8608439 ], [ -87.8541907, 42.8608345 ], [ -87.8541721, 42.8608025 ], [ -87.8541212, 42.8607149 ], [ -87.8540011, 42.8605081 ], [ -87.8539761, 42.8604652 ], [ -87.853944900000016, 42.8604115 ], [ -87.8539273, 42.8603808 ], [ -87.8539099, 42.8603501 ], [ -87.8538928, 42.8603193 ], [ -87.8538759, 42.8602884 ], [ -87.8538594, 42.8602574 ], [ -87.853843, 42.860226399999988 ], [ -87.853827, 42.8601953 ], [ -87.853826, 42.8601932 ], [ -87.853771, 42.860067 ], [ -87.853648, 42.859734 ], [ -87.85351, 42.859357 ], [ -87.853419, 42.858914 ], [ -87.853414, 42.858866 ], [ -87.853379, 42.858474 ], [ -87.853406, 42.857367 ], [ -87.853419, 42.856867 ], [ -87.856231, 42.856901 ], [ -87.856721, 42.856907 ], [ -87.858964, 42.856934 ], [ -87.858969, 42.856361 ], [ -87.860765, 42.856374 ], [ -87.860877, 42.856341 ], [ -87.860984, 42.856283 ], [ -87.861048, 42.85621 ], [ -87.86109, 42.85612 ], [ -87.861069, 42.855894 ], [ -87.86091, 42.855659 ], [ -87.860866, 42.855556 ], [ -87.86086, 42.85531 ], [ -87.860898, 42.855029 ], [ -87.861011, 42.85482 ], [ -87.861125, 42.854685 ], [ -87.861126, 42.854671 ], [ -87.861163, 42.854032 ], [ -87.861189, 42.853254 ], [ -87.86121, 42.853224 ], [ -87.861304, 42.853144 ], [ -87.861408, 42.853096 ], [ -87.861473, 42.853083 ], [ -87.861656, 42.853074 ], [ -87.861688, 42.853073 ], [ -87.861858, 42.85307 ], [ -87.861949, 42.853067 ], [ -87.862138, 42.853048 ], [ -87.86223, 42.853029 ], [ -87.862322, 42.853004 ], [ -87.862499, 42.85294 ], [ -87.862582, 42.852902 ], [ -87.862661, 42.85286 ], [ -87.862736, 42.852814 ], [ -87.862805, 42.852767 ], [ -87.862868, 42.852714 ], [ -87.862925, 42.852659 ], [ -87.862977, 42.852603 ], [ -87.863025, 42.852542 ], [ -87.863066, 42.852482 ], [ -87.863099, 42.852424 ], [ -87.86312, 42.852369 ], [ -87.86313, 42.85232 ], [ -87.863126, 42.852248 ], [ -87.8631, 42.852195 ], [ -87.863138, 42.852184 ], [ -87.86326, 42.852164 ], [ -87.86343, 42.852154 ], [ -87.863527, 42.852154 ], [ -87.863628, 42.852156 ], [ -87.863728, 42.852158 ], [ -87.863823, 42.852153 ], [ -87.863912, 42.852138 ], [ -87.863992, 42.852109 ], [ -87.864063, 42.852067 ], [ -87.864125, 42.852016 ], [ -87.864184, 42.851958 ], [ -87.864242, 42.851898 ], [ -87.864301, 42.851837 ], [ -87.864363, 42.851776 ], [ -87.864426, 42.851717 ], [ -87.864494, 42.851662 ], [ -87.864568, 42.851616 ], [ -87.864648, 42.851579 ], [ -87.864736, 42.851555 ], [ -87.864825, 42.851541 ], [ -87.864912, 42.851536 ], [ -87.864996, 42.851536 ], [ -87.865076, 42.851537 ], [ -87.865152, 42.851537 ], [ -87.865283, 42.851535 ], [ -87.86547, 42.851537 ], [ -87.865472, 42.851478 ], [ -87.865648, 42.850493 ], [ -87.865655, 42.850316 ], [ -87.86568, 42.849723 ], [ -87.86541, 42.849719 ], [ -87.864903, 42.849714 ], [ -87.864603, 42.84971 ], [ -87.864334, 42.849708 ], [ -87.86302, 42.849693 ], [ -87.859081, 42.849648 ], [ -87.857768, 42.849634 ], [ -87.856909, 42.849623 ], [ -87.8563969, 42.8496224 ], [ -87.856024100000013, 42.8496182 ], [ -87.85457, 42.8496018 ], [ -87.854047799999989, 42.8495941 ], [ -87.8537124, 42.8495891 ], [ -87.8536211, 42.8495878 ], [ -87.853510899999989, 42.8495861 ], [ -87.8534775, 42.8495843 ], [ -87.853589, 42.848935 ], [ -87.853811, 42.848163 ], [ -87.854274, 42.846928 ], [ -87.854419, 42.846464 ], [ -87.854514, 42.845897 ], [ -87.854482, 42.84524 ], [ -87.854171, 42.8442 ], [ -87.853849, 42.843595 ], [ -87.85297, 42.842462 ], [ -87.852932, 42.842429 ], [ -87.852773900000017, 42.8423004 ], [ -87.8449582, 42.842185799999989 ], [ -87.8448753, 42.8421846 ], [ -87.8404792, 42.8421447 ], [ -87.8350596, 42.8420952 ], [ -87.8294405, 42.8420447 ], [ -87.8288877, 42.8420397 ], [ -87.8271436, 42.8420239 ], [ -87.826355, 42.8420168 ], [ -87.826313, 42.8420164 ], [ -87.8262944, 42.8420162 ], [ -87.8262823, 42.8420161 ], [ -87.8262926, 42.8420342 ], [ -87.8263051, 42.8420551 ], [ -87.8263315, 42.842101 ], [ -87.8263595, 42.8421513 ], [ -87.8263657, 42.8421609 ], [ -87.8264154, 42.8422491 ], [ -87.8264403, 42.8422933 ], [ -87.8265036, 42.842402 ], [ -87.8267344, 42.8428095 ], [ -87.8267881, 42.8429008 ], [ -87.8268432, 42.8430011 ], [ -87.8269012, 42.8431015 ], [ -87.8270355, 42.8433385 ], [ -87.8270696, 42.843402399999988 ], [ -87.8272088, 42.8436584 ], [ -87.8272701, 42.843771 ], [ -87.8272816, 42.8437895 ], [ -87.827404199999989, 42.8440131 ], [ -87.8274341, 42.8440639 ], [ -87.8275103, 42.8442056 ], [ -87.827548, 42.8442731 ], [ -87.8276478, 42.844456099999988 ], [ -87.8276768, 42.8445058 ], [ -87.8277311, 42.844606 ], [ -87.8279302, 42.844961 ], [ -87.8279494, 42.8449981 ], [ -87.827989699999989, 42.8450707 ], [ -87.8280062, 42.8451063 ], [ -87.8280069, 42.8451111 ], [ -87.8279809, 42.8451104 ], [ -87.8279378, 42.8451155 ], [ -87.8279358, 42.8451176 ], [ -87.8279286, 42.8451392 ], [ -87.8279066, 42.8452329 ], [ -87.8278969, 42.8452685 ], [ -87.8278941, 42.8452692 ], [ -87.8278654, 42.8452647 ], [ -87.8278308, 42.845241 ], [ -87.8278044, 42.8452209 ], [ -87.827761099999989, 42.8451818 ], [ -87.827743, 42.8451638 ], [ -87.8277233, 42.8451417 ], [ -87.8276966, 42.8451073 ], [ -87.8276737, 42.8450693 ], [ -87.8276576, 42.8450763 ], [ -87.8276421, 42.8450901 ], [ -87.8276275, 42.8451082 ], [ -87.827595, 42.845157799999988 ], [ -87.827582, 42.8451837 ], [ -87.8275741, 42.8451948 ], [ -87.8275575, 42.8452157 ], [ -87.8275356, 42.8452537 ], [ -87.827523, 42.8452691 ], [ -87.8274748, 42.8453139 ], [ -87.827451400000015, 42.8453409 ], [ -87.8274092, 42.8454015 ], [ -87.8274021, 42.8454175 ], [ -87.8273977, 42.8454376 ], [ -87.827306299999989, 42.8454639 ], [ -87.8273009, 42.845458199999989 ], [ -87.8272946, 42.8454522 ], [ -87.8272697, 42.8454441 ], [ -87.827239, 42.8454417 ], [ -87.8271957, 42.8454517 ], [ -87.827141, 42.84547 ], [ -87.827092, 42.8454848 ], [ -87.8270345, 42.8455018 ], [ -87.8269261, 42.8455344 ], [ -87.8268808, 42.845551 ], [ -87.8268073, 42.8455708 ], [ -87.8267556, 42.8455815 ], [ -87.8267266, 42.8455845 ], [ -87.8266836, 42.8455891 ], [ -87.8266601, 42.8455945 ], [ -87.826644, 42.8456018 ], [ -87.826593699999989, 42.8456242 ], [ -87.826556, 42.8456379 ], [ -87.8265277, 42.8456472 ], [ -87.8264542, 42.8456688 ], [ -87.8263486, 42.8456989 ], [ -87.8262733, 42.8457199 ], [ -87.8262026, 42.8457411 ], [ -87.8261432, 42.845761 ], [ -87.8260687, 42.8457828 ], [ -87.8259934, 42.8458042 ], [ -87.8259009, 42.8458331 ], [ -87.8257907, 42.8458648 ], [ -87.825661599999989, 42.845903299999989 ], [ -87.8255776, 42.8459304 ], [ -87.8255739, 42.8459317 ], [ -87.825506, 42.8459531 ], [ -87.8254625, 42.8459699 ], [ -87.8253982, 42.8459942 ], [ -87.8253283, 42.8460189 ], [ -87.8252763, 42.8460409 ], [ -87.8252662, 42.8460605 ], [ -87.8252649, 42.8460712 ], [ -87.825035899999989, 42.8461401 ], [ -87.82503220000001, 42.8461398 ], [ -87.8249652, 42.8461599 ], [ -87.8249642, 42.8461617 ], [ -87.8250634, 42.846337600000012 ], [ -87.8250671, 42.8463384 ], [ -87.8251359, 42.8463171 ], [ -87.825136, 42.8463145 ], [ -87.8250596, 42.8461803 ], [ -87.8253697, 42.8460882 ], [ -87.8254508, 42.8460631 ], [ -87.8256675, 42.845999 ], [ -87.82571, 42.8459852 ], [ -87.8260069, 42.8458971 ], [ -87.8260257, 42.8458907 ], [ -87.8266515, 42.8457052 ], [ -87.8266581, 42.8457024 ], [ -87.8269672, 42.8456114 ], [ -87.8269823, 42.8456058 ], [ -87.8275006, 42.8454524 ], [ -87.8275109, 42.845451399999988 ], [ -87.8275939, 42.8454513 ], [ -87.8276649, 42.8454495 ], [ -87.8278776, 42.8454474 ], [ -87.8279308, 42.8454456 ], [ -87.8279392, 42.8454443 ], [ -87.8281512, 42.8453821 ], [ -87.8281687, 42.8454145 ], [ -87.8281749, 42.845424 ], [ -87.8283316, 42.8457141 ], [ -87.8284015, 42.8458473 ], [ -87.82844, 42.8459172 ], [ -87.8284399, 42.8459197 ], [ -87.8282458, 42.8459777 ], [ -87.8280459, 42.8460391 ], [ -87.8276057, 42.8461723 ], [ -87.827567, 42.8461849 ], [ -87.8272739, 42.8462728 ], [ -87.8272531, 42.8462801 ], [ -87.8269618, 42.8463688 ], [ -87.8269429, 42.8463759 ], [ -87.8264115, 42.8465312 ], [ -87.8262682, 42.8465746 ], [ -87.8260459, 42.8466389 ], [ -87.8258988, 42.846684 ], [ -87.8257415, 42.8467292 ], [ -87.8255473, 42.8467868 ], [ -87.8254832, 42.8468058 ], [ -87.8253409, 42.8468493 ], [ -87.8253877, 42.8469323 ], [ -87.8252744, 42.8469663 ], [ -87.8250343, 42.8469808 ], [ -87.8247508, 42.846942 ], [ -87.8245196, 42.8468851 ], [ -87.8242968, 42.846776 ], [ -87.8240877, 42.8466481 ], [ -87.8238778, 42.8465392 ], [ -87.823762, 42.8465179 ], [ -87.8237024, 42.8465549 ], [ -87.823726600000015, 42.846603 ], [ -87.823789300000016, 42.8466614 ], [ -87.8239738, 42.8467555 ], [ -87.8242656, 42.8469279 ], [ -87.8245401, 42.847038 ], [ -87.8247976, 42.8470811 ], [ -87.8250885, 42.8470962 ], [ -87.8253744, 42.8470683 ], [ -87.825454, 42.8470505 ], [ -87.8255329, 42.8471928 ], [ -87.82554780000001, 42.8472201 ], [ -87.8255646, 42.8472467 ], [ -87.825625, 42.8473571 ], [ -87.825662, 42.8474186 ], [ -87.82568040000001, 42.8474525 ], [ -87.8256849, 42.847457899999988 ], [ -87.8257787, 42.8476274 ], [ -87.8258305, 42.8477176 ], [ -87.8258968, 42.8478453 ], [ -87.8258843, 42.8478568 ], [ -87.8258783, 42.8478697 ], [ -87.8258778, 42.8478821 ], [ -87.825896, 42.8479211 ], [ -87.8259432, 42.8480118 ], [ -87.8259924, 42.8480969 ], [ -87.826001, 42.8481156 ], [ -87.8260469, 42.8481902 ], [ -87.8260511, 42.8482032 ], [ -87.8261039, 42.8482907 ], [ -87.8261617, 42.8483976 ], [ -87.826223399999989, 42.8484992 ], [ -87.8262704, 42.8485937 ], [ -87.8263362, 42.848701 ], [ -87.8263333, 42.8487021 ], [ -87.8264349, 42.8488742 ], [ -87.826461200000011, 42.8489211 ], [ -87.8264873, 42.848974 ], [ -87.8265191, 42.8490236 ], [ -87.8265295, 42.8490345 ], [ -87.8268282, 42.8495407 ], [ -87.8272119, 42.8502295 ], [ -87.8273328, 42.850289 ], [ -87.8274627, 42.8502771 ], [ -87.8277434, 42.8502158 ], [ -87.828391, 42.8500329 ], [ -87.8293533, 42.8497416 ], [ -87.829672, 42.8497048 ], [ -87.8309572, 42.8509064 ], [ -87.8311633, 42.85112 ], [ -87.8314279, 42.8513299 ], [ -87.8317288, 42.8516121 ], [ -87.8319083, 42.851849 ], [ -87.8319368, 42.8519591 ], [ -87.8308469, 42.8531105 ], [ -87.8310692, 42.8532339 ], [ -87.8319178, 42.8524972 ], [ -87.8319432, 42.852512 ], [ -87.8321336, 42.8526205 ], [ -87.8324834, 42.8528035 ], [ -87.8328176, 42.8530577 ], [ -87.8331315, 42.85334 ], [ -87.8334696, 42.8536705 ], [ -87.8338057, 42.8540582 ], [ -87.8340601, 42.8543727 ], [ -87.8342943, 42.8547108 ], [ -87.8345154, 42.8550533 ], [ -87.8347686, 42.8554013 ], [ -87.8347752, 42.8554041 ], [ -87.8347767, 42.8554062 ], [ -87.8347943, 42.855435 ], [ -87.834809, 42.8554687 ], [ -87.8348243, 42.8555113 ], [ -87.8348312, 42.855525 ], [ -87.8348387, 42.8555506 ], [ -87.8348446, 42.8555693 ], [ -87.834848, 42.8555777 ], [ -87.8348524, 42.8555874 ], [ -87.8348629, 42.8556065 ], [ -87.8348742, 42.8556281 ], [ -87.8348953, 42.8556654 ], [ -87.8349208, 42.85571 ], [ -87.834953399999989, 42.8557633 ], [ -87.8349835, 42.8558088 ], [ -87.835011, 42.85585 ], [ -87.8350454, 42.855906 ], [ -87.8350807, 42.8559636 ], [ -87.8350972, 42.8559972 ], [ -87.8351223, 42.8560512 ], [ -87.8351489, 42.856118 ], [ -87.8351824, 42.8561996 ], [ -87.8352116, 42.8562714 ], [ -87.8352462, 42.8563471 ], [ -87.8352879, 42.8564339 ], [ -87.8353125, 42.8564762 ], [ -87.8353404, 42.8565059 ], [ -87.8353672, 42.8565398 ], [ -87.8353851, 42.856561 ], [ -87.8353905, 42.8565678 ], [ -87.8353935, 42.856572799999988 ], [ -87.8353755, 42.8567423 ], [ -87.8353296, 42.8567605 ], [ -87.8352134, 42.8567487 ], [ -87.8351855, 42.8568054 ], [ -87.8352092, 42.856867799999989 ], [ -87.8352581, 42.8569497 ], [ -87.8353634, 42.8570852 ], [ -87.8354794, 42.8572875 ], [ -87.8355706, 42.857456 ], [ -87.8357167, 42.8577209 ], [ -87.8358799, 42.8580528 ], [ -87.836013, 42.8583174 ], [ -87.8361055, 42.8586337 ], [ -87.8361706, 42.8587958 ], [ -87.836171, 42.858797 ], [ -87.8362264, 42.858879 ], [ -87.8363439, 42.8590385 ], [ -87.8364391, 42.859278599999989 ], [ -87.8365961, 42.8596009 ], [ -87.8367321, 42.8599704 ], [ -87.836858400000011, 42.8602444 ], [ -87.8369925, 42.8606663 ], [ -87.8370645, 42.8608296 ], [ -87.8370649, 42.86083 ], [ -87.8371281, 42.8610437 ], [ -87.8372026, 42.8612706 ], [ -87.8372653, 42.8615017 ], [ -87.8373403, 42.8617981 ], [ -87.8374092, 42.8620184 ], [ -87.8374917, 42.8621869 ], [ -87.8375767, 42.8624531 ], [ -87.8376423, 42.8625975 ], [ -87.8377277, 42.8626859 ], [ -87.8378296, 42.8628049 ], [ -87.8378838, 42.8629404 ], [ -87.83794180000001, 42.86305 ], [ -87.8380598, 42.8632994 ], [ -87.8381091, 42.8634066 ], [ -87.838119, 42.8634589 ], [ -87.8381441, 42.8635005 ], [ -87.8382988, 42.8637962 ], [ -87.8383916, 42.8640062 ], [ -87.838418, 42.8640935 ], [ -87.8384533, 42.8642633 ], [ -87.8384483, 42.8644063 ], [ -87.8384604, 42.8645649 ], [ -87.8385052, 42.8647153 ], [ -87.8385931, 42.864897 ], [ -87.838681799999989, 42.865057 ], [ -87.8386864, 42.8650602 ], [ -87.8387085, 42.8651356 ], [ -87.838696, 42.8652395 ], [ -87.8386813, 42.8653237 ], [ -87.838656, 42.865371 ], [ -87.8386868, 42.8654171 ], [ -87.8387424, 42.8654312 ], [ -87.8388285, 42.8654133 ], [ -87.838914, 42.8654128 ], [ -87.8389751, 42.8654378 ], [ -87.8390197, 42.8655102 ], [ -87.8390346, 42.8655885 ], [ -87.8390146, 42.8656532 ], [ -87.8389716, 42.8657045 ], [ -87.8389024, 42.8657422 ], [ -87.8388047, 42.8657533 ], [ -87.8387136, 42.8657472 ], [ -87.8386126, 42.8656824 ], [ -87.8385662, 42.8655796 ], [ -87.838534, 42.8654879 ], [ -87.838549, 42.8653971 ], [ -87.8385695, 42.8653173 ], [ -87.8385713, 42.8652653 ], [ -87.8385726, 42.8652306 ], [ -87.8385409, 42.8652083 ], [ -87.8384846, 42.8652159 ], [ -87.8384363, 42.8652497 ], [ -87.8384256, 42.8653015 ], [ -87.8384111, 42.8653793 ], [ -87.8384049, 42.8655527 ], [ -87.8384595, 42.8656795 ], [ -87.8385552, 42.8658071 ], [ -87.8386624, 42.8659436 ], [ -87.838787599999989, 42.8660739 ], [ -87.8389183, 42.8662109 ], [ -87.8389689, 42.8662834 ], [ -87.8389193, 42.8663497 ], [ -87.838737, 42.8664221 ], [ -87.8384546, 42.8664861 ], [ -87.8382104, 42.8665574 ], [ -87.8380588, 42.8665914 ], [ -87.8380019, 42.8666185 ], [ -87.83798560000001, 42.8666615 ], [ -87.8379872, 42.8666984 ], [ -87.8380479, 42.8667343 ], [ -87.8381155, 42.8667399 ], [ -87.8381778, 42.8667281 ], [ -87.8382582, 42.8667058 ], [ -87.8384044, 42.8666565 ], [ -87.8387647, 42.8665549 ], [ -87.8388303, 42.8665345 ], [ -87.8388739, 42.8665505 ], [ -87.8388902, 42.8665899 ], [ -87.8389707, 42.8667345 ], [ -87.8390001, 42.8667372 ], [ -87.8391434, 42.8670197 ], [ -87.8391388, 42.867025 ], [ -87.8391314, 42.867026 ], [ -87.8391949, 42.8671487 ], [ -87.8392411, 42.8672602 ], [ -87.8392223, 42.8672923 ], [ -87.839106199999989, 42.8673226 ], [ -87.8385224, 42.8674915 ], [ -87.8383917, 42.8675215 ], [ -87.838324899999989, 42.8674921 ], [ -87.8380997, 42.8673576 ], [ -87.8378666, 42.8671949 ], [ -87.8377278, 42.867034 ], [ -87.8376194, 42.8668476 ], [ -87.837612299999989, 42.8668476 ], [ -87.8376136, 42.8668453 ], [ -87.83758, 42.8667926 ], [ -87.8375536, 42.8667053 ], [ -87.8375336, 42.866603 ], [ -87.8375216, 42.8665247 ], [ -87.837499799999989, 42.8664744 ], [ -87.8374208, 42.8664578 ], [ -87.8373582, 42.8664782 ], [ -87.8373385, 42.8665364 ], [ -87.8373474, 42.8666168 ], [ -87.8373699, 42.8667322 ], [ -87.837416, 42.8668458 ], [ -87.837420200000011, 42.8668508 ], [ -87.8374573, 42.866929 ], [ -87.83755, 42.8670588 ], [ -87.8376601, 42.8671975 ], [ -87.8378114, 42.867337 ], [ -87.8379754, 42.8674529 ], [ -87.838154, 42.8675734 ], [ -87.8382522, 42.8676295 ], [ -87.8383119, 42.8676935 ], [ -87.8383646, 42.8677878 ], [ -87.8384516, 42.867913 ], [ -87.8385368, 42.8680036 ], [ -87.8385956, 42.8680069 ], [ -87.838655100000011, 42.867995 ], [ -87.8386913, 42.8679697 ], [ -87.8386963, 42.8679134 ], [ -87.8386722, 42.8678435 ], [ -87.8385874, 42.8677378 ], [ -87.8385571, 42.8676787 ], [ -87.8385818, 42.8676466 ], [ -87.8386597, 42.8676112 ], [ -87.8388375, 42.8675843 ], [ -87.8389972, 42.8675721 ], [ -87.8391999, 42.8675933 ], [ -87.839371899999989, 42.8676465 ], [ -87.8395226, 42.8677209 ], [ -87.8397158, 42.8678439 ], [ -87.839949, 42.8680023 ], [ -87.8400389, 42.8681298 ], [ -87.8401533, 42.8683141 ], [ -87.8402796, 42.8685789 ], [ -87.8404015, 42.8688025 ], [ -87.8405201, 42.8690346 ], [ -87.8405485, 42.8690373 ], [ -87.8405171, 42.8690367 ], [ -87.8405921, 42.8691661 ], [ -87.8406861, 42.8693435 ], [ -87.8408041, 42.8695106 ], [ -87.8409948, 42.869705 ], [ -87.8411314, 42.8698443 ], [ -87.8412005, 42.8699735 ], [ -87.841286, 42.8701421 ], [ -87.8413253, 42.8702817 ], [ -87.8413457, 42.8704577 ], [ -87.8413677, 42.8705861 ], [ -87.8414351, 42.8706806 ], [ -87.8415031, 42.87076 ], [ -87.8416412, 42.8708581 ], [ -87.8417833, 42.8709236 ], [ -87.8418722, 42.8709947 ], [ -87.8418845, 42.8710644 ], [ -87.8418546, 42.8710768 ], [ -87.8418114, 42.8710478 ], [ -87.8417589, 42.8710316 ], [ -87.8417082, 42.871048 ], [ -87.8416832, 42.8710866 ], [ -87.8417082, 42.8711304 ], [ -87.8417538, 42.8711768 ], [ -87.841799, 42.8712319 ], [ -87.841882, 42.871387399999989 ], [ -87.8419934, 42.8715739 ], [ -87.8420616, 42.8717292 ], [ -87.8421079, 42.8718385 ], [ -87.8421588, 42.8719002 ], [ -87.8422118, 42.8719012 ], [ -87.8422596, 42.8718847 ], [ -87.8422759, 42.8718395 ], [ -87.8422713, 42.8718047 ], [ -87.8423214, 42.8718057 ], [ -87.842400400000017, 42.8718224 ], [ -87.8425071, 42.8718894 ], [ -87.8425894, 42.8719821 ], [ -87.8427136, 42.872138399999983 ], [ -87.8427905, 42.8723004 ], [ -87.8428046, 42.8724004 ], [ -87.842842499999989, 42.8724987 ], [ -87.8429211, 42.8726086 ], [ -87.8430229, 42.872732 ], [ -87.8430834, 42.8728568 ], [ -87.8432016, 42.8730173 ], [ -87.8432658, 42.8731205 ], [ -87.8433567, 42.8732198 ], [ -87.8433659, 42.8732203 ], [ -87.8433748, 42.8732917 ], [ -87.8433555, 42.8733369 ], [ -87.8432868, 42.8734462 ], [ -87.8432633, 42.8735281 ], [ -87.8432551, 42.8736754 ], [ -87.8432425, 42.8738682 ], [ -87.8432508, 42.8740505 ], [ -87.8432131, 42.874117 ], [ -87.843147, 42.8741505 ], [ -87.8431071, 42.8741974 ], [ -87.8430835, 42.8742815 ], [ -87.8430746, 42.8743659 ], [ -87.8430981, 42.8744531 ], [ -87.843117, 42.8745012 ], [ -87.8431523, 42.8746165 ], [ -87.8431513, 42.8746458 ], [ -87.8431545, 42.87474 ], [ -87.8431582, 42.8747929 ], [ -87.8431667, 42.8748181 ], [ -87.8432183, 42.8749424 ], [ -87.8432259, 42.874966 ], [ -87.8432649, 42.8750491 ], [ -87.8432769, 42.8750799 ], [ -87.8433042, 42.8751784 ], [ -87.8433077, 42.8751872 ], [ -87.8433177, 42.8752463 ], [ -87.8433355, 42.8752965 ], [ -87.8433655, 42.8753719 ], [ -87.8433871, 42.8754206 ], [ -87.8434108, 42.8754649 ], [ -87.8434391, 42.8755088 ], [ -87.8434551, 42.8755319 ], [ -87.8434672, 42.8755587 ], [ -87.8434714, 42.8755727 ], [ -87.8434708, 42.8755888 ], [ -87.843463, 42.8756253 ], [ -87.843462699999989, 42.875633 ], [ -87.8434726, 42.8756692 ], [ -87.8434903, 42.8757772 ], [ -87.8435146, 42.8758557 ], [ -87.843530199999989, 42.8759166 ], [ -87.8435424, 42.875993799999989 ], [ -87.8435481, 42.8760175 ], [ -87.8435566, 42.8760418 ], [ -87.8435785, 42.8760815 ], [ -87.8436042, 42.8761197 ], [ -87.843637199999989, 42.8761636 ], [ -87.8436529, 42.8761937 ], [ -87.8436642, 42.8762197 ], [ -87.8436726, 42.876246 ], [ -87.843685, 42.8762912 ], [ -87.8436766, 42.8763427 ], [ -87.843675, 42.8763616 ], [ -87.8436795, 42.8763933 ], [ -87.8436836, 42.8764108 ], [ -87.8437025, 42.8764555 ], [ -87.8437175, 42.8764797 ], [ -87.84373, 42.876497799999989 ], [ -87.8437541, 42.8765263 ], [ -87.8438854, 42.8766421 ], [ -87.8439241, 42.8766823 ], [ -87.8439509, 42.8767155 ], [ -87.8439784, 42.8767543 ], [ -87.8439998, 42.8767843 ], [ -87.8440209, 42.8768213 ], [ -87.84402510000001, 42.8768327 ], [ -87.8440307, 42.8768606 ], [ -87.844034, 42.8768991 ], [ -87.8440367, 42.8769545 ], [ -87.8440451, 42.8770601 ], [ -87.8440422, 42.877092 ], [ -87.8440386, 42.8771127 ], [ -87.8440229, 42.8771607 ], [ -87.844017, 42.8771691 ], [ -87.843992, 42.8771918 ], [ -87.8439749, 42.8772004 ], [ -87.8439324, 42.8772161 ], [ -87.8439237, 42.8772232 ], [ -87.8439198, 42.8772283 ], [ -87.8439157, 42.8772381 ], [ -87.8439135, 42.8772495 ], [ -87.843914, 42.8772607 ], [ -87.8439346, 42.8773128 ], [ -87.8439705, 42.8773784 ], [ -87.843986, 42.8774144 ], [ -87.8440044, 42.8774772 ], [ -87.844017, 42.8775146 ], [ -87.8440421, 42.8775728 ], [ -87.8440925, 42.8777031 ], [ -87.8441181, 42.8778242 ], [ -87.8441495, 42.8779129 ], [ -87.844157, 42.8779381 ], [ -87.8441704, 42.8779831 ], [ -87.8441761, 42.8780076 ], [ -87.8441782, 42.8780253 ], [ -87.8441813, 42.8780443 ], [ -87.844186, 42.8780687 ], [ -87.8441961, 42.8781011 ], [ -87.8442103, 42.8781231 ], [ -87.8442283, 42.8781415 ], [ -87.8442522, 42.8781509 ], [ -87.844281, 42.8781548 ], [ -87.8443061, 42.878156 ], [ -87.8443247, 42.8781598 ], [ -87.8443357, 42.8781636 ], [ -87.8443449, 42.8781686 ], [ -87.8443576, 42.8781776 ], [ -87.8443882, 42.8782112 ], [ -87.8443953, 42.8782213 ], [ -87.844402, 42.878243 ], [ -87.8444115, 42.8782651 ], [ -87.8444237, 42.878289 ], [ -87.8444388, 42.8783108 ], [ -87.8444606, 42.8783275 ], [ -87.8444762, 42.8783353 ], [ -87.844501, 42.8783449 ], [ -87.8445137, 42.8783566 ], [ -87.8445225, 42.8783721 ], [ -87.8445322, 42.8784136 ], [ -87.8445382, 42.8784557 ], [ -87.8445386, 42.8784713 ], [ -87.8445324, 42.8784873 ], [ -87.8445209, 42.8785215 ], [ -87.8445043, 42.8785704 ], [ -87.8444999, 42.8785903 ], [ -87.844499399999989, 42.8786029 ], [ -87.8445052, 42.878652099999989 ], [ -87.8445054, 42.8786711 ], [ -87.8444984, 42.8787131 ], [ -87.8444817, 42.8787622 ], [ -87.844454, 42.8788588 ], [ -87.8444485, 42.8788834 ], [ -87.8444526, 42.8789271 ], [ -87.844454399999989, 42.8789817 ], [ -87.84446, 42.879033299999989 ], [ -87.8444612, 42.8790814 ], [ -87.8444574, 42.8791085 ], [ -87.8444614, 42.8791281 ], [ -87.8444691, 42.8791464 ], [ -87.8443984, 42.8791416 ], [ -87.8443958, 42.879163399999982 ], [ -87.844470199999989, 42.8791685 ], [ -87.8444724, 42.8791868 ], [ -87.8444719, 42.8792008 ], [ -87.8444629, 42.8792431 ], [ -87.8444604, 42.8792627 ], [ -87.8444632, 42.8792891 ], [ -87.844471399999989, 42.8793213 ], [ -87.8444766, 42.8793331 ], [ -87.8444899, 42.8793534 ], [ -87.8445438, 42.8794126 ], [ -87.8445472, 42.8794195 ], [ -87.8445531, 42.8794391 ], [ -87.844647, 42.8796082 ], [ -87.8446561, 42.8796282 ], [ -87.8446559, 42.8796285 ], [ -87.8444031, 42.8802731 ], [ -87.8444032, 42.8802734 ], [ -87.8444055, 42.880407 ], [ -87.8444878, 42.8808392 ], [ -87.8445327, 42.8808429 ], [ -87.844668399999989, 42.8808191 ], [ -87.8448302, 42.8807592 ], [ -87.8449457, 42.8808808 ], [ -87.8450841, 42.8810553 ], [ -87.8451345, 42.8811346 ], [ -87.8451731, 42.8811795 ], [ -87.8451901, 42.881200799999988 ], [ -87.8452058, 42.8812316 ], [ -87.8452265, 42.8812794 ], [ -87.8452553, 42.8813356 ], [ -87.8453158, 42.8814729 ], [ -87.8453502, 42.8815311 ], [ -87.8453785, 42.8815741 ], [ -87.8454238, 42.881638 ], [ -87.845464, 42.8816896 ], [ -87.845477699999989, 42.8817238 ], [ -87.8455058, 42.8817743 ], [ -87.8455262, 42.881806 ], [ -87.845546399999989, 42.8818423 ], [ -87.845569, 42.8818893 ], [ -87.8456067, 42.8819843 ], [ -87.8456127, 42.881998 ], [ -87.8456341, 42.8820548 ], [ -87.8456737, 42.8822068 ], [ -87.8456957, 42.8822914 ], [ -87.8457099, 42.8823393 ], [ -87.845867, 42.8829029 ], [ -87.845951, 42.8830823 ], [ -87.8460672, 42.883405 ], [ -87.8462114, 42.8837633 ], [ -87.8462471, 42.8838275 ], [ -87.8462997, 42.883962 ], [ -87.8463125, 42.884051299999989 ], [ -87.8463281, 42.8841465 ], [ -87.8462169, 42.8841907 ], [ -87.845540500000013, 42.8844529 ], [ -87.8454686, 42.884482 ], [ -87.8445643, 42.8848319 ], [ -87.8444999, 42.8848579 ], [ -87.8442322, 42.8849619 ], [ -87.8441867, 42.8849811 ], [ -87.8437846, 42.885138 ], [ -87.8437372, 42.8851603 ], [ -87.8437124, 42.8851763 ], [ -87.843691299999989, 42.8851921 ], [ -87.8436527, 42.8852284 ], [ -87.8436419, 42.8852426 ], [ -87.843625, 42.8852714 ], [ -87.8436149, 42.885295 ], [ -87.8436064, 42.8853229 ], [ -87.8435997, 42.8853539 ], [ -87.8435956, 42.8853924 ], [ -87.8435909, 42.8854731 ], [ -87.8435884, 42.8855711 ], [ -87.843589100000017, 42.8856296 ], [ -87.8435887, 42.885694799999989 ], [ -87.8435493, 42.8866296 ], [ -87.843504700000011, 42.8881897 ], [ -87.8434788, 42.8889536 ], [ -87.8434661, 42.8893696 ], [ -87.8434421, 42.8901034 ], [ -87.8434502, 42.8901935 ], [ -87.8434869, 42.890264 ], [ -87.8435232, 42.8902943 ], [ -87.8435659, 42.8903265 ], [ -87.8436062, 42.8903481 ], [ -87.8436689, 42.8903703 ], [ -87.8437253, 42.8903841 ], [ -87.843795, 42.8903928 ], [ -87.844265, 42.890400899999989 ], [ -87.845927, 42.8904328 ], [ -87.8459341, 42.8905089 ], [ -87.8459306, 42.8906071 ], [ -87.845954400000011, 42.8907386 ], [ -87.845995800000011, 42.8908288 ], [ -87.84609, 42.890914 ], [ -87.8461548, 42.8910283 ], [ -87.8461529, 42.8910819 ], [ -87.8464916, 42.8915887 ], [ -87.8468156, 42.892396 ], [ -87.8470226, 42.8928466 ], [ -87.8471144, 42.8931221 ], [ -87.8471174, 42.893131 ] ] ] } },
{ "type": "Feature", "properties": { "rep_unit_id": 438, "ward": "C. Oak Creek Ward 12", "county": "MILWAUKEE" }, "geometry": { "type": "Polygon", "coordinates": [ [ [ -87.8722962, 42.8935489 ], [ -87.8755024, 42.8935594 ], [ -87.8767967, 42.8935635 ], [ -87.8820978, 42.8935805 ], [ -87.8837803, 42.8935924 ], [ -87.8841321, 42.8935949 ], [ -87.8848092, 42.8935996 ], [ -87.885149, 42.893602 ], [ -87.885488, 42.8936044 ], [ -87.8862876, 42.8936099 ], [ -87.8870315, 42.8936151 ], [ -87.8873395, 42.8936173 ], [ -87.890224, 42.893634 ], [ -87.891553, 42.893643 ], [ -87.891908, 42.893646 ], [ -87.891997, 42.893647 ], [ -87.891924, 42.89306 ], [ -87.891841, 42.892413 ], [ -87.891813, 42.892191 ], [ -87.891761, 42.891765 ], [ -87.891646, 42.89087 ], [ -87.891555, 42.890153 ], [ -87.891493, 42.889632 ], [ -87.891414, 42.889044 ], [ -87.891338, 42.888431 ], [ -87.891258, 42.887826 ], [ -87.891251, 42.887773 ], [ -87.891179, 42.887185 ], [ -87.8910959, 42.8863752 ], [ -87.8913202, 42.8863766 ], [ -87.891992, 42.886377 ], [ -87.892223, 42.886379 ], [ -87.892238, 42.886075 ], [ -87.892285, 42.885166 ], [ -87.892301, 42.884863 ], [ -87.8923245, 42.8843248 ], [ -87.8923387, 42.8840505 ], [ -87.8923529, 42.8837763 ], [ -87.8923815, 42.8832225 ], [ -87.8924064, 42.8827414 ], [ -87.892459, 42.881798 ], [ -87.892473, 42.881534 ], [ -87.892478, 42.881443 ], [ -87.8925233, 42.8804787 ], [ -87.8925945, 42.879100799999989 ], [ -87.8925974, 42.8790407 ], [ -87.8926382, 42.8781941 ], [ -87.8927097, 42.876714799999988 ], [ -87.8927289, 42.8763172 ], [ -87.892742, 42.876043 ], [ -87.8927599, 42.8756728 ], [ -87.892777099999989, 42.8753164 ], [ -87.8927829, 42.8751969 ], [ -87.8927868, 42.8751157 ], [ -87.8927943, 42.8749609 ], [ -87.8928079, 42.8746794 ], [ -87.8928264, 42.8742965 ], [ -87.8928401, 42.8740108 ], [ -87.8928433, 42.8739458 ], [ -87.8928433, 42.8739455 ], [ -87.8928572, 42.8736576 ], [ -87.8928579, 42.8736426 ], [ -87.8928711, 42.8733697 ], [ -87.8928777, 42.8732326 ], [ -87.8928916, 42.8729447 ], [ -87.8929016, 42.8727377 ], [ -87.8929055, 42.8726568 ], [ -87.8929161, 42.8724361 ], [ -87.8929168, 42.8724237 ], [ -87.8929253, 42.8722457 ], [ -87.8929452, 42.8718344 ], [ -87.8895771, 42.8718116 ], [ -87.8895738, 42.8718116 ], [ -87.8894448, 42.8718107 ], [ -87.8894396, 42.8718107 ], [ -87.8892573, 42.8718094 ], [ -87.8892521, 42.8718094 ], [ -87.8890698, 42.8718082 ], [ -87.8890647, 42.8718081 ], [ -87.8871296, 42.871795 ], [ -87.887055, 42.8717945 ], [ -87.8855028, 42.8717839 ], [ -87.8781457, 42.8717407 ], [ -87.8781443, 42.8717407 ], [ -87.8768677, 42.8717338 ], [ -87.8751891, 42.8717247 ], [ -87.8751145, 42.8717243 ], [ -87.8732664, 42.8717142 ], [ -87.8726825, 42.8717051 ], [ -87.8717783, 42.871691 ], [ -87.8713891, 42.871685 ], [ -87.8711945, 42.8716819 ], [ -87.8708009, 42.8716758 ], [ -87.870379, 42.8716692 ], [ -87.8701995, 42.8716664 ], [ -87.870006, 42.871663399999989 ], [ -87.8698904, 42.871661599999989 ], [ -87.8698606, 42.8716611 ], [ -87.8696666, 42.8716581 ], [ -87.8696368, 42.8716576 ], [ -87.8694429, 42.8716546 ], [ -87.869413, 42.8716541 ], [ -87.8693531, 42.8716532 ], [ -87.8692191, 42.8716511 ], [ -87.8691893, 42.8716506 ], [ -87.8689965, 42.8716476 ], [ -87.8689655, 42.8716471 ], [ -87.868700600000011, 42.871643 ], [ -87.868690199999989, 42.8716428 ], [ -87.8686553, 42.8716422 ], [ -87.8683855, 42.8716381 ], [ -87.868144, 42.8716343 ], [ -87.8679723, 42.8716316 ], [ -87.8677668, 42.8716284 ], [ -87.8674828, 42.8716239 ], [ -87.8673934, 42.8716225 ], [ -87.867391, 42.872055 ], [ -87.867339, 42.872984 ], [ -87.86729, 42.873176 ], [ -87.867259, 42.873356 ], [ -87.867251, 42.87341 ], [ -87.867187, 42.873602 ], [ -87.867205, 42.873675 ], [ -87.867298, 42.873724 ], [ -87.867755, 42.873824 ], [ -87.867899, 42.873856 ], [ -87.868613, 42.873897 ], [ -87.869153, 42.873951 ], [ -87.86962, 42.873999 ], [ -87.869594, 42.874166 ], [ -87.869569, 42.874329 ], [ -87.869556, 42.874671 ], [ -87.869551, 42.874841 ], [ -87.868985, 42.874838 ], [ -87.868814, 42.874838 ], [ -87.8685361, 42.8748723 ], [ -87.8681425, 42.8749541 ], [ -87.8681346, 42.8749555 ], [ -87.8681111, 42.8749594 ], [ -87.8680876, 42.8749631 ], [ -87.8680639, 42.8749667 ], [ -87.8680403, 42.87497 ], [ -87.8680166, 42.8749731 ], [ -87.8679928, 42.874976 ], [ -87.867969, 42.8749787 ], [ -87.8679451, 42.8749811 ], [ -87.8679212, 42.8749834 ], [ -87.86789730000001, 42.8749854 ], [ -87.8678733, 42.8749873 ], [ -87.867849299999989, 42.8749889 ], [ -87.8678253, 42.8749903 ], [ -87.8678012, 42.8749915 ], [ -87.8677772, 42.8749925 ], [ -87.8677531, 42.8749932 ], [ -87.867729, 42.8749938 ], [ -87.8677049, 42.8749942 ], [ -87.8676808, 42.8749943 ], [ -87.8676567, 42.8749942 ], [ -87.8676326, 42.8749939 ], [ -87.867222200000015, 42.8749862 ], [ -87.866739, 42.875019 ], [ -87.866662, 42.874904 ], [ -87.866532, 42.874815 ], [ -87.866192, 42.874689 ], [ -87.866079, 42.874647 ], [ -87.864957, 42.874288 ], [ -87.86458, 42.87416 ], [ -87.864385, 42.874052 ], [ -87.864345, 42.874017 ], [ -87.864253, 42.873935 ], [ -87.86417, 42.873796 ], [ -87.864142, 42.873667 ], [ -87.864148, 42.873427 ], [ -87.863416, 42.873414 ], [ -87.863401, 42.873411 ], [ -87.86316, 42.873364 ], [ -87.861751, 42.872603 ], [ -87.861618, 42.872467 ], [ -87.861553, 42.872306 ], [ -87.861553, 42.872275 ], [ -87.8615669, 42.8715319 ], [ -87.8614014, 42.8715294 ], [ -87.8609122, 42.8715219 ], [ -87.8608598, 42.8715211 ], [ -87.8605891, 42.8715169 ], [ -87.8604274, 42.8715144 ], [ -87.8603183, 42.8715128 ], [ -87.8600475, 42.8715086 ], [ -87.8597768, 42.8715044 ], [ -87.858984, 42.871489 ], [ -87.8592874, 42.8719214 ], [ -87.8593427, 42.8720414 ], [ -87.8596425, 42.872682499999989 ], [ -87.8597555, 42.8729243 ], [ -87.8599639, 42.8733675 ], [ -87.8600302, 42.8735085 ], [ -87.860148, 42.873759 ], [ -87.8602385, 42.8739516 ], [ -87.8602819, 42.8740439 ], [ -87.860356, 42.8742013 ], [ -87.8604903, 42.8744871 ], [ -87.860495, 42.874497 ], [ -87.8605538, 42.8746221 ], [ -87.8606276, 42.874779 ], [ -87.8608037, 42.8751536 ], [ -87.860953099999989, 42.8754737 ], [ -87.86121, 42.876199 ], [ -87.861233, 42.876266 ], [ -87.861303, 42.876468 ], [ -87.861327, 42.876536 ], [ -87.861358, 42.876627 ], [ -87.861453, 42.8769 ], [ -87.861485, 42.876991 ], [ -87.861513, 42.877079 ], [ -87.861599, 42.877344 ], [ -87.861628, 42.877433 ], [ -87.861838, 42.878088 ], [ -87.86247, 42.880055 ], [ -87.862681, 42.880711 ], [ -87.86272, 42.880835 ], [ -87.86284, 42.881207 ], [ -87.86288, 42.881331 ], [ -87.86293, 42.881321 ], [ -87.863081, 42.881295 ], [ -87.863132, 42.881287 ], [ -87.863373, 42.881245 ], [ -87.864098, 42.88112 ], [ -87.86434, 42.881079 ], [ -87.864585, 42.881036 ], [ -87.865321, 42.880908 ], [ -87.865567, 42.880866 ], [ -87.86567, 42.88117 ], [ -87.865789, 42.881333 ], [ -87.866008, 42.881481 ], [ -87.866269, 42.881561 ], [ -87.866489, 42.881575 ], [ -87.868384, 42.881489 ], [ -87.869178, 42.881453 ], [ -87.869506, 42.881421 ], [ -87.869969, 42.881378 ], [ -87.870482, 42.881271 ], [ -87.870806, 42.881205 ], [ -87.871027, 42.881159 ], [ -87.871167, 42.88113 ], [ -87.87153, 42.881098 ], [ -87.8717, 42.881098 ], [ -87.871926, 42.881098 ], [ -87.872093, 42.881102 ], [ -87.872596, 42.881114 ], [ -87.872764, 42.881119 ], [ -87.8727453, 42.8814348 ], [ -87.872734, 42.8816873 ], [ -87.8727116, 42.8821875 ], [ -87.872632, 42.883964 ], [ -87.8726196, 42.8842391 ], [ -87.8726085, 42.8844861 ], [ -87.8725956, 42.8847758 ], [ -87.8725826, 42.8850658 ], [ -87.8725779, 42.8851709 ], [ -87.8725698, 42.8853505 ], [ -87.8725656, 42.8854449 ], [ -87.8725273, 42.8862981 ], [ -87.8725058, 42.8869729 ], [ -87.8724971, 42.8872468 ], [ -87.872483, 42.887831 ], [ -87.872479, 42.887958 ], [ -87.872466, 42.888341 ], [ -87.872463, 42.888469 ], [ -87.872443, 42.889076 ], [ -87.872385, 42.890897 ], [ -87.872366, 42.891505 ], [ -87.872358, 42.891737 ], [ -87.872336, 42.892435 ], [ -87.872329, 42.892668 ], [ -87.872323, 42.892843 ], [ -87.872306, 42.89337 ], [ -87.8722962, 42.8935489 ] ] ] } },
{ "type": "Feature", "properties": { "rep_unit_id": 439, "ward": "C. Oak Creek Ward 13", "county": "MILWAUKEE" }, "geometry": { "type": "Polygon", "coordinates": [ [ [ -87.932366, 42.872442 ], [ -87.933936, 42.872454 ], [ -87.933985, 42.872456 ], [ -87.937125, 42.872504 ], [ -87.937354, 42.872507 ], [ -87.93799, 42.872515 ], [ -87.940253, 42.872545 ], [ -87.940479, 42.872548 ], [ -87.940697, 42.872551 ], [ -87.941008, 42.872555 ], [ -87.942284, 42.872571 ], [ -87.942687, 42.872575 ], [ -87.943896, 42.872586 ], [ -87.944299, 42.872591 ], [ -87.945693, 42.872604 ], [ -87.949877, 42.872646 ], [ -87.9512674, 42.8726487 ], [ -87.9513354, 42.8698576 ], [ -87.9513377, 42.8697335 ], [ -87.9513952, 42.867368 ], [ -87.9514427, 42.8653856 ], [ -87.9516094, 42.8581291 ], [ -87.9513108, 42.858125 ], [ -87.9498864, 42.8581052 ], [ -87.9493194, 42.8580974 ], [ -87.9493186, 42.8580974 ], [ -87.9491483, 42.858095 ], [ -87.9486397, 42.858088 ], [ -87.9484228, 42.858085 ], [ -87.9483351, 42.8580837 ], [ -87.9480304, 42.8580795 ], [ -87.9479179, 42.8580779 ], [ -87.9472164, 42.8580682 ], [ -87.9472121, 42.8580682 ], [ -87.9471598, 42.8580674 ], [ -87.9465452, 42.8580589 ], [ -87.9461723, 42.8580537 ], [ -87.9461686, 42.8580536 ], [ -87.9458069, 42.8580486 ], [ -87.9450686, 42.8580384 ], [ -87.9449567, 42.8580368 ], [ -87.9445167, 42.8580307 ], [ -87.9439565, 42.8580229 ], [ -87.9424803, 42.8580021 ], [ -87.9424691, 42.8580019 ], [ -87.9420554, 42.8579957 ], [ -87.9417881, 42.8579917 ], [ -87.941751599999989, 42.8579911 ], [ -87.941458900000015, 42.8579867 ], [ -87.9402878, 42.8579692 ], [ -87.9397003, 42.8579603 ], [ -87.9391133, 42.8579515 ], [ -87.9390699, 42.8579508 ], [ -87.937884, 42.85793 ], [ -87.93738, 42.857922 ], [ -87.936594, 42.85791 ], [ -87.936332, 42.857906 ], [ -87.935626, 42.857895 ], [ -87.933509, 42.857863 ], [ -87.932804, 42.857853 ], [ -87.9318546, 42.8578427 ], [ -87.9314071, 42.8578363 ], [ -87.9310342, 42.857831 ], [ -87.9305867, 42.8578246 ], [ -87.9303647, 42.8578214 ], [ -87.929891, 42.8578147 ], [ -87.9295551, 42.8578099 ], [ -87.9292599, 42.8578057 ], [ -87.9287565, 42.8577984 ], [ -87.9283432, 42.8577925 ], [ -87.9279318, 42.8577867 ], [ -87.9270645, 42.8577742 ], [ -87.9268176, 42.8577707 ], [ -87.9264105, 42.8577649 ], [ -87.9263788, 42.8577644 ], [ -87.9260735, 42.8577601 ], [ -87.925987, 42.8577588 ], [ -87.9256518, 42.857754 ], [ -87.9254636, 42.8577513 ], [ -87.9253597, 42.8577498 ], [ -87.9252783, 42.8577486 ], [ -87.9251016, 42.8577461 ], [ -87.9241803, 42.8577329 ], [ -87.9240932, 42.8577316 ], [ -87.9239938, 42.8577302 ], [ -87.9238127, 42.8577276 ], [ -87.923807400000015, 42.8577276 ], [ -87.9234386, 42.8577223 ], [ -87.9230643, 42.8577169 ], [ -87.922877899999989, 42.8577141 ], [ -87.922505, 42.8577085 ], [ -87.9223186, 42.8577057 ], [ -87.9221322, 42.8577029 ], [ -87.9219457, 42.8577001 ], [ -87.9216847, 42.8576961 ], [ -87.9212676, 42.8576899 ], [ -87.9208383, 42.8576834 ], [ -87.9206108, 42.85768 ], [ -87.920346099999989, 42.857676 ], [ -87.920237899999989, 42.8576743 ], [ -87.9196805, 42.857666 ], [ -87.9191898, 42.8576586 ], [ -87.9186991, 42.8576512 ], [ -87.9184516, 42.8576474 ], [ -87.9182299, 42.8576441 ], [ -87.9181801, 42.8576433 ], [ -87.9174015, 42.8576316 ], [ -87.917133, 42.857622 ], [ -87.9119032, 42.8575546 ], [ -87.9095818, 42.8575296 ], [ -87.9083438, 42.8575162 ], [ -87.9079709, 42.8575122 ], [ -87.907598, 42.8575081 ], [ -87.9072263, 42.8575041 ], [ -87.9064869, 42.8574961 ], [ -87.905875, 42.857486 ], [ -87.905379, 42.85748 ], [ -87.903892, 42.857464 ], [ -87.903397, 42.857459 ], [ -87.9032708, 42.8610828 ], [ -87.9032225, 42.8625256 ], [ -87.9032102, 42.8628925 ], [ -87.9031911, 42.863465 ], [ -87.9031455, 42.8648126 ], [ -87.9031444, 42.8648402 ], [ -87.9031248, 42.8653479 ], [ -87.9031197, 42.8654791 ], [ -87.9031148, 42.8656085 ], [ -87.9030799, 42.866514099999989 ], [ -87.90339, 42.866515 ], [ -87.904308, 42.866527 ], [ -87.904614, 42.866531 ], [ -87.905166, 42.866538 ], [ -87.906822, 42.866559 ], [ -87.907375, 42.866566 ], [ -87.90739, 42.866441 ], [ -87.90741, 42.866276 ], [ -87.907513, 42.866091 ], [ -87.907575, 42.865982 ], [ -87.907864, 42.866047 ], [ -87.907876, 42.86605 ], [ -87.908171, 42.86606 ], [ -87.908299, 42.866065 ], [ -87.908547, 42.866096 ], [ -87.908744, 42.866147 ], [ -87.908784, 42.866158 ], [ -87.90902, 42.866257 ], [ -87.909222, 42.86634 ], [ -87.909257, 42.866355 ], [ -87.909514, 42.866421 ], [ -87.909741, 42.866449 ], [ -87.909868, 42.866451 ], [ -87.910088, 42.866456 ], [ -87.910101, 42.866339 ], [ -87.910124, 42.866155 ], [ -87.910204, 42.866031 ], [ -87.910217, 42.86602 ], [ -87.910309, 42.865947 ], [ -87.910476, 42.866039 ], [ -87.910516, 42.866049 ], [ -87.910661, 42.866086 ], [ -87.911211, 42.866097 ], [ -87.911444, 42.866103 ], [ -87.91165, 42.866105 ], [ -87.912271, 42.866113 ], [ -87.912478, 42.866116 ], [ -87.912584, 42.866117 ], [ -87.912903, 42.866121 ], [ -87.91301, 42.866123 ], [ -87.913004, 42.866279 ], [ -87.912987, 42.86675 ], [ -87.912982, 42.866907 ], [ -87.912965, 42.867361 ], [ -87.912916, 42.868727 ], [ -87.9129, 42.869182 ], [ -87.912899, 42.869201 ], [ -87.912878, 42.869773 ], [ -87.912817, 42.87149 ], [ -87.912797, 42.872063 ], [ -87.914689, 42.8721 ], [ -87.920367, 42.872214 ], [ -87.922241, 42.872252 ], [ -87.92226, 42.872252 ], [ -87.922654, 42.872259 ], [ -87.92384, 42.872283 ], [ -87.924235, 42.872291 ], [ -87.932366, 42.872442 ] ] ] } },
{ "type": "Feature", "properties": { "rep_unit_id": 440, "ward": "C. Oak Creek Ward 14", "county": "MILWAUKEE" }, "geometry": { "type": "Polygon", "coordinates": [ [ [ -87.903397, 42.857459 ], [ -87.903892, 42.857464 ], [ -87.905379, 42.85748 ], [ -87.905875, 42.857486 ], [ -87.9064869, 42.8574961 ], [ -87.9072263, 42.8575041 ], [ -87.907598, 42.8575081 ], [ -87.9079709, 42.8575122 ], [ -87.9083438, 42.8575162 ], [ -87.9095818, 42.8575296 ], [ -87.9119032, 42.8575546 ], [ -87.917133, 42.857622 ], [ -87.9174015, 42.8576316 ], [ -87.9181801, 42.8576433 ], [ -87.9182299, 42.8576441 ], [ -87.9184516, 42.8576474 ], [ -87.9186991, 42.8576512 ], [ -87.9191898, 42.8576586 ], [ -87.9196805, 42.857666 ], [ -87.920237899999989, 42.8576743 ], [ -87.920346099999989, 42.857676 ], [ -87.9206108, 42.85768 ], [ -87.9208383, 42.8576834 ], [ -87.9212676, 42.8576899 ], [ -87.9216847, 42.8576961 ], [ -87.9219457, 42.8577001 ], [ -87.9221322, 42.8577029 ], [ -87.9223186, 42.8577057 ], [ -87.922505, 42.8577085 ], [ -87.922877899999989, 42.8577141 ], [ -87.9230643, 42.8577169 ], [ -87.9234386, 42.8577223 ], [ -87.923807400000015, 42.8577276 ], [ -87.9238127, 42.8577276 ], [ -87.9239938, 42.8577302 ], [ -87.9240932, 42.8577316 ], [ -87.9241803, 42.8577329 ], [ -87.9251016, 42.8577461 ], [ -87.9252783, 42.8577486 ], [ -87.9253597, 42.8577498 ], [ -87.9254636, 42.8577513 ], [ -87.9256518, 42.857754 ], [ -87.925987, 42.8577588 ], [ -87.9260735, 42.8577601 ], [ -87.9263788, 42.8577644 ], [ -87.9264105, 42.8577649 ], [ -87.9268176, 42.8577707 ], [ -87.9270645, 42.8577742 ], [ -87.9279318, 42.8577867 ], [ -87.9283432, 42.8577925 ], [ -87.9287565, 42.8577984 ], [ -87.9292599, 42.8578057 ], [ -87.9295551, 42.8578099 ], [ -87.929891, 42.8578147 ], [ -87.9303647, 42.8578214 ], [ -87.9305867, 42.8578246 ], [ -87.9310342, 42.857831 ], [ -87.9314071, 42.8578363 ], [ -87.9318546, 42.8578427 ], [ -87.932804, 42.857853 ], [ -87.933509, 42.857863 ], [ -87.935626, 42.857895 ], [ -87.936332, 42.857906 ], [ -87.936594, 42.85791 ], [ -87.93738, 42.857922 ], [ -87.937884, 42.85793 ], [ -87.9390699, 42.8579508 ], [ -87.9391133, 42.8579515 ], [ -87.9397003, 42.8579603 ], [ -87.9402878, 42.8579692 ], [ -87.941458900000015, 42.8579867 ], [ -87.941751599999989, 42.8579911 ], [ -87.9417881, 42.8579917 ], [ -87.9420554, 42.8579957 ], [ -87.9424691, 42.8580019 ], [ -87.9424803, 42.8580021 ], [ -87.9439565, 42.8580229 ], [ -87.9445167, 42.8580307 ], [ -87.9449567, 42.8580368 ], [ -87.9450686, 42.8580384 ], [ -87.9458069, 42.8580486 ], [ -87.9461686, 42.8580536 ], [ -87.9461723, 42.8580537 ], [ -87.9465452, 42.8580589 ], [ -87.9471598, 42.8580674 ], [ -87.9472121, 42.8580682 ], [ -87.9472164, 42.8580682 ], [ -87.9479179, 42.8580779 ], [ -87.9480304, 42.8580795 ], [ -87.9483351, 42.8580837 ], [ -87.9484228, 42.858085 ], [ -87.9486397, 42.858088 ], [ -87.9491483, 42.858095 ], [ -87.9493186, 42.8580974 ], [ -87.9493194, 42.8580974 ], [ -87.9498864, 42.8581052 ], [ -87.9513108, 42.858125 ], [ -87.9516094, 42.8581291 ], [ -87.9516115, 42.8580385 ], [ -87.951703099999989, 42.8548458 ], [ -87.951818300000014, 42.8508352 ], [ -87.951951799999989, 42.8450719 ], [ -87.951966, 42.844478 ], [ -87.951987699999989, 42.8435501 ], [ -87.9511684, 42.8435401 ], [ -87.9508962, 42.8435368 ], [ -87.9433455, 42.8434452 ], [ -87.9429065, 42.8434398 ], [ -87.9428188, 42.8434387 ], [ -87.933531699999989, 42.8432968 ], [ -87.9330051, 42.8432887 ], [ -87.9309582, 42.8432674 ], [ -87.9268326, 42.8432245 ], [ -87.9237631, 42.8431924 ], [ -87.9232103, 42.8431866 ], [ -87.914002, 42.8430593 ], [ -87.9139731, 42.8430589 ], [ -87.9133887, 42.8430508 ], [ -87.9041288, 42.8429316 ], [ -87.9035751, 42.8429244 ], [ -87.9030979, 42.8429181 ], [ -87.8942828, 42.8428007 ], [ -87.8939724, 42.8427966 ], [ -87.8937636, 42.8427938 ], [ -87.8937591, 42.8431077 ], [ -87.8937588, 42.8431284 ], [ -87.8937519, 42.8435737 ], [ -87.89374, 42.8443364 ], [ -87.8937234, 42.8454111 ], [ -87.89372, 42.8456281 ], [ -87.893915, 42.845627 ], [ -87.893912, 42.845695 ], [ -87.893885, 42.846471 ], [ -87.893877, 42.84673 ], [ -87.89422, 42.846735 ], [ -87.895251, 42.846751 ], [ -87.895595, 42.846757 ], [ -87.895577, 42.847821 ], [ -87.895561, 42.848697 ], [ -87.895527, 42.848966 ], [ -87.89552, 42.848977 ], [ -87.89536, 42.849253 ], [ -87.895314, 42.849391 ], [ -87.895304, 42.84978 ], [ -87.895297, 42.850065 ], [ -87.895836, 42.850072 ], [ -87.897456, 42.850096 ], [ -87.897996, 42.850104 ], [ -87.902263, 42.850166 ], [ -87.903215, 42.850182 ], [ -87.90349, 42.850184 ], [ -87.903487, 42.850365 ], [ -87.90348, 42.850911 ], [ -87.903478, 42.851093 ], [ -87.903472, 42.851493 ], [ -87.903458, 42.852694 ], [ -87.903453, 42.853095 ], [ -87.903446, 42.853602 ], [ -87.903437, 42.854324 ], [ -87.903426, 42.855126 ], [ -87.90342, 42.855634 ], [ -87.903415, 42.855998 ], [ -87.903401, 42.857094 ], [ -87.903397, 42.857459 ] ] ] } },
{ "type": "Feature", "properties": { "rep_unit_id": 441, "ward": "C. Oak Creek Ward 15", "county": "MILWAUKEE" }, "geometry": { "type": "Polygon", "coordinates": [ [ [ -87.858964, 42.856934 ], [ -87.8608788, 42.856960799999989 ], [ -87.8612517, 42.856965 ], [ -87.8634894, 42.8569904 ], [ -87.8642366, 42.8569989 ], [ -87.8653924, 42.8570134 ], [ -87.8667349, 42.8570303 ], [ -87.8690518, 42.8570594 ], [ -87.8691082, 42.8570601 ], [ -87.8694061, 42.8570638 ], [ -87.8697227, 42.8570678 ], [ -87.8720197, 42.8570966 ], [ -87.8721953, 42.8570987 ], [ -87.8724687, 42.8571022 ], [ -87.8739791, 42.8571211 ], [ -87.8749117, 42.8571293 ], [ -87.8767928, 42.8571458 ], [ -87.8776418, 42.8571532 ], [ -87.8788645, 42.8571639 ], [ -87.8820441, 42.8571919 ], [ -87.8824417, 42.8571951 ], [ -87.883750100000015, 42.8572065 ], [ -87.8852957, 42.8572261 ], [ -87.8861994, 42.8572376 ], [ -87.8872114, 42.8572504 ], [ -87.8872308, 42.8572507 ], [ -87.8875872, 42.8572552 ], [ -87.8910908, 42.8572995 ], [ -87.8917853, 42.8573083 ], [ -87.893545, 42.857327 ], [ -87.894201, 42.857335 ], [ -87.896169, 42.857362 ], [ -87.896826, 42.857371 ], [ -87.896983, 42.857373 ], [ -87.897314, 42.857378 ], [ -87.897453, 42.857379 ], [ -87.897611, 42.857382 ], [ -87.898768, 42.857397 ], [ -87.902239, 42.857443 ], [ -87.903397, 42.857459 ], [ -87.903401, 42.857094 ], [ -87.903415, 42.855998 ], [ -87.90342, 42.855634 ], [ -87.903426, 42.855126 ], [ -87.903437, 42.854324 ], [ -87.903446, 42.853602 ], [ -87.903453, 42.853095 ], [ -87.903458, 42.852694 ], [ -87.903472, 42.851493 ], [ -87.903478, 42.851093 ], [ -87.90348, 42.850911 ], [ -87.903487, 42.850365 ], [ -87.90349, 42.850184 ], [ -87.903215, 42.850182 ], [ -87.902263, 42.850166 ], [ -87.897996, 42.850104 ], [ -87.897456, 42.850096 ], [ -87.895836, 42.850072 ], [ -87.895297, 42.850065 ], [ -87.895304, 42.84978 ], [ -87.895314, 42.849391 ], [ -87.89536, 42.849253 ], [ -87.89552, 42.848977 ], [ -87.895527, 42.848966 ], [ -87.895561, 42.848697 ], [ -87.895577, 42.847821 ], [ -87.895595, 42.846757 ], [ -87.895251, 42.846751 ], [ -87.89422, 42.846735 ], [ -87.893877, 42.84673 ], [ -87.893885, 42.846471 ], [ -87.893912, 42.845695 ], [ -87.893915, 42.845627 ], [ -87.89372, 42.8456281 ], [ -87.8937234, 42.8454111 ], [ -87.89374, 42.8443364 ], [ -87.8937519, 42.8435737 ], [ -87.8937588, 42.8431284 ], [ -87.8937591, 42.8431077 ], [ -87.8937636, 42.8427938 ], [ -87.8916201, 42.8427612 ], [ -87.891063699999989, 42.8427527 ], [ -87.8907058, 42.8427472 ], [ -87.8857599, 42.8426717 ], [ -87.8855446, 42.8426684 ], [ -87.8853843, 42.8426659 ], [ -87.8844281, 42.8426513 ], [ -87.8839714, 42.8426444 ], [ -87.8745868, 42.8425465 ], [ -87.8741925, 42.8425424 ], [ -87.8646971, 42.842438 ], [ -87.8644175, 42.842435 ], [ -87.8548065, 42.8423295 ], [ -87.8546406, 42.8423277 ], [ -87.852773900000017, 42.8423004 ], [ -87.852932, 42.842429 ], [ -87.85297, 42.842462 ], [ -87.853849, 42.843595 ], [ -87.854171, 42.8442 ], [ -87.854482, 42.84524 ], [ -87.854514, 42.845897 ], [ -87.854419, 42.846464 ], [ -87.854274, 42.846928 ], [ -87.853811, 42.848163 ], [ -87.853589, 42.848935 ], [ -87.8534775, 42.8495843 ], [ -87.853510899999989, 42.8495861 ], [ -87.8536211, 42.8495878 ], [ -87.8537124, 42.8495891 ], [ -87.854047799999989, 42.8495941 ], [ -87.85457, 42.8496018 ], [ -87.856024100000013, 42.8496182 ], [ -87.8563969, 42.8496224 ], [ -87.856909, 42.849623 ], [ -87.857768, 42.849634 ], [ -87.859081, 42.849648 ], [ -87.86302, 42.849693 ], [ -87.864334, 42.849708 ], [ -87.864603, 42.84971 ], [ -87.864903, 42.849714 ], [ -87.86541, 42.849719 ], [ -87.86568, 42.849723 ], [ -87.865655, 42.850316 ], [ -87.865648, 42.850493 ], [ -87.865472, 42.851478 ], [ -87.86547, 42.851537 ], [ -87.865283, 42.851535 ], [ -87.865152, 42.851537 ], [ -87.865076, 42.851537 ], [ -87.864996, 42.851536 ], [ -87.864912, 42.851536 ], [ -87.864825, 42.851541 ], [ -87.864736, 42.851555 ], [ -87.864648, 42.851579 ], [ -87.864568, 42.851616 ], [ -87.864494, 42.851662 ], [ -87.864426, 42.851717 ], [ -87.864363, 42.851776 ], [ -87.864301, 42.851837 ], [ -87.864242, 42.851898 ], [ -87.864184, 42.851958 ], [ -87.864125, 42.852016 ], [ -87.864063, 42.852067 ], [ -87.863992, 42.852109 ], [ -87.863912, 42.852138 ], [ -87.863823, 42.852153 ], [ -87.863728, 42.852158 ], [ -87.863628, 42.852156 ], [ -87.863527, 42.852154 ], [ -87.86343, 42.852154 ], [ -87.86326, 42.852164 ], [ -87.863138, 42.852184 ], [ -87.8631, 42.852195 ], [ -87.863126, 42.852248 ], [ -87.86313, 42.85232 ], [ -87.86312, 42.852369 ], [ -87.863099, 42.852424 ], [ -87.863066, 42.852482 ], [ -87.863025, 42.852542 ], [ -87.862977, 42.852603 ], [ -87.862925, 42.852659 ], [ -87.862868, 42.852714 ], [ -87.862805, 42.852767 ], [ -87.862736, 42.852814 ], [ -87.862661, 42.85286 ], [ -87.862582, 42.852902 ], [ -87.862499, 42.85294 ], [ -87.862322, 42.853004 ], [ -87.86223, 42.853029 ], [ -87.862138, 42.853048 ], [ -87.861949, 42.853067 ], [ -87.861858, 42.85307 ], [ -87.861688, 42.853073 ], [ -87.861656, 42.853074 ], [ -87.861473, 42.853083 ], [ -87.861408, 42.853096 ], [ -87.861304, 42.853144 ], [ -87.86121, 42.853224 ], [ -87.861189, 42.853254 ], [ -87.861163, 42.854032 ], [ -87.861126, 42.854671 ], [ -87.861125, 42.854685 ], [ -87.861011, 42.85482 ], [ -87.860898, 42.855029 ], [ -87.86086, 42.85531 ], [ -87.860866, 42.855556 ], [ -87.86091, 42.855659 ], [ -87.861069, 42.855894 ], [ -87.86109, 42.85612 ], [ -87.861048, 42.85621 ], [ -87.860984, 42.856283 ], [ -87.860877, 42.856341 ], [ -87.860765, 42.856374 ], [ -87.858969, 42.856361 ], [ -87.858964, 42.856934 ] ] ] } },
{ "type": "Feature", "properties": { "rep_unit_id": 442, "ward": "C. Oak Creek Ward 16", "county": "MILWAUKEE" }, "geometry": { "type": "Polygon", "coordinates": [ [ [ -87.93179, 42.887043 ], [ -87.9330168, 42.8870615 ], [ -87.9335093, 42.8870677 ], [ -87.934656, 42.887079 ], [ -87.934931, 42.887082 ], [ -87.935759, 42.887093 ], [ -87.936035, 42.887097 ], [ -87.936591, 42.887103 ], [ -87.936854, 42.887106 ], [ -87.9383012, 42.8871284 ], [ -87.9387884, 42.8871346 ], [ -87.9395566, 42.8871443 ], [ -87.9400066, 42.88715 ], [ -87.9404939, 42.8871561 ], [ -87.940981100000016, 42.8871623 ], [ -87.9417119, 42.8871715 ], [ -87.942264, 42.887173 ], [ -87.94339, 42.887182 ], [ -87.9436625, 42.8871871 ], [ -87.944155, 42.8871911 ], [ -87.9461254, 42.8872068 ], [ -87.946864, 42.8872127 ], [ -87.947356500000012, 42.8872167 ], [ -87.947849, 42.8872206 ], [ -87.949159, 42.887228 ], [ -87.949378, 42.88723 ], [ -87.9508564, 42.8872445 ], [ -87.9509387, 42.8845034 ], [ -87.9510286, 42.8815026 ], [ -87.9510621, 42.8803334 ], [ -87.9510735, 42.8799342 ], [ -87.951134, 42.8776484 ], [ -87.951193, 42.8754359 ], [ -87.9512193, 42.8744793 ], [ -87.9512678, 42.8726629 ], [ -87.9512674, 42.8726487 ], [ -87.949877, 42.872646 ], [ -87.945693, 42.872604 ], [ -87.944299, 42.872591 ], [ -87.943896, 42.872586 ], [ -87.942687, 42.872575 ], [ -87.942284, 42.872571 ], [ -87.941008, 42.872555 ], [ -87.940697, 42.872551 ], [ -87.940479, 42.872548 ], [ -87.940253, 42.872545 ], [ -87.93799, 42.872515 ], [ -87.937354, 42.872507 ], [ -87.937125, 42.872504 ], [ -87.933985, 42.872456 ], [ -87.933936, 42.872454 ], [ -87.932366, 42.872442 ], [ -87.932279799999989, 42.874638 ], [ -87.9322448, 42.8755785 ], [ -87.9322254, 42.8760997 ], [ -87.9321762, 42.8774201 ], [ -87.9321573, 42.8779273 ], [ -87.932119899999989, 42.8789319 ], [ -87.9321097, 42.8792061 ], [ -87.9320893, 42.8797548 ], [ -87.9320507, 42.8806791 ], [ -87.9320133, 42.8815775 ], [ -87.9319999, 42.8818997 ], [ -87.931987, 42.882318 ], [ -87.93197, 42.882697 ], [ -87.931923, 42.883835 ], [ -87.931908, 42.884215 ], [ -87.931895, 42.884516 ], [ -87.931879, 42.884914 ], [ -87.931857, 42.885419 ], [ -87.931845, 42.885721 ], [ -87.931833, 42.885985 ], [ -87.931801, 42.886778 ], [ -87.93179, 42.887043 ] ] ] } },
{ "type": "Feature", "properties": { "rep_unit_id": 443, "ward": "C. Oak Creek Ward 17", "county": "MILWAUKEE" }, "geometry": { "type": "Polygon", "coordinates": [ [ [ -87.926831, 42.88693 ], [ -87.926843, 42.886422 ], [ -87.926881, 42.88628 ], [ -87.926957, 42.886144 ], [ -87.927033, 42.886095 ], [ -87.927082, 42.886065 ], [ -87.92768, 42.88584 ], [ -87.928188, 42.885671 ], [ -87.928532, 42.88562 ], [ -87.928792, 42.885601 ], [ -87.929432, 42.885609 ], [ -87.929656, 42.885616 ], [ -87.930557, 42.885645 ], [ -87.930815, 42.885652 ], [ -87.9312082, 42.8856648 ], [ -87.9316748, 42.8856751 ], [ -87.931845, 42.885721 ], [ -87.931857, 42.885419 ], [ -87.931879, 42.884914 ], [ -87.931895, 42.884516 ], [ -87.931908, 42.884215 ], [ -87.931923, 42.883835 ], [ -87.93197, 42.882697 ], [ -87.931987, 42.882318 ], [ -87.9319999, 42.8818997 ], [ -87.9320133, 42.8815775 ], [ -87.9320507, 42.8806791 ], [ -87.9320893, 42.8797548 ], [ -87.9321097, 42.8792061 ], [ -87.932119899999989, 42.8789319 ], [ -87.9321573, 42.8779273 ], [ -87.9321762, 42.8774201 ], [ -87.9322254, 42.8760997 ], [ -87.9322448, 42.8755785 ], [ -87.932279799999989, 42.874638 ], [ -87.932366, 42.872442 ], [ -87.924235, 42.872291 ], [ -87.92384, 42.872283 ], [ -87.922654, 42.872259 ], [ -87.92226, 42.872252 ], [ -87.922252, 42.872274 ], [ -87.922231, 42.872357 ], [ -87.922194, 42.872401 ], [ -87.922179, 42.872413 ], [ -87.92212, 42.872467 ], [ -87.921993, 42.872517 ], [ -87.921651, 42.872527 ], [ -87.921591, 42.872529 ], [ -87.921468, 42.872505 ], [ -87.921232, 42.872475 ], [ -87.920994, 42.872525 ], [ -87.920673, 42.872641 ], [ -87.920604, 42.872649 ], [ -87.920248, 42.872697 ], [ -87.920114, 42.872752 ], [ -87.919973, 42.872867 ], [ -87.919899, 42.872977 ], [ -87.919701, 42.873656 ], [ -87.919545, 42.873897 ], [ -87.919359, 42.87404 ], [ -87.919143, 42.87415 ], [ -87.918808, 42.874277 ], [ -87.918783, 42.874282 ], [ -87.918653, 42.874315 ], [ -87.918365, 42.8744 ], [ -87.918157, 42.874488 ], [ -87.917955, 42.874599 ], [ -87.917324, 42.874944 ], [ -87.917249, 42.87501 ], [ -87.916927, 42.875138 ], [ -87.913682, 42.876434 ], [ -87.912601, 42.876867 ], [ -87.912594, 42.877026 ], [ -87.912574, 42.877506 ], [ -87.912568, 42.877666 ], [ -87.913528, 42.877681 ], [ -87.913743, 42.877685 ], [ -87.914757, 42.87758 ], [ -87.915473, 42.877567 ], [ -87.916184, 42.877626 ], [ -87.916398, 42.877662 ], [ -87.917345, 42.877826 ], [ -87.917267, 42.87806 ], [ -87.917037, 42.878764 ], [ -87.916961, 42.878999 ], [ -87.916932, 42.879084 ], [ -87.916849, 42.879339 ], [ -87.916821, 42.879425 ], [ -87.916791, 42.87954 ], [ -87.916736, 42.87964 ], [ -87.916669, 42.881113 ], [ -87.916662, 42.88121 ], [ -87.916761, 42.881423 ], [ -87.916942, 42.881541 ], [ -87.917069, 42.881685 ], [ -87.917185, 42.881802 ], [ -87.917149, 42.882532 ], [ -87.917126, 42.88307 ], [ -87.917706, 42.883083 ], [ -87.917998, 42.883121 ], [ -87.918205, 42.883191 ], [ -87.918385, 42.883293 ], [ -87.918452, 42.883353 ], [ -87.91853, 42.883421 ], [ -87.918633, 42.88357 ], [ -87.918699, 42.883809 ], [ -87.918684, 42.884169 ], [ -87.918672, 42.884467 ], [ -87.919211, 42.884479 ], [ -87.91977, 42.884492 ], [ -87.92018, 42.884502 ], [ -87.920447, 42.884529 ], [ -87.920665, 42.88458 ], [ -87.920811, 42.884635 ], [ -87.920886, 42.884663 ], [ -87.921277, 42.884906 ], [ -87.920981, 42.885154 ], [ -87.920924, 42.885203 ], [ -87.920809, 42.885362 ], [ -87.920738, 42.885518 ], [ -87.9207, 42.885711 ], [ -87.920679, 42.886133 ], [ -87.920675, 42.886229 ], [ -87.920657, 42.886615 ], [ -87.920611, 42.886789 ], [ -87.920649, 42.88679 ], [ -87.921083, 42.886799 ], [ -87.922502, 42.886832 ], [ -87.922815, 42.8868427 ], [ -87.9230017, 42.886847 ], [ -87.9231881, 42.8868512 ], [ -87.924126, 42.886869 ], [ -87.924214, 42.886871 ], [ -87.924525, 42.886878 ], [ -87.924986, 42.886888 ], [ -87.925798, 42.886907 ], [ -87.926369, 42.886919 ], [ -87.926831, 42.88693 ] ] ] } },
{ "type": "Feature", "properties": { "rep_unit_id": 444, "ward": "C. Oak Creek Ward 18", "county": "MILWAUKEE" }, "geometry": { "type": "Polygon", "coordinates": [ [ [ -87.919532, 42.894506 ], [ -87.919568, 42.893868 ], [ -87.91968, 42.891955 ], [ -87.919717, 42.891318 ], [ -87.919747, 42.890827 ], [ -87.919762, 42.8906 ], [ -87.919909, 42.890414 ], [ -87.920621, 42.889699 ], [ -87.920706, 42.889615 ], [ -87.920897, 42.889296 ], [ -87.920908, 42.889263 ], [ -87.92099, 42.889001 ], [ -87.921, 42.888972 ], [ -87.921024, 42.888737 ], [ -87.921003, 42.888482 ], [ -87.920878, 42.888096 ], [ -87.920783, 42.887802 ], [ -87.920719, 42.887604 ], [ -87.920663, 42.887431 ], [ -87.920609, 42.887081 ], [ -87.920609, 42.886996 ], [ -87.920611, 42.886789 ], [ -87.920657, 42.886615 ], [ -87.920675, 42.886229 ], [ -87.920679, 42.886133 ], [ -87.9207, 42.885711 ], [ -87.920738, 42.885518 ], [ -87.920809, 42.885362 ], [ -87.920924, 42.885203 ], [ -87.920981, 42.885154 ], [ -87.921277, 42.884906 ], [ -87.920886, 42.884663 ], [ -87.920811, 42.884635 ], [ -87.920665, 42.88458 ], [ -87.920447, 42.884529 ], [ -87.92018, 42.884502 ], [ -87.91977, 42.884492 ], [ -87.919211, 42.884479 ], [ -87.918672, 42.884467 ], [ -87.918684, 42.884169 ], [ -87.918699, 42.883809 ], [ -87.918633, 42.88357 ], [ -87.91853, 42.883421 ], [ -87.918452, 42.883353 ], [ -87.918385, 42.883293 ], [ -87.918205, 42.883191 ], [ -87.917998, 42.883121 ], [ -87.917706, 42.883083 ], [ -87.917126, 42.88307 ], [ -87.917044, 42.883068 ], [ -87.91352, 42.882988 ], [ -87.912346, 42.882962 ], [ -87.912315, 42.883687 ], [ -87.912223, 42.885865 ], [ -87.912193, 42.886592 ], [ -87.912162, 42.8873 ], [ -87.912071, 42.889426 ], [ -87.912041, 42.890135 ], [ -87.91172, 42.890131 ], [ -87.910757, 42.890121 ], [ -87.910437, 42.890118 ], [ -87.910225, 42.890122 ], [ -87.910129, 42.890125 ], [ -87.909698, 42.890187 ], [ -87.909593, 42.890187 ], [ -87.909382, 42.89019 ], [ -87.909038, 42.890186 ], [ -87.908006, 42.890175 ], [ -87.907662, 42.890172 ], [ -87.907409, 42.890169 ], [ -87.90665, 42.890161 ], [ -87.906398, 42.890159 ], [ -87.906151, 42.890156 ], [ -87.905412, 42.890148 ], [ -87.905166, 42.890146 ], [ -87.905139, 42.890699 ], [ -87.905073, 42.892065 ], [ -87.905104, 42.892206 ], [ -87.905191, 42.892333 ], [ -87.905465, 42.892533 ], [ -87.905598, 42.892695 ], [ -87.905658, 42.892906 ], [ -87.905664, 42.892927 ], [ -87.905634, 42.893564 ], [ -87.905625, 42.893784 ], [ -87.9064922, 42.8937954 ], [ -87.9068721, 42.893799 ], [ -87.908154599999989, 42.893811199999988 ], [ -87.9084382, 42.8938139 ], [ -87.9089296, 42.8938186 ], [ -87.909421, 42.8938232 ], [ -87.9099125, 42.8938279 ], [ -87.9104039, 42.893832599999989 ], [ -87.911882, 42.893843 ], [ -87.913427, 42.893893 ], [ -87.913885, 42.893909 ], [ -87.914184, 42.893983 ], [ -87.915067, 42.894323 ], [ -87.915428, 42.894393 ], [ -87.917986, 42.894463 ], [ -87.918111, 42.894466 ], [ -87.919532, 42.894506 ] ] ] } }
]
}
