{
"type": "FeatureCollection",
"name": "candidate-votes",
"crs": { "type": "name", "properties": { "name": "urn:ogc:def:crs:OGC:1.3:CRS84" } },
"features": [
{ "type": "Feature", "properties": { "ward": "C Madison Wd 027", "candidate": "Tony Castaneda", "votes": 1.0, "color": "#E41A1C", "popup": "<div><strong>C Madison Wd 027</strong><div><strong>Representative to the Assembly District 76</strong><table style='border-collapse:collapse;margin-top:4px;'><tr><th></th><th style='text-align:right;padding-right:8px;'>Votes</th><th style='text-align:right;'>Percent</th></tr><tr><td style='padding-right:8px;'>Tony Castaneda</td><td style='text-align:right;padding-right:8px;'>1</td><td style='text-align:right;'>0.1%</td></tr><tr><td style='padding-right:8px;'>Zoe Sullivan</td><td style='text-align:right;padding-right:8px;'>23</td><td style='text-align:right;'>1.3%</td></tr><tr><td style='padding-right:8px;'>Isaia Ben-Ami</td><td style='text-align:right;padding-right:8px;'>46</td><td style='text-align:right;'>2.7%</td></tr><tr><td style='padding-right:8px;'>Juliana Bennett</td><td style='text-align:right;padding-right:8px;'>3</td><td style='text-align:right;'>0.2%</td></tr><tr><td style='padding-right:8px;'>Dina Nina Martinez-Rutherford</td><td style='text-align:right;padding-right:8px;'>2</td><td style='text-align:right;'>0.1%</td></tr><tr><td style='padding-right:8px;'>write-in:</td><td style='text-align:right;padding-right:8px;'>14</td><td style='text-align:right;'>0.8%</td></tr></table></div>" }, "geometry": { "type": "Point", "coordinates": [ -89.32552100535284, 43.110700650884183 ] } },
{ "type": "Feature", "properties": { "ward": "C Madison Wd 028", "candidate": "Isaia Ben-Ami", "votes": 1.0, "color": "#4DAF4A", "popup": "<div><strong>C Madison Wd 028</strong><div><strong>Representative to the Assembly District 76</strong><table style='border-collapse:collapse;margin-top:4px;'><tr><th></th><th style='text-align:right;padding-right:8px;'>Votes</th><th style='text-align:right;'>Percent</th></tr><tr><td style='padding-right:8px;'>Tony Castaneda</td><td style='text-align:right;padding-right:8px;'>87</td><td style='text-align:right;'>4.0%</td></tr><tr><td style='padding-right:8px;'>Zoe Sullivan</td><td style='text-align:right;padding-right:8px;'>18</td><td style='text-align:right;'>0.8%</td></tr><tr><td style='padding-right:8px;'>Isaia Ben-Ami</td><td style='text-align:right;padding-right:8px;'>1</td><td style='text-align:right;'>0.0%</td></tr><tr><td style='padding-right:8px;'>Juliana Bennett</td><td style='text-align:right;padding-right:8px;'>29</td><td style='text-align:right;'>1.3%</td></tr><tr><td style='padding-right:8px;'>Dina Nina Martinez-Rutherford</td><td style='text-align:right;padding-right:8px;'>37</td><td style='text-align:right;'>1.7%</td></tr><tr><td style='padding-right:8px;'>write-in:</td><td style='text-align:right;padding-right:8px;'>10</td><td style='text-align:right;'>0.5%</td></tr></table></div>" }, "geometry": { "type": "Point", "coordinates": [ -89.345945317960883, 43.106864218464551 ] } },
{ "type": "Feature", "properties": { "ward": "C Madison Wd 038", "candidate": "write-in:", "votes": 1.0, "color": "#FFFF33", "popup": "<div><strong>C Madison Wd 038</strong><div><strong>Representative to the Assembly District 76</strong><table style='border-collapse:collapse;margin-top:4px;'><tr><th></th><th style='text-align:right;padding-right:8px;'>Votes</th><th style='text-align:right;'>Percent</th></tr><tr><td style='padding-right:8px;'>Tony Castaneda</td><td style='text-align:right;padding-right:8px;'>82</td><td style='text-align:right;'>3.7%</td></tr><tr><td style='padding-right:8px;'>Zoe Sullivan</td><td style='text-align:right;padding-right:8px;'>11</td><td style='text-align:right;'>0.5%</td></tr><tr><td style='padding-right:8px;'>Isaia Ben-Ami</td><td style='text-align:right;padding-right:8px;'>10</td><td style='text-align:right;'>0.4%</td></tr><tr><td style='padding-right:8px;'>Juliana Bennett</td><td style='text-align:right;padding-right:8px;'>51</td><td style='text-align:right;'>2.3%</td></tr><tr><td style='padding-right:8px;'>Dina Nina Martinez-Rutherford</td><td style='text-align:right;padding-right:8px;'>12</td><td style='text-align:right;'>0.5%</td></tr><tr><td style='padding-right:8px;'>write-in:</td><td style='text-align:right;padding-right:8px;'>1</td><td style='text-align:right;'>0.0%</td></tr></table></div>" }, "geometry": { "type": "Point", "coordinates": [ -89.381888030346786, 43.137382486694058 ] } },
{ "type": "Feature", "properties": { "ward": "C Madison Wd 053", "candidate": "Zoe Sullivan", "votes": 1.0, "color": "#377EB8", "popup": "<div><strong>C Madison Wd 053</strong><div><strong>Representative to the Assembly District 76</strong><table style='border-collapse:collapse;margin-top:4px;'><tr><th></th><th style='text-align:right;padding-right:8px;'>Votes</th><th style='text-align:right;'>Percent</th></tr><tr><td style='padding-right:8px;'>Tony Castaneda</td><td style='text-align:right;padding-right:8px;'>19</td><td style='text-align:right;'>1.0%</td></tr><tr><td style='padding-right:8px;'>Zoe Sullivan</td><td style='text-align:right;padding-right:8px;'>1</td><td style='text-align:right;'>0.1%</td></tr><tr><td style='padding-right:8px;'>Isaia Ben-Ami</td><td style='text-align:right;padding-right:8px;'>17</td><td style='text-align:right;'>0.9%</td></tr><tr><td style='padding-right:8px;'>Juliana Bennett</td><td style='text-align:right;padding-right:8px;'>41</td><td style='text-align:right;'>2.1%</td></tr><tr><td style='padding-right:8px;'>Dina Nina Martinez-Rutherford</td><td style='text-align:right;padding-right:8px;'>24</td><td style='text-align:right;'>1.2%</td></tr><tr><td style='padding-right:8px;'>write-in:</td><td style='text-align:right;padding-right:8px;'>4</td><td style='text-align:right;'>0.2%</td></tr></table></div>" }, "geometry": { "type": "Point", "coordinates": [ -89.38716144999924, 43.070488985203006 ] } },
{ "type": "Feature", "properties": { "ward": "C Madison Wd 055", "candidate": "write-in:", "votes": 1.0, "color": "#FFFF33", "popup": "<div><strong>C Madison Wd 055</strong><div><strong>Representative to the Assembly District 76</strong><table style='border-collapse:collapse;margin-top:4px;'><tr><th></th><th style='text-align:right;padding-right:8px;'>Votes</th><th style='text-align:right;'>Percent</th></tr><tr><td style='padding-right:8px;'>Tony Castaneda</td><td style='text-align:right;padding-right:8px;'>13</td><td style='text-align:right;'>0.6%</td></tr><tr><td style='padding-right:8px;'>Zoe Sullivan</td><td style='text-align:right;padding-right:8px;'>38</td><td style='text-align:right;'>1.8%</td></tr><tr><td style='padding-right:8px;'>Isaia Ben-Ami</td><td style='text-align:right;padding-right:8px;'>38</td><td style='text-align:right;'>1.8%</td></tr><tr><td style='padding-right:8px;'>Juliana Bennett</td><td style='text-align:right;padding-right:8px;'>18</td><td style='text-align:right;'>0.9%</td></tr><tr><td style='padding-right:8px;'>Dina Nina Martinez-Rutherford</td><td style='text-align:right;padding-right:8px;'>87</td><td style='text-align:right;'>4.1%</td></tr><tr><td style='padding-right:8px;'>write-in:</td><td style='text-align:right;padding-right:8px;'>1</td><td style='text-align:right;'>0.0%</td></tr></table></div>" }, "geometry": { "type": "Point", "coordinates": [ -89.390564622049155, 43.066964385949177 ] } },
{ "type": "Feature", "properties": { "ward": "V Maple Bluff Wds 1-2", "candidate": "Tony Castaneda", "votes": 2.0, "color": "#E41A1C", "popup": "<div><strong>V Maple Bluff Wds 1-2</strong><div><strong>Representative to the Assembly District 76</strong><table style='border-collapse:collapse;margin-top:4px;'><tr><th></th><th style='text-align:right;padding-right:8px;'>Votes</th><th style='text-align:right;'>Percent</th></tr><tr><td style='padding-right:8px;'>Tony Castaneda</td><td style='text-align:right;padding-right:8px;'>2</td><td style='text-align:right;'>0.1%</td></tr><tr><td style='padding-right:8px;'>Zoe Sullivan</td><td style='text-align:right;padding-right:8px;'>10</td><td style='text-align:right;'>0.4%</td></tr><tr><td style='padding-right:8px;'>Isaia Ben-Ami</td><td style='text-align:right;padding-right:8px;'>11</td><td style='text-align:right;'>0.5%</td></tr><tr><td style='padding-right:8px;'>Juliana Bennett</td><td style='text-align:right;padding-right:8px;'>42</td><td style='text-align:right;'>1.8%</td></tr><tr><td style='padding-right:8px;'>Dina Nina Martinez-Rutherford</td><td style='text-align:right;padding-right:8px;'>27</td><td style='text-align:right;'>1.2%</td></tr><tr><td style='padding-right:8px;'>write-in:</td><td style='text-align:right;padding-right:8px;'>29</td><td style='text-align:right;'>1.3%</td></tr></table></div>" }, "geometry": { "type": "Point", "coordinates": [ -89.374449096764835, 43.117277537701376 ] } },
{ "type": "Feature", "properties": { "ward": "C Madison Wd 027", "candidate": "Dina Nina Martinez-Rutherford", "votes": 2.0, "color": "#FF7F00", "popup": "<div><strong>C Madison Wd 027</strong><div><strong>Representative to the Assembly District 76</strong><table style='border-collapse:collapse;margin-top:4px;'><tr><th></th><th style='text-align:right;padding-right:8px;'>Votes</th><th style='text-align:right;'>Percent</th></tr><tr><td style='padding-right:8px;'>Tony Castaneda</td><td style='text-align:right;padding-right:8px;'>1</td><td style='text-align:right;'>0.1%</td></tr><tr><td style='padding-right:8px;'>Zoe Sullivan</td><td style='text-align:right;padding-right:8px;'>23</td><td style='text-align:right;'>1.3%</td></tr><tr><td style='padding-right:8px;'>Isaia Ben-Ami</td><td style='text-align:right;padding-right:8px;'>46</td><td style='text-align:right;'>2.7%</td></tr><tr><td style='padding-right:8px;'>Juliana Bennett</td><td style='text-align:right;padding-right:8px;'>3</td><td style='text-align:right;'>0.2%</td></tr><tr><td style='padding-right:8px;'>Dina Nina Martinez-Rutherford</td><td style='text-align:right;padding-right:8px;'>2</td><td style='text-align:right;'>0.1%</td></tr><tr><td style='padding-right:8px;'>write-in:</td><td style='text-align:right;padding-right:8px;'>14</td><td style='text-align:right;'>0.8%</td></tr></table></div>" }, "geometry": { "type": "Point", "coordinates": [ -89.32552100535284, 43.110700650884183 ] } },
{ "type": "Feature", "properties": { "ward": "C Madison Wd 036", "candidate": "Zoe Sullivan", "votes": 2.0, "color": "#377EB8", "popup": "<div><strong>C Madison Wd 036</strong><div><strong>Representative to the Assembly District 76</strong><table style='border-collapse:collapse;margin-top:4px;'><tr><th></th><th style='text-align:right;padding-right:8px;'>Votes</th><th style='text-align:right;'>Percent</th></tr><tr><td style='padding-right:8px;'>Tony Castaneda</td><td style='text-align:right;padding-right:8px;'>101</td><td style='text-align:right;'>5.0%</td></tr><tr><td style='padding-right:8px;'>Zoe Sullivan</td><td style='text-align:right;padding-right:8px;'>2</td><td style='text-align:right;'>0.1%</td></tr><tr><td style='padding-right:8px;'>Isaia Ben-Ami</td><td style='text-align:right;padding-right:8px;'>18</td><td style='text-align:right;'>0.9%</td></tr><tr><td style='padding-right:8px;'>Juliana Bennett</td><td style='text-align:right;padding-right:8px;'>2</td><td style='text-align:right;'>0.1%</td></tr><tr><td style='padding-right:8px;'>Dina Nina Martinez-Rutherford</td><td style='text-align:right;padding-right:8px;'>30</td><td style='text-align:right;'>1.5%</td></tr><tr><td style='padding-right:8px;'>write-in:</td><td style='text-align:right;padding-right:8px;'>19</td><td style='text-align:right;'>0.9%</td></tr></table></div>" }, "geometry": { "type": "Point", "coordinates": [ -89.368335813308448, 43.13719562458747 ] } },
{ "type": "Feature", "properties": { "ward": "C Madison Wd 036", "candidate": "Juliana Bennett", "votes": 2.0, "color": "#984EA3", "popup": "<div><strong>C Madison Wd 036</strong><div><strong>Representative to the Assembly District 76</strong><table style='border-collapse:collapse;margin-top:4px;'><tr><th></th><th style='text-align:right;padding-right:8px;'>Votes</th><th style='text-align:right;'>Percent</th></tr><tr><td style='padding-right:8px;'>Tony Castaneda</td><td style='text-align:right;padding-right:8px;'>101</td><td style='text-align:right;'>5.0%</td></tr><tr><td style='padding-right:8px;'>Zoe Sullivan</td><td style='text-align:right;padding-right:8px;'>2</td><td style='text-align:right;'>0.1%</td></tr><tr><td style='padding-right:8px;'>Isaia Ben-Ami</td><td style='text-align:right;padding-right:8px;'>18</td><td style='text-align:right;'>0.9%</td></tr><tr><td style='padding-right:8px;'>Juliana Bennett</td><td style='text-align:right;padding-right:8px;'>2</td><td style='text-align:right;'>0.1%</td></tr><tr><td style='padding-right:8px;'>Dina Nina Martinez-Rutherford</td><td style='text-align:right;padding-right:8px;'>30</td><td style='text-align:right;'>1.5%</td></tr><tr><td style='padding-right:8px;'>write-in:</td><td style='text-align:right;padding-right:8px;'>19</td><td style='text-align:right;'>0.9%</td></tr></table></div>" }, "geometry": { "type": "Point", "coordinates": [ -89.368335813308448, 43.13719562458747 ] } },
{ "type": "Feature", "properties": { "ward": "C Madison Wd 044", "candidate": "Isaia Ben-Ami", "votes": 2.0, "color": "#4DAF4A", "popup": "<div><strong>C Madison Wd 044</strong><div><strong>Representative to the Assembly District 76</strong><table style='border-collapse:collapse;margin-top:4px;'><tr><th></th><th style='text-align:right;padding-right:8px;'>Votes</th><th style='text-align:right;'>Percent</th></tr><tr><td style='padding-right:8px;'>Tony Castaneda</td><td style='text-align:right;padding-right:8px;'>8</td><td style='text-align:right;'>0.4%</td></tr><tr><td style='padding-right:8px;'>Zoe Sullivan</td><td style='text-align:right;padding-right:8px;'>23</td><td style='text-align:right;'>1.1%</td></tr><tr><td style='padding-right:8px;'>Isaia Ben-Ami</td><td style='text-align:right;padding-right:8px;'>2</td><td style='text-align:right;'>0.1%</td></tr><tr><td style='padding-right:8px;'>Juliana Bennett</td><td style='text-align:right;padding-right:8px;'>22</td><td style='text-align:right;'>1.1%</td></tr><tr><td style='padding-right:8px;'>Dina Nina Martinez-Rutherford</td><td style='text-align:right;padding-right:8px;'>17</td><td style='text-align:right;'>0.8%</td></tr><tr><td style='padding-right:8px;'>write-in:</td><td style='text-align:right;padding-right:8px;'>100</td><td style='text-align:right;'>4.9%</td></tr></table></div>" }, "geometry": { "type": "Point", "coordinates": [ -89.369982173946937, 43.080492127896385 ] } },
{ "type": "Feature", "properties": { "ward": "C Madison Wd 046", "candidate": "Dina Nina Martinez-Rutherford", "votes": 2.0, "color": "#FF7F00", "popup": "<div><strong>C Madison Wd 046</strong><div><strong>Representative to the Assembly District 76</strong><table style='border-collapse:collapse;margin-top:4px;'><tr><th></th><th style='text-align:right;padding-right:8px;'>Votes</th><th style='text-align:right;'>Percent</th></tr><tr><td style='padding-right:8px;'>Tony Castaneda</td><td style='text-align:right;padding-right:8px;'>17</td><td style='text-align:right;'>0.9%</td></tr><tr><td style='padding-right:8px;'>Zoe Sullivan</td><td style='text-align:right;padding-right:8px;'>4</td><td style='text-align:right;'>0.2%</td></tr><tr><td style='padding-right:8px;'>Isaia Ben-Ami</td><td style='text-align:right;padding-right:8px;'>3</td><td style='text-align:right;'>0.2%</td></tr><tr><td style='padding-right:8px;'>Juliana Bennett</td><td style='text-align:right;padding-right:8px;'>4</td><td style='text-align:right;'>0.2%</td></tr><tr><td style='padding-right:8px;'>Dina Nina Martinez-Rutherford</td><td style='text-align:right;padding-right:8px;'>2</td><td style='text-align:right;'>0.1%</td></tr><tr><td style='padding-right:8px;'>write-in:</td><td style='text-align:right;padding-right:8px;'>65</td><td style='text-align:right;'>3.6%</td></tr></table></div>" }, "geometry": { "type": "Point", "coordinates": [ -89.383411167510673, 43.079377558999894 ] } },
{ "type": "Feature", "properties": { "ward": "C Madison Wd 016", "candidate": "Juliana Bennett", "votes": 3.0, "color": "#984EA3", "popup": "<div><strong>C Madison Wd 016</strong><div><strong>Representative to the Assembly District 76</strong><table style='border-collapse:collapse;margin-top:4px;'><tr><th></th><th style='text-align:right;padding-right:8px;'>Votes</th><th style='text-align:right;'>Percent</th></tr><tr><td style='padding-right:8px;'>Tony Castaneda</td><td style='text-align:right;padding-right:8px;'>11</td><td style='text-align:right;'>0.6%</td></tr><tr><td style='padding-right:8px;'>Zoe Sullivan</td><td style='text-align:right;padding-right:8px;'>16</td><td style='text-align:right;'>0.9%</td></tr><tr><td style='padding-right:8px;'>Isaia Ben-Ami</td><td style='text-align:right;padding-right:8px;'>87</td><td style='text-align:right;'>4.6%</td></tr><tr><td style='padding-right:8px;'>Juliana Bennett</td><td style='text-align:right;padding-right:8px;'>3</td><td style='text-align:right;'>0.2%</td></tr><tr><td style='padding-right:8px;'>Dina Nina Martinez-Rutherford</td><td style='text-align:right;padding-right:8px;'>18</td><td style='text-align:right;'>1.0%</td></tr><tr><td style='padding-right:8px;'>write-in:</td><td style='text-align:right;padding-right:8px;'>16</td><td style='text-align:right;'>0.9%</td></tr></table></div>" }, "geometry": { "type": "Point", "coordinates": [ -89.322617953538426, 43.086088726648001 ] } },
{ "type": "Feature", "properties": { "ward": "C Madison Wd 019", "candidate": "Zoe Sullivan", "votes": 3.0, "color": "#377EB8", "popup": "<div><strong>C Madison Wd 019</strong><div><strong>Representative to the Assembly District 76</strong><table style='border-collapse:collapse;margin-top:4px;'><tr><th></th><th style='text-align:right;padding-right:8px;'>Votes</th><th style='text-align:right;'>Percent</th></tr><tr><td style='padding-right:8px;'>Tony Castaneda</td><td style='text-align:right;padding-right:8px;'>69</td><td style='text-align:right;'>2.9%</td></tr><tr><td style='padding-right:8px;'>Zoe Sullivan</td><td style='text-align:right;padding-right:8px;'>3</td><td style='text-align:right;'>0.1%</td></tr><tr><td style='padding-right:8px;'>Isaia Ben-Ami</td><td style='text-align:right;padding-right:8px;'>4</td><td style='text-align:right;'>0.2%</td></tr><tr><td style='padding-right:8px;'>Juliana Bennett</td><td style='text-align:right;padding-right:8px;'>14</td><td style='text-align:right;'>0.6%</td></tr><tr><td style='padding-right:8px;'>Dina Nina Martinez-Rutherford</td><td style='text-align:right;padding-right:8px;'>25</td><td style='text-align:right;'>1.1%</td></tr><tr><td style='padding-right:8px;'>write-in:</td><td style='text-align:right;padding-right:8px;'>28</td><td style='text-align:right;'>1.2%</td></tr></table></div>" }, "geometry": { "type": "Point", "coordinates": [ -89.345166103523681, 43.093823902518743 ] } },
{ "type": "Feature", "properties": { "ward": "C Madison Wd 027", "candidate": "Juliana Bennett", "votes": 3.0, "color": "#984EA3", "popup": "<div><strong>C Madison Wd 027</strong><div><strong>Representative to the Assembly District 76</strong><table style='border-collapse:collapse;margin-top:4px;'><tr><th></th><th style='text-align:right;padding-right:8px;'>Votes</th><th style='text-align:right;'>Percent</th></tr><tr><td style='padding-right:8px;'>Tony Castaneda</td><td style='text-align:right;padding-right:8px;'>1</td><td style='text-align:right;'>0.1%</td></tr><tr><td style='padding-right:8px;'>Zoe Sullivan</td><td style='text-align:right;padding-right:8px;'>23</td><td style='text-align:right;'>1.3%</td></tr><tr><td style='padding-right:8px;'>Isaia Ben-Ami</td><td style='text-align:right;padding-right:8px;'>46</td><td style='text-align:right;'>2.7%</td></tr><tr><td style='padding-right:8px;'>Juliana Bennett</td><td style='text-align:right;padding-right:8px;'>3</td><td style='text-align:right;'>0.2%</td></tr><tr><td style='padding-right:8px;'>Dina Nina Martinez-Rutherford</td><td style='text-align:right;padding-right:8px;'>2</td><td style='text-align:right;'>0.1%</td></tr><tr><td style='padding-right:8px;'>write-in:</td><td style='text-align:right;padding-right:8px;'>14</td><td style='text-align:right;'>0.8%</td></tr></table></div>" }, "geometry": { "type": "Point", "coordinates": [ -89.32552100535284, 43.110700650884183 ] } },
{ "type": "Feature", "properties": { "ward": "C Madison Wd 029", "candidate": "Tony Castaneda", "votes": 3.0, "color": "#E41A1C", "popup": "<div><strong>C Madison Wd 029</strong><div><strong>Representative to the Assembly District 76</strong><table style='border-collapse:collapse;margin-top:4px;'><tr><th></th><th style='text-align:right;padding-right:8px;'>Votes</th><th style='text-align:right;'>Percent</th></tr><tr><td style='padding-right:8px;'>Tony Castaneda</td><td style='text-align:right;padding-right:8px;'>3</td><td style='text-align:right;'>0.1%</td></tr><tr><td style='padding-right:8px;'>Zoe Sullivan</td><td style='text-align:right;padding-right:8px;'>17</td><td style='text-align:right;'>0.8%</td></tr><tr><td style='padding-right:8px;'>Isaia Ben-Ami</td><td style='text-align:right;padding-right:8px;'>9</td><td style='text-align:right;'>0.4%</td></tr><tr><td style='padding-right:8px;'>Juliana Bennett</td><td style='text-align:right;padding-right:8px;'>73</td><td style='text-align:right;'>3.4%</td></tr><tr><td style='padding-right:8px;'>Dina Nina Martinez-Rutherford</td><td style='text-align:right;padding-right:8px;'>4</td><td style='text-align:right;'>0.2%</td></tr><tr><td style='padding-right:8px;'>write-in:</td><td style='text-align:right;padding-right:8px;'>16</td><td style='text-align:right;'>0.7%</td></tr></table></div>" }, "geometry": { "type": "Point", "coordinates": [ -89.355179809182204, 43.101038754296411 ] } },
{ "type": "Feature", "properties": { "ward": "C Madison Wd 046", "candidate": "Isaia Ben-Ami", "votes": 3.0, "color": "#4DAF4A", "popup": "<div><strong>C Madison Wd 046</strong><div><strong>Representative to the Assembly District 76</strong><table style='border-collapse:collapse;margin-top:4px;'><tr><th></th><th style='text-align:right;padding-right:8px;'>Votes</th><th style='text-align:right;'>Percent</th></tr><tr><td style='padding-right:8px;'>Tony Castaneda</td><td style='text-align:right;padding-right:8px;'>17</td><td style='text-align:right;'>0.9%</td></tr><tr><td style='padding-right:8px;'>Zoe Sullivan</td><td style='text-align:right;padding-right:8px;'>4</td><td style='text-align:right;'>0.2%</td></tr><tr><td style='padding-right:8px;'>Isaia Ben-Ami</td><td style='text-align:right;padding-right:8px;'>3</td><td style='text-align:right;'>0.2%</td></tr><tr><td style='padding-right:8px;'>Juliana Bennett</td><td style='text-align:right;padding-right:8px;'>4</td><td style='text-align:right;'>0.2%</td></tr><tr><td style='padding-right:8px;'>Dina Nina Martinez-Rutherford</td><td style='text-align:right;padding-right:8px;'>2</td><td style='text-align:right;'>0.1%</td></tr><tr><td style='padding-right:8px;'>write-in:</td><td style='text-align:right;padding-right:8px;'>65</td><td style='text-align:right;'>3.6%</td></tr></table></div>" }, "geometry": { "type": "Point", "coordinates": [ -89.383411167510673, 43.079377558999894 ] } },
{ "type": "Feature", "properties": { "ward": "C Madison Wd 052", "candidate": "write-in:", "votes": 3.0, "color": "#FFFF33", "popup": "<div><strong>C Madison Wd 052</strong><div><strong>Representative to the Assembly District 76</strong><table style='border-collapse:collapse;margin-top:4px;'><tr><th></th><th style='text-align:right;padding-right:8px;'>Votes</th><th style='text-align:right;'>Percent</th></tr><tr><td style='padding-right:8px;'>Tony Castaneda</td><td style='text-align:right;padding-right:8px;'>4</td><td style='text-align:right;'>0.2%</td></tr><tr><td style='padding-right:8px;'>Zoe Sullivan</td><td style='text-align:right;padding-right:8px;'>25</td><td style='text-align:right;'>1.3%</td></tr><tr><td style='padding-right:8px;'>Isaia Ben-Ami</td><td style='text-align:right;padding-right:8px;'>5</td><td style='text-align:right;'>0.3%</td></tr><tr><td style='padding-right:8px;'>Juliana Bennett</td><td style='text-align:right;padding-right:8px;'>79</td><td style='text-align:right;'>4.0%</td></tr><tr><td style='padding-right:8px;'>Dina Nina Martinez-Rutherford</td><td style='text-align:right;padding-right:8px;'>8</td><td style='text-align:right;'>0.4%</td></tr><tr><td style='padding-right:8px;'>write-in:</td><td style='text-align:right;padding-right:8px;'>3</td><td style='text-align:right;'>0.2%</td></tr></table></div>" }, "geometry": { "type": "Point", "coordinates": [ -89.387546722165837, 43.074757337276452 ] } },
{ "type": "Feature", "properties": { "ward": "C Madison Wd 128", "candidate": "write-in:", "votes": 3.0, "color": "#FFFF33", "popup": "<div><strong>C Madison Wd 128</strong><div><strong>Representative to the Assembly District 76</strong><table style='border-collapse:collapse;margin-top:4px;'><tr><th></th><th style='text-align:right;padding-right:8px;'>Votes</th><th style='text-align:right;'>Percent</th></tr><tr><td style='padding-right:8px;'>Tony Castaneda</td><td style='text-align:right;padding-right:8px;'>25</td><td style='text-align:right;'>1.2%</td></tr><tr><td style='padding-right:8px;'>Zoe Sullivan</td><td style='text-align:right;padding-right:8px;'>46</td><td style='text-align:right;'>2.2%</td></tr><tr><td style='padding-right:8px;'>Isaia Ben-Ami</td><td style='text-align:right;padding-right:8px;'>39</td><td style='text-align:right;'>1.9%</td></tr><tr><td style='padding-right:8px;'>Juliana Bennett</td><td style='text-align:right;padding-right:8px;'>48</td><td style='text-align:right;'>2.3%</td></tr><tr><td style='padding-right:8px;'>Dina Nina Martinez-Rutherford</td><td style='text-align:right;padding-right:8px;'>5</td><td style='text-align:right;'>0.2%</td></tr><tr><td style='padding-right:8px;'>write-in:</td><td style='text-align:right;padding-right:8px;'>3</td><td style='text-align:right;'>0.1%</td></tr></table></div>" }, "geometry": { "type": "Point", "coordinates": [ -89.338626970999258, 43.115060996553993 ] } },
{ "type": "Feature", "properties": { "ward": "T Blooming Grove Wds 1-2", "candidate": "Isaia Ben-Ami", "votes": 4.0, "color": "#4DAF4A", "popup": "<div><strong>T Blooming Grove Wds 1-2</strong><div><strong>Representative to the Assembly District 76</strong><table style='border-collapse:collapse;margin-top:4px;'><tr><th></th><th style='text-align:right;padding-right:8px;'>Votes</th><th style='text-align:right;'>Percent</th></tr><tr><td style='padding-right:8px;'>Tony Castaneda</td><td style='text-align:right;padding-right:8px;'>8</td><td style='text-align:right;'>0.4%</td></tr><tr><td style='padding-right:8px;'>Zoe Sullivan</td><td style='text-align:right;padding-right:8px;'>37</td><td style='text-align:right;'>1.7%</td></tr><tr><td style='padding-right:8px;'>Isaia Ben-Ami</td><td style='text-align:right;padding-right:8px;'>4</td><td style='text-align:right;'>0.2%</td></tr><tr><td style='padding-right:8px;'>Juliana Bennett</td><td style='text-align:right;padding-right:8px;'>23</td><td style='text-align:right;'>1.1%</td></tr><tr><td style='padding-right:8px;'>Dina Nina Martinez-Rutherford</td><td style='text-align:right;padding-right:8px;'>72</td><td style='text-align:right;'>3.4%</td></tr><tr><td style='padding-right:8px;'>write-in:</td><td style='text-align:right;padding-right:8px;'>6</td><td style='text-align:right;'>0.3%</td></tr></table></div>" }, "geometry": { "type": "Point", "coordinates": [ -89.332706448800508, 43.104600383503232 ] } },
{ "type": "Feature", "properties": { "ward": "C Madison Wd 019", "candidate": "Isaia Ben-Ami", "votes": 4.0, "color": "#4DAF4A", "popup": "<div><strong>C Madison Wd 019</strong><div><strong>Representative to the Assembly District 76</strong><table style='border-collapse:collapse;margin-top:4px;'><tr><th></th><th style='text-align:right;padding-right:8px;'>Votes</th><th style='text-align:right;'>Percent</th></tr><tr><td style='padding-right:8px;'>Tony Castaneda</td><td style='text-align:right;padding-right:8px;'>69</td><td style='text-align:right;'>2.9%</td></tr><tr><td style='padding-right:8px;'>Zoe Sullivan</td><td style='text-align:right;padding-right:8px;'>3</td><td style='text-align:right;'>0.1%</td></tr><tr><td style='padding-right:8px;'>Isaia Ben-Ami</td><td style='text-align:right;padding-right:8px;'>4</td><td style='text-align:right;'>0.2%</td></tr><tr><td style='padding-right:8px;'>Juliana Bennett</td><td style='text-align:right;padding-right:8px;'>14</td><td style='text-align:right;'>0.6%</td></tr><tr><td style='padding-right:8px;'>Dina Nina Martinez-Rutherford</td><td style='text-align:right;padding-right:8px;'>25</td><td style='text-align:right;'>1.1%</td></tr><tr><td style='padding-right:8px;'>write-in:</td><td style='text-align:right;padding-right:8px;'>28</td><td style='text-align:right;'>1.2%</td></tr></table></div>" }, "geometry": { "type": "Point", "coordinates": [ -89.345166103523681, 43.093823902518743 ] } },
{ "type": "Feature", "properties": { "ward": "C Madison Wd 029", "candidate": "Dina Nina Martinez-Rutherford", "votes": 4.0, "color": "#FF7F00", "popup": "<div><strong>C Madison Wd 029</strong><div><strong>Representative to the Assembly District 76</strong><table style='border-collapse:collapse;margin-top:4px;'><tr><th></th><th style='text-align:right;padding-right:8px;'>Votes</th><th style='text-align:right;'>Percent</th></tr><tr><td style='padding-right:8px;'>Tony Castaneda</td><td style='text-align:right;padding-right:8px;'>3</td><td style='text-align:right;'>0.1%</td></tr><tr><td style='padding-right:8px;'>Zoe Sullivan</td><td style='text-align:right;padding-right:8px;'>17</td><td style='text-align:right;'>0.8%</td></tr><tr><td style='padding-right:8px;'>Isaia Ben-Ami</td><td style='text-align:right;padding-right:8px;'>9</td><td style='text-align:right;'>0.4%</td></tr><tr><td style='padding-right:8px;'>Juliana Bennett</td><td style='text-align:right;padding-right:8px;'>73</td><td style='text-align:right;'>3.4%</td></tr><tr><td style='padding-right:8px;'>Dina Nina Martinez-Rutherford</td><td style='text-align:right;padding-right:8px;'>4</td><td style='text-align:right;'>0.2%</td></tr><tr><td style='padding-right:8px;'>write-in:</td><td style='text-align:right;padding-right:8px;'>16</td><td style='text-align:right;'>0.7%</td></tr></table></div>" }, "geometry": { "type": "Point", "coordinates": [ -89.355179809182204, 43.101038754296411 ] } },
{ "type": "Feature", "properties": { "ward": "C Madison Wd 041", "candidate": "Isaia Ben-Ami", "votes": 4.0, "color": "#4DAF4A", "popup": "<div><strong>C Madison Wd 041</strong><div><strong>Representative to the Assembly District 76</strong><table style='border-collapse:collapse;margin-top:4px;'><tr><th></th><th style='text-align:right;padding-right:8px;'>Votes</th><th style='text-align:right;'>Percent</th></tr><tr><td style='padding-right:8px;'>Tony Castaneda</td><td style='text-align:right;padding-right:8px;'>9</td><td style='text-align:right;'>0.5%</td></tr><tr><td style='padding-right:8px;'>Zoe Sullivan</td><td style='text-align:right;padding-right:8px;'>14</td><td style='text-align:right;'>0.8%</td></tr><tr><td style='padding-right:8px;'>Isaia Ben-Ami</td><td style='text-align:right;padding-right:8px;'>4</td><td style='text-align:right;'>0.2%</td></tr><tr><td style='padding-right:8px;'>Juliana Bennett</td><td style='text-align:right;padding-right:8px;'>42</td><td style='text-align:right;'>2.3%</td></tr><tr><td style='padding-right:8px;'>Dina Nina Martinez-Rutherford</td><td style='text-align:right;padding-right:8px;'>5</td><td style='text-align:right;'>0.3%</td></tr><tr><td style='padding-right:8px;'>write-in:</td><td style='text-align:right;padding-right:8px;'>18</td><td style='text-align:right;'>1.0%</td></tr></table></div>" }, "geometry": { "type": "Point", "coordinates": [ -89.369740765282302, 43.089991677910852 ] } },
{ "type": "Feature", "properties": { "ward": "C Madison Wd 043", "candidate": "Isaia Ben-Ami", "votes": 4.0, "color": "#4DAF4A", "popup": "<div><strong>C Madison Wd 043</strong><div><strong>Representative to the Assembly District 76</strong><table style='border-collapse:collapse;margin-top:4px;'><tr><th></th><th style='text-align:right;padding-right:8px;'>Votes</th><th style='text-align:right;'>Percent</th></tr><tr><td style='padding-right:8px;'>Tony Castaneda</td><td style='text-align:right;padding-right:8px;'>49</td><td style='text-align:right;'>2.5%</td></tr><tr><td style='padding-right:8px;'>Zoe Sullivan</td><td style='text-align:right;padding-right:8px;'>21</td><td style='text-align:right;'>1.1%</td></tr><tr><td style='padding-right:8px;'>Isaia Ben-Ami</td><td style='text-align:right;padding-right:8px;'>4</td><td style='text-align:right;'>0.2%</td></tr><tr><td style='padding-right:8px;'>Juliana Bennett</td><td style='text-align:right;padding-right:8px;'>28</td><td style='text-align:right;'>1.4%</td></tr><tr><td style='padding-right:8px;'>Dina Nina Martinez-Rutherford</td><td style='text-align:right;padding-right:8px;'>6</td><td style='text-align:right;'>0.3%</td></tr><tr><td style='padding-right:8px;'>write-in:</td><td style='text-align:right;padding-right:8px;'>41</td><td style='text-align:right;'>2.1%</td></tr></table></div>" }, "geometry": { "type": "Point", "coordinates": [ -89.377789233912992, 43.082684989481145 ] } },
{ "type": "Feature", "properties": { "ward": "C Madison Wd 046", "candidate": "Zoe Sullivan", "votes": 4.0, "color": "#377EB8", "popup": "<div><strong>C Madison Wd 046</strong><div><strong>Representative to the Assembly District 76</strong><table style='border-collapse:collapse;margin-top:4px;'><tr><th></th><th style='text-align:right;padding-right:8px;'>Votes</th><th style='text-align:right;'>Percent</th></tr><tr><td style='padding-right:8px;'>Tony Castaneda</td><td style='text-align:right;padding-right:8px;'>17</td><td style='text-align:right;'>0.9%</td></tr><tr><td style='padding-right:8px;'>Zoe Sullivan</td><td style='text-align:right;padding-right:8px;'>4</td><td style='text-align:right;'>0.2%</td></tr><tr><td style='padding-right:8px;'>Isaia Ben-Ami</td><td style='text-align:right;padding-right:8px;'>3</td><td style='text-align:right;'>0.2%</td></tr><tr><td style='padding-right:8px;'>Juliana Bennett</td><td style='text-align:right;padding-right:8px;'>4</td><td style='text-align:right;'>0.2%</td></tr><tr><td style='padding-right:8px;'>Dina Nina Martinez-Rutherford</td><td style='text-align:right;padding-right:8px;'>2</td><td style='text-align:right;'>0.1%</td></tr><tr><td style='padding-right:8px;'>write-in:</td><td style='text-align:right;padding-right:8px;'>65</td><td style='text-align:right;'>3.6%</td></tr></table></div>" }, "geometry": { "type": "Point", "coordinates": [ -89.383411167510673, 43.079377558999894 ] } },
{ "type": "Feature", "properties": { "ward": "C Madison Wd 046", "candidate": "Juliana Bennett", "votes": 4.0, "color": "#984EA3", "popup": "<div><strong>C Madison Wd 046</strong><div><strong>Representative to the Assembly District 76</strong><table style='border-collapse:collapse;margin-top:4px;'><tr><th></th><th style='text-align:right;padding-right:8px;'>Votes</th><th style='text-align:right;'>Percent</th></tr><tr><td style='padding-right:8px;'>Tony Castaneda</td><td style='text-align:right;padding-right:8px;'>17</td><td style='text-align:right;'>0.9%</td></tr><tr><td style='padding-right:8px;'>Zoe Sullivan</td><td style='text-align:right;padding-right:8px;'>4</td><td style='text-align:right;'>0.2%</td></tr><tr><td style='padding-right:8px;'>Isaia Ben-Ami</td><td style='text-align:right;padding-right:8px;'>3</td><td style='text-align:right;'>0.2%</td></tr><tr><td style='padding-right:8px;'>Juliana Bennett</td><td style='text-align:right;padding-right:8px;'>4</td><td style='text-align:right;'>0.2%</td></tr><tr><td style='padding-right:8px;'>Dina Nina Martinez-Rutherford</td><td style='text-align:right;padding-right:8px;'>2</td><td style='text-align:right;'>0.1%</td></tr><tr><td style='padding-right:8px;'>write-in:</td><td style='text-align:right;padding-right:8px;'>65</td><td style='text-align:right;'>3.6%</td></tr></table></div>" }, "geometry": { "type": "Point", "coordinates": [ -89.383411167510673, 43.079377558999894 ] } },
{ "type": "Feature", "properties": { "ward": "C Madison Wd 052", "candidate": "Tony Castaneda", "votes": 4.0, "color": "#E41A1C", "popup": "<div><strong>C Madison Wd 052</strong><div><strong>Representative to the Assembly District 76</strong><table style='border-collapse:collapse;margin-top:4px;'><tr><th></th><th style='text-align:right;padding-right:8px;'>Votes</th><th style='text-align:right;'>Percent</th></tr><tr><td style='padding-right:8px;'>Tony Castaneda</td><td style='text-align:right;padding-right:8px;'>4</td><td style='text-align:right;'>0.2%</td></tr><tr><td style='padding-right:8px;'>Zoe Sullivan</td><td style='text-align:right;padding-right:8px;'>25</td><td style='text-align:right;'>1.3%</td></tr><tr><td style='padding-right:8px;'>Isaia Ben-Ami</td><td style='text-align:right;padding-right:8px;'>5</td><td style='text-align:right;'>0.3%</td></tr><tr><td style='padding-right:8px;'>Juliana Bennett</td><td style='text-align:right;padding-right:8px;'>79</td><td style='text-align:right;'>4.0%</td></tr><tr><td style='padding-right:8px;'>Dina Nina Martinez-Rutherford</td><td style='text-align:right;padding-right:8px;'>8</td><td style='text-align:right;'>0.4%</td></tr><tr><td style='padding-right:8px;'>write-in:</td><td style='text-align:right;padding-right:8px;'>3</td><td style='text-align:right;'>0.2%</td></tr></table></div>" }, "geometry": { "type": "Point", "coordinates": [ -89.387546722165837, 43.074757337276452 ] } },
{ "type": "Feature", "properties": { "ward": "C Madison Wd 053", "candidate": "write-in:", "votes": 4.0, "color": "#FFFF33", "popup": "<div><strong>C Madison Wd 053</strong><div><strong>Representative to the Assembly District 76</strong><table style='border-collapse:collapse;margin-top:4px;'><tr><th></th><th style='text-align:right;padding-right:8px;'>Votes</th><th style='text-align:right;'>Percent</th></tr><tr><td style='padding-right:8px;'>Tony Castaneda</td><td style='text-align:right;padding-right:8px;'>19</td><td style='text-align:right;'>1.0%</td></tr><tr><td style='padding-right:8px;'>Zoe Sullivan</td><td style='text-align:right;padding-right:8px;'>1</td><td style='text-align:right;'>0.1%</td></tr><tr><td style='padding-right:8px;'>Isaia Ben-Ami</td><td style='text-align:right;padding-right:8px;'>17</td><td style='text-align:right;'>0.9%</td></tr><tr><td style='padding-right:8px;'>Juliana Bennett</td><td style='text-align:right;padding-right:8px;'>41</td><td style='text-align:right;'>2.1%</td></tr><tr><td style='padding-right:8px;'>Dina Nina Martinez-Rutherford</td><td style='text-align:right;padding-right:8px;'>24</td><td style='text-align:right;'>1.2%</td></tr><tr><td style='padding-right:8px;'>write-in:</td><td style='text-align:right;padding-right:8px;'>4</td><td style='text-align:right;'>0.2%</td></tr></table></div>" }, "geometry": { "type": "Point", "coordinates": [ -89.38716144999924, 43.070488985203006 ] } },
{ "type": "Feature", "properties": { "ward": "C Madison Wd 032", "candidate": "Zoe Sullivan", "votes": 5.0, "color": "#377EB8", "popup": "<div><strong>C Madison Wd 032</strong><div><strong>Representative to the Assembly District 76</strong><table style='border-collapse:collapse;margin-top:4px;'><tr><th></th><th style='text-align:right;padding-right:8px;'>Votes</th><th style='text-align:right;'>Percent</th></tr><tr><td style='padding-right:8px;'>Tony Castaneda</td><td style='text-align:right;padding-right:8px;'>13</td><td style='text-align:right;'>0.7%</td></tr><tr><td style='padding-right:8px;'>Zoe Sullivan</td><td style='text-align:right;padding-right:8px;'>5</td><td style='text-align:right;'>0.3%</td></tr><tr><td style='padding-right:8px;'>Isaia Ben-Ami</td><td style='text-align:right;padding-right:8px;'>11</td><td style='text-align:right;'>0.6%</td></tr><tr><td style='padding-right:8px;'>Juliana Bennett</td><td style='text-align:right;padding-right:8px;'>33</td><td style='text-align:right;'>1.7%</td></tr><tr><td style='padding-right:8px;'>Dina Nina Martinez-Rutherford</td><td style='text-align:right;padding-right:8px;'>47</td><td style='text-align:right;'>2.4%</td></tr><tr><td style='padding-right:8px;'>write-in:</td><td style='text-align:right;padding-right:8px;'>28</td><td style='text-align:right;'>1.4%</td></tr></table></div>" }, "geometry": { "type": "Point", "coordinates": [ -89.367330802415196, 43.126509539648012 ] } },
{ "type": "Feature", "properties": { "ward": "C Madison Wd 037", "candidate": "Tony Castaneda", "votes": 5.0, "color": "#E41A1C", "popup": "<div><strong>C Madison Wd 037</strong><div><strong>Representative to the Assembly District 76</strong><table style='border-collapse:collapse;margin-top:4px;'><tr><th></th><th style='text-align:right;padding-right:8px;'>Votes</th><th style='text-align:right;'>Percent</th></tr><tr><td style='padding-right:8px;'>Tony Castaneda</td><td style='text-align:right;padding-right:8px;'>5</td><td style='text-align:right;'>0.3%</td></tr><tr><td style='padding-right:8px;'>Zoe Sullivan</td><td style='text-align:right;padding-right:8px;'>11</td><td style='text-align:right;'>0.6%</td></tr><tr><td style='padding-right:8px;'>Isaia Ben-Ami</td><td style='text-align:right;padding-right:8px;'>18</td><td style='text-align:right;'>1.0%</td></tr><tr><td style='padding-right:8px;'>Juliana Bennett</td><td style='text-align:right;padding-right:8px;'>14</td><td style='text-align:right;'>0.8%</td></tr><tr><td style='padding-right:8px;'>Dina Nina Martinez-Rutherford</td><td style='text-align:right;padding-right:8px;'>34</td><td style='text-align:right;'>1.9%</td></tr><tr><td style='padding-right:8px;'>write-in:</td><td style='text-align:right;padding-right:8px;'>24</td><td style='text-align:right;'>1.3%</td></tr></table></div>" }, "geometry": { "type": "Point", "coordinates": [ -89.380453791981225, 43.144700692063921 ] } },
{ "type": "Feature", "properties": { "ward": "C Madison Wd 040", "candidate": "Tony Castaneda", "votes": 5.0, "color": "#E41A1C", "popup": "<div><strong>C Madison Wd 040</strong><div><strong>Representative to the Assembly District 76</strong><table style='border-collapse:collapse;margin-top:4px;'><tr><th></th><th style='text-align:right;padding-right:8px;'>Votes</th><th style='text-align:right;'>Percent</th></tr><tr><td style='padding-right:8px;'>Tony Castaneda</td><td style='text-align:right;padding-right:8px;'>5</td><td style='text-align:right;'>0.3%</td></tr><tr><td style='padding-right:8px;'>Zoe Sullivan</td><td style='text-align:right;padding-right:8px;'>6</td><td style='text-align:right;'>0.3%</td></tr><tr><td style='padding-right:8px;'>Isaia Ben-Ami</td><td style='text-align:right;padding-right:8px;'>20</td><td style='text-align:right;'>1.0%</td></tr><tr><td style='padding-right:8px;'>Juliana Bennett</td><td style='text-align:right;padding-right:8px;'>18</td><td style='text-align:right;'>0.9%</td></tr><tr><td style='padding-right:8px;'>Dina Nina Martinez-Rutherford</td><td style='text-align:right;padding-right:8px;'>46</td><td style='text-align:right;'>2.3%</td></tr><tr><td style='padding-right:8px;'>write-in:</td><td style='text-align:right;padding-right:8px;'>41</td><td style='text-align:right;'>2.1%</td></tr></table></div>" }, "geometry": { "type": "Point", "coordinates": [ -89.355346708128934, 43.090576674103652 ] } },
{ "type": "Feature", "properties": { "ward": "C Madison Wd 041", "candidate": "Dina Nina Martinez-Rutherford", "votes": 5.0, "color": "#FF7F00", "popup": "<div><strong>C Madison Wd 041</strong><div><strong>Representative to the Assembly District 76</strong><table style='border-collapse:collapse;margin-top:4px;'><tr><th></th><th style='text-align:right;padding-right:8px;'>Votes</th><th style='text-align:right;'>Percent</th></tr><tr><td style='padding-right:8px;'>Tony Castaneda</td><td style='text-align:right;padding-right:8px;'>9</td><td style='text-align:right;'>0.5%</td></tr><tr><td style='padding-right:8px;'>Zoe Sullivan</td><td style='text-align:right;padding-right:8px;'>14</td><td style='text-align:right;'>0.8%</td></tr><tr><td style='padding-right:8px;'>Isaia Ben-Ami</td><td style='text-align:right;padding-right:8px;'>4</td><td style='text-align:right;'>0.2%</td></tr><tr><td style='padding-right:8px;'>Juliana Bennett</td><td style='text-align:right;padding-right:8px;'>42</td><td style='text-align:right;'>2.3%</td></tr><tr><td style='padding-right:8px;'>Dina Nina Martinez-Rutherford</td><td style='text-align:right;padding-right:8px;'>5</td><td style='text-align:right;'>0.3%</td></tr><tr><td style='padding-right:8px;'>write-in:</td><td style='text-align:right;padding-right:8px;'>18</td><td style='text-align:right;'>1.0%</td></tr></table></div>" }, "geometry": { "type": "Point", "coordinates": [ -89.369740765282302, 43.089991677910852 ] } },
{ "type": "Feature", "properties": { "ward": "C Madison Wd 045", "candidate": "Zoe Sullivan", "votes": 5.0, "color": "#377EB8", "popup": "<div><strong>C Madison Wd 045</strong><div><strong>Representative to the Assembly District 76</strong><table style='border-collapse:collapse;margin-top:4px;'><tr><th></th><th style='text-align:right;padding-right:8px;'>Votes</th><th style='text-align:right;'>Percent</th></tr><tr><td style='padding-right:8px;'>Tony Castaneda</td><td style='text-align:right;padding-right:8px;'>24</td><td style='text-align:right;'>1.3%</td></tr><tr><td style='padding-right:8px;'>Zoe Sullivan</td><td style='text-align:right;padding-right:8px;'>5</td><td style='text-align:right;'>0.3%</td></tr><tr><td style='padding-right:8px;'>Isaia Ben-Ami</td><td style='text-align:right;padding-right:8px;'>24</td><td style='text-align:right;'>1.3%</td></tr><tr><td style='padding-right:8px;'>Juliana Bennett</td><td style='text-align:right;padding-right:8px;'>14</td><td style='text-align:right;'>0.8%</td></tr><tr><td style='padding-right:8px;'>Dina Nina Martinez-Rutherford</td><td style='text-align:right;padding-right:8px;'>47</td><td style='text-align:right;'>2.6%</td></tr><tr><td style='padding-right:8px;'>write-in:</td><td style='text-align:right;padding-right:8px;'>13</td><td style='text-align:right;'>0.7%</td></tr></table></div>" }, "geometry": { "type": "Point", "coordinates": [ -89.378793625887837, 43.07674351291314 ] } },
{ "type": "Feature", "properties": { "ward": "C Madison Wd 052", "candidate": "Isaia Ben-Ami", "votes": 5.0, "color": "#4DAF4A", "popup": "<div><strong>C Madison Wd 052</strong><div><strong>Representative to the Assembly District 76</strong><table style='border-collapse:collapse;margin-top:4px;'><tr><th></th><th style='text-align:right;padding-right:8px;'>Votes</th><th style='text-align:right;'>Percent</th></tr><tr><td style='padding-right:8px;'>Tony Castaneda</td><td style='text-align:right;padding-right:8px;'>4</td><td style='text-align:right;'>0.2%</td></tr><tr><td style='padding-right:8px;'>Zoe Sullivan</td><td style='text-align:right;padding-right:8px;'>25</td><td style='text-align:right;'>1.3%</td></tr><tr><td style='padding-right:8px;'>Isaia Ben-Ami</td><td style='text-align:right;padding-right:8px;'>5</td><td style='text-align:right;'>0.3%</td></tr><tr><td style='padding-right:8px;'>Juliana Bennett</td><td style='text-align:right;padding-right:8px;'>79</td><td style='text-align:right;'>4.0%</td></tr><tr><td style='padding-right:8px;'>Dina Nina Martinez-Rutherford</td><td style='text-align:right;padding-right:8px;'>8</td><td style='text-align:right;'>0.4%</td></tr><tr><td style='padding-right:8px;'>write-in:</td><td style='text-align:right;padding-right:8px;'>3</td><td style='text-align:right;'>0.2%</td></tr></table></div>" }, "geometry": { "type": "Point", "coordinates": [ -89.387546722165837, 43.074757337276452 ] } },
{ "type": "Feature", "properties": { "ward": "C Madison Wd 128", "candidate": "Dina Nina Martinez-Rutherford", "votes": 5.0, "color": "#FF7F00", "popup": "<div><strong>C Madison Wd 128</strong><div><strong>Representative to the Assembly District 76</strong><table style='border-collapse:collapse;margin-top:4px;'><tr><th></th><th style='text-align:right;padding-right:8px;'>Votes</th><th style='text-align:right;'>Percent</th></tr><tr><td style='padding-right:8px;'>Tony Castaneda</td><td style='text-align:right;padding-right:8px;'>25</td><td style='text-align:right;'>1.2%</td></tr><tr><td style='padding-right:8px;'>Zoe Sullivan</td><td style='text-align:right;padding-right:8px;'>46</td><td style='text-align:right;'>2.2%</td></tr><tr><td style='padding-right:8px;'>Isaia Ben-Ami</td><td style='text-align:right;padding-right:8px;'>39</td><td style='text-align:right;'>1.9%</td></tr><tr><td style='padding-right:8px;'>Juliana Bennett</td><td style='text-align:right;padding-right:8px;'>48</td><td style='text-align:right;'>2.3%</td></tr><tr><td style='padding-right:8px;'>Dina Nina Martinez-Rutherford</td><td style='text-align:right;padding-right:8px;'>5</td><td style='text-align:right;'>0.2%</td></tr><tr><td style='padding-right:8px;'>write-in:</td><td style='text-align:right;padding-right:8px;'>3</td><td style='text-align:right;'>0.1%</td></tr></table></div>" }, "geometry": { "type": "Point", "coordinates": [ -89.338626970999258, 43.115060996553993 ] } },
{ "type": "Feature", "properties": { "ward": "T Blooming Grove Wds 1-2", "candidate": "write-in:", "votes": 6.0, "color": "#FFFF33", "popup": "<div><strong>T Blooming Grove Wds 1-2</strong><div><strong>Representative to the Assembly District 76</strong><table style='border-collapse:collapse;margin-top:4px;'><tr><th></th><th style='text-align:right;padding-right:8px;'>Votes</th><th style='text-align:right;'>Percent</th></tr><tr><td style='padding-right:8px;'>Tony Castaneda</td><td style='text-align:right;padding-right:8px;'>8</td><td style='text-align:right;'>0.4%</td></tr><tr><td style='padding-right:8px;'>Zoe Sullivan</td><td style='text-align:right;padding-right:8px;'>37</td><td style='text-align:right;'>1.7%</td></tr><tr><td style='padding-right:8px;'>Isaia Ben-Ami</td><td style='text-align:right;padding-right:8px;'>4</td><td style='text-align:right;'>0.2%</td></tr><tr><td style='padding-right:8px;'>Juliana Bennett</td><td style='text-align:right;padding-right:8px;'>23</td><td style='text-align:right;'>1.1%</td></tr><tr><td style='padding-right:8px;'>Dina Nina Martinez-Rutherford</td><td style='text-align:right;padding-right:8px;'>72</td><td style='text-align:right;'>3.4%</td></tr><tr><td style='padding-right:8px;'>write-in:</td><td style='text-align:right;padding-right:8px;'>6</td><td style='text-align:right;'>0.3%</td></tr></table></div>" }, "geometry": { "type": "Point", "coordinates": [ -89.332706448800508, 43.104600383503232 ] } },
{ "type": "Feature", "properties": { "ward": "C Madison Wd 040", "candidate": "Zoe Sullivan", "votes": 6.0, "color": "#377EB8", "popup": "<div><strong>C Madison Wd 040</strong><div><strong>Representative to the Assembly District 76</strong><table style='border-collapse:collapse;margin-top:4px;'><tr><th></th><th style='text-align:right;padding-right:8px;'>Votes</th><th style='text-align:right;'>Percent</th></tr><tr><td style='padding-right:8px;'>Tony Castaneda</td><td style='text-align:right;padding-right:8px;'>5</td><td style='text-align:right;'>0.3%</td></tr><tr><td style='padding-right:8px;'>Zoe Sullivan</td><td style='text-align:right;padding-right:8px;'>6</td><td style='text-align:right;'>0.3%</td></tr><tr><td style='padding-right:8px;'>Isaia Ben-Ami</td><td style='text-align:right;padding-right:8px;'>20</td><td style='text-align:right;'>1.0%</td></tr><tr><td style='padding-right:8px;'>Juliana Bennett</td><td style='text-align:right;padding-right:8px;'>18</td><td style='text-align:right;'>0.9%</td></tr><tr><td style='padding-right:8px;'>Dina Nina Martinez-Rutherford</td><td style='text-align:right;padding-right:8px;'>46</td><td style='text-align:right;'>2.3%</td></tr><tr><td style='padding-right:8px;'>write-in:</td><td style='text-align:right;padding-right:8px;'>41</td><td style='text-align:right;'>2.1%</td></tr></table></div>" }, "geometry": { "type": "Point", "coordinates": [ -89.355346708128934, 43.090576674103652 ] } },
{ "type": "Feature", "properties": { "ward": "C Madison Wd 042", "candidate": "Tony Castaneda", "votes": 6.0, "color": "#E41A1C", "popup": "<div><strong>C Madison Wd 042</strong><div><strong>Representative to the Assembly District 76</strong><table style='border-collapse:collapse;margin-top:4px;'><tr><th></th><th style='text-align:right;padding-right:8px;'>Votes</th><th style='text-align:right;'>Percent</th></tr><tr><td style='padding-right:8px;'>Tony Castaneda</td><td style='text-align:right;padding-right:8px;'>6</td><td style='text-align:right;'>0.3%</td></tr><tr><td style='padding-right:8px;'>Zoe Sullivan</td><td style='text-align:right;padding-right:8px;'>10</td><td style='text-align:right;'>0.6%</td></tr><tr><td style='padding-right:8px;'>Isaia Ben-Ami</td><td style='text-align:right;padding-right:8px;'>38</td><td style='text-align:right;'>2.2%</td></tr><tr><td style='padding-right:8px;'>Juliana Bennett</td><td style='text-align:right;padding-right:8px;'>26</td><td style='text-align:right;'>1.5%</td></tr><tr><td style='padding-right:8px;'>Dina Nina Martinez-Rutherford</td><td style='text-align:right;padding-right:8px;'>19</td><td style='text-align:right;'>1.1%</td></tr><tr><td style='padding-right:8px;'>write-in:</td><td style='text-align:right;padding-right:8px;'>48</td><td style='text-align:right;'>2.8%</td></tr></table></div>" }, "geometry": { "type": "Point", "coordinates": [ -89.361715344045933, 43.08520750584168 ] } },
{ "type": "Feature", "properties": { "ward": "C Madison Wd 043", "candidate": "Dina Nina Martinez-Rutherford", "votes": 6.0, "color": "#FF7F00", "popup": "<div><strong>C Madison Wd 043</strong><div><strong>Representative to the Assembly District 76</strong><table style='border-collapse:collapse;margin-top:4px;'><tr><th></th><th style='text-align:right;padding-right:8px;'>Votes</th><th style='text-align:right;'>Percent</th></tr><tr><td style='padding-right:8px;'>Tony Castaneda</td><td style='text-align:right;padding-right:8px;'>49</td><td style='text-align:right;'>2.5%</td></tr><tr><td style='padding-right:8px;'>Zoe Sullivan</td><td style='text-align:right;padding-right:8px;'>21</td><td style='text-align:right;'>1.1%</td></tr><tr><td style='padding-right:8px;'>Isaia Ben-Ami</td><td style='text-align:right;padding-right:8px;'>4</td><td style='text-align:right;'>0.2%</td></tr><tr><td style='padding-right:8px;'>Juliana Bennett</td><td style='text-align:right;padding-right:8px;'>28</td><td style='text-align:right;'>1.4%</td></tr><tr><td style='padding-right:8px;'>Dina Nina Martinez-Rutherford</td><td style='text-align:right;padding-right:8px;'>6</td><td style='text-align:right;'>0.3%</td></tr><tr><td style='padding-right:8px;'>write-in:</td><td style='text-align:right;padding-right:8px;'>41</td><td style='text-align:right;'>2.1%</td></tr></table></div>" }, "geometry": { "type": "Point", "coordinates": [ -89.377789233912992, 43.082684989481145 ] } },
{ "type": "Feature", "properties": { "ward": "C Madison Wd 051", "candidate": "Dina Nina Martinez-Rutherford", "votes": 7.0, "color": "#FF7F00", "popup": "<div><strong>C Madison Wd 051</strong><div><strong>Representative to the Assembly District 76</strong><table style='border-collapse:collapse;margin-top:4px;'><tr><th></th><th style='text-align:right;padding-right:8px;'>Votes</th><th style='text-align:right;'>Percent</th></tr><tr><td style='padding-right:8px;'>Tony Castaneda</td><td style='text-align:right;padding-right:8px;'>54</td><td style='text-align:right;'>2.7%</td></tr><tr><td style='padding-right:8px;'>Zoe Sullivan</td><td style='text-align:right;padding-right:8px;'>24</td><td style='text-align:right;'>1.2%</td></tr><tr><td style='padding-right:8px;'>Isaia Ben-Ami</td><td style='text-align:right;padding-right:8px;'>19</td><td style='text-align:right;'>0.9%</td></tr><tr><td style='padding-right:8px;'>Juliana Bennett</td><td style='text-align:right;padding-right:8px;'>18</td><td style='text-align:right;'>0.9%</td></tr><tr><td style='padding-right:8px;'>Dina Nina Martinez-Rutherford</td><td style='text-align:right;padding-right:8px;'>7</td><td style='text-align:right;'>0.3%</td></tr><tr><td style='padding-right:8px;'>write-in:</td><td style='text-align:right;padding-right:8px;'>43</td><td style='text-align:right;'>2.1%</td></tr></table></div>" }, "geometry": { "type": "Point", "coordinates": [ -89.381757352312846, 43.072411749302844 ] } },
{ "type": "Feature", "properties": { "ward": "T Blooming Grove Wds 1-2", "candidate": "Tony Castaneda", "votes": 8.0, "color": "#E41A1C", "popup": "<div><strong>T Blooming Grove Wds 1-2</strong><div><strong>Representative to the Assembly District 76</strong><table style='border-collapse:collapse;margin-top:4px;'><tr><th></th><th style='text-align:right;padding-right:8px;'>Votes</th><th style='text-align:right;'>Percent</th></tr><tr><td style='padding-right:8px;'>Tony Castaneda</td><td style='text-align:right;padding-right:8px;'>8</td><td style='text-align:right;'>0.4%</td></tr><tr><td style='padding-right:8px;'>Zoe Sullivan</td><td style='text-align:right;padding-right:8px;'>37</td><td style='text-align:right;'>1.7%</td></tr><tr><td style='padding-right:8px;'>Isaia Ben-Ami</td><td style='text-align:right;padding-right:8px;'>4</td><td style='text-align:right;'>0.2%</td></tr><tr><td style='padding-right:8px;'>Juliana Bennett</td><td style='text-align:right;padding-right:8px;'>23</td><td style='text-align:right;'>1.1%</td></tr><tr><td style='padding-right:8px;'>Dina Nina Martinez-Rutherford</td><td style='text-align:right;padding-right:8px;'>72</td><td style='text-align:right;'>3.4%</td></tr><tr><td style='padding-right:8px;'>write-in:</td><td style='text-align:right;padding-right:8px;'>6</td><td style='text-align:right;'>0.3%</td></tr></table></div>" }, "geometry": { "type": "Point", "coordinates": [ -89.332706448800508, 43.104600383503232 ] } },
{ "type": "Feature", "properties": { "ward": "C Madison Wd 018", "candidate": "Juliana Bennett", "votes": 8.0, "color": "#984EA3", "popup": "<div><strong>C Madison Wd 018</strong><div><strong>Representative to the Assembly District 76</strong><table style='border-collapse:collapse;margin-top:4px;'><tr><th></th><th style='text-align:right;padding-right:8px;'>Votes</th><th style='text-align:right;'>Percent</th></tr><tr><td style='padding-right:8px;'>Tony Castaneda</td><td style='text-align:right;padding-right:8px;'>43</td><td style='text-align:right;'>2.7%</td></tr><tr><td style='padding-right:8px;'>Zoe Sullivan</td><td style='text-align:right;padding-right:8px;'>38</td><td style='text-align:right;'>2.4%</td></tr><tr><td style='padding-right:8px;'>Isaia Ben-Ami</td><td style='text-align:right;padding-right:8px;'>42</td><td style='text-align:right;'>2.7%</td></tr><tr><td style='padding-right:8px;'>Juliana Bennett</td><td style='text-align:right;padding-right:8px;'>8</td><td style='text-align:right;'>0.5%</td></tr><tr><td style='padding-right:8px;'>Dina Nina Martinez-Rutherford</td><td style='text-align:right;padding-right:8px;'>45</td><td style='text-align:right;'>2.9%</td></tr><tr><td style='padding-right:8px;'>write-in:</td><td style='text-align:right;padding-right:8px;'>16</td><td style='text-align:right;'>1.0%</td></tr></table></div>" }, "geometry": { "type": "Point", "coordinates": [ -89.340428730931492, 43.100651265017135 ] } },
{ "type": "Feature", "properties": { "ward": "C Madison Wd 044", "candidate": "Tony Castaneda", "votes": 8.0, "color": "#E41A1C", "popup": "<div><strong>C Madison Wd 044</strong><div><strong>Representative to the Assembly District 76</strong><table style='border-collapse:collapse;margin-top:4px;'><tr><th></th><th style='text-align:right;padding-right:8px;'>Votes</th><th style='text-align:right;'>Percent</th></tr><tr><td style='padding-right:8px;'>Tony Castaneda</td><td style='text-align:right;padding-right:8px;'>8</td><td style='text-align:right;'>0.4%</td></tr><tr><td style='padding-right:8px;'>Zoe Sullivan</td><td style='text-align:right;padding-right:8px;'>23</td><td style='text-align:right;'>1.1%</td></tr><tr><td style='padding-right:8px;'>Isaia Ben-Ami</td><td style='text-align:right;padding-right:8px;'>2</td><td style='text-align:right;'>0.1%</td></tr><tr><td style='padding-right:8px;'>Juliana Bennett</td><td style='text-align:right;padding-right:8px;'>22</td><td style='text-align:right;'>1.1%</td></tr><tr><td style='padding-right:8px;'>Dina Nina Martinez-Rutherford</td><td style='text-align:right;padding-right:8px;'>17</td><td style='text-align:right;'>0.8%</td></tr><tr><td style='padding-right:8px;'>write-in:</td><td style='text-align:right;padding-right:8px;'>100</td><td style='text-align:right;'>4.9%</td></tr></table></div>" }, "geometry": { "type": "Point", "coordinates": [ -89.369982173946937, 43.080492127896385 ] } },
{ "type": "Feature", "properties": { "ward": "C Madison Wd 052", "candidate": "Dina Nina Martinez-Rutherford", "votes": 8.0, "color": "#FF7F00", "popup": "<div><strong>C Madison Wd 052</strong><div><strong>Representative to the Assembly District 76</strong><table style='border-collapse:collapse;margin-top:4px;'><tr><th></th><th style='text-align:right;padding-right:8px;'>Votes</th><th style='text-align:right;'>Percent</th></tr><tr><td style='padding-right:8px;'>Tony Castaneda</td><td style='text-align:right;padding-right:8px;'>4</td><td style='text-align:right;'>0.2%</td></tr><tr><td style='padding-right:8px;'>Zoe Sullivan</td><td style='text-align:right;padding-right:8px;'>25</td><td style='text-align:right;'>1.3%</td></tr><tr><td style='padding-right:8px;'>Isaia Ben-Ami</td><td style='text-align:right;padding-right:8px;'>5</td><td style='text-align:right;'>0.3%</td></tr><tr><td style='padding-right:8px;'>Juliana Bennett</td><td style='text-align:right;padding-right:8px;'>79</td><td style='text-align:right;'>4.0%</td></tr><tr><td style='padding-right:8px;'>Dina Nina Martinez-Rutherford</td><td style='text-align:right;padding-right:8px;'>8</td><td style='text-align:right;'>0.4%</td></tr><tr><td style='padding-right:8px;'>write-in:</td><td style='text-align:right;padding-right:8px;'>3</td><td style='text-align:right;'>0.2%</td></tr></table></div>" }, "geometry": { "type": "Point", "coordinates": [ -89.387546722165837, 43.074757337276452 ] } },
{ "type": "Feature", "properties": { "ward": "C Madison Wd 017", "candidate": "Zoe Sullivan", "votes": 9.0, "color": "#377EB8", "popup": "<div><strong>C Madison Wd 017</strong><div><strong>Representative to the Assembly District 76</strong><table style='border-collapse:collapse;margin-top:4px;'><tr><th></th><th style='text-align:right;padding-right:8px;'>Votes</th><th style='text-align:right;'>Percent</th></tr><tr><td style='padding-right:8px;'>Tony Castaneda</td><td style='text-align:right;padding-right:8px;'>28</td><td style='text-align:right;'>1.4%</td></tr><tr><td style='padding-right:8px;'>Zoe Sullivan</td><td style='text-align:right;padding-right:8px;'>9</td><td style='text-align:right;'>0.5%</td></tr><tr><td style='padding-right:8px;'>Isaia Ben-Ami</td><td style='text-align:right;padding-right:8px;'>37</td><td style='text-align:right;'>1.9%</td></tr><tr><td style='padding-right:8px;'>Juliana Bennett</td><td style='text-align:right;padding-right:8px;'>22</td><td style='text-align:right;'>1.1%</td></tr><tr><td style='padding-right:8px;'>Dina Nina Martinez-Rutherford</td><td style='text-align:right;padding-right:8px;'>9</td><td style='text-align:right;'>0.5%</td></tr><tr><td style='padding-right:8px;'>write-in:</td><td style='text-align:right;padding-right:8px;'>20</td><td style='text-align:right;'>1.0%</td></tr></table></div>" }, "geometry": { "type": "Point", "coordinates": [ -89.32150592661165, 43.093791879049746 ] } },
{ "type": "Feature", "properties": { "ward": "C Madison Wd 017", "candidate": "Dina Nina Martinez-Rutherford", "votes": 9.0, "color": "#FF7F00", "popup": "<div><strong>C Madison Wd 017</strong><div><strong>Representative to the Assembly District 76</strong><table style='border-collapse:collapse;margin-top:4px;'><tr><th></th><th style='text-align:right;padding-right:8px;'>Votes</th><th style='text-align:right;'>Percent</th></tr><tr><td style='padding-right:8px;'>Tony Castaneda</td><td style='text-align:right;padding-right:8px;'>28</td><td style='text-align:right;'>1.4%</td></tr><tr><td style='padding-right:8px;'>Zoe Sullivan</td><td style='text-align:right;padding-right:8px;'>9</td><td style='text-align:right;'>0.5%</td></tr><tr><td style='padding-right:8px;'>Isaia Ben-Ami</td><td style='text-align:right;padding-right:8px;'>37</td><td style='text-align:right;'>1.9%</td></tr><tr><td style='padding-right:8px;'>Juliana Bennett</td><td style='text-align:right;padding-right:8px;'>22</td><td style='text-align:right;'>1.1%</td></tr><tr><td style='padding-right:8px;'>Dina Nina Martinez-Rutherford</td><td style='text-align:right;padding-right:8px;'>9</td><td style='text-align:right;'>0.5%</td></tr><tr><td style='padding-right:8px;'>write-in:</td><td style='text-align:right;padding-right:8px;'>20</td><td style='text-align:right;'>1.0%</td></tr></table></div>" }, "geometry": { "type": "Point", "coordinates": [ -89.32150592661165, 43.093791879049746 ] } },
{ "type": "Feature", "properties": { "ward": "C Madison Wd 029", "candidate": "Isaia Ben-Ami", "votes": 9.0, "color": "#4DAF4A", "popup": "<div><strong>C Madison Wd 029</strong><div><strong>Representative to the Assembly District 76</strong><table style='border-collapse:collapse;margin-top:4px;'><tr><th></th><th style='text-align:right;padding-right:8px;'>Votes</th><th style='text-align:right;'>Percent</th></tr><tr><td style='padding-right:8px;'>Tony Castaneda</td><td style='text-align:right;padding-right:8px;'>3</td><td style='text-align:right;'>0.1%</td></tr><tr><td style='padding-right:8px;'>Zoe Sullivan</td><td style='text-align:right;padding-right:8px;'>17</td><td style='text-align:right;'>0.8%</td></tr><tr><td style='padding-right:8px;'>Isaia Ben-Ami</td><td style='text-align:right;padding-right:8px;'>9</td><td style='text-align:right;'>0.4%</td></tr><tr><td style='padding-right:8px;'>Juliana Bennett</td><td style='text-align:right;padding-right:8px;'>73</td><td style='text-align:right;'>3.4%</td></tr><tr><td style='padding-right:8px;'>Dina Nina Martinez-Rutherford</td><td style='text-align:right;padding-right:8px;'>4</td><td style='text-align:right;'>0.2%</td></tr><tr><td style='padding-right:8px;'>write-in:</td><td style='text-align:right;padding-right:8px;'>16</td><td style='text-align:right;'>0.7%</td></tr></table></div>" }, "geometry": { "type": "Point", "coordinates": [ -89.355179809182204, 43.101038754296411 ] } },
{ "type": "Feature", "properties": { "ward": "C Madison Wd 041", "candidate": "Tony Castaneda", "votes": 9.0, "color": "#E41A1C", "popup": "<div><strong>C Madison Wd 041</strong><div><strong>Representative to the Assembly District 76</strong><table style='border-collapse:collapse;margin-top:4px;'><tr><th></th><th style='text-align:right;padding-right:8px;'>Votes</th><th style='text-align:right;'>Percent</th></tr><tr><td style='padding-right:8px;'>Tony Castaneda</td><td style='text-align:right;padding-right:8px;'>9</td><td style='text-align:right;'>0.5%</td></tr><tr><td style='padding-right:8px;'>Zoe Sullivan</td><td style='text-align:right;padding-right:8px;'>14</td><td style='text-align:right;'>0.8%</td></tr><tr><td style='padding-right:8px;'>Isaia Ben-Ami</td><td style='text-align:right;padding-right:8px;'>4</td><td style='text-align:right;'>0.2%</td></tr><tr><td style='padding-right:8px;'>Juliana Bennett</td><td style='text-align:right;padding-right:8px;'>42</td><td style='text-align:right;'>2.3%</td></tr><tr><td style='padding-right:8px;'>Dina Nina Martinez-Rutherford</td><td style='text-align:right;padding-right:8px;'>5</td><td style='text-align:right;'>0.3%</td></tr><tr><td style='padding-right:8px;'>write-in:</td><td style='text-align:right;padding-right:8px;'>18</td><td style='text-align:right;'>1.0%</td></tr></table></div>" }, "geometry": { "type": "Point", "coordinates": [ -89.369740765282302, 43.089991677910852 ] } },
{ "type": "Feature", "properties": { "ward": "V Maple Bluff Wds 1-2", "candidate": "Zoe Sullivan", "votes": 10.0, "color": "#377EB8", "popup": "<div><strong>V Maple Bluff Wds 1-2</strong><div><strong>Representative to the Assembly District 76</strong><table style='border-collapse:collapse;margin-top:4px;'><tr><th></th><th style='text-align:right;padding-right:8px;'>Votes</th><th style='text-align:right;'>Percent</th></tr><tr><td style='padding-right:8px;'>Tony Castaneda</td><td style='text-align:right;padding-right:8px;'>2</td><td style='text-align:right;'>0.1%</td></tr><tr><td style='padding-right:8px;'>Zoe Sullivan</td><td style='text-align:right;padding-right:8px;'>10</td><td style='text-align:right;'>0.4%</td></tr><tr><td style='padding-right:8px;'>Isaia Ben-Ami</td><td style='text-align:right;padding-right:8px;'>11</td><td style='text-align:right;'>0.5%</td></tr><tr><td style='padding-right:8px;'>Juliana Bennett</td><td style='text-align:right;padding-right:8px;'>42</td><td style='text-align:right;'>1.8%</td></tr><tr><td style='padding-right:8px;'>Dina Nina Martinez-Rutherford</td><td style='text-align:right;padding-right:8px;'>27</td><td style='text-align:right;'>1.2%</td></tr><tr><td style='padding-right:8px;'>write-in:</td><td style='text-align:right;padding-right:8px;'>29</td><td style='text-align:right;'>1.3%</td></tr></table></div>" }, "geometry": { "type": "Point", "coordinates": [ -89.374449096764835, 43.117277537701376 ] } },
{ "type": "Feature", "properties": { "ward": "C Madison Wd 028", "candidate": "write-in:", "votes": 10.0, "color": "#FFFF33", "popup": "<div><strong>C Madison Wd 028</strong><div><strong>Representative to the Assembly District 76</strong><table style='border-collapse:collapse;margin-top:4px;'><tr><th></th><th style='text-align:right;padding-right:8px;'>Votes</th><th style='text-align:right;'>Percent</th></tr><tr><td style='padding-right:8px;'>Tony Castaneda</td><td style='text-align:right;padding-right:8px;'>87</td><td style='text-align:right;'>4.0%</td></tr><tr><td style='padding-right:8px;'>Zoe Sullivan</td><td style='text-align:right;padding-right:8px;'>18</td><td style='text-align:right;'>0.8%</td></tr><tr><td style='padding-right:8px;'>Isaia Ben-Ami</td><td style='text-align:right;padding-right:8px;'>1</td><td style='text-align:right;'>0.0%</td></tr><tr><td style='padding-right:8px;'>Juliana Bennett</td><td style='text-align:right;padding-right:8px;'>29</td><td style='text-align:right;'>1.3%</td></tr><tr><td style='padding-right:8px;'>Dina Nina Martinez-Rutherford</td><td style='text-align:right;padding-right:8px;'>37</td><td style='text-align:right;'>1.7%</td></tr><tr><td style='padding-right:8px;'>write-in:</td><td style='text-align:right;padding-right:8px;'>10</td><td style='text-align:right;'>0.5%</td></tr></table></div>" }, "geometry": { "type": "Point", "coordinates": [ -89.345945317960883, 43.106864218464551 ] } },
{ "type": "Feature", "properties": { "ward": "C Madison Wd 038", "candidate": "Isaia Ben-Ami", "votes": 10.0, "color": "#4DAF4A", "popup": "<div><strong>C Madison Wd 038</strong><div><strong>Representative to the Assembly District 76</strong><table style='border-collapse:collapse;margin-top:4px;'><tr><th></th><th style='text-align:right;padding-right:8px;'>Votes</th><th style='text-align:right;'>Percent</th></tr><tr><td style='padding-right:8px;'>Tony Castaneda</td><td style='text-align:right;padding-right:8px;'>82</td><td style='text-align:right;'>3.7%</td></tr><tr><td style='padding-right:8px;'>Zoe Sullivan</td><td style='text-align:right;padding-right:8px;'>11</td><td style='text-align:right;'>0.5%</td></tr><tr><td style='padding-right:8px;'>Isaia Ben-Ami</td><td style='text-align:right;padding-right:8px;'>10</td><td style='text-align:right;'>0.4%</td></tr><tr><td style='padding-right:8px;'>Juliana Bennett</td><td style='text-align:right;padding-right:8px;'>51</td><td style='text-align:right;'>2.3%</td></tr><tr><td style='padding-right:8px;'>Dina Nina Martinez-Rutherford</td><td style='text-align:right;padding-right:8px;'>12</td><td style='text-align:right;'>0.5%</td></tr><tr><td style='padding-right:8px;'>write-in:</td><td style='text-align:right;padding-right:8px;'>1</td><td style='text-align:right;'>0.0%</td></tr></table></div>" }, "geometry": { "type": "Point", "coordinates": [ -89.381888030346786, 43.137382486694058 ] } },
{ "type": "Feature", "properties": { "ward": "C Madison Wd 042", "candidate": "Zoe Sullivan", "votes": 10.0, "color": "#377EB8", "popup": "<div><strong>C Madison Wd 042</strong><div><strong>Representative to the Assembly District 76</strong><table style='border-collapse:collapse;margin-top:4px;'><tr><th></th><th style='text-align:right;padding-right:8px;'>Votes</th><th style='text-align:right;'>Percent</th></tr><tr><td style='padding-right:8px;'>Tony Castaneda</td><td style='text-align:right;padding-right:8px;'>6</td><td style='text-align:right;'>0.3%</td></tr><tr><td style='padding-right:8px;'>Zoe Sullivan</td><td style='text-align:right;padding-right:8px;'>10</td><td style='text-align:right;'>0.6%</td></tr><tr><td style='padding-right:8px;'>Isaia Ben-Ami</td><td style='text-align:right;padding-right:8px;'>38</td><td style='text-align:right;'>2.2%</td></tr><tr><td style='padding-right:8px;'>Juliana Bennett</td><td style='text-align:right;padding-right:8px;'>26</td><td style='text-align:right;'>1.5%</td></tr><tr><td style='padding-right:8px;'>Dina Nina Martinez-Rutherford</td><td style='text-align:right;padding-right:8px;'>19</td><td style='text-align:right;'>1.1%</td></tr><tr><td style='padding-right:8px;'>write-in:</td><td style='text-align:right;padding-right:8px;'>48</td><td style='text-align:right;'>2.8%</td></tr></table></div>" }, "geometry": { "type": "Point", "coordinates": [ -89.361715344045933, 43.08520750584168 ] } },
{ "type": "Feature", "properties": { "ward": "V Maple Bluff Wds 1-2", "candidate": "Isaia Ben-Ami", "votes": 11.0, "color": "#4DAF4A", "popup": "<div><strong>V Maple Bluff Wds 1-2</strong><div><strong>Representative to the Assembly District 76</strong><table style='border-collapse:collapse;margin-top:4px;'><tr><th></th><th style='text-align:right;padding-right:8px;'>Votes</th><th style='text-align:right;'>Percent</th></tr><tr><td style='padding-right:8px;'>Tony Castaneda</td><td style='text-align:right;padding-right:8px;'>2</td><td style='text-align:right;'>0.1%</td></tr><tr><td style='padding-right:8px;'>Zoe Sullivan</td><td style='text-align:right;padding-right:8px;'>10</td><td style='text-align:right;'>0.4%</td></tr><tr><td style='padding-right:8px;'>Isaia Ben-Ami</td><td style='text-align:right;padding-right:8px;'>11</td><td style='text-align:right;'>0.5%</td></tr><tr><td style='padding-right:8px;'>Juliana Bennett</td><td style='text-align:right;padding-right:8px;'>42</td><td style='text-align:right;'>1.8%</td></tr><tr><td style='padding-right:8px;'>Dina Nina Martinez-Rutherford</td><td style='text-align:right;padding-right:8px;'>27</td><td style='text-align:right;'>1.2%</td></tr><tr><td style='padding-right:8px;'>write-in:</td><td style='text-align:right;padding-right:8px;'>29</td><td style='text-align:right;'>1.3%</td></tr></table></div>" }, "geometry": { "type": "Point", "coordinates": [ -89.374449096764835, 43.117277537701376 ] } },
{ "type": "Feature", "properties": { "ward": "C Madison Wd 016", "candidate": "Tony Castaneda", "votes": 11.0, "color": "#E41A1C", "popup": "<div><strong>C Madison Wd 016</strong><div><strong>Representative to the Assembly District 76</strong><table style='border-collapse:collapse;margin-top:4px;'><tr><th></th><th style='text-align:right;padding-right:8px;'>Votes</th><th style='text-align:right;'>Percent</th></tr><tr><td style='padding-right:8px;'>Tony Castaneda</td><td style='text-align:right;padding-right:8px;'>11</td><td style='text-align:right;'>0.6%</td></tr><tr><td style='padding-right:8px;'>Zoe Sullivan</td><td style='text-align:right;padding-right:8px;'>16</td><td style='text-align:right;'>0.9%</td></tr><tr><td style='padding-right:8px;'>Isaia Ben-Ami</td><td style='text-align:right;padding-right:8px;'>87</td><td style='text-align:right;'>4.6%</td></tr><tr><td style='padding-right:8px;'>Juliana Bennett</td><td style='text-align:right;padding-right:8px;'>3</td><td style='text-align:right;'>0.2%</td></tr><tr><td style='padding-right:8px;'>Dina Nina Martinez-Rutherford</td><td style='text-align:right;padding-right:8px;'>18</td><td style='text-align:right;'>1.0%</td></tr><tr><td style='padding-right:8px;'>write-in:</td><td style='text-align:right;padding-right:8px;'>16</td><td style='text-align:right;'>0.9%</td></tr></table></div>" }, "geometry": { "type": "Point", "coordinates": [ -89.322617953538426, 43.086088726648001 ] } },
{ "type": "Feature", "properties": { "ward": "C Madison Wd 032", "candidate": "Isaia Ben-Ami", "votes": 11.0, "color": "#4DAF4A", "popup": "<div><strong>C Madison Wd 032</strong><div><strong>Representative to the Assembly District 76</strong><table style='border-collapse:collapse;margin-top:4px;'><tr><th></th><th style='text-align:right;padding-right:8px;'>Votes</th><th style='text-align:right;'>Percent</th></tr><tr><td style='padding-right:8px;'>Tony Castaneda</td><td style='text-align:right;padding-right:8px;'>13</td><td style='text-align:right;'>0.7%</td></tr><tr><td style='padding-right:8px;'>Zoe Sullivan</td><td style='text-align:right;padding-right:8px;'>5</td><td style='text-align:right;'>0.3%</td></tr><tr><td style='padding-right:8px;'>Isaia Ben-Ami</td><td style='text-align:right;padding-right:8px;'>11</td><td style='text-align:right;'>0.6%</td></tr><tr><td style='padding-right:8px;'>Juliana Bennett</td><td style='text-align:right;padding-right:8px;'>33</td><td style='text-align:right;'>1.7%</td></tr><tr><td style='padding-right:8px;'>Dina Nina Martinez-Rutherford</td><td style='text-align:right;padding-right:8px;'>47</td><td style='text-align:right;'>2.4%</td></tr><tr><td style='padding-right:8px;'>write-in:</td><td style='text-align:right;padding-right:8px;'>28</td><td style='text-align:right;'>1.4%</td></tr></table></div>" }, "geometry": { "type": "Point", "coordinates": [ -89.367330802415196, 43.126509539648012 ] } },
{ "type": "Feature", "properties": { "ward": "C Madison Wd 037", "candidate": "Zoe Sullivan", "votes": 11.0, "color": "#377EB8", "popup": "<div><strong>C Madison Wd 037</strong><div><strong>Representative to the Assembly District 76</strong><table style='border-collapse:collapse;margin-top:4px;'><tr><th></th><th style='text-align:right;padding-right:8px;'>Votes</th><th style='text-align:right;'>Percent</th></tr><tr><td style='padding-right:8px;'>Tony Castaneda</td><td style='text-align:right;padding-right:8px;'>5</td><td style='text-align:right;'>0.3%</td></tr><tr><td style='padding-right:8px;'>Zoe Sullivan</td><td style='text-align:right;padding-right:8px;'>11</td><td style='text-align:right;'>0.6%</td></tr><tr><td style='padding-right:8px;'>Isaia Ben-Ami</td><td style='text-align:right;padding-right:8px;'>18</td><td style='text-align:right;'>1.0%</td></tr><tr><td style='padding-right:8px;'>Juliana Bennett</td><td style='text-align:right;padding-right:8px;'>14</td><td style='text-align:right;'>0.8%</td></tr><tr><td style='padding-right:8px;'>Dina Nina Martinez-Rutherford</td><td style='text-align:right;padding-right:8px;'>34</td><td style='text-align:right;'>1.9%</td></tr><tr><td style='padding-right:8px;'>write-in:</td><td style='text-align:right;padding-right:8px;'>24</td><td style='text-align:right;'>1.3%</td></tr></table></div>" }, "geometry": { "type": "Point", "coordinates": [ -89.380453791981225, 43.144700692063921 ] } },
{ "type": "Feature", "properties": { "ward": "C Madison Wd 038", "candidate": "Zoe Sullivan", "votes": 11.0, "color": "#377EB8", "popup": "<div><strong>C Madison Wd 038</strong><div><strong>Representative to the Assembly District 76</strong><table style='border-collapse:collapse;margin-top:4px;'><tr><th></th><th style='text-align:right;padding-right:8px;'>Votes</th><th style='text-align:right;'>Percent</th></tr><tr><td style='padding-right:8px;'>Tony Castaneda</td><td style='text-align:right;padding-right:8px;'>82</td><td style='text-align:right;'>3.7%</td></tr><tr><td style='padding-right:8px;'>Zoe Sullivan</td><td style='text-align:right;padding-right:8px;'>11</td><td style='text-align:right;'>0.5%</td></tr><tr><td style='padding-right:8px;'>Isaia Ben-Ami</td><td style='text-align:right;padding-right:8px;'>10</td><td style='text-align:right;'>0.4%</td></tr><tr><td style='padding-right:8px;'>Juliana Bennett</td><td style='text-align:right;padding-right:8px;'>51</td><td style='text-align:right;'>2.3%</td></tr><tr><td style='padding-right:8px;'>Dina Nina Martinez-Rutherford</td><td style='text-align:right;padding-right:8px;'>12</td><td style='text-align:right;'>0.5%</td></tr><tr><td style='padding-right:8px;'>write-in:</td><td style='text-align:right;padding-right:8px;'>1</td><td style='text-align:right;'>0.0%</td></tr></table></div>" }, "geometry": { "type": "Point", "coordinates": [ -89.381888030346786, 43.137382486694058 ] } },
{ "type": "Feature", "properties": { "ward": "C Madison Wd 038", "candidate": "Dina Nina Martinez-Rutherford", "votes": 12.0, "color": "#FF7F00", "popup": "<div><strong>C Madison Wd 038</strong><div><strong>Representative to the Assembly District 76</strong><table style='border-collapse:collapse;margin-top:4px;'><tr><th></th><th style='text-align:right;padding-right:8px;'>Votes</th><th style='text-align:right;'>Percent</th></tr><tr><td style='padding-right:8px;'>Tony Castaneda</td><td style='text-align:right;padding-right:8px;'>82</td><td style='text-align:right;'>3.7%</td></tr><tr><td style='padding-right:8px;'>Zoe Sullivan</td><td style='text-align:right;padding-right:8px;'>11</td><td style='text-align:right;'>0.5%</td></tr><tr><td style='padding-right:8px;'>Isaia Ben-Ami</td><td style='text-align:right;padding-right:8px;'>10</td><td style='text-align:right;'>0.4%</td></tr><tr><td style='padding-right:8px;'>Juliana Bennett</td><td style='text-align:right;padding-right:8px;'>51</td><td style='text-align:right;'>2.3%</td></tr><tr><td style='padding-right:8px;'>Dina Nina Martinez-Rutherford</td><td style='text-align:right;padding-right:8px;'>12</td><td style='text-align:right;'>0.5%</td></tr><tr><td style='padding-right:8px;'>write-in:</td><td style='text-align:right;padding-right:8px;'>1</td><td style='text-align:right;'>0.0%</td></tr></table></div>" }, "geometry": { "type": "Point", "coordinates": [ -89.381888030346786, 43.137382486694058 ] } },
{ "type": "Feature", "properties": { "ward": "C Madison Wd 032", "candidate": "Tony Castaneda", "votes": 13.0, "color": "#E41A1C", "popup": "<div><strong>C Madison Wd 032</strong><div><strong>Representative to the Assembly District 76</strong><table style='border-collapse:collapse;margin-top:4px;'><tr><th></th><th style='text-align:right;padding-right:8px;'>Votes</th><th style='text-align:right;'>Percent</th></tr><tr><td style='padding-right:8px;'>Tony Castaneda</td><td style='text-align:right;padding-right:8px;'>13</td><td style='text-align:right;'>0.7%</td></tr><tr><td style='padding-right:8px;'>Zoe Sullivan</td><td style='text-align:right;padding-right:8px;'>5</td><td style='text-align:right;'>0.3%</td></tr><tr><td style='padding-right:8px;'>Isaia Ben-Ami</td><td style='text-align:right;padding-right:8px;'>11</td><td style='text-align:right;'>0.6%</td></tr><tr><td style='padding-right:8px;'>Juliana Bennett</td><td style='text-align:right;padding-right:8px;'>33</td><td style='text-align:right;'>1.7%</td></tr><tr><td style='padding-right:8px;'>Dina Nina Martinez-Rutherford</td><td style='text-align:right;padding-right:8px;'>47</td><td style='text-align:right;'>2.4%</td></tr><tr><td style='padding-right:8px;'>write-in:</td><td style='text-align:right;padding-right:8px;'>28</td><td style='text-align:right;'>1.4%</td></tr></table></div>" }, "geometry": { "type": "Point", "coordinates": [ -89.367330802415196, 43.126509539648012 ] } },
{ "type": "Feature", "properties": { "ward": "C Madison Wd 045", "candidate": "write-in:", "votes": 13.0, "color": "#FFFF33", "popup": "<div><strong>C Madison Wd 045</strong><div><strong>Representative to the Assembly District 76</strong><table style='border-collapse:collapse;margin-top:4px;'><tr><th></th><th style='text-align:right;padding-right:8px;'>Votes</th><th style='text-align:right;'>Percent</th></tr><tr><td style='padding-right:8px;'>Tony Castaneda</td><td style='text-align:right;padding-right:8px;'>24</td><td style='text-align:right;'>1.3%</td></tr><tr><td style='padding-right:8px;'>Zoe Sullivan</td><td style='text-align:right;padding-right:8px;'>5</td><td style='text-align:right;'>0.3%</td></tr><tr><td style='padding-right:8px;'>Isaia Ben-Ami</td><td style='text-align:right;padding-right:8px;'>24</td><td style='text-align:right;'>1.3%</td></tr><tr><td style='padding-right:8px;'>Juliana Bennett</td><td style='text-align:right;padding-right:8px;'>14</td><td style='text-align:right;'>0.8%</td></tr><tr><td style='padding-right:8px;'>Dina Nina Martinez-Rutherford</td><td style='text-align:right;padding-right:8px;'>47</td><td style='text-align:right;'>2.6%</td></tr><tr><td style='padding-right:8px;'>write-in:</td><td style='text-align:right;padding-right:8px;'>13</td><td style='text-align:right;'>0.7%</td></tr></table></div>" }, "geometry": { "type": "Point", "coordinates": [ -89.378793625887837, 43.07674351291314 ] } },
{ "type": "Feature", "properties": { "ward": "C Madison Wd 055", "candidate": "Tony Castaneda", "votes": 13.0, "color": "#E41A1C", "popup": "<div><strong>C Madison Wd 055</strong><div><strong>Representative to the Assembly District 76</strong><table style='border-collapse:collapse;margin-top:4px;'><tr><th></th><th style='text-align:right;padding-right:8px;'>Votes</th><th style='text-align:right;'>Percent</th></tr><tr><td style='padding-right:8px;'>Tony Castaneda</td><td style='text-align:right;padding-right:8px;'>13</td><td style='text-align:right;'>0.6%</td></tr><tr><td style='padding-right:8px;'>Zoe Sullivan</td><td style='text-align:right;padding-right:8px;'>38</td><td style='text-align:right;'>1.8%</td></tr><tr><td style='padding-right:8px;'>Isaia Ben-Ami</td><td style='text-align:right;padding-right:8px;'>38</td><td style='text-align:right;'>1.8%</td></tr><tr><td style='padding-right:8px;'>Juliana Bennett</td><td style='text-align:right;padding-right:8px;'>18</td><td style='text-align:right;'>0.9%</td></tr><tr><td style='padding-right:8px;'>Dina Nina Martinez-Rutherford</td><td style='text-align:right;padding-right:8px;'>87</td><td style='text-align:right;'>4.1%</td></tr><tr><td style='padding-right:8px;'>write-in:</td><td style='text-align:right;padding-right:8px;'>1</td><td style='text-align:right;'>0.0%</td></tr></table></div>" }, "geometry": { "type": "Point", "coordinates": [ -89.390564622049155, 43.066964385949177 ] } },
{ "type": "Feature", "properties": { "ward": "C Madison Wd 019", "candidate": "Juliana Bennett", "votes": 14.0, "color": "#984EA3", "popup": "<div><strong>C Madison Wd 019</strong><div><strong>Representative to the Assembly District 76</strong><table style='border-collapse:collapse;margin-top:4px;'><tr><th></th><th style='text-align:right;padding-right:8px;'>Votes</th><th style='text-align:right;'>Percent</th></tr><tr><td style='padding-right:8px;'>Tony Castaneda</td><td style='text-align:right;padding-right:8px;'>69</td><td style='text-align:right;'>2.9%</td></tr><tr><td style='padding-right:8px;'>Zoe Sullivan</td><td style='text-align:right;padding-right:8px;'>3</td><td style='text-align:right;'>0.1%</td></tr><tr><td style='padding-right:8px;'>Isaia Ben-Ami</td><td style='text-align:right;padding-right:8px;'>4</td><td style='text-align:right;'>0.2%</td></tr><tr><td style='padding-right:8px;'>Juliana Bennett</td><td style='text-align:right;padding-right:8px;'>14</td><td style='text-align:right;'>0.6%</td></tr><tr><td style='padding-right:8px;'>Dina Nina Martinez-Rutherford</td><td style='text-align:right;padding-right:8px;'>25</td><td style='text-align:right;'>1.1%</td></tr><tr><td style='padding-right:8px;'>write-in:</td><td style='text-align:right;padding-right:8px;'>28</td><td style='text-align:right;'>1.2%</td></tr></table></div>" }, "geometry": { "type": "Point", "coordinates": [ -89.345166103523681, 43.093823902518743 ] } },
{ "type": "Feature", "properties": { "ward": "C Madison Wd 027", "candidate": "write-in:", "votes": 14.0, "color": "#FFFF33", "popup": "<div><strong>C Madison Wd 027</strong><div><strong>Representative to the Assembly District 76</strong><table style='border-collapse:collapse;margin-top:4px;'><tr><th></th><th style='text-align:right;padding-right:8px;'>Votes</th><th style='text-align:right;'>Percent</th></tr><tr><td style='padding-right:8px;'>Tony Castaneda</td><td style='text-align:right;padding-right:8px;'>1</td><td style='text-align:right;'>0.1%</td></tr><tr><td style='padding-right:8px;'>Zoe Sullivan</td><td style='text-align:right;padding-right:8px;'>23</td><td style='text-align:right;'>1.3%</td></tr><tr><td style='padding-right:8px;'>Isaia Ben-Ami</td><td style='text-align:right;padding-right:8px;'>46</td><td style='text-align:right;'>2.7%</td></tr><tr><td style='padding-right:8px;'>Juliana Bennett</td><td style='text-align:right;padding-right:8px;'>3</td><td style='text-align:right;'>0.2%</td></tr><tr><td style='padding-right:8px;'>Dina Nina Martinez-Rutherford</td><td style='text-align:right;padding-right:8px;'>2</td><td style='text-align:right;'>0.1%</td></tr><tr><td style='padding-right:8px;'>write-in:</td><td style='text-align:right;padding-right:8px;'>14</td><td style='text-align:right;'>0.8%</td></tr></table></div>" }, "geometry": { "type": "Point", "coordinates": [ -89.32552100535284, 43.110700650884183 ] } },
{ "type": "Feature", "properties": { "ward": "C Madison Wd 037", "candidate": "Juliana Bennett", "votes": 14.0, "color": "#984EA3", "popup": "<div><strong>C Madison Wd 037</strong><div><strong>Representative to the Assembly District 76</strong><table style='border-collapse:collapse;margin-top:4px;'><tr><th></th><th style='text-align:right;padding-right:8px;'>Votes</th><th style='text-align:right;'>Percent</th></tr><tr><td style='padding-right:8px;'>Tony Castaneda</td><td style='text-align:right;padding-right:8px;'>5</td><td style='text-align:right;'>0.3%</td></tr><tr><td style='padding-right:8px;'>Zoe Sullivan</td><td style='text-align:right;padding-right:8px;'>11</td><td style='text-align:right;'>0.6%</td></tr><tr><td style='padding-right:8px;'>Isaia Ben-Ami</td><td style='text-align:right;padding-right:8px;'>18</td><td style='text-align:right;'>1.0%</td></tr><tr><td style='padding-right:8px;'>Juliana Bennett</td><td style='text-align:right;padding-right:8px;'>14</td><td style='text-align:right;'>0.8%</td></tr><tr><td style='padding-right:8px;'>Dina Nina Martinez-Rutherford</td><td style='text-align:right;padding-right:8px;'>34</td><td style='text-align:right;'>1.9%</td></tr><tr><td style='padding-right:8px;'>write-in:</td><td style='text-align:right;padding-right:8px;'>24</td><td style='text-align:right;'>1.3%</td></tr></table></div>" }, "geometry": { "type": "Point", "coordinates": [ -89.380453791981225, 43.144700692063921 ] } },
{ "type": "Feature", "properties": { "ward": "C Madison Wd 041", "candidate": "Zoe Sullivan", "votes": 14.0, "color": "#377EB8", "popup": "<div><strong>C Madison Wd 041</strong><div><strong>Representative to the Assembly District 76</strong><table style='border-collapse:collapse;margin-top:4px;'><tr><th></th><th style='text-align:right;padding-right:8px;'>Votes</th><th style='text-align:right;'>Percent</th></tr><tr><td style='padding-right:8px;'>Tony Castaneda</td><td style='text-align:right;padding-right:8px;'>9</td><td style='text-align:right;'>0.5%</td></tr><tr><td style='padding-right:8px;'>Zoe Sullivan</td><td style='text-align:right;padding-right:8px;'>14</td><td style='text-align:right;'>0.8%</td></tr><tr><td style='padding-right:8px;'>Isaia Ben-Ami</td><td style='text-align:right;padding-right:8px;'>4</td><td style='text-align:right;'>0.2%</td></tr><tr><td style='padding-right:8px;'>Juliana Bennett</td><td style='text-align:right;padding-right:8px;'>42</td><td style='text-align:right;'>2.3%</td></tr><tr><td style='padding-right:8px;'>Dina Nina Martinez-Rutherford</td><td style='text-align:right;padding-right:8px;'>5</td><td style='text-align:right;'>0.3%</td></tr><tr><td style='padding-right:8px;'>write-in:</td><td style='text-align:right;padding-right:8px;'>18</td><td style='text-align:right;'>1.0%</td></tr></table></div>" }, "geometry": { "type": "Point", "coordinates": [ -89.369740765282302, 43.089991677910852 ] } },
{ "type": "Feature", "properties": { "ward": "C Madison Wd 045", "candidate": "Juliana Bennett", "votes": 14.0, "color": "#984EA3", "popup": "<div><strong>C Madison Wd 045</strong><div><strong>Representative to the Assembly District 76</strong><table style='border-collapse:collapse;margin-top:4px;'><tr><th></th><th style='text-align:right;padding-right:8px;'>Votes</th><th style='text-align:right;'>Percent</th></tr><tr><td style='padding-right:8px;'>Tony Castaneda</td><td style='text-align:right;padding-right:8px;'>24</td><td style='text-align:right;'>1.3%</td></tr><tr><td style='padding-right:8px;'>Zoe Sullivan</td><td style='text-align:right;padding-right:8px;'>5</td><td style='text-align:right;'>0.3%</td></tr><tr><td style='padding-right:8px;'>Isaia Ben-Ami</td><td style='text-align:right;padding-right:8px;'>24</td><td style='text-align:right;'>1.3%</td></tr><tr><td style='padding-right:8px;'>Juliana Bennett</td><td style='text-align:right;padding-right:8px;'>14</td><td style='text-align:right;'>0.8%</td></tr><tr><td style='padding-right:8px;'>Dina Nina Martinez-Rutherford</td><td style='text-align:right;padding-right:8px;'>47</td><td style='text-align:right;'>2.6%</td></tr><tr><td style='padding-right:8px;'>write-in:</td><td style='text-align:right;padding-right:8px;'>13</td><td style='text-align:right;'>0.7%</td></tr></table></div>" }, "geometry": { "type": "Point", "coordinates": [ -89.378793625887837, 43.07674351291314 ] } },
{ "type": "Feature", "properties": { "ward": "C Madison Wd 016", "candidate": "Zoe Sullivan", "votes": 16.0, "color": "#377EB8", "popup": "<div><strong>C Madison Wd 016</strong><div><strong>Representative to the Assembly District 76</strong><table style='border-collapse:collapse;margin-top:4px;'><tr><th></th><th style='text-align:right;padding-right:8px;'>Votes</th><th style='text-align:right;'>Percent</th></tr><tr><td style='padding-right:8px;'>Tony Castaneda</td><td style='text-align:right;padding-right:8px;'>11</td><td style='text-align:right;'>0.6%</td></tr><tr><td style='padding-right:8px;'>Zoe Sullivan</td><td style='text-align:right;padding-right:8px;'>16</td><td style='text-align:right;'>0.9%</td></tr><tr><td style='padding-right:8px;'>Isaia Ben-Ami</td><td style='text-align:right;padding-right:8px;'>87</td><td style='text-align:right;'>4.6%</td></tr><tr><td style='padding-right:8px;'>Juliana Bennett</td><td style='text-align:right;padding-right:8px;'>3</td><td style='text-align:right;'>0.2%</td></tr><tr><td style='padding-right:8px;'>Dina Nina Martinez-Rutherford</td><td style='text-align:right;padding-right:8px;'>18</td><td style='text-align:right;'>1.0%</td></tr><tr><td style='padding-right:8px;'>write-in:</td><td style='text-align:right;padding-right:8px;'>16</td><td style='text-align:right;'>0.9%</td></tr></table></div>" }, "geometry": { "type": "Point", "coordinates": [ -89.322617953538426, 43.086088726648001 ] } },
{ "type": "Feature", "properties": { "ward": "C Madison Wd 016", "candidate": "write-in:", "votes": 16.0, "color": "#FFFF33", "popup": "<div><strong>C Madison Wd 016</strong><div><strong>Representative to the Assembly District 76</strong><table style='border-collapse:collapse;margin-top:4px;'><tr><th></th><th style='text-align:right;padding-right:8px;'>Votes</th><th style='text-align:right;'>Percent</th></tr><tr><td style='padding-right:8px;'>Tony Castaneda</td><td style='text-align:right;padding-right:8px;'>11</td><td style='text-align:right;'>0.6%</td></tr><tr><td style='padding-right:8px;'>Zoe Sullivan</td><td style='text-align:right;padding-right:8px;'>16</td><td style='text-align:right;'>0.9%</td></tr><tr><td style='padding-right:8px;'>Isaia Ben-Ami</td><td style='text-align:right;padding-right:8px;'>87</td><td style='text-align:right;'>4.6%</td></tr><tr><td style='padding-right:8px;'>Juliana Bennett</td><td style='text-align:right;padding-right:8px;'>3</td><td style='text-align:right;'>0.2%</td></tr><tr><td style='padding-right:8px;'>Dina Nina Martinez-Rutherford</td><td style='text-align:right;padding-right:8px;'>18</td><td style='text-align:right;'>1.0%</td></tr><tr><td style='padding-right:8px;'>write-in:</td><td style='text-align:right;padding-right:8px;'>16</td><td style='text-align:right;'>0.9%</td></tr></table></div>" }, "geometry": { "type": "Point", "coordinates": [ -89.322617953538426, 43.086088726648001 ] } },
{ "type": "Feature", "properties": { "ward": "C Madison Wd 018", "candidate": "write-in:", "votes": 16.0, "color": "#FFFF33", "popup": "<div><strong>C Madison Wd 018</strong><div><strong>Representative to the Assembly District 76</strong><table style='border-collapse:collapse;margin-top:4px;'><tr><th></th><th style='text-align:right;padding-right:8px;'>Votes</th><th style='text-align:right;'>Percent</th></tr><tr><td style='padding-right:8px;'>Tony Castaneda</td><td style='text-align:right;padding-right:8px;'>43</td><td style='text-align:right;'>2.7%</td></tr><tr><td style='padding-right:8px;'>Zoe Sullivan</td><td style='text-align:right;padding-right:8px;'>38</td><td style='text-align:right;'>2.4%</td></tr><tr><td style='padding-right:8px;'>Isaia Ben-Ami</td><td style='text-align:right;padding-right:8px;'>42</td><td style='text-align:right;'>2.7%</td></tr><tr><td style='padding-right:8px;'>Juliana Bennett</td><td style='text-align:right;padding-right:8px;'>8</td><td style='text-align:right;'>0.5%</td></tr><tr><td style='padding-right:8px;'>Dina Nina Martinez-Rutherford</td><td style='text-align:right;padding-right:8px;'>45</td><td style='text-align:right;'>2.9%</td></tr><tr><td style='padding-right:8px;'>write-in:</td><td style='text-align:right;padding-right:8px;'>16</td><td style='text-align:right;'>1.0%</td></tr></table></div>" }, "geometry": { "type": "Point", "coordinates": [ -89.340428730931492, 43.100651265017135 ] } },
{ "type": "Feature", "properties": { "ward": "C Madison Wd 029", "candidate": "write-in:", "votes": 16.0, "color": "#FFFF33", "popup": "<div><strong>C Madison Wd 029</strong><div><strong>Representative to the Assembly District 76</strong><table style='border-collapse:collapse;margin-top:4px;'><tr><th></th><th style='text-align:right;padding-right:8px;'>Votes</th><th style='text-align:right;'>Percent</th></tr><tr><td style='padding-right:8px;'>Tony Castaneda</td><td style='text-align:right;padding-right:8px;'>3</td><td style='text-align:right;'>0.1%</td></tr><tr><td style='padding-right:8px;'>Zoe Sullivan</td><td style='text-align:right;padding-right:8px;'>17</td><td style='text-align:right;'>0.8%</td></tr><tr><td style='padding-right:8px;'>Isaia Ben-Ami</td><td style='text-align:right;padding-right:8px;'>9</td><td style='text-align:right;'>0.4%</td></tr><tr><td style='padding-right:8px;'>Juliana Bennett</td><td style='text-align:right;padding-right:8px;'>73</td><td style='text-align:right;'>3.4%</td></tr><tr><td style='padding-right:8px;'>Dina Nina Martinez-Rutherford</td><td style='text-align:right;padding-right:8px;'>4</td><td style='text-align:right;'>0.2%</td></tr><tr><td style='padding-right:8px;'>write-in:</td><td style='text-align:right;padding-right:8px;'>16</td><td style='text-align:right;'>0.7%</td></tr></table></div>" }, "geometry": { "type": "Point", "coordinates": [ -89.355179809182204, 43.101038754296411 ] } },
{ "type": "Feature", "properties": { "ward": "C Madison Wd 031", "candidate": "Dina Nina Martinez-Rutherford", "votes": 16.0, "color": "#FF7F00", "popup": "<div><strong>C Madison Wd 031</strong><div><strong>Representative to the Assembly District 76</strong><table style='border-collapse:collapse;margin-top:4px;'><tr><th></th><th style='text-align:right;padding-right:8px;'>Votes</th><th style='text-align:right;'>Percent</th></tr><tr><td style='padding-right:8px;'>Tony Castaneda</td><td style='text-align:right;padding-right:8px;'>49</td><td style='text-align:right;'>2.3%</td></tr><tr><td style='padding-right:8px;'>Zoe Sullivan</td><td style='text-align:right;padding-right:8px;'>83</td><td style='text-align:right;'>3.9%</td></tr><tr><td style='padding-right:8px;'>Isaia Ben-Ami</td><td style='text-align:right;padding-right:8px;'>20</td><td style='text-align:right;'>0.9%</td></tr><tr><td style='padding-right:8px;'>Juliana Bennett</td><td style='text-align:right;padding-right:8px;'>18</td><td style='text-align:right;'>0.8%</td></tr><tr><td style='padding-right:8px;'>Dina Nina Martinez-Rutherford</td><td style='text-align:right;padding-right:8px;'>16</td><td style='text-align:right;'>0.8%</td></tr><tr><td style='padding-right:8px;'>write-in:</td><td style='text-align:right;padding-right:8px;'>75</td><td style='text-align:right;'>3.5%</td></tr></table></div>" }, "geometry": { "type": "Point", "coordinates": [ -89.359092205438571, 43.110910094916278 ] } },
{ "type": "Feature", "properties": { "ward": "C Madison Wd 029", "candidate": "Zoe Sullivan", "votes": 17.0, "color": "#377EB8", "popup": "<div><strong>C Madison Wd 029</strong><div><strong>Representative to the Assembly District 76</strong><table style='border-collapse:collapse;margin-top:4px;'><tr><th></th><th style='text-align:right;padding-right:8px;'>Votes</th><th style='text-align:right;'>Percent</th></tr><tr><td style='padding-right:8px;'>Tony Castaneda</td><td style='text-align:right;padding-right:8px;'>3</td><td style='text-align:right;'>0.1%</td></tr><tr><td style='padding-right:8px;'>Zoe Sullivan</td><td style='text-align:right;padding-right:8px;'>17</td><td style='text-align:right;'>0.8%</td></tr><tr><td style='padding-right:8px;'>Isaia Ben-Ami</td><td style='text-align:right;padding-right:8px;'>9</td><td style='text-align:right;'>0.4%</td></tr><tr><td style='padding-right:8px;'>Juliana Bennett</td><td style='text-align:right;padding-right:8px;'>73</td><td style='text-align:right;'>3.4%</td></tr><tr><td style='padding-right:8px;'>Dina Nina Martinez-Rutherford</td><td style='text-align:right;padding-right:8px;'>4</td><td style='text-align:right;'>0.2%</td></tr><tr><td style='padding-right:8px;'>write-in:</td><td style='text-align:right;padding-right:8px;'>16</td><td style='text-align:right;'>0.7%</td></tr></table></div>" }, "geometry": { "type": "Point", "coordinates": [ -89.355179809182204, 43.101038754296411 ] } },
{ "type": "Feature", "properties": { "ward": "C Madison Wd 030", "candidate": "Juliana Bennett", "votes": 17.0, "color": "#984EA3", "popup": "<div><strong>C Madison Wd 030</strong><div><strong>Representative to the Assembly District 76</strong><table style='border-collapse:collapse;margin-top:4px;'><tr><th></th><th style='text-align:right;padding-right:8px;'>Votes</th><th style='text-align:right;'>Percent</th></tr><tr><td style='padding-right:8px;'>Tony Castaneda</td><td style='text-align:right;padding-right:8px;'>22</td><td style='text-align:right;'>1.1%</td></tr><tr><td style='padding-right:8px;'>Zoe Sullivan</td><td style='text-align:right;padding-right:8px;'>62</td><td style='text-align:right;'>3.1%</td></tr><tr><td style='padding-right:8px;'>Isaia Ben-Ami</td><td style='text-align:right;padding-right:8px;'>76</td><td style='text-align:right;'>3.8%</td></tr><tr><td style='padding-right:8px;'>Juliana Bennett</td><td style='text-align:right;padding-right:8px;'>17</td><td style='text-align:right;'>0.9%</td></tr><tr><td style='padding-right:8px;'>Dina Nina Martinez-Rutherford</td><td style='text-align:right;padding-right:8px;'>24</td><td style='text-align:right;'>1.2%</td></tr><tr><td style='padding-right:8px;'>write-in:</td><td style='text-align:right;padding-right:8px;'>61</td><td style='text-align:right;'>3.1%</td></tr></table></div>" }, "geometry": { "type": "Point", "coordinates": [ -89.365680548198327, 43.095414275283005 ] } },
{ "type": "Feature", "properties": { "ward": "C Madison Wd 044", "candidate": "Dina Nina Martinez-Rutherford", "votes": 17.0, "color": "#FF7F00", "popup": "<div><strong>C Madison Wd 044</strong><div><strong>Representative to the Assembly District 76</strong><table style='border-collapse:collapse;margin-top:4px;'><tr><th></th><th style='text-align:right;padding-right:8px;'>Votes</th><th style='text-align:right;'>Percent</th></tr><tr><td style='padding-right:8px;'>Tony Castaneda</td><td style='text-align:right;padding-right:8px;'>8</td><td style='text-align:right;'>0.4%</td></tr><tr><td style='padding-right:8px;'>Zoe Sullivan</td><td style='text-align:right;padding-right:8px;'>23</td><td style='text-align:right;'>1.1%</td></tr><tr><td style='padding-right:8px;'>Isaia Ben-Ami</td><td style='text-align:right;padding-right:8px;'>2</td><td style='text-align:right;'>0.1%</td></tr><tr><td style='padding-right:8px;'>Juliana Bennett</td><td style='text-align:right;padding-right:8px;'>22</td><td style='text-align:right;'>1.1%</td></tr><tr><td style='padding-right:8px;'>Dina Nina Martinez-Rutherford</td><td style='text-align:right;padding-right:8px;'>17</td><td style='text-align:right;'>0.8%</td></tr><tr><td style='padding-right:8px;'>write-in:</td><td style='text-align:right;padding-right:8px;'>100</td><td style='text-align:right;'>4.9%</td></tr></table></div>" }, "geometry": { "type": "Point", "coordinates": [ -89.369982173946937, 43.080492127896385 ] } },
{ "type": "Feature", "properties": { "ward": "C Madison Wd 046", "candidate": "Tony Castaneda", "votes": 17.0, "color": "#E41A1C", "popup": "<div><strong>C Madison Wd 046</strong><div><strong>Representative to the Assembly District 76</strong><table style='border-collapse:collapse;margin-top:4px;'><tr><th></th><th style='text-align:right;padding-right:8px;'>Votes</th><th style='text-align:right;'>Percent</th></tr><tr><td style='padding-right:8px;'>Tony Castaneda</td><td style='text-align:right;padding-right:8px;'>17</td><td style='text-align:right;'>0.9%</td></tr><tr><td style='padding-right:8px;'>Zoe Sullivan</td><td style='text-align:right;padding-right:8px;'>4</td><td style='text-align:right;'>0.2%</td></tr><tr><td style='padding-right:8px;'>Isaia Ben-Ami</td><td style='text-align:right;padding-right:8px;'>3</td><td style='text-align:right;'>0.2%</td></tr><tr><td style='padding-right:8px;'>Juliana Bennett</td><td style='text-align:right;padding-right:8px;'>4</td><td style='text-align:right;'>0.2%</td></tr><tr><td style='padding-right:8px;'>Dina Nina Martinez-Rutherford</td><td style='text-align:right;padding-right:8px;'>2</td><td style='text-align:right;'>0.1%</td></tr><tr><td style='padding-right:8px;'>write-in:</td><td style='text-align:right;padding-right:8px;'>65</td><td style='text-align:right;'>3.6%</td></tr></table></div>" }, "geometry": { "type": "Point", "coordinates": [ -89.383411167510673, 43.079377558999894 ] } },
{ "type": "Feature", "properties": { "ward": "C Madison Wd 053", "candidate": "Isaia Ben-Ami", "votes": 17.0, "color": "#4DAF4A", "popup": "<div><strong>C Madison Wd 053</strong><div><strong>Representative to the Assembly District 76</strong><table style='border-collapse:collapse;margin-top:4px;'><tr><th></th><th style='text-align:right;padding-right:8px;'>Votes</th><th style='text-align:right;'>Percent</th></tr><tr><td style='padding-right:8px;'>Tony Castaneda</td><td style='text-align:right;padding-right:8px;'>19</td><td style='text-align:right;'>1.0%</td></tr><tr><td style='padding-right:8px;'>Zoe Sullivan</td><td style='text-align:right;padding-right:8px;'>1</td><td style='text-align:right;'>0.1%</td></tr><tr><td style='padding-right:8px;'>Isaia Ben-Ami</td><td style='text-align:right;padding-right:8px;'>17</td><td style='text-align:right;'>0.9%</td></tr><tr><td style='padding-right:8px;'>Juliana Bennett</td><td style='text-align:right;padding-right:8px;'>41</td><td style='text-align:right;'>2.1%</td></tr><tr><td style='padding-right:8px;'>Dina Nina Martinez-Rutherford</td><td style='text-align:right;padding-right:8px;'>24</td><td style='text-align:right;'>1.2%</td></tr><tr><td style='padding-right:8px;'>write-in:</td><td style='text-align:right;padding-right:8px;'>4</td><td style='text-align:right;'>0.2%</td></tr></table></div>" }, "geometry": { "type": "Point", "coordinates": [ -89.38716144999924, 43.070488985203006 ] } },
{ "type": "Feature", "properties": { "ward": "C Madison Wd 016", "candidate": "Dina Nina Martinez-Rutherford", "votes": 18.0, "color": "#FF7F00", "popup": "<div><strong>C Madison Wd 016</strong><div><strong>Representative to the Assembly District 76</strong><table style='border-collapse:collapse;margin-top:4px;'><tr><th></th><th style='text-align:right;padding-right:8px;'>Votes</th><th style='text-align:right;'>Percent</th></tr><tr><td style='padding-right:8px;'>Tony Castaneda</td><td style='text-align:right;padding-right:8px;'>11</td><td style='text-align:right;'>0.6%</td></tr><tr><td style='padding-right:8px;'>Zoe Sullivan</td><td style='text-align:right;padding-right:8px;'>16</td><td style='text-align:right;'>0.9%</td></tr><tr><td style='padding-right:8px;'>Isaia Ben-Ami</td><td style='text-align:right;padding-right:8px;'>87</td><td style='text-align:right;'>4.6%</td></tr><tr><td style='padding-right:8px;'>Juliana Bennett</td><td style='text-align:right;padding-right:8px;'>3</td><td style='text-align:right;'>0.2%</td></tr><tr><td style='padding-right:8px;'>Dina Nina Martinez-Rutherford</td><td style='text-align:right;padding-right:8px;'>18</td><td style='text-align:right;'>1.0%</td></tr><tr><td style='padding-right:8px;'>write-in:</td><td style='text-align:right;padding-right:8px;'>16</td><td style='text-align:right;'>0.9%</td></tr></table></div>" }, "geometry": { "type": "Point", "coordinates": [ -89.322617953538426, 43.086088726648001 ] } },
{ "type": "Feature", "properties": { "ward": "C Madison Wd 028", "candidate": "Zoe Sullivan", "votes": 18.0, "color": "#377EB8", "popup": "<div><strong>C Madison Wd 028</strong><div><strong>Representative to the Assembly District 76</strong><table style='border-collapse:collapse;margin-top:4px;'><tr><th></th><th style='text-align:right;padding-right:8px;'>Votes</th><th style='text-align:right;'>Percent</th></tr><tr><td style='padding-right:8px;'>Tony Castaneda</td><td style='text-align:right;padding-right:8px;'>87</td><td style='text-align:right;'>4.0%</td></tr><tr><td style='padding-right:8px;'>Zoe Sullivan</td><td style='text-align:right;padding-right:8px;'>18</td><td style='text-align:right;'>0.8%</td></tr><tr><td style='padding-right:8px;'>Isaia Ben-Ami</td><td style='text-align:right;padding-right:8px;'>1</td><td style='text-align:right;'>0.0%</td></tr><tr><td style='padding-right:8px;'>Juliana Bennett</td><td style='text-align:right;padding-right:8px;'>29</td><td style='text-align:right;'>1.3%</td></tr><tr><td style='padding-right:8px;'>Dina Nina Martinez-Rutherford</td><td style='text-align:right;padding-right:8px;'>37</td><td style='text-align:right;'>1.7%</td></tr><tr><td style='padding-right:8px;'>write-in:</td><td style='text-align:right;padding-right:8px;'>10</td><td style='text-align:right;'>0.5%</td></tr></table></div>" }, "geometry": { "type": "Point", "coordinates": [ -89.345945317960883, 43.106864218464551 ] } },
{ "type": "Feature", "properties": { "ward": "C Madison Wd 031", "candidate": "Juliana Bennett", "votes": 18.0, "color": "#984EA3", "popup": "<div><strong>C Madison Wd 031</strong><div><strong>Representative to the Assembly District 76</strong><table style='border-collapse:collapse;margin-top:4px;'><tr><th></th><th style='text-align:right;padding-right:8px;'>Votes</th><th style='text-align:right;'>Percent</th></tr><tr><td style='padding-right:8px;'>Tony Castaneda</td><td style='text-align:right;padding-right:8px;'>49</td><td style='text-align:right;'>2.3%</td></tr><tr><td style='padding-right:8px;'>Zoe Sullivan</td><td style='text-align:right;padding-right:8px;'>83</td><td style='text-align:right;'>3.9%</td></tr><tr><td style='padding-right:8px;'>Isaia Ben-Ami</td><td style='text-align:right;padding-right:8px;'>20</td><td style='text-align:right;'>0.9%</td></tr><tr><td style='padding-right:8px;'>Juliana Bennett</td><td style='text-align:right;padding-right:8px;'>18</td><td style='text-align:right;'>0.8%</td></tr><tr><td style='padding-right:8px;'>Dina Nina Martinez-Rutherford</td><td style='text-align:right;padding-right:8px;'>16</td><td style='text-align:right;'>0.8%</td></tr><tr><td style='padding-right:8px;'>write-in:</td><td style='text-align:right;padding-right:8px;'>75</td><td style='text-align:right;'>3.5%</td></tr></table></div>" }, "geometry": { "type": "Point", "coordinates": [ -89.359092205438571, 43.110910094916278 ] } },
{ "type": "Feature", "properties": { "ward": "C Madison Wd 036", "candidate": "Isaia Ben-Ami", "votes": 18.0, "color": "#4DAF4A", "popup": "<div><strong>C Madison Wd 036</strong><div><strong>Representative to the Assembly District 76</strong><table style='border-collapse:collapse;margin-top:4px;'><tr><th></th><th style='text-align:right;padding-right:8px;'>Votes</th><th style='text-align:right;'>Percent</th></tr><tr><td style='padding-right:8px;'>Tony Castaneda</td><td style='text-align:right;padding-right:8px;'>101</td><td style='text-align:right;'>5.0%</td></tr><tr><td style='padding-right:8px;'>Zoe Sullivan</td><td style='text-align:right;padding-right:8px;'>2</td><td style='text-align:right;'>0.1%</td></tr><tr><td style='padding-right:8px;'>Isaia Ben-Ami</td><td style='text-align:right;padding-right:8px;'>18</td><td style='text-align:right;'>0.9%</td></tr><tr><td style='padding-right:8px;'>Juliana Bennett</td><td style='text-align:right;padding-right:8px;'>2</td><td style='text-align:right;'>0.1%</td></tr><tr><td style='padding-right:8px;'>Dina Nina Martinez-Rutherford</td><td style='text-align:right;padding-right:8px;'>30</td><td style='text-align:right;'>1.5%</td></tr><tr><td style='padding-right:8px;'>write-in:</td><td style='text-align:right;padding-right:8px;'>19</td><td style='text-align:right;'>0.9%</td></tr></table></div>" }, "geometry": { "type": "Point", "coordinates": [ -89.368335813308448, 43.13719562458747 ] } },
{ "type": "Feature", "properties": { "ward": "C Madison Wd 037", "candidate": "Isaia Ben-Ami", "votes": 18.0, "color": "#4DAF4A", "popup": "<div><strong>C Madison Wd 037</strong><div><strong>Representative to the Assembly District 76</strong><table style='border-collapse:collapse;margin-top:4px;'><tr><th></th><th style='text-align:right;padding-right:8px;'>Votes</th><th style='text-align:right;'>Percent</th></tr><tr><td style='padding-right:8px;'>Tony Castaneda</td><td style='text-align:right;padding-right:8px;'>5</td><td style='text-align:right;'>0.3%</td></tr><tr><td style='padding-right:8px;'>Zoe Sullivan</td><td style='text-align:right;padding-right:8px;'>11</td><td style='text-align:right;'>0.6%</td></tr><tr><td style='padding-right:8px;'>Isaia Ben-Ami</td><td style='text-align:right;padding-right:8px;'>18</td><td style='text-align:right;'>1.0%</td></tr><tr><td style='padding-right:8px;'>Juliana Bennett</td><td style='text-align:right;padding-right:8px;'>14</td><td style='text-align:right;'>0.8%</td></tr><tr><td style='padding-right:8px;'>Dina Nina Martinez-Rutherford</td><td style='text-align:right;padding-right:8px;'>34</td><td style='text-align:right;'>1.9%</td></tr><tr><td style='padding-right:8px;'>write-in:</td><td style='text-align:right;padding-right:8px;'>24</td><td style='text-align:right;'>1.3%</td></tr></table></div>" }, "geometry": { "type": "Point", "coordinates": [ -89.380453791981225, 43.144700692063921 ] } },
{ "type": "Feature", "properties": { "ward": "C Madison Wd 040", "candidate": "Juliana Bennett", "votes": 18.0, "color": "#984EA3", "popup": "<div><strong>C Madison Wd 040</strong><div><strong>Representative to the Assembly District 76</strong><table style='border-collapse:collapse;margin-top:4px;'><tr><th></th><th style='text-align:right;padding-right:8px;'>Votes</th><th style='text-align:right;'>Percent</th></tr><tr><td style='padding-right:8px;'>Tony Castaneda</td><td style='text-align:right;padding-right:8px;'>5</td><td style='text-align:right;'>0.3%</td></tr><tr><td style='padding-right:8px;'>Zoe Sullivan</td><td style='text-align:right;padding-right:8px;'>6</td><td style='text-align:right;'>0.3%</td></tr><tr><td style='padding-right:8px;'>Isaia Ben-Ami</td><td style='text-align:right;padding-right:8px;'>20</td><td style='text-align:right;'>1.0%</td></tr><tr><td style='padding-right:8px;'>Juliana Bennett</td><td style='text-align:right;padding-right:8px;'>18</td><td style='text-align:right;'>0.9%</td></tr><tr><td style='padding-right:8px;'>Dina Nina Martinez-Rutherford</td><td style='text-align:right;padding-right:8px;'>46</td><td style='text-align:right;'>2.3%</td></tr><tr><td style='padding-right:8px;'>write-in:</td><td style='text-align:right;padding-right:8px;'>41</td><td style='text-align:right;'>2.1%</td></tr></table></div>" }, "geometry": { "type": "Point", "coordinates": [ -89.355346708128934, 43.090576674103652 ] } },
{ "type": "Feature", "properties": { "ward": "C Madison Wd 041", "candidate": "write-in:", "votes": 18.0, "color": "#FFFF33", "popup": "<div><strong>C Madison Wd 041</strong><div><strong>Representative to the Assembly District 76</strong><table style='border-collapse:collapse;margin-top:4px;'><tr><th></th><th style='text-align:right;padding-right:8px;'>Votes</th><th style='text-align:right;'>Percent</th></tr><tr><td style='padding-right:8px;'>Tony Castaneda</td><td style='text-align:right;padding-right:8px;'>9</td><td style='text-align:right;'>0.5%</td></tr><tr><td style='padding-right:8px;'>Zoe Sullivan</td><td style='text-align:right;padding-right:8px;'>14</td><td style='text-align:right;'>0.8%</td></tr><tr><td style='padding-right:8px;'>Isaia Ben-Ami</td><td style='text-align:right;padding-right:8px;'>4</td><td style='text-align:right;'>0.2%</td></tr><tr><td style='padding-right:8px;'>Juliana Bennett</td><td style='text-align:right;padding-right:8px;'>42</td><td style='text-align:right;'>2.3%</td></tr><tr><td style='padding-right:8px;'>Dina Nina Martinez-Rutherford</td><td style='text-align:right;padding-right:8px;'>5</td><td style='text-align:right;'>0.3%</td></tr><tr><td style='padding-right:8px;'>write-in:</td><td style='text-align:right;padding-right:8px;'>18</td><td style='text-align:right;'>1.0%</td></tr></table></div>" }, "geometry": { "type": "Point", "coordinates": [ -89.369740765282302, 43.089991677910852 ] } },
{ "type": "Feature", "properties": { "ward": "C Madison Wd 051", "candidate": "Juliana Bennett", "votes": 18.0, "color": "#984EA3", "popup": "<div><strong>C Madison Wd 051</strong><div><strong>Representative to the Assembly District 76</strong><table style='border-collapse:collapse;margin-top:4px;'><tr><th></th><th style='text-align:right;padding-right:8px;'>Votes</th><th style='text-align:right;'>Percent</th></tr><tr><td style='padding-right:8px;'>Tony Castaneda</td><td style='text-align:right;padding-right:8px;'>54</td><td style='text-align:right;'>2.7%</td></tr><tr><td style='padding-right:8px;'>Zoe Sullivan</td><td style='text-align:right;padding-right:8px;'>24</td><td style='text-align:right;'>1.2%</td></tr><tr><td style='padding-right:8px;'>Isaia Ben-Ami</td><td style='text-align:right;padding-right:8px;'>19</td><td style='text-align:right;'>0.9%</td></tr><tr><td style='padding-right:8px;'>Juliana Bennett</td><td style='text-align:right;padding-right:8px;'>18</td><td style='text-align:right;'>0.9%</td></tr><tr><td style='padding-right:8px;'>Dina Nina Martinez-Rutherford</td><td style='text-align:right;padding-right:8px;'>7</td><td style='text-align:right;'>0.3%</td></tr><tr><td style='padding-right:8px;'>write-in:</td><td style='text-align:right;padding-right:8px;'>43</td><td style='text-align:right;'>2.1%</td></tr></table></div>" }, "geometry": { "type": "Point", "coordinates": [ -89.381757352312846, 43.072411749302844 ] } },
{ "type": "Feature", "properties": { "ward": "C Madison Wd 055", "candidate": "Juliana Bennett", "votes": 18.0, "color": "#984EA3", "popup": "<div><strong>C Madison Wd 055</strong><div><strong>Representative to the Assembly District 76</strong><table style='border-collapse:collapse;margin-top:4px;'><tr><th></th><th style='text-align:right;padding-right:8px;'>Votes</th><th style='text-align:right;'>Percent</th></tr><tr><td style='padding-right:8px;'>Tony Castaneda</td><td style='text-align:right;padding-right:8px;'>13</td><td style='text-align:right;'>0.6%</td></tr><tr><td style='padding-right:8px;'>Zoe Sullivan</td><td style='text-align:right;padding-right:8px;'>38</td><td style='text-align:right;'>1.8%</td></tr><tr><td style='padding-right:8px;'>Isaia Ben-Ami</td><td style='text-align:right;padding-right:8px;'>38</td><td style='text-align:right;'>1.8%</td></tr><tr><td style='padding-right:8px;'>Juliana Bennett</td><td style='text-align:right;padding-right:8px;'>18</td><td style='text-align:right;'>0.9%</td></tr><tr><td style='padding-right:8px;'>Dina Nina Martinez-Rutherford</td><td style='text-align:right;padding-right:8px;'>87</td><td style='text-align:right;'>4.1%</td></tr><tr><td style='padding-right:8px;'>write-in:</td><td style='text-align:right;padding-right:8px;'>1</td><td style='text-align:right;'>0.0%</td></tr></table></div>" }, "geometry": { "type": "Point", "coordinates": [ -89.390564622049155, 43.066964385949177 ] } },
{ "type": "Feature", "properties": { "ward": "C Madison Wd 036", "candidate": "write-in:", "votes": 19.0, "color": "#FFFF33", "popup": "<div><strong>C Madison Wd 036</strong><div><strong>Representative to the Assembly District 76</strong><table style='border-collapse:collapse;margin-top:4px;'><tr><th></th><th style='text-align:right;padding-right:8px;'>Votes</th><th style='text-align:right;'>Percent</th></tr><tr><td style='padding-right:8px;'>Tony Castaneda</td><td style='text-align:right;padding-right:8px;'>101</td><td style='text-align:right;'>5.0%</td></tr><tr><td style='padding-right:8px;'>Zoe Sullivan</td><td style='text-align:right;padding-right:8px;'>2</td><td style='text-align:right;'>0.1%</td></tr><tr><td style='padding-right:8px;'>Isaia Ben-Ami</td><td style='text-align:right;padding-right:8px;'>18</td><td style='text-align:right;'>0.9%</td></tr><tr><td style='padding-right:8px;'>Juliana Bennett</td><td style='text-align:right;padding-right:8px;'>2</td><td style='text-align:right;'>0.1%</td></tr><tr><td style='padding-right:8px;'>Dina Nina Martinez-Rutherford</td><td style='text-align:right;padding-right:8px;'>30</td><td style='text-align:right;'>1.5%</td></tr><tr><td style='padding-right:8px;'>write-in:</td><td style='text-align:right;padding-right:8px;'>19</td><td style='text-align:right;'>0.9%</td></tr></table></div>" }, "geometry": { "type": "Point", "coordinates": [ -89.368335813308448, 43.13719562458747 ] } },
{ "type": "Feature", "properties": { "ward": "C Madison Wd 042", "candidate": "Dina Nina Martinez-Rutherford", "votes": 19.0, "color": "#FF7F00", "popup": "<div><strong>C Madison Wd 042</strong><div><strong>Representative to the Assembly District 76</strong><table style='border-collapse:collapse;margin-top:4px;'><tr><th></th><th style='text-align:right;padding-right:8px;'>Votes</th><th style='text-align:right;'>Percent</th></tr><tr><td style='padding-right:8px;'>Tony Castaneda</td><td style='text-align:right;padding-right:8px;'>6</td><td style='text-align:right;'>0.3%</td></tr><tr><td style='padding-right:8px;'>Zoe Sullivan</td><td style='text-align:right;padding-right:8px;'>10</td><td style='text-align:right;'>0.6%</td></tr><tr><td style='padding-right:8px;'>Isaia Ben-Ami</td><td style='text-align:right;padding-right:8px;'>38</td><td style='text-align:right;'>2.2%</td></tr><tr><td style='padding-right:8px;'>Juliana Bennett</td><td style='text-align:right;padding-right:8px;'>26</td><td style='text-align:right;'>1.5%</td></tr><tr><td style='padding-right:8px;'>Dina Nina Martinez-Rutherford</td><td style='text-align:right;padding-right:8px;'>19</td><td style='text-align:right;'>1.1%</td></tr><tr><td style='padding-right:8px;'>write-in:</td><td style='text-align:right;padding-right:8px;'>48</td><td style='text-align:right;'>2.8%</td></tr></table></div>" }, "geometry": { "type": "Point", "coordinates": [ -89.361715344045933, 43.08520750584168 ] } },
{ "type": "Feature", "properties": { "ward": "C Madison Wd 051", "candidate": "Isaia Ben-Ami", "votes": 19.0, "color": "#4DAF4A", "popup": "<div><strong>C Madison Wd 051</strong><div><strong>Representative to the Assembly District 76</strong><table style='border-collapse:collapse;margin-top:4px;'><tr><th></th><th style='text-align:right;padding-right:8px;'>Votes</th><th style='text-align:right;'>Percent</th></tr><tr><td style='padding-right:8px;'>Tony Castaneda</td><td style='text-align:right;padding-right:8px;'>54</td><td style='text-align:right;'>2.7%</td></tr><tr><td style='padding-right:8px;'>Zoe Sullivan</td><td style='text-align:right;padding-right:8px;'>24</td><td style='text-align:right;'>1.2%</td></tr><tr><td style='padding-right:8px;'>Isaia Ben-Ami</td><td style='text-align:right;padding-right:8px;'>19</td><td style='text-align:right;'>0.9%</td></tr><tr><td style='padding-right:8px;'>Juliana Bennett</td><td style='text-align:right;padding-right:8px;'>18</td><td style='text-align:right;'>0.9%</td></tr><tr><td style='padding-right:8px;'>Dina Nina Martinez-Rutherford</td><td style='text-align:right;padding-right:8px;'>7</td><td style='text-align:right;'>0.3%</td></tr><tr><td style='padding-right:8px;'>write-in:</td><td style='text-align:right;padding-right:8px;'>43</td><td style='text-align:right;'>2.1%</td></tr></table></div>" }, "geometry": { "type": "Point", "coordinates": [ -89.381757352312846, 43.072411749302844 ] } },
{ "type": "Feature", "properties": { "ward": "C Madison Wd 053", "candidate": "Tony Castaneda", "votes": 19.0, "color": "#E41A1C", "popup": "<div><strong>C Madison Wd 053</strong><div><strong>Representative to the Assembly District 76</strong><table style='border-collapse:collapse;margin-top:4px;'><tr><th></th><th style='text-align:right;padding-right:8px;'>Votes</th><th style='text-align:right;'>Percent</th></tr><tr><td style='padding-right:8px;'>Tony Castaneda</td><td style='text-align:right;padding-right:8px;'>19</td><td style='text-align:right;'>1.0%</td></tr><tr><td style='padding-right:8px;'>Zoe Sullivan</td><td style='text-align:right;padding-right:8px;'>1</td><td style='text-align:right;'>0.1%</td></tr><tr><td style='padding-right:8px;'>Isaia Ben-Ami</td><td style='text-align:right;padding-right:8px;'>17</td><td style='text-align:right;'>0.9%</td></tr><tr><td style='padding-right:8px;'>Juliana Bennett</td><td style='text-align:right;padding-right:8px;'>41</td><td style='text-align:right;'>2.1%</td></tr><tr><td style='padding-right:8px;'>Dina Nina Martinez-Rutherford</td><td style='text-align:right;padding-right:8px;'>24</td><td style='text-align:right;'>1.2%</td></tr><tr><td style='padding-right:8px;'>write-in:</td><td style='text-align:right;padding-right:8px;'>4</td><td style='text-align:right;'>0.2%</td></tr></table></div>" }, "geometry": { "type": "Point", "coordinates": [ -89.38716144999924, 43.070488985203006 ] } },
{ "type": "Feature", "properties": { "ward": "C Madison Wd 017", "candidate": "write-in:", "votes": 20.0, "color": "#FFFF33", "popup": "<div><strong>C Madison Wd 017</strong><div><strong>Representative to the Assembly District 76</strong><table style='border-collapse:collapse;margin-top:4px;'><tr><th></th><th style='text-align:right;padding-right:8px;'>Votes</th><th style='text-align:right;'>Percent</th></tr><tr><td style='padding-right:8px;'>Tony Castaneda</td><td style='text-align:right;padding-right:8px;'>28</td><td style='text-align:right;'>1.4%</td></tr><tr><td style='padding-right:8px;'>Zoe Sullivan</td><td style='text-align:right;padding-right:8px;'>9</td><td style='text-align:right;'>0.5%</td></tr><tr><td style='padding-right:8px;'>Isaia Ben-Ami</td><td style='text-align:right;padding-right:8px;'>37</td><td style='text-align:right;'>1.9%</td></tr><tr><td style='padding-right:8px;'>Juliana Bennett</td><td style='text-align:right;padding-right:8px;'>22</td><td style='text-align:right;'>1.1%</td></tr><tr><td style='padding-right:8px;'>Dina Nina Martinez-Rutherford</td><td style='text-align:right;padding-right:8px;'>9</td><td style='text-align:right;'>0.5%</td></tr><tr><td style='padding-right:8px;'>write-in:</td><td style='text-align:right;padding-right:8px;'>20</td><td style='text-align:right;'>1.0%</td></tr></table></div>" }, "geometry": { "type": "Point", "coordinates": [ -89.32150592661165, 43.093791879049746 ] } },
{ "type": "Feature", "properties": { "ward": "C Madison Wd 031", "candidate": "Isaia Ben-Ami", "votes": 20.0, "color": "#4DAF4A", "popup": "<div><strong>C Madison Wd 031</strong><div><strong>Representative to the Assembly District 76</strong><table style='border-collapse:collapse;margin-top:4px;'><tr><th></th><th style='text-align:right;padding-right:8px;'>Votes</th><th style='text-align:right;'>Percent</th></tr><tr><td style='padding-right:8px;'>Tony Castaneda</td><td style='text-align:right;padding-right:8px;'>49</td><td style='text-align:right;'>2.3%</td></tr><tr><td style='padding-right:8px;'>Zoe Sullivan</td><td style='text-align:right;padding-right:8px;'>83</td><td style='text-align:right;'>3.9%</td></tr><tr><td style='padding-right:8px;'>Isaia Ben-Ami</td><td style='text-align:right;padding-right:8px;'>20</td><td style='text-align:right;'>0.9%</td></tr><tr><td style='padding-right:8px;'>Juliana Bennett</td><td style='text-align:right;padding-right:8px;'>18</td><td style='text-align:right;'>0.8%</td></tr><tr><td style='padding-right:8px;'>Dina Nina Martinez-Rutherford</td><td style='text-align:right;padding-right:8px;'>16</td><td style='text-align:right;'>0.8%</td></tr><tr><td style='padding-right:8px;'>write-in:</td><td style='text-align:right;padding-right:8px;'>75</td><td style='text-align:right;'>3.5%</td></tr></table></div>" }, "geometry": { "type": "Point", "coordinates": [ -89.359092205438571, 43.110910094916278 ] } },
{ "type": "Feature", "properties": { "ward": "C Madison Wd 033", "candidate": "write-in:", "votes": 20.0, "color": "#FFFF33", "popup": "<div><strong>C Madison Wd 033</strong><div><strong>Representative to the Assembly District 76</strong><table style='border-collapse:collapse;margin-top:4px;'><tr><th></th><th style='text-align:right;padding-right:8px;'>Votes</th><th style='text-align:right;'>Percent</th></tr><tr><td style='padding-right:8px;'>Tony Castaneda</td><td style='text-align:right;padding-right:8px;'>26</td><td style='text-align:right;'>1.3%</td></tr><tr><td style='padding-right:8px;'>Zoe Sullivan</td><td style='text-align:right;padding-right:8px;'>54</td><td style='text-align:right;'>2.7%</td></tr><tr><td style='padding-right:8px;'>Isaia Ben-Ami</td><td style='text-align:right;padding-right:8px;'>36</td><td style='text-align:right;'>1.8%</td></tr><tr><td style='padding-right:8px;'>Juliana Bennett</td><td style='text-align:right;padding-right:8px;'>75</td><td style='text-align:right;'>3.8%</td></tr><tr><td style='padding-right:8px;'>Dina Nina Martinez-Rutherford</td><td style='text-align:right;padding-right:8px;'>31</td><td style='text-align:right;'>1.6%</td></tr><tr><td style='padding-right:8px;'>write-in:</td><td style='text-align:right;padding-right:8px;'>20</td><td style='text-align:right;'>1.0%</td></tr></table></div>" }, "geometry": { "type": "Point", "coordinates": [ -89.355843152285829, 43.132413785499345 ] } },
{ "type": "Feature", "properties": { "ward": "C Madison Wd 040", "candidate": "Isaia Ben-Ami", "votes": 20.0, "color": "#4DAF4A", "popup": "<div><strong>C Madison Wd 040</strong><div><strong>Representative to the Assembly District 76</strong><table style='border-collapse:collapse;margin-top:4px;'><tr><th></th><th style='text-align:right;padding-right:8px;'>Votes</th><th style='text-align:right;'>Percent</th></tr><tr><td style='padding-right:8px;'>Tony Castaneda</td><td style='text-align:right;padding-right:8px;'>5</td><td style='text-align:right;'>0.3%</td></tr><tr><td style='padding-right:8px;'>Zoe Sullivan</td><td style='text-align:right;padding-right:8px;'>6</td><td style='text-align:right;'>0.3%</td></tr><tr><td style='padding-right:8px;'>Isaia Ben-Ami</td><td style='text-align:right;padding-right:8px;'>20</td><td style='text-align:right;'>1.0%</td></tr><tr><td style='padding-right:8px;'>Juliana Bennett</td><td style='text-align:right;padding-right:8px;'>18</td><td style='text-align:right;'>0.9%</td></tr><tr><td style='padding-right:8px;'>Dina Nina Martinez-Rutherford</td><td style='text-align:right;padding-right:8px;'>46</td><td style='text-align:right;'>2.3%</td></tr><tr><td style='padding-right:8px;'>write-in:</td><td style='text-align:right;padding-right:8px;'>41</td><td style='text-align:right;'>2.1%</td></tr></table></div>" }, "geometry": { "type": "Point", "coordinates": [ -89.355346708128934, 43.090576674103652 ] } },
{ "type": "Feature", "properties": { "ward": "C Madison Wd 043", "candidate": "Zoe Sullivan", "votes": 21.0, "color": "#377EB8", "popup": "<div><strong>C Madison Wd 043</strong><div><strong>Representative to the Assembly District 76</strong><table style='border-collapse:collapse;margin-top:4px;'><tr><th></th><th style='text-align:right;padding-right:8px;'>Votes</th><th style='text-align:right;'>Percent</th></tr><tr><td style='padding-right:8px;'>Tony Castaneda</td><td style='text-align:right;padding-right:8px;'>49</td><td style='text-align:right;'>2.5%</td></tr><tr><td style='padding-right:8px;'>Zoe Sullivan</td><td style='text-align:right;padding-right:8px;'>21</td><td style='text-align:right;'>1.1%</td></tr><tr><td style='padding-right:8px;'>Isaia Ben-Ami</td><td style='text-align:right;padding-right:8px;'>4</td><td style='text-align:right;'>0.2%</td></tr><tr><td style='padding-right:8px;'>Juliana Bennett</td><td style='text-align:right;padding-right:8px;'>28</td><td style='text-align:right;'>1.4%</td></tr><tr><td style='padding-right:8px;'>Dina Nina Martinez-Rutherford</td><td style='text-align:right;padding-right:8px;'>6</td><td style='text-align:right;'>0.3%</td></tr><tr><td style='padding-right:8px;'>write-in:</td><td style='text-align:right;padding-right:8px;'>41</td><td style='text-align:right;'>2.1%</td></tr></table></div>" }, "geometry": { "type": "Point", "coordinates": [ -89.377789233912992, 43.082684989481145 ] } },
{ "type": "Feature", "properties": { "ward": "C Madison Wd 017", "candidate": "Juliana Bennett", "votes": 22.0, "color": "#984EA3", "popup": "<div><strong>C Madison Wd 017</strong><div><strong>Representative to the Assembly District 76</strong><table style='border-collapse:collapse;margin-top:4px;'><tr><th></th><th style='text-align:right;padding-right:8px;'>Votes</th><th style='text-align:right;'>Percent</th></tr><tr><td style='padding-right:8px;'>Tony Castaneda</td><td style='text-align:right;padding-right:8px;'>28</td><td style='text-align:right;'>1.4%</td></tr><tr><td style='padding-right:8px;'>Zoe Sullivan</td><td style='text-align:right;padding-right:8px;'>9</td><td style='text-align:right;'>0.5%</td></tr><tr><td style='padding-right:8px;'>Isaia Ben-Ami</td><td style='text-align:right;padding-right:8px;'>37</td><td style='text-align:right;'>1.9%</td></tr><tr><td style='padding-right:8px;'>Juliana Bennett</td><td style='text-align:right;padding-right:8px;'>22</td><td style='text-align:right;'>1.1%</td></tr><tr><td style='padding-right:8px;'>Dina Nina Martinez-Rutherford</td><td style='text-align:right;padding-right:8px;'>9</td><td style='text-align:right;'>0.5%</td></tr><tr><td style='padding-right:8px;'>write-in:</td><td style='text-align:right;padding-right:8px;'>20</td><td style='text-align:right;'>1.0%</td></tr></table></div>" }, "geometry": { "type": "Point", "coordinates": [ -89.32150592661165, 43.093791879049746 ] } },
{ "type": "Feature", "properties": { "ward": "C Madison Wd 030", "candidate": "Tony Castaneda", "votes": 22.0, "color": "#E41A1C", "popup": "<div><strong>C Madison Wd 030</strong><div><strong>Representative to the Assembly District 76</strong><table style='border-collapse:collapse;margin-top:4px;'><tr><th></th><th style='text-align:right;padding-right:8px;'>Votes</th><th style='text-align:right;'>Percent</th></tr><tr><td style='padding-right:8px;'>Tony Castaneda</td><td style='text-align:right;padding-right:8px;'>22</td><td style='text-align:right;'>1.1%</td></tr><tr><td style='padding-right:8px;'>Zoe Sullivan</td><td style='text-align:right;padding-right:8px;'>62</td><td style='text-align:right;'>3.1%</td></tr><tr><td style='padding-right:8px;'>Isaia Ben-Ami</td><td style='text-align:right;padding-right:8px;'>76</td><td style='text-align:right;'>3.8%</td></tr><tr><td style='padding-right:8px;'>Juliana Bennett</td><td style='text-align:right;padding-right:8px;'>17</td><td style='text-align:right;'>0.9%</td></tr><tr><td style='padding-right:8px;'>Dina Nina Martinez-Rutherford</td><td style='text-align:right;padding-right:8px;'>24</td><td style='text-align:right;'>1.2%</td></tr><tr><td style='padding-right:8px;'>write-in:</td><td style='text-align:right;padding-right:8px;'>61</td><td style='text-align:right;'>3.1%</td></tr></table></div>" }, "geometry": { "type": "Point", "coordinates": [ -89.365680548198327, 43.095414275283005 ] } },
{ "type": "Feature", "properties": { "ward": "C Madison Wd 044", "candidate": "Juliana Bennett", "votes": 22.0, "color": "#984EA3", "popup": "<div><strong>C Madison Wd 044</strong><div><strong>Representative to the Assembly District 76</strong><table style='border-collapse:collapse;margin-top:4px;'><tr><th></th><th style='text-align:right;padding-right:8px;'>Votes</th><th style='text-align:right;'>Percent</th></tr><tr><td style='padding-right:8px;'>Tony Castaneda</td><td style='text-align:right;padding-right:8px;'>8</td><td style='text-align:right;'>0.4%</td></tr><tr><td style='padding-right:8px;'>Zoe Sullivan</td><td style='text-align:right;padding-right:8px;'>23</td><td style='text-align:right;'>1.1%</td></tr><tr><td style='padding-right:8px;'>Isaia Ben-Ami</td><td style='text-align:right;padding-right:8px;'>2</td><td style='text-align:right;'>0.1%</td></tr><tr><td style='padding-right:8px;'>Juliana Bennett</td><td style='text-align:right;padding-right:8px;'>22</td><td style='text-align:right;'>1.1%</td></tr><tr><td style='padding-right:8px;'>Dina Nina Martinez-Rutherford</td><td style='text-align:right;padding-right:8px;'>17</td><td style='text-align:right;'>0.8%</td></tr><tr><td style='padding-right:8px;'>write-in:</td><td style='text-align:right;padding-right:8px;'>100</td><td style='text-align:right;'>4.9%</td></tr></table></div>" }, "geometry": { "type": "Point", "coordinates": [ -89.369982173946937, 43.080492127896385 ] } },
{ "type": "Feature", "properties": { "ward": "T Blooming Grove Wds 1-2", "candidate": "Juliana Bennett", "votes": 23.0, "color": "#984EA3", "popup": "<div><strong>T Blooming Grove Wds 1-2</strong><div><strong>Representative to the Assembly District 76</strong><table style='border-collapse:collapse;margin-top:4px;'><tr><th></th><th style='text-align:right;padding-right:8px;'>Votes</th><th style='text-align:right;'>Percent</th></tr><tr><td style='padding-right:8px;'>Tony Castaneda</td><td style='text-align:right;padding-right:8px;'>8</td><td style='text-align:right;'>0.4%</td></tr><tr><td style='padding-right:8px;'>Zoe Sullivan</td><td style='text-align:right;padding-right:8px;'>37</td><td style='text-align:right;'>1.7%</td></tr><tr><td style='padding-right:8px;'>Isaia Ben-Ami</td><td style='text-align:right;padding-right:8px;'>4</td><td style='text-align:right;'>0.2%</td></tr><tr><td style='padding-right:8px;'>Juliana Bennett</td><td style='text-align:right;padding-right:8px;'>23</td><td style='text-align:right;'>1.1%</td></tr><tr><td style='padding-right:8px;'>Dina Nina Martinez-Rutherford</td><td style='text-align:right;padding-right:8px;'>72</td><td style='text-align:right;'>3.4%</td></tr><tr><td style='padding-right:8px;'>write-in:</td><td style='text-align:right;padding-right:8px;'>6</td><td style='text-align:right;'>0.3%</td></tr></table></div>" }, "geometry": { "type": "Point", "coordinates": [ -89.332706448800508, 43.104600383503232 ] } },
{ "type": "Feature", "properties": { "ward": "C Madison Wd 027", "candidate": "Zoe Sullivan", "votes": 23.0, "color": "#377EB8", "popup": "<div><strong>C Madison Wd 027</strong><div><strong>Representative to the Assembly District 76</strong><table style='border-collapse:collapse;margin-top:4px;'><tr><th></th><th style='text-align:right;padding-right:8px;'>Votes</th><th style='text-align:right;'>Percent</th></tr><tr><td style='padding-right:8px;'>Tony Castaneda</td><td style='text-align:right;padding-right:8px;'>1</td><td style='text-align:right;'>0.1%</td></tr><tr><td style='padding-right:8px;'>Zoe Sullivan</td><td style='text-align:right;padding-right:8px;'>23</td><td style='text-align:right;'>1.3%</td></tr><tr><td style='padding-right:8px;'>Isaia Ben-Ami</td><td style='text-align:right;padding-right:8px;'>46</td><td style='text-align:right;'>2.7%</td></tr><tr><td style='padding-right:8px;'>Juliana Bennett</td><td style='text-align:right;padding-right:8px;'>3</td><td style='text-align:right;'>0.2%</td></tr><tr><td style='padding-right:8px;'>Dina Nina Martinez-Rutherford</td><td style='text-align:right;padding-right:8px;'>2</td><td style='text-align:right;'>0.1%</td></tr><tr><td style='padding-right:8px;'>write-in:</td><td style='text-align:right;padding-right:8px;'>14</td><td style='text-align:right;'>0.8%</td></tr></table></div>" }, "geometry": { "type": "Point", "coordinates": [ -89.32552100535284, 43.110700650884183 ] } },
{ "type": "Feature", "properties": { "ward": "C Madison Wd 044", "candidate": "Zoe Sullivan", "votes": 23.0, "color": "#377EB8", "popup": "<div><strong>C Madison Wd 044</strong><div><strong>Representative to the Assembly District 76</strong><table style='border-collapse:collapse;margin-top:4px;'><tr><th></th><th style='text-align:right;padding-right:8px;'>Votes</th><th style='text-align:right;'>Percent</th></tr><tr><td style='padding-right:8px;'>Tony Castaneda</td><td style='text-align:right;padding-right:8px;'>8</td><td style='text-align:right;'>0.4%</td></tr><tr><td style='padding-right:8px;'>Zoe Sullivan</td><td style='text-align:right;padding-right:8px;'>23</td><td style='text-align:right;'>1.1%</td></tr><tr><td style='padding-right:8px;'>Isaia Ben-Ami</td><td style='text-align:right;padding-right:8px;'>2</td><td style='text-align:right;'>0.1%</td></tr><tr><td style='padding-right:8px;'>Juliana Bennett</td><td style='text-align:right;padding-right:8px;'>22</td><td style='text-align:right;'>1.1%</td></tr><tr><td style='padding-right:8px;'>Dina Nina Martinez-Rutherford</td><td style='text-align:right;padding-right:8px;'>17</td><td style='text-align:right;'>0.8%</td></tr><tr><td style='padding-right:8px;'>write-in:</td><td style='text-align:right;padding-right:8px;'>100</td><td style='text-align:right;'>4.9%</td></tr></table></div>" }, "geometry": { "type": "Point", "coordinates": [ -89.369982173946937, 43.080492127896385 ] } },
{ "type": "Feature", "properties": { "ward": "C Madison Wd 030", "candidate": "Dina Nina Martinez-Rutherford", "votes": 24.0, "color": "#FF7F00", "popup": "<div><strong>C Madison Wd 030</strong><div><strong>Representative to the Assembly District 76</strong><table style='border-collapse:collapse;margin-top:4px;'><tr><th></th><th style='text-align:right;padding-right:8px;'>Votes</th><th style='text-align:right;'>Percent</th></tr><tr><td style='padding-right:8px;'>Tony Castaneda</td><td style='text-align:right;padding-right:8px;'>22</td><td style='text-align:right;'>1.1%</td></tr><tr><td style='padding-right:8px;'>Zoe Sullivan</td><td style='text-align:right;padding-right:8px;'>62</td><td style='text-align:right;'>3.1%</td></tr><tr><td style='padding-right:8px;'>Isaia Ben-Ami</td><td style='text-align:right;padding-right:8px;'>76</td><td style='text-align:right;'>3.8%</td></tr><tr><td style='padding-right:8px;'>Juliana Bennett</td><td style='text-align:right;padding-right:8px;'>17</td><td style='text-align:right;'>0.9%</td></tr><tr><td style='padding-right:8px;'>Dina Nina Martinez-Rutherford</td><td style='text-align:right;padding-right:8px;'>24</td><td style='text-align:right;'>1.2%</td></tr><tr><td style='padding-right:8px;'>write-in:</td><td style='text-align:right;padding-right:8px;'>61</td><td style='text-align:right;'>3.1%</td></tr></table></div>" }, "geometry": { "type": "Point", "coordinates": [ -89.365680548198327, 43.095414275283005 ] } },
{ "type": "Feature", "properties": { "ward": "C Madison Wd 037", "candidate": "write-in:", "votes": 24.0, "color": "#FFFF33", "popup": "<div><strong>C Madison Wd 037</strong><div><strong>Representative to the Assembly District 76</strong><table style='border-collapse:collapse;margin-top:4px;'><tr><th></th><th style='text-align:right;padding-right:8px;'>Votes</th><th style='text-align:right;'>Percent</th></tr><tr><td style='padding-right:8px;'>Tony Castaneda</td><td style='text-align:right;padding-right:8px;'>5</td><td style='text-align:right;'>0.3%</td></tr><tr><td style='padding-right:8px;'>Zoe Sullivan</td><td style='text-align:right;padding-right:8px;'>11</td><td style='text-align:right;'>0.6%</td></tr><tr><td style='padding-right:8px;'>Isaia Ben-Ami</td><td style='text-align:right;padding-right:8px;'>18</td><td style='text-align:right;'>1.0%</td></tr><tr><td style='padding-right:8px;'>Juliana Bennett</td><td style='text-align:right;padding-right:8px;'>14</td><td style='text-align:right;'>0.8%</td></tr><tr><td style='padding-right:8px;'>Dina Nina Martinez-Rutherford</td><td style='text-align:right;padding-right:8px;'>34</td><td style='text-align:right;'>1.9%</td></tr><tr><td style='padding-right:8px;'>write-in:</td><td style='text-align:right;padding-right:8px;'>24</td><td style='text-align:right;'>1.3%</td></tr></table></div>" }, "geometry": { "type": "Point", "coordinates": [ -89.380453791981225, 43.144700692063921 ] } },
{ "type": "Feature", "properties": { "ward": "C Madison Wd 045", "candidate": "Tony Castaneda", "votes": 24.0, "color": "#E41A1C", "popup": "<div><strong>C Madison Wd 045</strong><div><strong>Representative to the Assembly District 76</strong><table style='border-collapse:collapse;margin-top:4px;'><tr><th></th><th style='text-align:right;padding-right:8px;'>Votes</th><th style='text-align:right;'>Percent</th></tr><tr><td style='padding-right:8px;'>Tony Castaneda</td><td style='text-align:right;padding-right:8px;'>24</td><td style='text-align:right;'>1.3%</td></tr><tr><td style='padding-right:8px;'>Zoe Sullivan</td><td style='text-align:right;padding-right:8px;'>5</td><td style='text-align:right;'>0.3%</td></tr><tr><td style='padding-right:8px;'>Isaia Ben-Ami</td><td style='text-align:right;padding-right:8px;'>24</td><td style='text-align:right;'>1.3%</td></tr><tr><td style='padding-right:8px;'>Juliana Bennett</td><td style='text-align:right;padding-right:8px;'>14</td><td style='text-align:right;'>0.8%</td></tr><tr><td style='padding-right:8px;'>Dina Nina Martinez-Rutherford</td><td style='text-align:right;padding-right:8px;'>47</td><td style='text-align:right;'>2.6%</td></tr><tr><td style='padding-right:8px;'>write-in:</td><td style='text-align:right;padding-right:8px;'>13</td><td style='text-align:right;'>0.7%</td></tr></table></div>" }, "geometry": { "type": "Point", "coordinates": [ -89.378793625887837, 43.07674351291314 ] } },
{ "type": "Feature", "properties": { "ward": "C Madison Wd 045", "candidate": "Isaia Ben-Ami", "votes": 24.0, "color": "#4DAF4A", "popup": "<div><strong>C Madison Wd 045</strong><div><strong>Representative to the Assembly District 76</strong><table style='border-collapse:collapse;margin-top:4px;'><tr><th></th><th style='text-align:right;padding-right:8px;'>Votes</th><th style='text-align:right;'>Percent</th></tr><tr><td style='padding-right:8px;'>Tony Castaneda</td><td style='text-align:right;padding-right:8px;'>24</td><td style='text-align:right;'>1.3%</td></tr><tr><td style='padding-right:8px;'>Zoe Sullivan</td><td style='text-align:right;padding-right:8px;'>5</td><td style='text-align:right;'>0.3%</td></tr><tr><td style='padding-right:8px;'>Isaia Ben-Ami</td><td style='text-align:right;padding-right:8px;'>24</td><td style='text-align:right;'>1.3%</td></tr><tr><td style='padding-right:8px;'>Juliana Bennett</td><td style='text-align:right;padding-right:8px;'>14</td><td style='text-align:right;'>0.8%</td></tr><tr><td style='padding-right:8px;'>Dina Nina Martinez-Rutherford</td><td style='text-align:right;padding-right:8px;'>47</td><td style='text-align:right;'>2.6%</td></tr><tr><td style='padding-right:8px;'>write-in:</td><td style='text-align:right;padding-right:8px;'>13</td><td style='text-align:right;'>0.7%</td></tr></table></div>" }, "geometry": { "type": "Point", "coordinates": [ -89.378793625887837, 43.07674351291314 ] } },
{ "type": "Feature", "properties": { "ward": "C Madison Wd 051", "candidate": "Zoe Sullivan", "votes": 24.0, "color": "#377EB8", "popup": "<div><strong>C Madison Wd 051</strong><div><strong>Representative to the Assembly District 76</strong><table style='border-collapse:collapse;margin-top:4px;'><tr><th></th><th style='text-align:right;padding-right:8px;'>Votes</th><th style='text-align:right;'>Percent</th></tr><tr><td style='padding-right:8px;'>Tony Castaneda</td><td style='text-align:right;padding-right:8px;'>54</td><td style='text-align:right;'>2.7%</td></tr><tr><td style='padding-right:8px;'>Zoe Sullivan</td><td style='text-align:right;padding-right:8px;'>24</td><td style='text-align:right;'>1.2%</td></tr><tr><td style='padding-right:8px;'>Isaia Ben-Ami</td><td style='text-align:right;padding-right:8px;'>19</td><td style='text-align:right;'>0.9%</td></tr><tr><td style='padding-right:8px;'>Juliana Bennett</td><td style='text-align:right;padding-right:8px;'>18</td><td style='text-align:right;'>0.9%</td></tr><tr><td style='padding-right:8px;'>Dina Nina Martinez-Rutherford</td><td style='text-align:right;padding-right:8px;'>7</td><td style='text-align:right;'>0.3%</td></tr><tr><td style='padding-right:8px;'>write-in:</td><td style='text-align:right;padding-right:8px;'>43</td><td style='text-align:right;'>2.1%</td></tr></table></div>" }, "geometry": { "type": "Point", "coordinates": [ -89.381757352312846, 43.072411749302844 ] } },
{ "type": "Feature", "properties": { "ward": "C Madison Wd 053", "candidate": "Dina Nina Martinez-Rutherford", "votes": 24.0, "color": "#FF7F00", "popup": "<div><strong>C Madison Wd 053</strong><div><strong>Representative to the Assembly District 76</strong><table style='border-collapse:collapse;margin-top:4px;'><tr><th></th><th style='text-align:right;padding-right:8px;'>Votes</th><th style='text-align:right;'>Percent</th></tr><tr><td style='padding-right:8px;'>Tony Castaneda</td><td style='text-align:right;padding-right:8px;'>19</td><td style='text-align:right;'>1.0%</td></tr><tr><td style='padding-right:8px;'>Zoe Sullivan</td><td style='text-align:right;padding-right:8px;'>1</td><td style='text-align:right;'>0.1%</td></tr><tr><td style='padding-right:8px;'>Isaia Ben-Ami</td><td style='text-align:right;padding-right:8px;'>17</td><td style='text-align:right;'>0.9%</td></tr><tr><td style='padding-right:8px;'>Juliana Bennett</td><td style='text-align:right;padding-right:8px;'>41</td><td style='text-align:right;'>2.1%</td></tr><tr><td style='padding-right:8px;'>Dina Nina Martinez-Rutherford</td><td style='text-align:right;padding-right:8px;'>24</td><td style='text-align:right;'>1.2%</td></tr><tr><td style='padding-right:8px;'>write-in:</td><td style='text-align:right;padding-right:8px;'>4</td><td style='text-align:right;'>0.2%</td></tr></table></div>" }, "geometry": { "type": "Point", "coordinates": [ -89.38716144999924, 43.070488985203006 ] } },
{ "type": "Feature", "properties": { "ward": "C Madison Wd 019", "candidate": "Dina Nina Martinez-Rutherford", "votes": 25.0, "color": "#FF7F00", "popup": "<div><strong>C Madison Wd 019</strong><div><strong>Representative to the Assembly District 76</strong><table style='border-collapse:collapse;margin-top:4px;'><tr><th></th><th style='text-align:right;padding-right:8px;'>Votes</th><th style='text-align:right;'>Percent</th></tr><tr><td style='padding-right:8px;'>Tony Castaneda</td><td style='text-align:right;padding-right:8px;'>69</td><td style='text-align:right;'>2.9%</td></tr><tr><td style='padding-right:8px;'>Zoe Sullivan</td><td style='text-align:right;padding-right:8px;'>3</td><td style='text-align:right;'>0.1%</td></tr><tr><td style='padding-right:8px;'>Isaia Ben-Ami</td><td style='text-align:right;padding-right:8px;'>4</td><td style='text-align:right;'>0.2%</td></tr><tr><td style='padding-right:8px;'>Juliana Bennett</td><td style='text-align:right;padding-right:8px;'>14</td><td style='text-align:right;'>0.6%</td></tr><tr><td style='padding-right:8px;'>Dina Nina Martinez-Rutherford</td><td style='text-align:right;padding-right:8px;'>25</td><td style='text-align:right;'>1.1%</td></tr><tr><td style='padding-right:8px;'>write-in:</td><td style='text-align:right;padding-right:8px;'>28</td><td style='text-align:right;'>1.2%</td></tr></table></div>" }, "geometry": { "type": "Point", "coordinates": [ -89.345166103523681, 43.093823902518743 ] } },
{ "type": "Feature", "properties": { "ward": "C Madison Wd 052", "candidate": "Zoe Sullivan", "votes": 25.0, "color": "#377EB8", "popup": "<div><strong>C Madison Wd 052</strong><div><strong>Representative to the Assembly District 76</strong><table style='border-collapse:collapse;margin-top:4px;'><tr><th></th><th style='text-align:right;padding-right:8px;'>Votes</th><th style='text-align:right;'>Percent</th></tr><tr><td style='padding-right:8px;'>Tony Castaneda</td><td style='text-align:right;padding-right:8px;'>4</td><td style='text-align:right;'>0.2%</td></tr><tr><td style='padding-right:8px;'>Zoe Sullivan</td><td style='text-align:right;padding-right:8px;'>25</td><td style='text-align:right;'>1.3%</td></tr><tr><td style='padding-right:8px;'>Isaia Ben-Ami</td><td style='text-align:right;padding-right:8px;'>5</td><td style='text-align:right;'>0.3%</td></tr><tr><td style='padding-right:8px;'>Juliana Bennett</td><td style='text-align:right;padding-right:8px;'>79</td><td style='text-align:right;'>4.0%</td></tr><tr><td style='padding-right:8px;'>Dina Nina Martinez-Rutherford</td><td style='text-align:right;padding-right:8px;'>8</td><td style='text-align:right;'>0.4%</td></tr><tr><td style='padding-right:8px;'>write-in:</td><td style='text-align:right;padding-right:8px;'>3</td><td style='text-align:right;'>0.2%</td></tr></table></div>" }, "geometry": { "type": "Point", "coordinates": [ -89.387546722165837, 43.074757337276452 ] } },
{ "type": "Feature", "properties": { "ward": "C Madison Wd 128", "candidate": "Tony Castaneda", "votes": 25.0, "color": "#E41A1C", "popup": "<div><strong>C Madison Wd 128</strong><div><strong>Representative to the Assembly District 76</strong><table style='border-collapse:collapse;margin-top:4px;'><tr><th></th><th style='text-align:right;padding-right:8px;'>Votes</th><th style='text-align:right;'>Percent</th></tr><tr><td style='padding-right:8px;'>Tony Castaneda</td><td style='text-align:right;padding-right:8px;'>25</td><td style='text-align:right;'>1.2%</td></tr><tr><td style='padding-right:8px;'>Zoe Sullivan</td><td style='text-align:right;padding-right:8px;'>46</td><td style='text-align:right;'>2.2%</td></tr><tr><td style='padding-right:8px;'>Isaia Ben-Ami</td><td style='text-align:right;padding-right:8px;'>39</td><td style='text-align:right;'>1.9%</td></tr><tr><td style='padding-right:8px;'>Juliana Bennett</td><td style='text-align:right;padding-right:8px;'>48</td><td style='text-align:right;'>2.3%</td></tr><tr><td style='padding-right:8px;'>Dina Nina Martinez-Rutherford</td><td style='text-align:right;padding-right:8px;'>5</td><td style='text-align:right;'>0.2%</td></tr><tr><td style='padding-right:8px;'>write-in:</td><td style='text-align:right;padding-right:8px;'>3</td><td style='text-align:right;'>0.1%</td></tr></table></div>" }, "geometry": { "type": "Point", "coordinates": [ -89.338626970999258, 43.115060996553993 ] } },
{ "type": "Feature", "properties": { "ward": "C Madison Wd 033", "candidate": "Tony Castaneda", "votes": 26.0, "color": "#E41A1C", "popup": "<div><strong>C Madison Wd 033</strong><div><strong>Representative to the Assembly District 76</strong><table style='border-collapse:collapse;margin-top:4px;'><tr><th></th><th style='text-align:right;padding-right:8px;'>Votes</th><th style='text-align:right;'>Percent</th></tr><tr><td style='padding-right:8px;'>Tony Castaneda</td><td style='text-align:right;padding-right:8px;'>26</td><td style='text-align:right;'>1.3%</td></tr><tr><td style='padding-right:8px;'>Zoe Sullivan</td><td style='text-align:right;padding-right:8px;'>54</td><td style='text-align:right;'>2.7%</td></tr><tr><td style='padding-right:8px;'>Isaia Ben-Ami</td><td style='text-align:right;padding-right:8px;'>36</td><td style='text-align:right;'>1.8%</td></tr><tr><td style='padding-right:8px;'>Juliana Bennett</td><td style='text-align:right;padding-right:8px;'>75</td><td style='text-align:right;'>3.8%</td></tr><tr><td style='padding-right:8px;'>Dina Nina Martinez-Rutherford</td><td style='text-align:right;padding-right:8px;'>31</td><td style='text-align:right;'>1.6%</td></tr><tr><td style='padding-right:8px;'>write-in:</td><td style='text-align:right;padding-right:8px;'>20</td><td style='text-align:right;'>1.0%</td></tr></table></div>" }, "geometry": { "type": "Point", "coordinates": [ -89.355843152285829, 43.132413785499345 ] } },
{ "type": "Feature", "properties": { "ward": "C Madison Wd 042", "candidate": "Juliana Bennett", "votes": 26.0, "color": "#984EA3", "popup": "<div><strong>C Madison Wd 042</strong><div><strong>Representative to the Assembly District 76</strong><table style='border-collapse:collapse;margin-top:4px;'><tr><th></th><th style='text-align:right;padding-right:8px;'>Votes</th><th style='text-align:right;'>Percent</th></tr><tr><td style='padding-right:8px;'>Tony Castaneda</td><td style='text-align:right;padding-right:8px;'>6</td><td style='text-align:right;'>0.3%</td></tr><tr><td style='padding-right:8px;'>Zoe Sullivan</td><td style='text-align:right;padding-right:8px;'>10</td><td style='text-align:right;'>0.6%</td></tr><tr><td style='padding-right:8px;'>Isaia Ben-Ami</td><td style='text-align:right;padding-right:8px;'>38</td><td style='text-align:right;'>2.2%</td></tr><tr><td style='padding-right:8px;'>Juliana Bennett</td><td style='text-align:right;padding-right:8px;'>26</td><td style='text-align:right;'>1.5%</td></tr><tr><td style='padding-right:8px;'>Dina Nina Martinez-Rutherford</td><td style='text-align:right;padding-right:8px;'>19</td><td style='text-align:right;'>1.1%</td></tr><tr><td style='padding-right:8px;'>write-in:</td><td style='text-align:right;padding-right:8px;'>48</td><td style='text-align:right;'>2.8%</td></tr></table></div>" }, "geometry": { "type": "Point", "coordinates": [ -89.361715344045933, 43.08520750584168 ] } },
{ "type": "Feature", "properties": { "ward": "V Maple Bluff Wds 1-2", "candidate": "Dina Nina Martinez-Rutherford", "votes": 27.0, "color": "#FF7F00", "popup": "<div><strong>V Maple Bluff Wds 1-2</strong><div><strong>Representative to the Assembly District 76</strong><table style='border-collapse:collapse;margin-top:4px;'><tr><th></th><th style='text-align:right;padding-right:8px;'>Votes</th><th style='text-align:right;'>Percent</th></tr><tr><td style='padding-right:8px;'>Tony Castaneda</td><td style='text-align:right;padding-right:8px;'>2</td><td style='text-align:right;'>0.1%</td></tr><tr><td style='padding-right:8px;'>Zoe Sullivan</td><td style='text-align:right;padding-right:8px;'>10</td><td style='text-align:right;'>0.4%</td></tr><tr><td style='padding-right:8px;'>Isaia Ben-Ami</td><td style='text-align:right;padding-right:8px;'>11</td><td style='text-align:right;'>0.5%</td></tr><tr><td style='padding-right:8px;'>Juliana Bennett</td><td style='text-align:right;padding-right:8px;'>42</td><td style='text-align:right;'>1.8%</td></tr><tr><td style='padding-right:8px;'>Dina Nina Martinez-Rutherford</td><td style='text-align:right;padding-right:8px;'>27</td><td style='text-align:right;'>1.2%</td></tr><tr><td style='padding-right:8px;'>write-in:</td><td style='text-align:right;padding-right:8px;'>29</td><td style='text-align:right;'>1.3%</td></tr></table></div>" }, "geometry": { "type": "Point", "coordinates": [ -89.374449096764835, 43.117277537701376 ] } },
{ "type": "Feature", "properties": { "ward": "C Madison Wd 017", "candidate": "Tony Castaneda", "votes": 28.0, "color": "#E41A1C", "popup": "<div><strong>C Madison Wd 017</strong><div><strong>Representative to the Assembly District 76</strong><table style='border-collapse:collapse;margin-top:4px;'><tr><th></th><th style='text-align:right;padding-right:8px;'>Votes</th><th style='text-align:right;'>Percent</th></tr><tr><td style='padding-right:8px;'>Tony Castaneda</td><td style='text-align:right;padding-right:8px;'>28</td><td style='text-align:right;'>1.4%</td></tr><tr><td style='padding-right:8px;'>Zoe Sullivan</td><td style='text-align:right;padding-right:8px;'>9</td><td style='text-align:right;'>0.5%</td></tr><tr><td style='padding-right:8px;'>Isaia Ben-Ami</td><td style='text-align:right;padding-right:8px;'>37</td><td style='text-align:right;'>1.9%</td></tr><tr><td style='padding-right:8px;'>Juliana Bennett</td><td style='text-align:right;padding-right:8px;'>22</td><td style='text-align:right;'>1.1%</td></tr><tr><td style='padding-right:8px;'>Dina Nina Martinez-Rutherford</td><td style='text-align:right;padding-right:8px;'>9</td><td style='text-align:right;'>0.5%</td></tr><tr><td style='padding-right:8px;'>write-in:</td><td style='text-align:right;padding-right:8px;'>20</td><td style='text-align:right;'>1.0%</td></tr></table></div>" }, "geometry": { "type": "Point", "coordinates": [ -89.32150592661165, 43.093791879049746 ] } },
{ "type": "Feature", "properties": { "ward": "C Madison Wd 019", "candidate": "write-in:", "votes": 28.0, "color": "#FFFF33", "popup": "<div><strong>C Madison Wd 019</strong><div><strong>Representative to the Assembly District 76</strong><table style='border-collapse:collapse;margin-top:4px;'><tr><th></th><th style='text-align:right;padding-right:8px;'>Votes</th><th style='text-align:right;'>Percent</th></tr><tr><td style='padding-right:8px;'>Tony Castaneda</td><td style='text-align:right;padding-right:8px;'>69</td><td style='text-align:right;'>2.9%</td></tr><tr><td style='padding-right:8px;'>Zoe Sullivan</td><td style='text-align:right;padding-right:8px;'>3</td><td style='text-align:right;'>0.1%</td></tr><tr><td style='padding-right:8px;'>Isaia Ben-Ami</td><td style='text-align:right;padding-right:8px;'>4</td><td style='text-align:right;'>0.2%</td></tr><tr><td style='padding-right:8px;'>Juliana Bennett</td><td style='text-align:right;padding-right:8px;'>14</td><td style='text-align:right;'>0.6%</td></tr><tr><td style='padding-right:8px;'>Dina Nina Martinez-Rutherford</td><td style='text-align:right;padding-right:8px;'>25</td><td style='text-align:right;'>1.1%</td></tr><tr><td style='padding-right:8px;'>write-in:</td><td style='text-align:right;padding-right:8px;'>28</td><td style='text-align:right;'>1.2%</td></tr></table></div>" }, "geometry": { "type": "Point", "coordinates": [ -89.345166103523681, 43.093823902518743 ] } },
{ "type": "Feature", "properties": { "ward": "C Madison Wd 032", "candidate": "write-in:", "votes": 28.0, "color": "#FFFF33", "popup": "<div><strong>C Madison Wd 032</strong><div><strong>Representative to the Assembly District 76</strong><table style='border-collapse:collapse;margin-top:4px;'><tr><th></th><th style='text-align:right;padding-right:8px;'>Votes</th><th style='text-align:right;'>Percent</th></tr><tr><td style='padding-right:8px;'>Tony Castaneda</td><td style='text-align:right;padding-right:8px;'>13</td><td style='text-align:right;'>0.7%</td></tr><tr><td style='padding-right:8px;'>Zoe Sullivan</td><td style='text-align:right;padding-right:8px;'>5</td><td style='text-align:right;'>0.3%</td></tr><tr><td style='padding-right:8px;'>Isaia Ben-Ami</td><td style='text-align:right;padding-right:8px;'>11</td><td style='text-align:right;'>0.6%</td></tr><tr><td style='padding-right:8px;'>Juliana Bennett</td><td style='text-align:right;padding-right:8px;'>33</td><td style='text-align:right;'>1.7%</td></tr><tr><td style='padding-right:8px;'>Dina Nina Martinez-Rutherford</td><td style='text-align:right;padding-right:8px;'>47</td><td style='text-align:right;'>2.4%</td></tr><tr><td style='padding-right:8px;'>write-in:</td><td style='text-align:right;padding-right:8px;'>28</td><td style='text-align:right;'>1.4%</td></tr></table></div>" }, "geometry": { "type": "Point", "coordinates": [ -89.367330802415196, 43.126509539648012 ] } },
{ "type": "Feature", "properties": { "ward": "C Madison Wd 043", "candidate": "Juliana Bennett", "votes": 28.0, "color": "#984EA3", "popup": "<div><strong>C Madison Wd 043</strong><div><strong>Representative to the Assembly District 76</strong><table style='border-collapse:collapse;margin-top:4px;'><tr><th></th><th style='text-align:right;padding-right:8px;'>Votes</th><th style='text-align:right;'>Percent</th></tr><tr><td style='padding-right:8px;'>Tony Castaneda</td><td style='text-align:right;padding-right:8px;'>49</td><td style='text-align:right;'>2.5%</td></tr><tr><td style='padding-right:8px;'>Zoe Sullivan</td><td style='text-align:right;padding-right:8px;'>21</td><td style='text-align:right;'>1.1%</td></tr><tr><td style='padding-right:8px;'>Isaia Ben-Ami</td><td style='text-align:right;padding-right:8px;'>4</td><td style='text-align:right;'>0.2%</td></tr><tr><td style='padding-right:8px;'>Juliana Bennett</td><td style='text-align:right;padding-right:8px;'>28</td><td style='text-align:right;'>1.4%</td></tr><tr><td style='padding-right:8px;'>Dina Nina Martinez-Rutherford</td><td style='text-align:right;padding-right:8px;'>6</td><td style='text-align:right;'>0.3%</td></tr><tr><td style='padding-right:8px;'>write-in:</td><td style='text-align:right;padding-right:8px;'>41</td><td style='text-align:right;'>2.1%</td></tr></table></div>" }, "geometry": { "type": "Point", "coordinates": [ -89.377789233912992, 43.082684989481145 ] } },
{ "type": "Feature", "properties": { "ward": "V Maple Bluff Wds 1-2", "candidate": "write-in:", "votes": 29.0, "color": "#FFFF33", "popup": "<div><strong>V Maple Bluff Wds 1-2</strong><div><strong>Representative to the Assembly District 76</strong><table style='border-collapse:collapse;margin-top:4px;'><tr><th></th><th style='text-align:right;padding-right:8px;'>Votes</th><th style='text-align:right;'>Percent</th></tr><tr><td style='padding-right:8px;'>Tony Castaneda</td><td style='text-align:right;padding-right:8px;'>2</td><td style='text-align:right;'>0.1%</td></tr><tr><td style='padding-right:8px;'>Zoe Sullivan</td><td style='text-align:right;padding-right:8px;'>10</td><td style='text-align:right;'>0.4%</td></tr><tr><td style='padding-right:8px;'>Isaia Ben-Ami</td><td style='text-align:right;padding-right:8px;'>11</td><td style='text-align:right;'>0.5%</td></tr><tr><td style='padding-right:8px;'>Juliana Bennett</td><td style='text-align:right;padding-right:8px;'>42</td><td style='text-align:right;'>1.8%</td></tr><tr><td style='padding-right:8px;'>Dina Nina Martinez-Rutherford</td><td style='text-align:right;padding-right:8px;'>27</td><td style='text-align:right;'>1.2%</td></tr><tr><td style='padding-right:8px;'>write-in:</td><td style='text-align:right;padding-right:8px;'>29</td><td style='text-align:right;'>1.3%</td></tr></table></div>" }, "geometry": { "type": "Point", "coordinates": [ -89.374449096764835, 43.117277537701376 ] } },
{ "type": "Feature", "properties": { "ward": "C Madison Wd 028", "candidate": "Juliana Bennett", "votes": 29.0, "color": "#984EA3", "popup": "<div><strong>C Madison Wd 028</strong><div><strong>Representative to the Assembly District 76</strong><table style='border-collapse:collapse;margin-top:4px;'><tr><th></th><th style='text-align:right;padding-right:8px;'>Votes</th><th style='text-align:right;'>Percent</th></tr><tr><td style='padding-right:8px;'>Tony Castaneda</td><td style='text-align:right;padding-right:8px;'>87</td><td style='text-align:right;'>4.0%</td></tr><tr><td style='padding-right:8px;'>Zoe Sullivan</td><td style='text-align:right;padding-right:8px;'>18</td><td style='text-align:right;'>0.8%</td></tr><tr><td style='padding-right:8px;'>Isaia Ben-Ami</td><td style='text-align:right;padding-right:8px;'>1</td><td style='text-align:right;'>0.0%</td></tr><tr><td style='padding-right:8px;'>Juliana Bennett</td><td style='text-align:right;padding-right:8px;'>29</td><td style='text-align:right;'>1.3%</td></tr><tr><td style='padding-right:8px;'>Dina Nina Martinez-Rutherford</td><td style='text-align:right;padding-right:8px;'>37</td><td style='text-align:right;'>1.7%</td></tr><tr><td style='padding-right:8px;'>write-in:</td><td style='text-align:right;padding-right:8px;'>10</td><td style='text-align:right;'>0.5%</td></tr></table></div>" }, "geometry": { "type": "Point", "coordinates": [ -89.345945317960883, 43.106864218464551 ] } },
{ "type": "Feature", "properties": { "ward": "C Madison Wd 036", "candidate": "Dina Nina Martinez-Rutherford", "votes": 30.0, "color": "#FF7F00", "popup": "<div><strong>C Madison Wd 036</strong><div><strong>Representative to the Assembly District 76</strong><table style='border-collapse:collapse;margin-top:4px;'><tr><th></th><th style='text-align:right;padding-right:8px;'>Votes</th><th style='text-align:right;'>Percent</th></tr><tr><td style='padding-right:8px;'>Tony Castaneda</td><td style='text-align:right;padding-right:8px;'>101</td><td style='text-align:right;'>5.0%</td></tr><tr><td style='padding-right:8px;'>Zoe Sullivan</td><td style='text-align:right;padding-right:8px;'>2</td><td style='text-align:right;'>0.1%</td></tr><tr><td style='padding-right:8px;'>Isaia Ben-Ami</td><td style='text-align:right;padding-right:8px;'>18</td><td style='text-align:right;'>0.9%</td></tr><tr><td style='padding-right:8px;'>Juliana Bennett</td><td style='text-align:right;padding-right:8px;'>2</td><td style='text-align:right;'>0.1%</td></tr><tr><td style='padding-right:8px;'>Dina Nina Martinez-Rutherford</td><td style='text-align:right;padding-right:8px;'>30</td><td style='text-align:right;'>1.5%</td></tr><tr><td style='padding-right:8px;'>write-in:</td><td style='text-align:right;padding-right:8px;'>19</td><td style='text-align:right;'>0.9%</td></tr></table></div>" }, "geometry": { "type": "Point", "coordinates": [ -89.368335813308448, 43.13719562458747 ] } },
{ "type": "Feature", "properties": { "ward": "C Madison Wd 033", "candidate": "Dina Nina Martinez-Rutherford", "votes": 31.0, "color": "#FF7F00", "popup": "<div><strong>C Madison Wd 033</strong><div><strong>Representative to the Assembly District 76</strong><table style='border-collapse:collapse;margin-top:4px;'><tr><th></th><th style='text-align:right;padding-right:8px;'>Votes</th><th style='text-align:right;'>Percent</th></tr><tr><td style='padding-right:8px;'>Tony Castaneda</td><td style='text-align:right;padding-right:8px;'>26</td><td style='text-align:right;'>1.3%</td></tr><tr><td style='padding-right:8px;'>Zoe Sullivan</td><td style='text-align:right;padding-right:8px;'>54</td><td style='text-align:right;'>2.7%</td></tr><tr><td style='padding-right:8px;'>Isaia Ben-Ami</td><td style='text-align:right;padding-right:8px;'>36</td><td style='text-align:right;'>1.8%</td></tr><tr><td style='padding-right:8px;'>Juliana Bennett</td><td style='text-align:right;padding-right:8px;'>75</td><td style='text-align:right;'>3.8%</td></tr><tr><td style='padding-right:8px;'>Dina Nina Martinez-Rutherford</td><td style='text-align:right;padding-right:8px;'>31</td><td style='text-align:right;'>1.6%</td></tr><tr><td style='padding-right:8px;'>write-in:</td><td style='text-align:right;padding-right:8px;'>20</td><td style='text-align:right;'>1.0%</td></tr></table></div>" }, "geometry": { "type": "Point", "coordinates": [ -89.355843152285829, 43.132413785499345 ] } },
{ "type": "Feature", "properties": { "ward": "C Madison Wd 032", "candidate": "Juliana Bennett", "votes": 33.0, "color": "#984EA3", "popup": "<div><strong>C Madison Wd 032</strong><div><strong>Representative to the Assembly District 76</strong><table style='border-collapse:collapse;margin-top:4px;'><tr><th></th><th style='text-align:right;padding-right:8px;'>Votes</th><th style='text-align:right;'>Percent</th></tr><tr><td style='padding-right:8px;'>Tony Castaneda</td><td style='text-align:right;padding-right:8px;'>13</td><td style='text-align:right;'>0.7%</td></tr><tr><td style='padding-right:8px;'>Zoe Sullivan</td><td style='text-align:right;padding-right:8px;'>5</td><td style='text-align:right;'>0.3%</td></tr><tr><td style='padding-right:8px;'>Isaia Ben-Ami</td><td style='text-align:right;padding-right:8px;'>11</td><td style='text-align:right;'>0.6%</td></tr><tr><td style='padding-right:8px;'>Juliana Bennett</td><td style='text-align:right;padding-right:8px;'>33</td><td style='text-align:right;'>1.7%</td></tr><tr><td style='padding-right:8px;'>Dina Nina Martinez-Rutherford</td><td style='text-align:right;padding-right:8px;'>47</td><td style='text-align:right;'>2.4%</td></tr><tr><td style='padding-right:8px;'>write-in:</td><td style='text-align:right;padding-right:8px;'>28</td><td style='text-align:right;'>1.4%</td></tr></table></div>" }, "geometry": { "type": "Point", "coordinates": [ -89.367330802415196, 43.126509539648012 ] } },
{ "type": "Feature", "properties": { "ward": "C Madison Wd 037", "candidate": "Dina Nina Martinez-Rutherford", "votes": 34.0, "color": "#FF7F00", "popup": "<div><strong>C Madison Wd 037</strong><div><strong>Representative to the Assembly District 76</strong><table style='border-collapse:collapse;margin-top:4px;'><tr><th></th><th style='text-align:right;padding-right:8px;'>Votes</th><th style='text-align:right;'>Percent</th></tr><tr><td style='padding-right:8px;'>Tony Castaneda</td><td style='text-align:right;padding-right:8px;'>5</td><td style='text-align:right;'>0.3%</td></tr><tr><td style='padding-right:8px;'>Zoe Sullivan</td><td style='text-align:right;padding-right:8px;'>11</td><td style='text-align:right;'>0.6%</td></tr><tr><td style='padding-right:8px;'>Isaia Ben-Ami</td><td style='text-align:right;padding-right:8px;'>18</td><td style='text-align:right;'>1.0%</td></tr><tr><td style='padding-right:8px;'>Juliana Bennett</td><td style='text-align:right;padding-right:8px;'>14</td><td style='text-align:right;'>0.8%</td></tr><tr><td style='padding-right:8px;'>Dina Nina Martinez-Rutherford</td><td style='text-align:right;padding-right:8px;'>34</td><td style='text-align:right;'>1.9%</td></tr><tr><td style='padding-right:8px;'>write-in:</td><td style='text-align:right;padding-right:8px;'>24</td><td style='text-align:right;'>1.3%</td></tr></table></div>" }, "geometry": { "type": "Point", "coordinates": [ -89.380453791981225, 43.144700692063921 ] } },
{ "type": "Feature", "properties": { "ward": "C Madison Wd 033", "candidate": "Isaia Ben-Ami", "votes": 36.0, "color": "#4DAF4A", "popup": "<div><strong>C Madison Wd 033</strong><div><strong>Representative to the Assembly District 76</strong><table style='border-collapse:collapse;margin-top:4px;'><tr><th></th><th style='text-align:right;padding-right:8px;'>Votes</th><th style='text-align:right;'>Percent</th></tr><tr><td style='padding-right:8px;'>Tony Castaneda</td><td style='text-align:right;padding-right:8px;'>26</td><td style='text-align:right;'>1.3%</td></tr><tr><td style='padding-right:8px;'>Zoe Sullivan</td><td style='text-align:right;padding-right:8px;'>54</td><td style='text-align:right;'>2.7%</td></tr><tr><td style='padding-right:8px;'>Isaia Ben-Ami</td><td style='text-align:right;padding-right:8px;'>36</td><td style='text-align:right;'>1.8%</td></tr><tr><td style='padding-right:8px;'>Juliana Bennett</td><td style='text-align:right;padding-right:8px;'>75</td><td style='text-align:right;'>3.8%</td></tr><tr><td style='padding-right:8px;'>Dina Nina Martinez-Rutherford</td><td style='text-align:right;padding-right:8px;'>31</td><td style='text-align:right;'>1.6%</td></tr><tr><td style='padding-right:8px;'>write-in:</td><td style='text-align:right;padding-right:8px;'>20</td><td style='text-align:right;'>1.0%</td></tr></table></div>" }, "geometry": { "type": "Point", "coordinates": [ -89.355843152285829, 43.132413785499345 ] } },
{ "type": "Feature", "properties": { "ward": "T Blooming Grove Wds 1-2", "candidate": "Zoe Sullivan", "votes": 37.0, "color": "#377EB8", "popup": "<div><strong>T Blooming Grove Wds 1-2</strong><div><strong>Representative to the Assembly District 76</strong><table style='border-collapse:collapse;margin-top:4px;'><tr><th></th><th style='text-align:right;padding-right:8px;'>Votes</th><th style='text-align:right;'>Percent</th></tr><tr><td style='padding-right:8px;'>Tony Castaneda</td><td style='text-align:right;padding-right:8px;'>8</td><td style='text-align:right;'>0.4%</td></tr><tr><td style='padding-right:8px;'>Zoe Sullivan</td><td style='text-align:right;padding-right:8px;'>37</td><td style='text-align:right;'>1.7%</td></tr><tr><td style='padding-right:8px;'>Isaia Ben-Ami</td><td style='text-align:right;padding-right:8px;'>4</td><td style='text-align:right;'>0.2%</td></tr><tr><td style='padding-right:8px;'>Juliana Bennett</td><td style='text-align:right;padding-right:8px;'>23</td><td style='text-align:right;'>1.1%</td></tr><tr><td style='padding-right:8px;'>Dina Nina Martinez-Rutherford</td><td style='text-align:right;padding-right:8px;'>72</td><td style='text-align:right;'>3.4%</td></tr><tr><td style='padding-right:8px;'>write-in:</td><td style='text-align:right;padding-right:8px;'>6</td><td style='text-align:right;'>0.3%</td></tr></table></div>" }, "geometry": { "type": "Point", "coordinates": [ -89.332706448800508, 43.104600383503232 ] } },
{ "type": "Feature", "properties": { "ward": "C Madison Wd 017", "candidate": "Isaia Ben-Ami", "votes": 37.0, "color": "#4DAF4A", "popup": "<div><strong>C Madison Wd 017</strong><div><strong>Representative to the Assembly District 76</strong><table style='border-collapse:collapse;margin-top:4px;'><tr><th></th><th style='text-align:right;padding-right:8px;'>Votes</th><th style='text-align:right;'>Percent</th></tr><tr><td style='padding-right:8px;'>Tony Castaneda</td><td style='text-align:right;padding-right:8px;'>28</td><td style='text-align:right;'>1.4%</td></tr><tr><td style='padding-right:8px;'>Zoe Sullivan</td><td style='text-align:right;padding-right:8px;'>9</td><td style='text-align:right;'>0.5%</td></tr><tr><td style='padding-right:8px;'>Isaia Ben-Ami</td><td style='text-align:right;padding-right:8px;'>37</td><td style='text-align:right;'>1.9%</td></tr><tr><td style='padding-right:8px;'>Juliana Bennett</td><td style='text-align:right;padding-right:8px;'>22</td><td style='text-align:right;'>1.1%</td></tr><tr><td style='padding-right:8px;'>Dina Nina Martinez-Rutherford</td><td style='text-align:right;padding-right:8px;'>9</td><td style='text-align:right;'>0.5%</td></tr><tr><td style='padding-right:8px;'>write-in:</td><td style='text-align:right;padding-right:8px;'>20</td><td style='text-align:right;'>1.0%</td></tr></table></div>" }, "geometry": { "type": "Point", "coordinates": [ -89.32150592661165, 43.093791879049746 ] } },
{ "type": "Feature", "properties": { "ward": "C Madison Wd 028", "candidate": "Dina Nina Martinez-Rutherford", "votes": 37.0, "color": "#FF7F00", "popup": "<div><strong>C Madison Wd 028</strong><div><strong>Representative to the Assembly District 76</strong><table style='border-collapse:collapse;margin-top:4px;'><tr><th></th><th style='text-align:right;padding-right:8px;'>Votes</th><th style='text-align:right;'>Percent</th></tr><tr><td style='padding-right:8px;'>Tony Castaneda</td><td style='text-align:right;padding-right:8px;'>87</td><td style='text-align:right;'>4.0%</td></tr><tr><td style='padding-right:8px;'>Zoe Sullivan</td><td style='text-align:right;padding-right:8px;'>18</td><td style='text-align:right;'>0.8%</td></tr><tr><td style='padding-right:8px;'>Isaia Ben-Ami</td><td style='text-align:right;padding-right:8px;'>1</td><td style='text-align:right;'>0.0%</td></tr><tr><td style='padding-right:8px;'>Juliana Bennett</td><td style='text-align:right;padding-right:8px;'>29</td><td style='text-align:right;'>1.3%</td></tr><tr><td style='padding-right:8px;'>Dina Nina Martinez-Rutherford</td><td style='text-align:right;padding-right:8px;'>37</td><td style='text-align:right;'>1.7%</td></tr><tr><td style='padding-right:8px;'>write-in:</td><td style='text-align:right;padding-right:8px;'>10</td><td style='text-align:right;'>0.5%</td></tr></table></div>" }, "geometry": { "type": "Point", "coordinates": [ -89.345945317960883, 43.106864218464551 ] } },
{ "type": "Feature", "properties": { "ward": "C Madison Wd 018", "candidate": "Zoe Sullivan", "votes": 38.0, "color": "#377EB8", "popup": "<div><strong>C Madison Wd 018</strong><div><strong>Representative to the Assembly District 76</strong><table style='border-collapse:collapse;margin-top:4px;'><tr><th></th><th style='text-align:right;padding-right:8px;'>Votes</th><th style='text-align:right;'>Percent</th></tr><tr><td style='padding-right:8px;'>Tony Castaneda</td><td style='text-align:right;padding-right:8px;'>43</td><td style='text-align:right;'>2.7%</td></tr><tr><td style='padding-right:8px;'>Zoe Sullivan</td><td style='text-align:right;padding-right:8px;'>38</td><td style='text-align:right;'>2.4%</td></tr><tr><td style='padding-right:8px;'>Isaia Ben-Ami</td><td style='text-align:right;padding-right:8px;'>42</td><td style='text-align:right;'>2.7%</td></tr><tr><td style='padding-right:8px;'>Juliana Bennett</td><td style='text-align:right;padding-right:8px;'>8</td><td style='text-align:right;'>0.5%</td></tr><tr><td style='padding-right:8px;'>Dina Nina Martinez-Rutherford</td><td style='text-align:right;padding-right:8px;'>45</td><td style='text-align:right;'>2.9%</td></tr><tr><td style='padding-right:8px;'>write-in:</td><td style='text-align:right;padding-right:8px;'>16</td><td style='text-align:right;'>1.0%</td></tr></table></div>" }, "geometry": { "type": "Point", "coordinates": [ -89.340428730931492, 43.100651265017135 ] } },
{ "type": "Feature", "properties": { "ward": "C Madison Wd 042", "candidate": "Isaia Ben-Ami", "votes": 38.0, "color": "#4DAF4A", "popup": "<div><strong>C Madison Wd 042</strong><div><strong>Representative to the Assembly District 76</strong><table style='border-collapse:collapse;margin-top:4px;'><tr><th></th><th style='text-align:right;padding-right:8px;'>Votes</th><th style='text-align:right;'>Percent</th></tr><tr><td style='padding-right:8px;'>Tony Castaneda</td><td style='text-align:right;padding-right:8px;'>6</td><td style='text-align:right;'>0.3%</td></tr><tr><td style='padding-right:8px;'>Zoe Sullivan</td><td style='text-align:right;padding-right:8px;'>10</td><td style='text-align:right;'>0.6%</td></tr><tr><td style='padding-right:8px;'>Isaia Ben-Ami</td><td style='text-align:right;padding-right:8px;'>38</td><td style='text-align:right;'>2.2%</td></tr><tr><td style='padding-right:8px;'>Juliana Bennett</td><td style='text-align:right;padding-right:8px;'>26</td><td style='text-align:right;'>1.5%</td></tr><tr><td style='padding-right:8px;'>Dina Nina Martinez-Rutherford</td><td style='text-align:right;padding-right:8px;'>19</td><td style='text-align:right;'>1.1%</td></tr><tr><td style='padding-right:8px;'>write-in:</td><td style='text-align:right;padding-right:8px;'>48</td><td style='text-align:right;'>2.8%</td></tr></table></div>" }, "geometry": { "type": "Point", "coordinates": [ -89.361715344045933, 43.08520750584168 ] } },
{ "type": "Feature", "properties": { "ward": "C Madison Wd 055", "candidate": "Zoe Sullivan", "votes": 38.0, "color": "#377EB8", "popup": "<div><strong>C Madison Wd 055</strong><div><strong>Representative to the Assembly District 76</strong><table style='border-collapse:collapse;margin-top:4px;'><tr><th></th><th style='text-align:right;padding-right:8px;'>Votes</th><th style='text-align:right;'>Percent</th></tr><tr><td style='padding-right:8px;'>Tony Castaneda</td><td style='text-align:right;padding-right:8px;'>13</td><td style='text-align:right;'>0.6%</td></tr><tr><td style='padding-right:8px;'>Zoe Sullivan</td><td style='text-align:right;padding-right:8px;'>38</td><td style='text-align:right;'>1.8%</td></tr><tr><td style='padding-right:8px;'>Isaia Ben-Ami</td><td style='text-align:right;padding-right:8px;'>38</td><td style='text-align:right;'>1.8%</td></tr><tr><td style='padding-right:8px;'>Juliana Bennett</td><td style='text-align:right;padding-right:8px;'>18</td><td style='text-align:right;'>0.9%</td></tr><tr><td style='padding-right:8px;'>Dina Nina Martinez-Rutherford</td><td style='text-align:right;padding-right:8px;'>87</td><td style='text-align:right;'>4.1%</td></tr><tr><td style='padding-right:8px;'>write-in:</td><td style='text-align:right;padding-right:8px;'>1</td><td style='text-align:right;'>0.0%</td></tr></table></div>" }, "geometry": { "type": "Point", "coordinates": [ -89.390564622049155, 43.066964385949177 ] } },
{ "type": "Feature", "properties": { "ward": "C Madison Wd 055", "candidate": "Isaia Ben-Ami", "votes": 38.0, "color": "#4DAF4A", "popup": "<div><strong>C Madison Wd 055</strong><div><strong>Representative to the Assembly District 76</strong><table style='border-collapse:collapse;margin-top:4px;'><tr><th></th><th style='text-align:right;padding-right:8px;'>Votes</th><th style='text-align:right;'>Percent</th></tr><tr><td style='padding-right:8px;'>Tony Castaneda</td><td style='text-align:right;padding-right:8px;'>13</td><td style='text-align:right;'>0.6%</td></tr><tr><td style='padding-right:8px;'>Zoe Sullivan</td><td style='text-align:right;padding-right:8px;'>38</td><td style='text-align:right;'>1.8%</td></tr><tr><td style='padding-right:8px;'>Isaia Ben-Ami</td><td style='text-align:right;padding-right:8px;'>38</td><td style='text-align:right;'>1.8%</td></tr><tr><td style='padding-right:8px;'>Juliana Bennett</td><td style='text-align:right;padding-right:8px;'>18</td><td style='text-align:right;'>0.9%</td></tr><tr><td style='padding-right:8px;'>Dina Nina Martinez-Rutherford</td><td style='text-align:right;padding-right:8px;'>87</td><td style='text-align:right;'>4.1%</td></tr><tr><td style='padding-right:8px;'>write-in:</td><td style='text-align:right;padding-right:8px;'>1</td><td style='text-align:right;'>0.0%</td></tr></table></div>" }, "geometry": { "type": "Point", "coordinates": [ -89.390564622049155, 43.066964385949177 ] } },
{ "type": "Feature", "properties": { "ward": "C Madison Wd 128", "candidate": "Isaia Ben-Ami", "votes": 39.0, "color": "#4DAF4A", "popup": "<div><strong>C Madison Wd 128</strong><div><strong>Representative to the Assembly District 76</strong><table style='border-collapse:collapse;margin-top:4px;'><tr><th></th><th style='text-align:right;padding-right:8px;'>Votes</th><th style='text-align:right;'>Percent</th></tr><tr><td style='padding-right:8px;'>Tony Castaneda</td><td style='text-align:right;padding-right:8px;'>25</td><td style='text-align:right;'>1.2%</td></tr><tr><td style='padding-right:8px;'>Zoe Sullivan</td><td style='text-align:right;padding-right:8px;'>46</td><td style='text-align:right;'>2.2%</td></tr><tr><td style='padding-right:8px;'>Isaia Ben-Ami</td><td style='text-align:right;padding-right:8px;'>39</td><td style='text-align:right;'>1.9%</td></tr><tr><td style='padding-right:8px;'>Juliana Bennett</td><td style='text-align:right;padding-right:8px;'>48</td><td style='text-align:right;'>2.3%</td></tr><tr><td style='padding-right:8px;'>Dina Nina Martinez-Rutherford</td><td style='text-align:right;padding-right:8px;'>5</td><td style='text-align:right;'>0.2%</td></tr><tr><td style='padding-right:8px;'>write-in:</td><td style='text-align:right;padding-right:8px;'>3</td><td style='text-align:right;'>0.1%</td></tr></table></div>" }, "geometry": { "type": "Point", "coordinates": [ -89.338626970999258, 43.115060996553993 ] } },
{ "type": "Feature", "properties": { "ward": "C Madison Wd 040", "candidate": "write-in:", "votes": 41.0, "color": "#FFFF33", "popup": "<div><strong>C Madison Wd 040</strong><div><strong>Representative to the Assembly District 76</strong><table style='border-collapse:collapse;margin-top:4px;'><tr><th></th><th style='text-align:right;padding-right:8px;'>Votes</th><th style='text-align:right;'>Percent</th></tr><tr><td style='padding-right:8px;'>Tony Castaneda</td><td style='text-align:right;padding-right:8px;'>5</td><td style='text-align:right;'>0.3%</td></tr><tr><td style='padding-right:8px;'>Zoe Sullivan</td><td style='text-align:right;padding-right:8px;'>6</td><td style='text-align:right;'>0.3%</td></tr><tr><td style='padding-right:8px;'>Isaia Ben-Ami</td><td style='text-align:right;padding-right:8px;'>20</td><td style='text-align:right;'>1.0%</td></tr><tr><td style='padding-right:8px;'>Juliana Bennett</td><td style='text-align:right;padding-right:8px;'>18</td><td style='text-align:right;'>0.9%</td></tr><tr><td style='padding-right:8px;'>Dina Nina Martinez-Rutherford</td><td style='text-align:right;padding-right:8px;'>46</td><td style='text-align:right;'>2.3%</td></tr><tr><td style='padding-right:8px;'>write-in:</td><td style='text-align:right;padding-right:8px;'>41</td><td style='text-align:right;'>2.1%</td></tr></table></div>" }, "geometry": { "type": "Point", "coordinates": [ -89.355346708128934, 43.090576674103652 ] } },
{ "type": "Feature", "properties": { "ward": "C Madison Wd 043", "candidate": "write-in:", "votes": 41.0, "color": "#FFFF33", "popup": "<div><strong>C Madison Wd 043</strong><div><strong>Representative to the Assembly District 76</strong><table style='border-collapse:collapse;margin-top:4px;'><tr><th></th><th style='text-align:right;padding-right:8px;'>Votes</th><th style='text-align:right;'>Percent</th></tr><tr><td style='padding-right:8px;'>Tony Castaneda</td><td style='text-align:right;padding-right:8px;'>49</td><td style='text-align:right;'>2.5%</td></tr><tr><td style='padding-right:8px;'>Zoe Sullivan</td><td style='text-align:right;padding-right:8px;'>21</td><td style='text-align:right;'>1.1%</td></tr><tr><td style='padding-right:8px;'>Isaia Ben-Ami</td><td style='text-align:right;padding-right:8px;'>4</td><td style='text-align:right;'>0.2%</td></tr><tr><td style='padding-right:8px;'>Juliana Bennett</td><td style='text-align:right;padding-right:8px;'>28</td><td style='text-align:right;'>1.4%</td></tr><tr><td style='padding-right:8px;'>Dina Nina Martinez-Rutherford</td><td style='text-align:right;padding-right:8px;'>6</td><td style='text-align:right;'>0.3%</td></tr><tr><td style='padding-right:8px;'>write-in:</td><td style='text-align:right;padding-right:8px;'>41</td><td style='text-align:right;'>2.1%</td></tr></table></div>" }, "geometry": { "type": "Point", "coordinates": [ -89.377789233912992, 43.082684989481145 ] } },
{ "type": "Feature", "properties": { "ward": "C Madison Wd 053", "candidate": "Juliana Bennett", "votes": 41.0, "color": "#984EA3", "popup": "<div><strong>C Madison Wd 053</strong><div><strong>Representative to the Assembly District 76</strong><table style='border-collapse:collapse;margin-top:4px;'><tr><th></th><th style='text-align:right;padding-right:8px;'>Votes</th><th style='text-align:right;'>Percent</th></tr><tr><td style='padding-right:8px;'>Tony Castaneda</td><td style='text-align:right;padding-right:8px;'>19</td><td style='text-align:right;'>1.0%</td></tr><tr><td style='padding-right:8px;'>Zoe Sullivan</td><td style='text-align:right;padding-right:8px;'>1</td><td style='text-align:right;'>0.1%</td></tr><tr><td style='padding-right:8px;'>Isaia Ben-Ami</td><td style='text-align:right;padding-right:8px;'>17</td><td style='text-align:right;'>0.9%</td></tr><tr><td style='padding-right:8px;'>Juliana Bennett</td><td style='text-align:right;padding-right:8px;'>41</td><td style='text-align:right;'>2.1%</td></tr><tr><td style='padding-right:8px;'>Dina Nina Martinez-Rutherford</td><td style='text-align:right;padding-right:8px;'>24</td><td style='text-align:right;'>1.2%</td></tr><tr><td style='padding-right:8px;'>write-in:</td><td style='text-align:right;padding-right:8px;'>4</td><td style='text-align:right;'>0.2%</td></tr></table></div>" }, "geometry": { "type": "Point", "coordinates": [ -89.38716144999924, 43.070488985203006 ] } },
{ "type": "Feature", "properties": { "ward": "V Maple Bluff Wds 1-2", "candidate": "Juliana Bennett", "votes": 42.0, "color": "#984EA3", "popup": "<div><strong>V Maple Bluff Wds 1-2</strong><div><strong>Representative to the Assembly District 76</strong><table style='border-collapse:collapse;margin-top:4px;'><tr><th></th><th style='text-align:right;padding-right:8px;'>Votes</th><th style='text-align:right;'>Percent</th></tr><tr><td style='padding-right:8px;'>Tony Castaneda</td><td style='text-align:right;padding-right:8px;'>2</td><td style='text-align:right;'>0.1%</td></tr><tr><td style='padding-right:8px;'>Zoe Sullivan</td><td style='text-align:right;padding-right:8px;'>10</td><td style='text-align:right;'>0.4%</td></tr><tr><td style='padding-right:8px;'>Isaia Ben-Ami</td><td style='text-align:right;padding-right:8px;'>11</td><td style='text-align:right;'>0.5%</td></tr><tr><td style='padding-right:8px;'>Juliana Bennett</td><td style='text-align:right;padding-right:8px;'>42</td><td style='text-align:right;'>1.8%</td></tr><tr><td style='padding-right:8px;'>Dina Nina Martinez-Rutherford</td><td style='text-align:right;padding-right:8px;'>27</td><td style='text-align:right;'>1.2%</td></tr><tr><td style='padding-right:8px;'>write-in:</td><td style='text-align:right;padding-right:8px;'>29</td><td style='text-align:right;'>1.3%</td></tr></table></div>" }, "geometry": { "type": "Point", "coordinates": [ -89.374449096764835, 43.117277537701376 ] } },
{ "type": "Feature", "properties": { "ward": "C Madison Wd 018", "candidate": "Isaia Ben-Ami", "votes": 42.0, "color": "#4DAF4A", "popup": "<div><strong>C Madison Wd 018</strong><div><strong>Representative to the Assembly District 76</strong><table style='border-collapse:collapse;margin-top:4px;'><tr><th></th><th style='text-align:right;padding-right:8px;'>Votes</th><th style='text-align:right;'>Percent</th></tr><tr><td style='padding-right:8px;'>Tony Castaneda</td><td style='text-align:right;padding-right:8px;'>43</td><td style='text-align:right;'>2.7%</td></tr><tr><td style='padding-right:8px;'>Zoe Sullivan</td><td style='text-align:right;padding-right:8px;'>38</td><td style='text-align:right;'>2.4%</td></tr><tr><td style='padding-right:8px;'>Isaia Ben-Ami</td><td style='text-align:right;padding-right:8px;'>42</td><td style='text-align:right;'>2.7%</td></tr><tr><td style='padding-right:8px;'>Juliana Bennett</td><td style='text-align:right;padding-right:8px;'>8</td><td style='text-align:right;'>0.5%</td></tr><tr><td style='padding-right:8px;'>Dina Nina Martinez-Rutherford</td><td style='text-align:right;padding-right:8px;'>45</td><td style='text-align:right;'>2.9%</td></tr><tr><td style='padding-right:8px;'>write-in:</td><td style='text-align:right;padding-right:8px;'>16</td><td style='text-align:right;'>1.0%</td></tr></table></div>" }, "geometry": { "type": "Point", "coordinates": [ -89.340428730931492, 43.100651265017135 ] } },
{ "type": "Feature", "properties": { "ward": "C Madison Wd 041", "candidate": "Juliana Bennett", "votes": 42.0, "color": "#984EA3", "popup": "<div><strong>C Madison Wd 041</strong><div><strong>Representative to the Assembly District 76</strong><table style='border-collapse:collapse;margin-top:4px;'><tr><th></th><th style='text-align:right;padding-right:8px;'>Votes</th><th style='text-align:right;'>Percent</th></tr><tr><td style='padding-right:8px;'>Tony Castaneda</td><td style='text-align:right;padding-right:8px;'>9</td><td style='text-align:right;'>0.5%</td></tr><tr><td style='padding-right:8px;'>Zoe Sullivan</td><td style='text-align:right;padding-right:8px;'>14</td><td style='text-align:right;'>0.8%</td></tr><tr><td style='padding-right:8px;'>Isaia Ben-Ami</td><td style='text-align:right;padding-right:8px;'>4</td><td style='text-align:right;'>0.2%</td></tr><tr><td style='padding-right:8px;'>Juliana Bennett</td><td style='text-align:right;padding-right:8px;'>42</td><td style='text-align:right;'>2.3%</td></tr><tr><td style='padding-right:8px;'>Dina Nina Martinez-Rutherford</td><td style='text-align:right;padding-right:8px;'>5</td><td style='text-align:right;'>0.3%</td></tr><tr><td style='padding-right:8px;'>write-in:</td><td style='text-align:right;padding-right:8px;'>18</td><td style='text-align:right;'>1.0%</td></tr></table></div>" }, "geometry": { "type": "Point", "coordinates": [ -89.369740765282302, 43.089991677910852 ] } },
{ "type": "Feature", "properties": { "ward": "C Madison Wd 018", "candidate": "Tony Castaneda", "votes": 43.0, "color": "#E41A1C", "popup": "<div><strong>C Madison Wd 018</strong><div><strong>Representative to the Assembly District 76</strong><table style='border-collapse:collapse;margin-top:4px;'><tr><th></th><th style='text-align:right;padding-right:8px;'>Votes</th><th style='text-align:right;'>Percent</th></tr><tr><td style='padding-right:8px;'>Tony Castaneda</td><td style='text-align:right;padding-right:8px;'>43</td><td style='text-align:right;'>2.7%</td></tr><tr><td style='padding-right:8px;'>Zoe Sullivan</td><td style='text-align:right;padding-right:8px;'>38</td><td style='text-align:right;'>2.4%</td></tr><tr><td style='padding-right:8px;'>Isaia Ben-Ami</td><td style='text-align:right;padding-right:8px;'>42</td><td style='text-align:right;'>2.7%</td></tr><tr><td style='padding-right:8px;'>Juliana Bennett</td><td style='text-align:right;padding-right:8px;'>8</td><td style='text-align:right;'>0.5%</td></tr><tr><td style='padding-right:8px;'>Dina Nina Martinez-Rutherford</td><td style='text-align:right;padding-right:8px;'>45</td><td style='text-align:right;'>2.9%</td></tr><tr><td style='padding-right:8px;'>write-in:</td><td style='text-align:right;padding-right:8px;'>16</td><td style='text-align:right;'>1.0%</td></tr></table></div>" }, "geometry": { "type": "Point", "coordinates": [ -89.340428730931492, 43.100651265017135 ] } },
{ "type": "Feature", "properties": { "ward": "C Madison Wd 051", "candidate": "write-in:", "votes": 43.0, "color": "#FFFF33", "popup": "<div><strong>C Madison Wd 051</strong><div><strong>Representative to the Assembly District 76</strong><table style='border-collapse:collapse;margin-top:4px;'><tr><th></th><th style='text-align:right;padding-right:8px;'>Votes</th><th style='text-align:right;'>Percent</th></tr><tr><td style='padding-right:8px;'>Tony Castaneda</td><td style='text-align:right;padding-right:8px;'>54</td><td style='text-align:right;'>2.7%</td></tr><tr><td style='padding-right:8px;'>Zoe Sullivan</td><td style='text-align:right;padding-right:8px;'>24</td><td style='text-align:right;'>1.2%</td></tr><tr><td style='padding-right:8px;'>Isaia Ben-Ami</td><td style='text-align:right;padding-right:8px;'>19</td><td style='text-align:right;'>0.9%</td></tr><tr><td style='padding-right:8px;'>Juliana Bennett</td><td style='text-align:right;padding-right:8px;'>18</td><td style='text-align:right;'>0.9%</td></tr><tr><td style='padding-right:8px;'>Dina Nina Martinez-Rutherford</td><td style='text-align:right;padding-right:8px;'>7</td><td style='text-align:right;'>0.3%</td></tr><tr><td style='padding-right:8px;'>write-in:</td><td style='text-align:right;padding-right:8px;'>43</td><td style='text-align:right;'>2.1%</td></tr></table></div>" }, "geometry": { "type": "Point", "coordinates": [ -89.381757352312846, 43.072411749302844 ] } },
{ "type": "Feature", "properties": { "ward": "C Madison Wd 018", "candidate": "Dina Nina Martinez-Rutherford", "votes": 45.0, "color": "#FF7F00", "popup": "<div><strong>C Madison Wd 018</strong><div><strong>Representative to the Assembly District 76</strong><table style='border-collapse:collapse;margin-top:4px;'><tr><th></th><th style='text-align:right;padding-right:8px;'>Votes</th><th style='text-align:right;'>Percent</th></tr><tr><td style='padding-right:8px;'>Tony Castaneda</td><td style='text-align:right;padding-right:8px;'>43</td><td style='text-align:right;'>2.7%</td></tr><tr><td style='padding-right:8px;'>Zoe Sullivan</td><td style='text-align:right;padding-right:8px;'>38</td><td style='text-align:right;'>2.4%</td></tr><tr><td style='padding-right:8px;'>Isaia Ben-Ami</td><td style='text-align:right;padding-right:8px;'>42</td><td style='text-align:right;'>2.7%</td></tr><tr><td style='padding-right:8px;'>Juliana Bennett</td><td style='text-align:right;padding-right:8px;'>8</td><td style='text-align:right;'>0.5%</td></tr><tr><td style='padding-right:8px;'>Dina Nina Martinez-Rutherford</td><td style='text-align:right;padding-right:8px;'>45</td><td style='text-align:right;'>2.9%</td></tr><tr><td style='padding-right:8px;'>write-in:</td><td style='text-align:right;padding-right:8px;'>16</td><td style='text-align:right;'>1.0%</td></tr></table></div>" }, "geometry": { "type": "Point", "coordinates": [ -89.340428730931492, 43.100651265017135 ] } },
{ "type": "Feature", "properties": { "ward": "C Madison Wd 027", "candidate": "Isaia Ben-Ami", "votes": 46.0, "color": "#4DAF4A", "popup": "<div><strong>C Madison Wd 027</strong><div><strong>Representative to the Assembly District 76</strong><table style='border-collapse:collapse;margin-top:4px;'><tr><th></th><th style='text-align:right;padding-right:8px;'>Votes</th><th style='text-align:right;'>Percent</th></tr><tr><td style='padding-right:8px;'>Tony Castaneda</td><td style='text-align:right;padding-right:8px;'>1</td><td style='text-align:right;'>0.1%</td></tr><tr><td style='padding-right:8px;'>Zoe Sullivan</td><td style='text-align:right;padding-right:8px;'>23</td><td style='text-align:right;'>1.3%</td></tr><tr><td style='padding-right:8px;'>Isaia Ben-Ami</td><td style='text-align:right;padding-right:8px;'>46</td><td style='text-align:right;'>2.7%</td></tr><tr><td style='padding-right:8px;'>Juliana Bennett</td><td style='text-align:right;padding-right:8px;'>3</td><td style='text-align:right;'>0.2%</td></tr><tr><td style='padding-right:8px;'>Dina Nina Martinez-Rutherford</td><td style='text-align:right;padding-right:8px;'>2</td><td style='text-align:right;'>0.1%</td></tr><tr><td style='padding-right:8px;'>write-in:</td><td style='text-align:right;padding-right:8px;'>14</td><td style='text-align:right;'>0.8%</td></tr></table></div>" }, "geometry": { "type": "Point", "coordinates": [ -89.32552100535284, 43.110700650884183 ] } },
{ "type": "Feature", "properties": { "ward": "C Madison Wd 040", "candidate": "Dina Nina Martinez-Rutherford", "votes": 46.0, "color": "#FF7F00", "popup": "<div><strong>C Madison Wd 040</strong><div><strong>Representative to the Assembly District 76</strong><table style='border-collapse:collapse;margin-top:4px;'><tr><th></th><th style='text-align:right;padding-right:8px;'>Votes</th><th style='text-align:right;'>Percent</th></tr><tr><td style='padding-right:8px;'>Tony Castaneda</td><td style='text-align:right;padding-right:8px;'>5</td><td style='text-align:right;'>0.3%</td></tr><tr><td style='padding-right:8px;'>Zoe Sullivan</td><td style='text-align:right;padding-right:8px;'>6</td><td style='text-align:right;'>0.3%</td></tr><tr><td style='padding-right:8px;'>Isaia Ben-Ami</td><td style='text-align:right;padding-right:8px;'>20</td><td style='text-align:right;'>1.0%</td></tr><tr><td style='padding-right:8px;'>Juliana Bennett</td><td style='text-align:right;padding-right:8px;'>18</td><td style='text-align:right;'>0.9%</td></tr><tr><td style='padding-right:8px;'>Dina Nina Martinez-Rutherford</td><td style='text-align:right;padding-right:8px;'>46</td><td style='text-align:right;'>2.3%</td></tr><tr><td style='padding-right:8px;'>write-in:</td><td style='text-align:right;padding-right:8px;'>41</td><td style='text-align:right;'>2.1%</td></tr></table></div>" }, "geometry": { "type": "Point", "coordinates": [ -89.355346708128934, 43.090576674103652 ] } },
{ "type": "Feature", "properties": { "ward": "C Madison Wd 128", "candidate": "Zoe Sullivan", "votes": 46.0, "color": "#377EB8", "popup": "<div><strong>C Madison Wd 128</strong><div><strong>Representative to the Assembly District 76</strong><table style='border-collapse:collapse;margin-top:4px;'><tr><th></th><th style='text-align:right;padding-right:8px;'>Votes</th><th style='text-align:right;'>Percent</th></tr><tr><td style='padding-right:8px;'>Tony Castaneda</td><td style='text-align:right;padding-right:8px;'>25</td><td style='text-align:right;'>1.2%</td></tr><tr><td style='padding-right:8px;'>Zoe Sullivan</td><td style='text-align:right;padding-right:8px;'>46</td><td style='text-align:right;'>2.2%</td></tr><tr><td style='padding-right:8px;'>Isaia Ben-Ami</td><td style='text-align:right;padding-right:8px;'>39</td><td style='text-align:right;'>1.9%</td></tr><tr><td style='padding-right:8px;'>Juliana Bennett</td><td style='text-align:right;padding-right:8px;'>48</td><td style='text-align:right;'>2.3%</td></tr><tr><td style='padding-right:8px;'>Dina Nina Martinez-Rutherford</td><td style='text-align:right;padding-right:8px;'>5</td><td style='text-align:right;'>0.2%</td></tr><tr><td style='padding-right:8px;'>write-in:</td><td style='text-align:right;padding-right:8px;'>3</td><td style='text-align:right;'>0.1%</td></tr></table></div>" }, "geometry": { "type": "Point", "coordinates": [ -89.338626970999258, 43.115060996553993 ] } },
{ "type": "Feature", "properties": { "ward": "C Madison Wd 032", "candidate": "Dina Nina Martinez-Rutherford", "votes": 47.0, "color": "#FF7F00", "popup": "<div><strong>C Madison Wd 032</strong><div><strong>Representative to the Assembly District 76</strong><table style='border-collapse:collapse;margin-top:4px;'><tr><th></th><th style='text-align:right;padding-right:8px;'>Votes</th><th style='text-align:right;'>Percent</th></tr><tr><td style='padding-right:8px;'>Tony Castaneda</td><td style='text-align:right;padding-right:8px;'>13</td><td style='text-align:right;'>0.7%</td></tr><tr><td style='padding-right:8px;'>Zoe Sullivan</td><td style='text-align:right;padding-right:8px;'>5</td><td style='text-align:right;'>0.3%</td></tr><tr><td style='padding-right:8px;'>Isaia Ben-Ami</td><td style='text-align:right;padding-right:8px;'>11</td><td style='text-align:right;'>0.6%</td></tr><tr><td style='padding-right:8px;'>Juliana Bennett</td><td style='text-align:right;padding-right:8px;'>33</td><td style='text-align:right;'>1.7%</td></tr><tr><td style='padding-right:8px;'>Dina Nina Martinez-Rutherford</td><td style='text-align:right;padding-right:8px;'>47</td><td style='text-align:right;'>2.4%</td></tr><tr><td style='padding-right:8px;'>write-in:</td><td style='text-align:right;padding-right:8px;'>28</td><td style='text-align:right;'>1.4%</td></tr></table></div>" }, "geometry": { "type": "Point", "coordinates": [ -89.367330802415196, 43.126509539648012 ] } },
{ "type": "Feature", "properties": { "ward": "C Madison Wd 045", "candidate": "Dina Nina Martinez-Rutherford", "votes": 47.0, "color": "#FF7F00", "popup": "<div><strong>C Madison Wd 045</strong><div><strong>Representative to the Assembly District 76</strong><table style='border-collapse:collapse;margin-top:4px;'><tr><th></th><th style='text-align:right;padding-right:8px;'>Votes</th><th style='text-align:right;'>Percent</th></tr><tr><td style='padding-right:8px;'>Tony Castaneda</td><td style='text-align:right;padding-right:8px;'>24</td><td style='text-align:right;'>1.3%</td></tr><tr><td style='padding-right:8px;'>Zoe Sullivan</td><td style='text-align:right;padding-right:8px;'>5</td><td style='text-align:right;'>0.3%</td></tr><tr><td style='padding-right:8px;'>Isaia Ben-Ami</td><td style='text-align:right;padding-right:8px;'>24</td><td style='text-align:right;'>1.3%</td></tr><tr><td style='padding-right:8px;'>Juliana Bennett</td><td style='text-align:right;padding-right:8px;'>14</td><td style='text-align:right;'>0.8%</td></tr><tr><td style='padding-right:8px;'>Dina Nina Martinez-Rutherford</td><td style='text-align:right;padding-right:8px;'>47</td><td style='text-align:right;'>2.6%</td></tr><tr><td style='padding-right:8px;'>write-in:</td><td style='text-align:right;padding-right:8px;'>13</td><td style='text-align:right;'>0.7%</td></tr></table></div>" }, "geometry": { "type": "Point", "coordinates": [ -89.378793625887837, 43.07674351291314 ] } },
{ "type": "Feature", "properties": { "ward": "C Madison Wd 042", "candidate": "write-in:", "votes": 48.0, "color": "#FFFF33", "popup": "<div><strong>C Madison Wd 042</strong><div><strong>Representative to the Assembly District 76</strong><table style='border-collapse:collapse;margin-top:4px;'><tr><th></th><th style='text-align:right;padding-right:8px;'>Votes</th><th style='text-align:right;'>Percent</th></tr><tr><td style='padding-right:8px;'>Tony Castaneda</td><td style='text-align:right;padding-right:8px;'>6</td><td style='text-align:right;'>0.3%</td></tr><tr><td style='padding-right:8px;'>Zoe Sullivan</td><td style='text-align:right;padding-right:8px;'>10</td><td style='text-align:right;'>0.6%</td></tr><tr><td style='padding-right:8px;'>Isaia Ben-Ami</td><td style='text-align:right;padding-right:8px;'>38</td><td style='text-align:right;'>2.2%</td></tr><tr><td style='padding-right:8px;'>Juliana Bennett</td><td style='text-align:right;padding-right:8px;'>26</td><td style='text-align:right;'>1.5%</td></tr><tr><td style='padding-right:8px;'>Dina Nina Martinez-Rutherford</td><td style='text-align:right;padding-right:8px;'>19</td><td style='text-align:right;'>1.1%</td></tr><tr><td style='padding-right:8px;'>write-in:</td><td style='text-align:right;padding-right:8px;'>48</td><td style='text-align:right;'>2.8%</td></tr></table></div>" }, "geometry": { "type": "Point", "coordinates": [ -89.361715344045933, 43.08520750584168 ] } },
{ "type": "Feature", "properties": { "ward": "C Madison Wd 128", "candidate": "Juliana Bennett", "votes": 48.0, "color": "#984EA3", "popup": "<div><strong>C Madison Wd 128</strong><div><strong>Representative to the Assembly District 76</strong><table style='border-collapse:collapse;margin-top:4px;'><tr><th></th><th style='text-align:right;padding-right:8px;'>Votes</th><th style='text-align:right;'>Percent</th></tr><tr><td style='padding-right:8px;'>Tony Castaneda</td><td style='text-align:right;padding-right:8px;'>25</td><td style='text-align:right;'>1.2%</td></tr><tr><td style='padding-right:8px;'>Zoe Sullivan</td><td style='text-align:right;padding-right:8px;'>46</td><td style='text-align:right;'>2.2%</td></tr><tr><td style='padding-right:8px;'>Isaia Ben-Ami</td><td style='text-align:right;padding-right:8px;'>39</td><td style='text-align:right;'>1.9%</td></tr><tr><td style='padding-right:8px;'>Juliana Bennett</td><td style='text-align:right;padding-right:8px;'>48</td><td style='text-align:right;'>2.3%</td></tr><tr><td style='padding-right:8px;'>Dina Nina Martinez-Rutherford</td><td style='text-align:right;padding-right:8px;'>5</td><td style='text-align:right;'>0.2%</td></tr><tr><td style='padding-right:8px;'>write-in:</td><td style='text-align:right;padding-right:8px;'>3</td><td style='text-align:right;'>0.1%</td></tr></table></div>" }, "geometry": { "type": "Point", "coordinates": [ -89.338626970999258, 43.115060996553993 ] } },
{ "type": "Feature", "properties": { "ward": "C Madison Wd 031", "candidate": "Tony Castaneda", "votes": 49.0, "color": "#E41A1C", "popup": "<div><strong>C Madison Wd 031</strong><div><strong>Representative to the Assembly District 76</strong><table style='border-collapse:collapse;margin-top:4px;'><tr><th></th><th style='text-align:right;padding-right:8px;'>Votes</th><th style='text-align:right;'>Percent</th></tr><tr><td style='padding-right:8px;'>Tony Castaneda</td><td style='text-align:right;padding-right:8px;'>49</td><td style='text-align:right;'>2.3%</td></tr><tr><td style='padding-right:8px;'>Zoe Sullivan</td><td style='text-align:right;padding-right:8px;'>83</td><td style='text-align:right;'>3.9%</td></tr><tr><td style='padding-right:8px;'>Isaia Ben-Ami</td><td style='text-align:right;padding-right:8px;'>20</td><td style='text-align:right;'>0.9%</td></tr><tr><td style='padding-right:8px;'>Juliana Bennett</td><td style='text-align:right;padding-right:8px;'>18</td><td style='text-align:right;'>0.8%</td></tr><tr><td style='padding-right:8px;'>Dina Nina Martinez-Rutherford</td><td style='text-align:right;padding-right:8px;'>16</td><td style='text-align:right;'>0.8%</td></tr><tr><td style='padding-right:8px;'>write-in:</td><td style='text-align:right;padding-right:8px;'>75</td><td style='text-align:right;'>3.5%</td></tr></table></div>" }, "geometry": { "type": "Point", "coordinates": [ -89.359092205438571, 43.110910094916278 ] } },
{ "type": "Feature", "properties": { "ward": "C Madison Wd 043", "candidate": "Tony Castaneda", "votes": 49.0, "color": "#E41A1C", "popup": "<div><strong>C Madison Wd 043</strong><div><strong>Representative to the Assembly District 76</strong><table style='border-collapse:collapse;margin-top:4px;'><tr><th></th><th style='text-align:right;padding-right:8px;'>Votes</th><th style='text-align:right;'>Percent</th></tr><tr><td style='padding-right:8px;'>Tony Castaneda</td><td style='text-align:right;padding-right:8px;'>49</td><td style='text-align:right;'>2.5%</td></tr><tr><td style='padding-right:8px;'>Zoe Sullivan</td><td style='text-align:right;padding-right:8px;'>21</td><td style='text-align:right;'>1.1%</td></tr><tr><td style='padding-right:8px;'>Isaia Ben-Ami</td><td style='text-align:right;padding-right:8px;'>4</td><td style='text-align:right;'>0.2%</td></tr><tr><td style='padding-right:8px;'>Juliana Bennett</td><td style='text-align:right;padding-right:8px;'>28</td><td style='text-align:right;'>1.4%</td></tr><tr><td style='padding-right:8px;'>Dina Nina Martinez-Rutherford</td><td style='text-align:right;padding-right:8px;'>6</td><td style='text-align:right;'>0.3%</td></tr><tr><td style='padding-right:8px;'>write-in:</td><td style='text-align:right;padding-right:8px;'>41</td><td style='text-align:right;'>2.1%</td></tr></table></div>" }, "geometry": { "type": "Point", "coordinates": [ -89.377789233912992, 43.082684989481145 ] } },
{ "type": "Feature", "properties": { "ward": "C Madison Wd 038", "candidate": "Juliana Bennett", "votes": 51.0, "color": "#984EA3", "popup": "<div><strong>C Madison Wd 038</strong><div><strong>Representative to the Assembly District 76</strong><table style='border-collapse:collapse;margin-top:4px;'><tr><th></th><th style='text-align:right;padding-right:8px;'>Votes</th><th style='text-align:right;'>Percent</th></tr><tr><td style='padding-right:8px;'>Tony Castaneda</td><td style='text-align:right;padding-right:8px;'>82</td><td style='text-align:right;'>3.7%</td></tr><tr><td style='padding-right:8px;'>Zoe Sullivan</td><td style='text-align:right;padding-right:8px;'>11</td><td style='text-align:right;'>0.5%</td></tr><tr><td style='padding-right:8px;'>Isaia Ben-Ami</td><td style='text-align:right;padding-right:8px;'>10</td><td style='text-align:right;'>0.4%</td></tr><tr><td style='padding-right:8px;'>Juliana Bennett</td><td style='text-align:right;padding-right:8px;'>51</td><td style='text-align:right;'>2.3%</td></tr><tr><td style='padding-right:8px;'>Dina Nina Martinez-Rutherford</td><td style='text-align:right;padding-right:8px;'>12</td><td style='text-align:right;'>0.5%</td></tr><tr><td style='padding-right:8px;'>write-in:</td><td style='text-align:right;padding-right:8px;'>1</td><td style='text-align:right;'>0.0%</td></tr></table></div>" }, "geometry": { "type": "Point", "coordinates": [ -89.381888030346786, 43.137382486694058 ] } },
{ "type": "Feature", "properties": { "ward": "C Madison Wd 033", "candidate": "Zoe Sullivan", "votes": 54.0, "color": "#377EB8", "popup": "<div><strong>C Madison Wd 033</strong><div><strong>Representative to the Assembly District 76</strong><table style='border-collapse:collapse;margin-top:4px;'><tr><th></th><th style='text-align:right;padding-right:8px;'>Votes</th><th style='text-align:right;'>Percent</th></tr><tr><td style='padding-right:8px;'>Tony Castaneda</td><td style='text-align:right;padding-right:8px;'>26</td><td style='text-align:right;'>1.3%</td></tr><tr><td style='padding-right:8px;'>Zoe Sullivan</td><td style='text-align:right;padding-right:8px;'>54</td><td style='text-align:right;'>2.7%</td></tr><tr><td style='padding-right:8px;'>Isaia Ben-Ami</td><td style='text-align:right;padding-right:8px;'>36</td><td style='text-align:right;'>1.8%</td></tr><tr><td style='padding-right:8px;'>Juliana Bennett</td><td style='text-align:right;padding-right:8px;'>75</td><td style='text-align:right;'>3.8%</td></tr><tr><td style='padding-right:8px;'>Dina Nina Martinez-Rutherford</td><td style='text-align:right;padding-right:8px;'>31</td><td style='text-align:right;'>1.6%</td></tr><tr><td style='padding-right:8px;'>write-in:</td><td style='text-align:right;padding-right:8px;'>20</td><td style='text-align:right;'>1.0%</td></tr></table></div>" }, "geometry": { "type": "Point", "coordinates": [ -89.355843152285829, 43.132413785499345 ] } },
{ "type": "Feature", "properties": { "ward": "C Madison Wd 051", "candidate": "Tony Castaneda", "votes": 54.0, "color": "#E41A1C", "popup": "<div><strong>C Madison Wd 051</strong><div><strong>Representative to the Assembly District 76</strong><table style='border-collapse:collapse;margin-top:4px;'><tr><th></th><th style='text-align:right;padding-right:8px;'>Votes</th><th style='text-align:right;'>Percent</th></tr><tr><td style='padding-right:8px;'>Tony Castaneda</td><td style='text-align:right;padding-right:8px;'>54</td><td style='text-align:right;'>2.7%</td></tr><tr><td style='padding-right:8px;'>Zoe Sullivan</td><td style='text-align:right;padding-right:8px;'>24</td><td style='text-align:right;'>1.2%</td></tr><tr><td style='padding-right:8px;'>Isaia Ben-Ami</td><td style='text-align:right;padding-right:8px;'>19</td><td style='text-align:right;'>0.9%</td></tr><tr><td style='padding-right:8px;'>Juliana Bennett</td><td style='text-align:right;padding-right:8px;'>18</td><td style='text-align:right;'>0.9%</td></tr><tr><td style='padding-right:8px;'>Dina Nina Martinez-Rutherford</td><td style='text-align:right;padding-right:8px;'>7</td><td style='text-align:right;'>0.3%</td></tr><tr><td style='padding-right:8px;'>write-in:</td><td style='text-align:right;padding-right:8px;'>43</td><td style='text-align:right;'>2.1%</td></tr></table></div>" }, "geometry": { "type": "Point", "coordinates": [ -89.381757352312846, 43.072411749302844 ] } },
{ "type": "Feature", "properties": { "ward": "C Madison Wd 030", "candidate": "write-in:", "votes": 61.0, "color": "#FFFF33", "popup": "<div><strong>C Madison Wd 030</strong><div><strong>Representative to the Assembly District 76</strong><table style='border-collapse:collapse;margin-top:4px;'><tr><th></th><th style='text-align:right;padding-right:8px;'>Votes</th><th style='text-align:right;'>Percent</th></tr><tr><td style='padding-right:8px;'>Tony Castaneda</td><td style='text-align:right;padding-right:8px;'>22</td><td style='text-align:right;'>1.1%</td></tr><tr><td style='padding-right:8px;'>Zoe Sullivan</td><td style='text-align:right;padding-right:8px;'>62</td><td style='text-align:right;'>3.1%</td></tr><tr><td style='padding-right:8px;'>Isaia Ben-Ami</td><td style='text-align:right;padding-right:8px;'>76</td><td style='text-align:right;'>3.8%</td></tr><tr><td style='padding-right:8px;'>Juliana Bennett</td><td style='text-align:right;padding-right:8px;'>17</td><td style='text-align:right;'>0.9%</td></tr><tr><td style='padding-right:8px;'>Dina Nina Martinez-Rutherford</td><td style='text-align:right;padding-right:8px;'>24</td><td style='text-align:right;'>1.2%</td></tr><tr><td style='padding-right:8px;'>write-in:</td><td style='text-align:right;padding-right:8px;'>61</td><td style='text-align:right;'>3.1%</td></tr></table></div>" }, "geometry": { "type": "Point", "coordinates": [ -89.365680548198327, 43.095414275283005 ] } },
{ "type": "Feature", "properties": { "ward": "C Madison Wd 030", "candidate": "Zoe Sullivan", "votes": 62.0, "color": "#377EB8", "popup": "<div><strong>C Madison Wd 030</strong><div><strong>Representative to the Assembly District 76</strong><table style='border-collapse:collapse;margin-top:4px;'><tr><th></th><th style='text-align:right;padding-right:8px;'>Votes</th><th style='text-align:right;'>Percent</th></tr><tr><td style='padding-right:8px;'>Tony Castaneda</td><td style='text-align:right;padding-right:8px;'>22</td><td style='text-align:right;'>1.1%</td></tr><tr><td style='padding-right:8px;'>Zoe Sullivan</td><td style='text-align:right;padding-right:8px;'>62</td><td style='text-align:right;'>3.1%</td></tr><tr><td style='padding-right:8px;'>Isaia Ben-Ami</td><td style='text-align:right;padding-right:8px;'>76</td><td style='text-align:right;'>3.8%</td></tr><tr><td style='padding-right:8px;'>Juliana Bennett</td><td style='text-align:right;padding-right:8px;'>17</td><td style='text-align:right;'>0.9%</td></tr><tr><td style='padding-right:8px;'>Dina Nina Martinez-Rutherford</td><td style='text-align:right;padding-right:8px;'>24</td><td style='text-align:right;'>1.2%</td></tr><tr><td style='padding-right:8px;'>write-in:</td><td style='text-align:right;padding-right:8px;'>61</td><td style='text-align:right;'>3.1%</td></tr></table></div>" }, "geometry": { "type": "Point", "coordinates": [ -89.365680548198327, 43.095414275283005 ] } },
{ "type": "Feature", "properties": { "ward": "C Madison Wd 046", "candidate": "write-in:", "votes": 65.0, "color": "#FFFF33", "popup": "<div><strong>C Madison Wd 046</strong><div><strong>Representative to the Assembly District 76</strong><table style='border-collapse:collapse;margin-top:4px;'><tr><th></th><th style='text-align:right;padding-right:8px;'>Votes</th><th style='text-align:right;'>Percent</th></tr><tr><td style='padding-right:8px;'>Tony Castaneda</td><td style='text-align:right;padding-right:8px;'>17</td><td style='text-align:right;'>0.9%</td></tr><tr><td style='padding-right:8px;'>Zoe Sullivan</td><td style='text-align:right;padding-right:8px;'>4</td><td style='text-align:right;'>0.2%</td></tr><tr><td style='padding-right:8px;'>Isaia Ben-Ami</td><td style='text-align:right;padding-right:8px;'>3</td><td style='text-align:right;'>0.2%</td></tr><tr><td style='padding-right:8px;'>Juliana Bennett</td><td style='text-align:right;padding-right:8px;'>4</td><td style='text-align:right;'>0.2%</td></tr><tr><td style='padding-right:8px;'>Dina Nina Martinez-Rutherford</td><td style='text-align:right;padding-right:8px;'>2</td><td style='text-align:right;'>0.1%</td></tr><tr><td style='padding-right:8px;'>write-in:</td><td style='text-align:right;padding-right:8px;'>65</td><td style='text-align:right;'>3.6%</td></tr></table></div>" }, "geometry": { "type": "Point", "coordinates": [ -89.383411167510673, 43.079377558999894 ] } },
{ "type": "Feature", "properties": { "ward": "C Madison Wd 019", "candidate": "Tony Castaneda", "votes": 69.0, "color": "#E41A1C", "popup": "<div><strong>C Madison Wd 019</strong><div><strong>Representative to the Assembly District 76</strong><table style='border-collapse:collapse;margin-top:4px;'><tr><th></th><th style='text-align:right;padding-right:8px;'>Votes</th><th style='text-align:right;'>Percent</th></tr><tr><td style='padding-right:8px;'>Tony Castaneda</td><td style='text-align:right;padding-right:8px;'>69</td><td style='text-align:right;'>2.9%</td></tr><tr><td style='padding-right:8px;'>Zoe Sullivan</td><td style='text-align:right;padding-right:8px;'>3</td><td style='text-align:right;'>0.1%</td></tr><tr><td style='padding-right:8px;'>Isaia Ben-Ami</td><td style='text-align:right;padding-right:8px;'>4</td><td style='text-align:right;'>0.2%</td></tr><tr><td style='padding-right:8px;'>Juliana Bennett</td><td style='text-align:right;padding-right:8px;'>14</td><td style='text-align:right;'>0.6%</td></tr><tr><td style='padding-right:8px;'>Dina Nina Martinez-Rutherford</td><td style='text-align:right;padding-right:8px;'>25</td><td style='text-align:right;'>1.1%</td></tr><tr><td style='padding-right:8px;'>write-in:</td><td style='text-align:right;padding-right:8px;'>28</td><td style='text-align:right;'>1.2%</td></tr></table></div>" }, "geometry": { "type": "Point", "coordinates": [ -89.345166103523681, 43.093823902518743 ] } },
{ "type": "Feature", "properties": { "ward": "T Blooming Grove Wds 1-2", "candidate": "Dina Nina Martinez-Rutherford", "votes": 72.0, "color": "#FF7F00", "popup": "<div><strong>T Blooming Grove Wds 1-2</strong><div><strong>Representative to the Assembly District 76</strong><table style='border-collapse:collapse;margin-top:4px;'><tr><th></th><th style='text-align:right;padding-right:8px;'>Votes</th><th style='text-align:right;'>Percent</th></tr><tr><td style='padding-right:8px;'>Tony Castaneda</td><td style='text-align:right;padding-right:8px;'>8</td><td style='text-align:right;'>0.4%</td></tr><tr><td style='padding-right:8px;'>Zoe Sullivan</td><td style='text-align:right;padding-right:8px;'>37</td><td style='text-align:right;'>1.7%</td></tr><tr><td style='padding-right:8px;'>Isaia Ben-Ami</td><td style='text-align:right;padding-right:8px;'>4</td><td style='text-align:right;'>0.2%</td></tr><tr><td style='padding-right:8px;'>Juliana Bennett</td><td style='text-align:right;padding-right:8px;'>23</td><td style='text-align:right;'>1.1%</td></tr><tr><td style='padding-right:8px;'>Dina Nina Martinez-Rutherford</td><td style='text-align:right;padding-right:8px;'>72</td><td style='text-align:right;'>3.4%</td></tr><tr><td style='padding-right:8px;'>write-in:</td><td style='text-align:right;padding-right:8px;'>6</td><td style='text-align:right;'>0.3%</td></tr></table></div>" }, "geometry": { "type": "Point", "coordinates": [ -89.332706448800508, 43.104600383503232 ] } },
{ "type": "Feature", "properties": { "ward": "C Madison Wd 029", "candidate": "Juliana Bennett", "votes": 73.0, "color": "#984EA3", "popup": "<div><strong>C Madison Wd 029</strong><div><strong>Representative to the Assembly District 76</strong><table style='border-collapse:collapse;margin-top:4px;'><tr><th></th><th style='text-align:right;padding-right:8px;'>Votes</th><th style='text-align:right;'>Percent</th></tr><tr><td style='padding-right:8px;'>Tony Castaneda</td><td style='text-align:right;padding-right:8px;'>3</td><td style='text-align:right;'>0.1%</td></tr><tr><td style='padding-right:8px;'>Zoe Sullivan</td><td style='text-align:right;padding-right:8px;'>17</td><td style='text-align:right;'>0.8%</td></tr><tr><td style='padding-right:8px;'>Isaia Ben-Ami</td><td style='text-align:right;padding-right:8px;'>9</td><td style='text-align:right;'>0.4%</td></tr><tr><td style='padding-right:8px;'>Juliana Bennett</td><td style='text-align:right;padding-right:8px;'>73</td><td style='text-align:right;'>3.4%</td></tr><tr><td style='padding-right:8px;'>Dina Nina Martinez-Rutherford</td><td style='text-align:right;padding-right:8px;'>4</td><td style='text-align:right;'>0.2%</td></tr><tr><td style='padding-right:8px;'>write-in:</td><td style='text-align:right;padding-right:8px;'>16</td><td style='text-align:right;'>0.7%</td></tr></table></div>" }, "geometry": { "type": "Point", "coordinates": [ -89.355179809182204, 43.101038754296411 ] } },
{ "type": "Feature", "properties": { "ward": "C Madison Wd 031", "candidate": "write-in:", "votes": 75.0, "color": "#FFFF33", "popup": "<div><strong>C Madison Wd 031</strong><div><strong>Representative to the Assembly District 76</strong><table style='border-collapse:collapse;margin-top:4px;'><tr><th></th><th style='text-align:right;padding-right:8px;'>Votes</th><th style='text-align:right;'>Percent</th></tr><tr><td style='padding-right:8px;'>Tony Castaneda</td><td style='text-align:right;padding-right:8px;'>49</td><td style='text-align:right;'>2.3%</td></tr><tr><td style='padding-right:8px;'>Zoe Sullivan</td><td style='text-align:right;padding-right:8px;'>83</td><td style='text-align:right;'>3.9%</td></tr><tr><td style='padding-right:8px;'>Isaia Ben-Ami</td><td style='text-align:right;padding-right:8px;'>20</td><td style='text-align:right;'>0.9%</td></tr><tr><td style='padding-right:8px;'>Juliana Bennett</td><td style='text-align:right;padding-right:8px;'>18</td><td style='text-align:right;'>0.8%</td></tr><tr><td style='padding-right:8px;'>Dina Nina Martinez-Rutherford</td><td style='text-align:right;padding-right:8px;'>16</td><td style='text-align:right;'>0.8%</td></tr><tr><td style='padding-right:8px;'>write-in:</td><td style='text-align:right;padding-right:8px;'>75</td><td style='text-align:right;'>3.5%</td></tr></table></div>" }, "geometry": { "type": "Point", "coordinates": [ -89.359092205438571, 43.110910094916278 ] } },
{ "type": "Feature", "properties": { "ward": "C Madison Wd 033", "candidate": "Juliana Bennett", "votes": 75.0, "color": "#984EA3", "popup": "<div><strong>C Madison Wd 033</strong><div><strong>Representative to the Assembly District 76</strong><table style='border-collapse:collapse;margin-top:4px;'><tr><th></th><th style='text-align:right;padding-right:8px;'>Votes</th><th style='text-align:right;'>Percent</th></tr><tr><td style='padding-right:8px;'>Tony Castaneda</td><td style='text-align:right;padding-right:8px;'>26</td><td style='text-align:right;'>1.3%</td></tr><tr><td style='padding-right:8px;'>Zoe Sullivan</td><td style='text-align:right;padding-right:8px;'>54</td><td style='text-align:right;'>2.7%</td></tr><tr><td style='padding-right:8px;'>Isaia Ben-Ami</td><td style='text-align:right;padding-right:8px;'>36</td><td style='text-align:right;'>1.8%</td></tr><tr><td style='padding-right:8px;'>Juliana Bennett</td><td style='text-align:right;padding-right:8px;'>75</td><td style='text-align:right;'>3.8%</td></tr><tr><td style='padding-right:8px;'>Dina Nina Martinez-Rutherford</td><td style='text-align:right;padding-right:8px;'>31</td><td style='text-align:right;'>1.6%</td></tr><tr><td style='padding-right:8px;'>write-in:</td><td style='text-align:right;padding-right:8px;'>20</td><td style='text-align:right;'>1.0%</td></tr></table></div>" }, "geometry": { "type": "Point", "coordinates": [ -89.355843152285829, 43.132413785499345 ] } },
{ "type": "Feature", "properties": { "ward": "C Madison Wd 030", "candidate": "Isaia Ben-Ami", "votes": 76.0, "color": "#4DAF4A", "popup": "<div><strong>C Madison Wd 030</strong><div><strong>Representative to the Assembly District 76</strong><table style='border-collapse:collapse;margin-top:4px;'><tr><th></th><th style='text-align:right;padding-right:8px;'>Votes</th><th style='text-align:right;'>Percent</th></tr><tr><td style='padding-right:8px;'>Tony Castaneda</td><td style='text-align:right;padding-right:8px;'>22</td><td style='text-align:right;'>1.1%</td></tr><tr><td style='padding-right:8px;'>Zoe Sullivan</td><td style='text-align:right;padding-right:8px;'>62</td><td style='text-align:right;'>3.1%</td></tr><tr><td style='padding-right:8px;'>Isaia Ben-Ami</td><td style='text-align:right;padding-right:8px;'>76</td><td style='text-align:right;'>3.8%</td></tr><tr><td style='padding-right:8px;'>Juliana Bennett</td><td style='text-align:right;padding-right:8px;'>17</td><td style='text-align:right;'>0.9%</td></tr><tr><td style='padding-right:8px;'>Dina Nina Martinez-Rutherford</td><td style='text-align:right;padding-right:8px;'>24</td><td style='text-align:right;'>1.2%</td></tr><tr><td style='padding-right:8px;'>write-in:</td><td style='text-align:right;padding-right:8px;'>61</td><td style='text-align:right;'>3.1%</td></tr></table></div>" }, "geometry": { "type": "Point", "coordinates": [ -89.365680548198327, 43.095414275283005 ] } },
{ "type": "Feature", "properties": { "ward": "C Madison Wd 052", "candidate": "Juliana Bennett", "votes": 79.0, "color": "#984EA3", "popup": "<div><strong>C Madison Wd 052</strong><div><strong>Representative to the Assembly District 76</strong><table style='border-collapse:collapse;margin-top:4px;'><tr><th></th><th style='text-align:right;padding-right:8px;'>Votes</th><th style='text-align:right;'>Percent</th></tr><tr><td style='padding-right:8px;'>Tony Castaneda</td><td style='text-align:right;padding-right:8px;'>4</td><td style='text-align:right;'>0.2%</td></tr><tr><td style='padding-right:8px;'>Zoe Sullivan</td><td style='text-align:right;padding-right:8px;'>25</td><td style='text-align:right;'>1.3%</td></tr><tr><td style='padding-right:8px;'>Isaia Ben-Ami</td><td style='text-align:right;padding-right:8px;'>5</td><td style='text-align:right;'>0.3%</td></tr><tr><td style='padding-right:8px;'>Juliana Bennett</td><td style='text-align:right;padding-right:8px;'>79</td><td style='text-align:right;'>4.0%</td></tr><tr><td style='padding-right:8px;'>Dina Nina Martinez-Rutherford</td><td style='text-align:right;padding-right:8px;'>8</td><td style='text-align:right;'>0.4%</td></tr><tr><td style='padding-right:8px;'>write-in:</td><td style='text-align:right;padding-right:8px;'>3</td><td style='text-align:right;'>0.2%</td></tr></table></div>" }, "geometry": { "type": "Point", "coordinates": [ -89.387546722165837, 43.074757337276452 ] } },
{ "type": "Feature", "properties": { "ward": "C Madison Wd 038", "candidate": "Tony Castaneda", "votes": 82.0, "color": "#E41A1C", "popup": "<div><strong>C Madison Wd 038</strong><div><strong>Representative to the Assembly District 76</strong><table style='border-collapse:collapse;margin-top:4px;'><tr><th></th><th style='text-align:right;padding-right:8px;'>Votes</th><th style='text-align:right;'>Percent</th></tr><tr><td style='padding-right:8px;'>Tony Castaneda</td><td style='text-align:right;padding-right:8px;'>82</td><td style='text-align:right;'>3.7%</td></tr><tr><td style='padding-right:8px;'>Zoe Sullivan</td><td style='text-align:right;padding-right:8px;'>11</td><td style='text-align:right;'>0.5%</td></tr><tr><td style='padding-right:8px;'>Isaia Ben-Ami</td><td style='text-align:right;padding-right:8px;'>10</td><td style='text-align:right;'>0.4%</td></tr><tr><td style='padding-right:8px;'>Juliana Bennett</td><td style='text-align:right;padding-right:8px;'>51</td><td style='text-align:right;'>2.3%</td></tr><tr><td style='padding-right:8px;'>Dina Nina Martinez-Rutherford</td><td style='text-align:right;padding-right:8px;'>12</td><td style='text-align:right;'>0.5%</td></tr><tr><td style='padding-right:8px;'>write-in:</td><td style='text-align:right;padding-right:8px;'>1</td><td style='text-align:right;'>0.0%</td></tr></table></div>" }, "geometry": { "type": "Point", "coordinates": [ -89.381888030346786, 43.137382486694058 ] } },
{ "type": "Feature", "properties": { "ward": "C Madison Wd 031", "candidate": "Zoe Sullivan", "votes": 83.0, "color": "#377EB8", "popup": "<div><strong>C Madison Wd 031</strong><div><strong>Representative to the Assembly District 76</strong><table style='border-collapse:collapse;margin-top:4px;'><tr><th></th><th style='text-align:right;padding-right:8px;'>Votes</th><th style='text-align:right;'>Percent</th></tr><tr><td style='padding-right:8px;'>Tony Castaneda</td><td style='text-align:right;padding-right:8px;'>49</td><td style='text-align:right;'>2.3%</td></tr><tr><td style='padding-right:8px;'>Zoe Sullivan</td><td style='text-align:right;padding-right:8px;'>83</td><td style='text-align:right;'>3.9%</td></tr><tr><td style='padding-right:8px;'>Isaia Ben-Ami</td><td style='text-align:right;padding-right:8px;'>20</td><td style='text-align:right;'>0.9%</td></tr><tr><td style='padding-right:8px;'>Juliana Bennett</td><td style='text-align:right;padding-right:8px;'>18</td><td style='text-align:right;'>0.8%</td></tr><tr><td style='padding-right:8px;'>Dina Nina Martinez-Rutherford</td><td style='text-align:right;padding-right:8px;'>16</td><td style='text-align:right;'>0.8%</td></tr><tr><td style='padding-right:8px;'>write-in:</td><td style='text-align:right;padding-right:8px;'>75</td><td style='text-align:right;'>3.5%</td></tr></table></div>" }, "geometry": { "type": "Point", "coordinates": [ -89.359092205438571, 43.110910094916278 ] } },
{ "type": "Feature", "properties": { "ward": "C Madison Wd 016", "candidate": "Isaia Ben-Ami", "votes": 87.0, "color": "#4DAF4A", "popup": "<div><strong>C Madison Wd 016</strong><div><strong>Representative to the Assembly District 76</strong><table style='border-collapse:collapse;margin-top:4px;'><tr><th></th><th style='text-align:right;padding-right:8px;'>Votes</th><th style='text-align:right;'>Percent</th></tr><tr><td style='padding-right:8px;'>Tony Castaneda</td><td style='text-align:right;padding-right:8px;'>11</td><td style='text-align:right;'>0.6%</td></tr><tr><td style='padding-right:8px;'>Zoe Sullivan</td><td style='text-align:right;padding-right:8px;'>16</td><td style='text-align:right;'>0.9%</td></tr><tr><td style='padding-right:8px;'>Isaia Ben-Ami</td><td style='text-align:right;padding-right:8px;'>87</td><td style='text-align:right;'>4.6%</td></tr><tr><td style='padding-right:8px;'>Juliana Bennett</td><td style='text-align:right;padding-right:8px;'>3</td><td style='text-align:right;'>0.2%</td></tr><tr><td style='padding-right:8px;'>Dina Nina Martinez-Rutherford</td><td style='text-align:right;padding-right:8px;'>18</td><td style='text-align:right;'>1.0%</td></tr><tr><td style='padding-right:8px;'>write-in:</td><td style='text-align:right;padding-right:8px;'>16</td><td style='text-align:right;'>0.9%</td></tr></table></div>" }, "geometry": { "type": "Point", "coordinates": [ -89.322617953538426, 43.086088726648001 ] } },
{ "type": "Feature", "properties": { "ward": "C Madison Wd 028", "candidate": "Tony Castaneda", "votes": 87.0, "color": "#E41A1C", "popup": "<div><strong>C Madison Wd 028</strong><div><strong>Representative to the Assembly District 76</strong><table style='border-collapse:collapse;margin-top:4px;'><tr><th></th><th style='text-align:right;padding-right:8px;'>Votes</th><th style='text-align:right;'>Percent</th></tr><tr><td style='padding-right:8px;'>Tony Castaneda</td><td style='text-align:right;padding-right:8px;'>87</td><td style='text-align:right;'>4.0%</td></tr><tr><td style='padding-right:8px;'>Zoe Sullivan</td><td style='text-align:right;padding-right:8px;'>18</td><td style='text-align:right;'>0.8%</td></tr><tr><td style='padding-right:8px;'>Isaia Ben-Ami</td><td style='text-align:right;padding-right:8px;'>1</td><td style='text-align:right;'>0.0%</td></tr><tr><td style='padding-right:8px;'>Juliana Bennett</td><td style='text-align:right;padding-right:8px;'>29</td><td style='text-align:right;'>1.3%</td></tr><tr><td style='padding-right:8px;'>Dina Nina Martinez-Rutherford</td><td style='text-align:right;padding-right:8px;'>37</td><td style='text-align:right;'>1.7%</td></tr><tr><td style='padding-right:8px;'>write-in:</td><td style='text-align:right;padding-right:8px;'>10</td><td style='text-align:right;'>0.5%</td></tr></table></div>" }, "geometry": { "type": "Point", "coordinates": [ -89.345945317960883, 43.106864218464551 ] } },
{ "type": "Feature", "properties": { "ward": "C Madison Wd 055", "candidate": "Dina Nina Martinez-Rutherford", "votes": 87.0, "color": "#FF7F00", "popup": "<div><strong>C Madison Wd 055</strong><div><strong>Representative to the Assembly District 76</strong><table style='border-collapse:collapse;margin-top:4px;'><tr><th></th><th style='text-align:right;padding-right:8px;'>Votes</th><th style='text-align:right;'>Percent</th></tr><tr><td style='padding-right:8px;'>Tony Castaneda</td><td style='text-align:right;padding-right:8px;'>13</td><td style='text-align:right;'>0.6%</td></tr><tr><td style='padding-right:8px;'>Zoe Sullivan</td><td style='text-align:right;padding-right:8px;'>38</td><td style='text-align:right;'>1.8%</td></tr><tr><td style='padding-right:8px;'>Isaia Ben-Ami</td><td style='text-align:right;padding-right:8px;'>38</td><td style='text-align:right;'>1.8%</td></tr><tr><td style='padding-right:8px;'>Juliana Bennett</td><td style='text-align:right;padding-right:8px;'>18</td><td style='text-align:right;'>0.9%</td></tr><tr><td style='padding-right:8px;'>Dina Nina Martinez-Rutherford</td><td style='text-align:right;padding-right:8px;'>87</td><td style='text-align:right;'>4.1%</td></tr><tr><td style='padding-right:8px;'>write-in:</td><td style='text-align:right;padding-right:8px;'>1</td><td style='text-align:right;'>0.0%</td></tr></table></div>" }, "geometry": { "type": "Point", "coordinates": [ -89.390564622049155, 43.066964385949177 ] } },
{ "type": "Feature", "properties": { "ward": "C Madison Wd 044", "candidate": "write-in:", "votes": 100.0, "color": "#FFFF33", "popup": "<div><strong>C Madison Wd 044</strong><div><strong>Representative to the Assembly District 76</strong><table style='border-collapse:collapse;margin-top:4px;'><tr><th></th><th style='text-align:right;padding-right:8px;'>Votes</th><th style='text-align:right;'>Percent</th></tr><tr><td style='padding-right:8px;'>Tony Castaneda</td><td style='text-align:right;padding-right:8px;'>8</td><td style='text-align:right;'>0.4%</td></tr><tr><td style='padding-right:8px;'>Zoe Sullivan</td><td style='text-align:right;padding-right:8px;'>23</td><td style='text-align:right;'>1.1%</td></tr><tr><td style='padding-right:8px;'>Isaia Ben-Ami</td><td style='text-align:right;padding-right:8px;'>2</td><td style='text-align:right;'>0.1%</td></tr><tr><td style='padding-right:8px;'>Juliana Bennett</td><td style='text-align:right;padding-right:8px;'>22</td><td style='text-align:right;'>1.1%</td></tr><tr><td style='padding-right:8px;'>Dina Nina Martinez-Rutherford</td><td style='text-align:right;padding-right:8px;'>17</td><td style='text-align:right;'>0.8%</td></tr><tr><td style='padding-right:8px;'>write-in:</td><td style='text-align:right;padding-right:8px;'>100</td><td style='text-align:right;'>4.9%</td></tr></table></div>" }, "geometry": { "type": "Point", "coordinates": [ -89.369982173946937, 43.080492127896385 ] } },
{ "type": "Feature", "properties": { "ward": "C Madison Wd 036", "candidate": "Tony Castaneda", "votes": 101.0, "color": "#E41A1C", "popup": "<div><strong>C Madison Wd 036</strong><div><strong>Representative to the Assembly District 76</strong><table style='border-collapse:collapse;margin-top:4px;'><tr><th></th><th style='text-align:right;padding-right:8px;'>Votes</th><th style='text-align:right;'>Percent</th></tr><tr><td style='padding-right:8px;'>Tony Castaneda</td><td style='text-align:right;padding-right:8px;'>101</td><td style='text-align:right;'>5.0%</td></tr><tr><td style='padding-right:8px;'>Zoe Sullivan</td><td style='text-align:right;padding-right:8px;'>2</td><td style='text-align:right;'>0.1%</td></tr><tr><td style='padding-right:8px;'>Isaia Ben-Ami</td><td style='text-align:right;padding-right:8px;'>18</td><td style='text-align:right;'>0.9%</td></tr><tr><td style='padding-right:8px;'>Juliana Bennett</td><td style='text-align:right;padding-right:8px;'>2</td><td style='text-align:right;'>0.1%</td></tr><tr><td style='padding-right:8px;'>Dina Nina Martinez-Rutherford</td><td style='text-align:right;padding-right:8px;'>30</td><td style='text-align:right;'>1.5%</td></tr><tr><td style='padding-right:8px;'>write-in:</td><td style='text-align:right;padding-right:8px;'>19</td><td style='text-align:right;'>0.9%</td></tr></table></div>" }, "geometry": { "type": "Point", "coordinates": [ -89.368335813308448, 43.13719562458747 ] } }
]
}
