{
"type": "FeatureCollection",
"name": "wards",
"crs": { "type": "name", "properties": { "name": "urn:ogc:def:crs:OGC:1.3:CRS84" } },
"features": [
{ "type": "Feature", "properties": { "rep_unit_id": 5, "ward": "T Blooming Grove Wds 1-2", "county": "DANE" }, "geometry": { "type": "MultiPolygon", "coordinates": [ [ [ [ -89.334679, 43.106650099999989 ], [ -89.3353685, 43.1066613 ], [ -89.3353704, 43.1066191 ], [ -89.3353704, 43.106619 ], [ -89.3353872, 43.1062503 ], [ -89.3353922, 43.1061406 ], [ -89.3353972, 43.1060309 ], [ -89.3354022, 43.1059212 ], [ -89.3354072, 43.1058116 ], [ -89.3354122, 43.1057019 ], [ -89.3354197, 43.1055373 ], [ -89.3354247, 43.1054276 ], [ -89.3354297, 43.1053179 ], [ -89.3354347, 43.1052083 ], [ -89.3354397, 43.1050986 ], [ -89.3354447, 43.1049889 ], [ -89.3354497, 43.1048792 ], [ -89.3354547, 43.104769499999989 ], [ -89.335459700000015, 43.1046598 ], [ -89.3354672, 43.1044953 ], [ -89.3354722, 43.1043856 ], [ -89.3354772, 43.1042759 ], [ -89.335482200000015, 43.1041662 ], [ -89.3354872, 43.1040565 ], [ -89.3354922, 43.1039468 ], [ -89.3354972, 43.1038371 ], [ -89.3355022, 43.1037274 ], [ -89.3355072, 43.103617799999988 ], [ -89.3355147, 43.1034532 ], [ -89.3355197, 43.1033435 ], [ -89.3355247, 43.1032338 ], [ -89.3355296, 43.103124199999989 ], [ -89.3355346, 43.1030145 ], [ -89.3355396, 43.1029048 ], [ -89.3355446, 43.1027951 ], [ -89.3355496, 43.1026854 ], [ -89.3355546, 43.1025757 ], [ -89.335562, 43.1024112 ], [ -89.335562, 43.1024103 ], [ -89.335567, 43.1023015 ], [ -89.335572, 43.1021918 ], [ -89.335577, 43.1020821 ], [ -89.335582, 43.1019724 ], [ -89.335587, 43.1018627 ], [ -89.335592, 43.101753 ], [ -89.335597, 43.1016433 ], [ -89.335602, 43.1015336 ], [ -89.335607, 43.101424 ], [ -89.335612, 43.1013143 ], [ -89.335617, 43.1012046 ], [ -89.3356303, 43.1009118 ], [ -89.3356323, 43.1007123 ], [ -89.3356425, 43.1005276 ], [ -89.3306156, 43.1032164 ], [ -89.3306234, 43.1030433 ], [ -89.3306436, 43.1025954 ], [ -89.3306603, 43.1022252 ], [ -89.3306603, 43.1022236 ], [ -89.329982, 43.1025867 ], [ -89.3290782, 43.1030685 ], [ -89.3288446, 43.1031911 ], [ -89.3288436, 43.1031936 ], [ -89.3288094, 43.1039992 ], [ -89.328226700000016, 43.1043226 ], [ -89.3282149, 43.1046677 ], [ -89.3281963, 43.1055074 ], [ -89.328083, 43.1055057 ], [ -89.3275595, 43.1054974 ], [ -89.3275566, 43.1055762 ], [ -89.3275565, 43.1055796 ], [ -89.3275553, 43.1056129 ], [ -89.3275526, 43.1056875 ], [ -89.3275485, 43.1057972 ], [ -89.3272958, 43.1057937 ], [ -89.327292, 43.1058969 ], [ -89.3272919, 43.1059034 ], [ -89.327289, 43.1060131 ], [ -89.327286199999989, 43.1061229 ], [ -89.3270166, 43.1061191 ], [ -89.3270069, 43.1064943 ], [ -89.3270061, 43.106525 ], [ -89.3306067, 43.1065838 ], [ -89.334679, 43.106650099999989 ] ] ], [ [ [ -89.3171181, 43.1019954 ], [ -89.3172916, 43.1019916 ], [ -89.3190844, 43.1019524 ], [ -89.3195278, 43.1019428 ], [ -89.3197752, 43.1019374 ], [ -89.3204579, 43.1019224 ], [ -89.320458, 43.1019219 ], [ -89.320751199999989, 43.1003698 ], [ -89.3196873, 43.1004009 ], [ -89.3196293, 43.099387 ], [ -89.3207516, 43.0993542 ], [ -89.3206974, 43.098408 ], [ -89.3206974, 43.098406399999988 ], [ -89.3196118, 43.0984303 ], [ -89.3194511, 43.0984338 ], [ -89.3195639, 43.1004047 ], [ -89.3196067, 43.1011526 ], [ -89.3196084, 43.1011831 ], [ -89.3196502, 43.1019128 ], [ -89.3195263, 43.101915500000011 ], [ -89.31926, 43.1019213 ], [ -89.3172754, 43.1019645 ], [ -89.3172746, 43.1019645 ], [ -89.317121, 43.1017188 ], [ -89.3171261, 43.1012367 ], [ -89.3170862, 43.1012376 ], [ -89.3170878, 43.1009631 ], [ -89.3170816, 43.1006414 ], [ -89.3170665, 43.1003198 ], [ -89.3170426, 43.0999986 ], [ -89.3170099, 43.0996777 ], [ -89.3169684, 43.099357399999988 ], [ -89.316918199999989, 43.0990377 ], [ -89.3168592, 43.0987189 ], [ -89.3171255, 43.0984849 ], [ -89.3165039, 43.0984985 ], [ -89.3162247, 43.0985047 ], [ -89.3162175, 43.0985048 ], [ -89.3146719, 43.0985571 ], [ -89.3144737, 43.0985638 ], [ -89.3142413, 43.0985716 ], [ -89.3140089, 43.0985795 ], [ -89.3140087, 43.0985906 ], [ -89.3140081, 43.0985906 ], [ -89.3133992, 43.0986115 ], [ -89.3133837, 43.098613 ], [ -89.3133687, 43.0986163 ], [ -89.3133548, 43.0986215 ], [ -89.3133421, 43.0986282 ], [ -89.3133312, 43.0986365 ], [ -89.3133224, 43.0986459 ], [ -89.3133157, 43.0986563 ], [ -89.3133116, 43.0986673 ], [ -89.31331, 43.0986787 ], [ -89.3132919, 43.0994096 ], [ -89.3132876, 43.0995827 ], [ -89.3132672, 43.1004074 ], [ -89.3132627, 43.1005888 ], [ -89.3132424, 43.1014135 ], [ -89.3132408, 43.1014771 ], [ -89.3161457, 43.101379 ], [ -89.3165473, 43.1013655 ], [ -89.3167701, 43.1013579 ], [ -89.317083599999989, 43.1013473 ], [ -89.3170648, 43.1019965 ], [ -89.3171181, 43.1019954 ] ] ] ] } },
{ "type": "Feature", "properties": { "rep_unit_id": 54, "ward": "V Maple Bluff Wds 1-2", "county": "DANE" }, "geometry": { "type": "MultiPolygon", "coordinates": [ [ [ [ -89.3687842, 43.1183519 ], [ -89.3688574, 43.1184726 ], [ -89.368932199999989, 43.1185958 ], [ -89.3690065, 43.1187181 ], [ -89.3690802, 43.1188395 ], [ -89.3692028, 43.1190414 ], [ -89.3692083, 43.1190502 ], [ -89.3693438, 43.1192676 ], [ -89.369458, 43.1194509 ], [ -89.3696135, 43.1197005 ], [ -89.369769, 43.1199501 ], [ -89.369925200000012, 43.1201821 ], [ -89.37007, 43.1203938 ], [ -89.370233, 43.1206187 ], [ -89.3702873, 43.1206788 ], [ -89.3703577, 43.1207568 ], [ -89.3703813, 43.1207878 ], [ -89.370398600000016, 43.1208105 ], [ -89.370417, 43.1208345 ], [ -89.370436, 43.1208592 ], [ -89.3704544, 43.120883 ], [ -89.3704739, 43.1209082 ], [ -89.3704877, 43.120926 ], [ -89.370508700000016, 43.1209528 ], [ -89.370522, 43.1209698 ], [ -89.3705355, 43.120987 ], [ -89.3705508, 43.1210064 ], [ -89.3705658, 43.1210253 ], [ -89.3705808, 43.1210442 ], [ -89.3705955, 43.1210627 ], [ -89.3706113, 43.1210824 ], [ -89.3706323, 43.1211086 ], [ -89.370645, 43.1211244 ], [ -89.370663, 43.1211467 ], [ -89.370672, 43.1211578 ], [ -89.3706844, 43.1211731 ], [ -89.3707008, 43.1211932 ], [ -89.3707162, 43.1212121 ], [ -89.3707371, 43.1212376 ], [ -89.3707572, 43.1212621 ], [ -89.3707761, 43.121285 ], [ -89.3707953, 43.121308 ], [ -89.3708097, 43.1213254 ], [ -89.370832600000014, 43.1213529 ], [ -89.3708546, 43.121379 ], [ -89.3708732, 43.1214011 ], [ -89.3708933, 43.1214248 ], [ -89.3709118, 43.1214467 ], [ -89.3709343, 43.1214731 ], [ -89.3709516, 43.1214934 ], [ -89.3709762, 43.1215219 ], [ -89.370997, 43.1215461 ], [ -89.3710202, 43.1215729 ], [ -89.3710425, 43.1215985 ], [ -89.3710635, 43.1216226 ], [ -89.3710827, 43.1216444 ], [ -89.3710975, 43.1216613 ], [ -89.3711111, 43.1216766 ], [ -89.3711335, 43.121702 ], [ -89.3711585, 43.1217302 ], [ -89.3711873, 43.1217623 ], [ -89.3712123, 43.1217902 ], [ -89.3712319, 43.1218119 ], [ -89.3712553, 43.1218378 ], [ -89.3712755, 43.1218601 ], [ -89.3712986, 43.1218854 ], [ -89.371325399999989, 43.1219146 ], [ -89.371351, 43.1219425 ], [ -89.371375, 43.1219684 ], [ -89.371399200000013, 43.1219945 ], [ -89.371424, 43.1220211 ], [ -89.3714498, 43.1220486 ], [ -89.3714758, 43.1220762 ], [ -89.3714965, 43.1220982 ], [ -89.3715241, 43.1221273 ], [ -89.3715469, 43.1221513 ], [ -89.3715711, 43.1221766 ], [ -89.3715939, 43.1222002 ], [ -89.3716115, 43.1222185 ], [ -89.3716259, 43.1222335 ], [ -89.3716502, 43.1222585 ], [ -89.371677300000016, 43.1222863 ], [ -89.3716984, 43.1223079 ], [ -89.371725, 43.122335 ], [ -89.3717458, 43.1223562 ], [ -89.371772, 43.1223826 ], [ -89.3717932, 43.1224039 ], [ -89.3718124, 43.1224232 ], [ -89.3718431, 43.1224539 ], [ -89.371875, 43.1224857 ], [ -89.3719057, 43.122516 ], [ -89.3719343, 43.1225442 ], [ -89.3719586, 43.122568 ], [ -89.3719846, 43.1225934 ], [ -89.372002400000014, 43.122610699999989 ], [ -89.3720248, 43.1226324 ], [ -89.3720541, 43.1226607 ], [ -89.3720815, 43.122687 ], [ -89.3721001, 43.1227049 ], [ -89.3721231, 43.1227269 ], [ -89.3721491, 43.1227516 ], [ -89.3721961, 43.122796 ], [ -89.3723908, 43.1229807 ], [ -89.3725857, 43.1231653 ], [ -89.3728254, 43.1233926 ], [ -89.373056, 43.1236111 ], [ -89.3732866, 43.1238297 ], [ -89.3735191, 43.12405 ], [ -89.373858, 43.1243712 ], [ -89.3741397, 43.1243643 ], [ -89.3744254, 43.1243573 ], [ -89.3746937, 43.1243499 ], [ -89.3760497, 43.1243166 ], [ -89.376031, 43.1242741 ], [ -89.3760142, 43.1242356 ], [ -89.3760032, 43.1242133 ], [ -89.3759805, 43.124159399999989 ], [ -89.3759642, 43.1241207 ], [ -89.3758839, 43.1238737 ], [ -89.3758635, 43.1238157 ], [ -89.3758508, 43.1237657 ], [ -89.375838, 43.1236515 ], [ -89.3758381, 43.1235435 ], [ -89.3758584, 43.1234231 ], [ -89.375903600000015, 43.1232515 ], [ -89.3759266, 43.1231176 ], [ -89.3759323, 43.1230897 ], [ -89.3759485, 43.1230329 ], [ -89.3759709, 43.122979 ], [ -89.3759891, 43.12295 ], [ -89.3760233, 43.1229055 ], [ -89.3760575, 43.1228609 ], [ -89.3761095, 43.1227936 ], [ -89.3761903, 43.1226915 ], [ -89.3762478, 43.1225955 ], [ -89.3762948, 43.1225454 ], [ -89.3763375, 43.1225064 ], [ -89.3764187, 43.1224563 ], [ -89.376467800000015, 43.1224235 ], [ -89.3765212, 43.1223922 ], [ -89.3765981, 43.1223563 ], [ -89.3767135, 43.1223125 ], [ -89.3769014, 43.1222579 ], [ -89.3770189, 43.1222266 ], [ -89.3771214, 43.1222017 ], [ -89.3772239, 43.1221673 ], [ -89.3773435, 43.1221282 ], [ -89.377424600000012, 43.1221048 ], [ -89.3774887, 43.1220673 ], [ -89.3775293, 43.1220391 ], [ -89.3775761, 43.1219989 ], [ -89.3776304, 43.1219378 ], [ -89.3777791, 43.1217871 ], [ -89.3778821, 43.1216114 ], [ -89.3780193, 43.1214775 ], [ -89.3781451, 43.1213268 ], [ -89.378282399999989, 43.121218 ], [ -89.3784424, 43.121126 ], [ -89.3785111, 43.1210423 ], [ -89.378568300000012, 43.1208832 ], [ -89.3786484, 43.120741 ], [ -89.3787285, 43.1206238 ], [ -89.3788201, 43.1204898 ], [ -89.3788465, 43.120463 ], [ -89.3789013, 43.1203974 ], [ -89.3789227, 43.1203676 ], [ -89.3789718, 43.1203192 ], [ -89.3790231, 43.1202738 ], [ -89.3790808, 43.1202269 ], [ -89.3791171, 43.1201863 ], [ -89.3791727, 43.1201331 ], [ -89.3792197, 43.1201019 ], [ -89.3792581, 43.12008 ], [ -89.3793051, 43.1200612 ], [ -89.3793542, 43.1200519 ], [ -89.3793884, 43.1200425 ], [ -89.3793991, 43.1200347 ], [ -89.3794076, 43.120019 ], [ -89.379414, 43.1200003 ], [ -89.3794397, 43.119958 ], [ -89.3794739, 43.1199096 ], [ -89.3795059, 43.1198673 ], [ -89.3795615, 43.1198032 ], [ -89.3796277, 43.1197485 ], [ -89.3796811, 43.1197173 ], [ -89.3797239, 43.1196829 ], [ -89.3797623, 43.1196203 ], [ -89.3797773, 43.1195718 ], [ -89.3797753, 43.119467 ], [ -89.3797604, 43.1193935 ], [ -89.379754, 43.1193356 ], [ -89.3797455, 43.1192355 ], [ -89.3797413, 43.119162 ], [ -89.3797414, 43.1190869 ], [ -89.3797424, 43.1190755 ], [ -89.3797468, 43.1190259 ], [ -89.3797521, 43.1189941 ], [ -89.3797579, 43.118969899999989 ], [ -89.3797692, 43.1189272 ], [ -89.379778, 43.1189088 ], [ -89.3798086, 43.1188603 ], [ -89.3798341, 43.1188205 ], [ -89.3798647, 43.1187894 ], [ -89.3799174, 43.1187458 ], [ -89.3799939, 43.118679899999989 ], [ -89.3800331, 43.1186476 ], [ -89.3800705, 43.1186165 ], [ -89.3801129, 43.1185866 ], [ -89.3801435, 43.1185679 ], [ -89.3801877, 43.1185431 ], [ -89.380237, 43.1185219 ], [ -89.3802965, 43.118497 ], [ -89.380344100000016, 43.1184809 ], [ -89.3803951, 43.1184647 ], [ -89.3804597, 43.1184324 ], [ -89.3805362, 43.1184013 ], [ -89.3806245, 43.1183565 ], [ -89.3806925, 43.1183242 ], [ -89.380752, 43.1182918 ], [ -89.3808166, 43.118243299999989 ], [ -89.3808676, 43.1182135 ], [ -89.3809033, 43.1181873 ], [ -89.3809373, 43.1181649 ], [ -89.3809696, 43.1181463 ], [ -89.3810002, 43.1181363 ], [ -89.3810563, 43.1181276 ], [ -89.3811072, 43.1181202 ], [ -89.3811582, 43.118119 ], [ -89.3811888, 43.1181215 ], [ -89.3812466, 43.1181252 ], [ -89.3812992, 43.1181215 ], [ -89.3813349, 43.1181141 ], [ -89.3813615, 43.118108299999989 ], [ -89.3813808, 43.1181041 ], [ -89.381413099999989, 43.1180904 ], [ -89.3814437, 43.1180705 ], [ -89.381459, 43.1180469 ], [ -89.3814652, 43.1180204 ], [ -89.3814675, 43.1180108 ], [ -89.381476, 43.1179959 ], [ -89.3814845, 43.1179822 ], [ -89.3815066, 43.117966 ], [ -89.3815287, 43.1179573 ], [ -89.3815559, 43.1179511 ], [ -89.3815831, 43.117934899999987 ], [ -89.381629, 43.1179026 ], [ -89.3816528, 43.1178839 ], [ -89.3816664, 43.1178702 ], [ -89.3816766, 43.1178478 ], [ -89.3816766, 43.1178254 ], [ -89.3816749, 43.117809199999989 ], [ -89.3816817, 43.1177918 ], [ -89.381697, 43.1177769 ], [ -89.3817157, 43.1177595 ], [ -89.381729299999989, 43.1177458 ], [ -89.3817455, 43.117726399999988 ], [ -89.3817502, 43.1177162 ], [ -89.3817736, 43.1176748 ], [ -89.3817838, 43.1176387 ], [ -89.3817906, 43.1176076 ], [ -89.3817906, 43.1175715 ], [ -89.3817924, 43.1175404 ], [ -89.3818026, 43.1174807 ], [ -89.3818145, 43.1174458 ], [ -89.3818417, 43.1173873 ], [ -89.3818553, 43.1173375 ], [ -89.3818656, 43.117284 ], [ -89.3818719, 43.1172172 ], [ -89.3818882, 43.1171708 ], [ -89.3819341, 43.117121 ], [ -89.3819919, 43.1170712 ], [ -89.3820194, 43.1170551 ], [ -89.382063699999989, 43.1170244 ], [ -89.3820821, 43.1170154 ], [ -89.382278, 43.1168959 ], [ -89.3824347, 43.116786 ], [ -89.3824687, 43.1167388 ], [ -89.3825197, 43.1166691 ], [ -89.3825435, 43.1166093 ], [ -89.382632, 43.1164376 ], [ -89.3827068, 43.116348 ], [ -89.3827714, 43.1162883 ], [ -89.382904, 43.1161788 ], [ -89.382995799999989, 43.1160444 ], [ -89.3830639, 43.1159175 ], [ -89.3831047, 43.1158154 ], [ -89.3831286, 43.1156909 ], [ -89.3831459, 43.1155775 ], [ -89.3831488, 43.1155662 ], [ -89.3831729, 43.1154756 ], [ -89.3831916, 43.1154196 ], [ -89.3832069, 43.1153636 ], [ -89.3832155, 43.1153001 ], [ -89.3832206, 43.115223 ], [ -89.3832207, 43.1151607 ], [ -89.3832037, 43.1150686 ], [ -89.3831851, 43.1149815 ], [ -89.3831512, 43.1148807 ], [ -89.3831257, 43.1147923 ], [ -89.3830867, 43.114684 ], [ -89.3830511, 43.1146093 ], [ -89.3830155, 43.114562 ], [ -89.3829611, 43.114491 ], [ -89.3829442, 43.1144586 ], [ -89.3829221, 43.11442 ], [ -89.382878, 43.1143802 ], [ -89.3828508, 43.1143628 ], [ -89.382796399999989, 43.114308 ], [ -89.3827727, 43.1142756 ], [ -89.3827625, 43.114239499999989 ], [ -89.3827506, 43.1142034 ], [ -89.3827286, 43.114171 ], [ -89.3827031, 43.1141424 ], [ -89.3826641, 43.1141113 ], [ -89.3826318, 43.1140913 ], [ -89.3825978, 43.1140652 ], [ -89.382557100000014, 43.114029099999989 ], [ -89.3825197, 43.113993 ], [ -89.3824909, 43.1139706 ], [ -89.3824535, 43.1139544 ], [ -89.3824093, 43.1139407 ], [ -89.3823635, 43.113928199999989 ], [ -89.382276499999989, 43.1138899 ], [ -89.3820957, 43.1137963 ], [ -89.381983, 43.1137177 ], [ -89.3819253, 43.1136816 ], [ -89.381882800000014, 43.1136567 ], [ -89.3818166, 43.1136168 ], [ -89.3817504, 43.1135795 ], [ -89.3816841, 43.1135321 ], [ -89.3816275, 43.1134919 ], [ -89.3815721, 43.1134512 ], [ -89.381517699999989, 43.1134076 ], [ -89.381477, 43.1133864 ], [ -89.381392, 43.1133453 ], [ -89.3813299, 43.113318 ], [ -89.3812935, 43.113307 ], [ -89.3811593, 43.1132572 ], [ -89.3810948, 43.1132248 ], [ -89.3810184, 43.113187399999987 ], [ -89.380974200000011, 43.1131625 ], [ -89.380909699999989, 43.1131264 ], [ -89.3808417, 43.1130928 ], [ -89.3807823, 43.1130716 ], [ -89.3807381, 43.1130454 ], [ -89.3806532, 43.1130155 ], [ -89.3805955, 43.1129993 ], [ -89.3805003, 43.1129856 ], [ -89.3804579, 43.1129856 ], [ -89.3804256, 43.1129881 ], [ -89.380412, 43.1129868 ], [ -89.3803746, 43.112985599999988 ], [ -89.3803518, 43.1129824 ], [ -89.3803202, 43.1129821 ], [ -89.3802863, 43.1129802 ], [ -89.3802387, 43.112978299999988 ], [ -89.3802039, 43.1129777 ], [ -89.380147, 43.112973 ], [ -89.3800892, 43.112966799999988 ], [ -89.380045, 43.1129618 ], [ -89.3799992, 43.1129618 ], [ -89.3799618, 43.1129618 ], [ -89.3799193, 43.112963 ], [ -89.3798785, 43.1129605 ], [ -89.3798327, 43.112958 ], [ -89.3797953, 43.1129455 ], [ -89.3797579, 43.1129293 ], [ -89.379707, 43.1129081 ], [ -89.3796628, 43.1128857 ], [ -89.3796102, 43.1128633 ], [ -89.3795592, 43.1128521 ], [ -89.3795014, 43.112845799999988 ], [ -89.3794607, 43.1128433 ], [ -89.379389300000014, 43.1128408 ], [ -89.3793451, 43.1128383 ], [ -89.3793061, 43.1128333 ], [ -89.3792585, 43.1128221 ], [ -89.3791634, 43.1127959 ], [ -89.3790785, 43.1127747 ], [ -89.3790139, 43.112766 ], [ -89.3789765, 43.1127597 ], [ -89.3789493, 43.1127548 ], [ -89.3788984, 43.1127547 ], [ -89.3788865, 43.1127547 ], [ -89.3788644, 43.1127597 ], [ -89.3788491, 43.1127634 ], [ -89.3788338, 43.1127622 ], [ -89.3788168, 43.1127547 ], [ -89.3787965, 43.112741 ], [ -89.3787897, 43.112736 ], [ -89.378771, 43.112731 ], [ -89.3787455, 43.112727299999989 ], [ -89.3786385, 43.112726 ], [ -89.3785416, 43.112731 ], [ -89.378421, 43.1127359 ], [ -89.378314, 43.1127421 ], [ -89.3782341, 43.1127458 ], [ -89.3781373, 43.1127532 ], [ -89.3780472, 43.1127619 ], [ -89.3779826, 43.1127656 ], [ -89.3779028, 43.1127718 ], [ -89.3778348, 43.1127792 ], [ -89.3777771, 43.1127854 ], [ -89.3777091, 43.1127966 ], [ -89.3776241, 43.1128053 ], [ -89.377503499999989, 43.1128164 ], [ -89.3773455, 43.112826299999988 ], [ -89.3772504, 43.1128313 ], [ -89.3771875, 43.1128362 ], [ -89.3771025, 43.1128449 ], [ -89.3770125, 43.112862299999989 ], [ -89.3768952, 43.1128809 ], [ -89.3767899, 43.112902 ], [ -89.3767015, 43.1129281 ], [ -89.3765656, 43.1129754 ], [ -89.3764602, 43.1130114 ], [ -89.3763481, 43.1130438 ], [ -89.3762308, 43.1130611 ], [ -89.3761713, 43.1130661 ], [ -89.3761034, 43.1130723 ], [ -89.3760218, 43.1130835 ], [ -89.3759556, 43.1130921 ], [ -89.3758876, 43.1131008 ], [ -89.3758213, 43.1131133 ], [ -89.3757177, 43.1131232 ], [ -89.3756039, 43.1131256 ], [ -89.3755002, 43.113123099999989 ], [ -89.3754272, 43.1131131 ], [ -89.3753626, 43.1131019 ], [ -89.3752896, 43.1130881 ], [ -89.3752165, 43.1130732 ], [ -89.3751452, 43.1130545 ], [ -89.3750857, 43.1130445 ], [ -89.3750314, 43.1130395 ], [ -89.3749872, 43.113037 ], [ -89.3749294, 43.1130258 ], [ -89.3747619, 43.113007499999988 ], [ -89.3746725, 43.1130009 ], [ -89.3745795, 43.1129895 ], [ -89.3745217, 43.1129758 ], [ -89.3743927, 43.1129297 ], [ -89.3743264, 43.1129073 ], [ -89.3742619, 43.1128886 ], [ -89.3742194, 43.1128811 ], [ -89.3741583, 43.1128686 ], [ -89.3740971, 43.1128561 ], [ -89.3740037, 43.1128312 ], [ -89.3739476, 43.1128212 ], [ -89.3738967, 43.1128025 ], [ -89.3738229, 43.112766 ], [ -89.373743, 43.1127269 ], [ -89.3736873, 43.112697 ], [ -89.3736012, 43.1126353 ], [ -89.3735163, 43.1125805 ], [ -89.3733821, 43.1124983 ], [ -89.3732836, 43.112441 ], [ -89.3732378, 43.1124211 ], [ -89.3732038, 43.1124049 ], [ -89.3731664, 43.1123974 ], [ -89.3731627, 43.1123968 ], [ -89.3731342, 43.1123924 ], [ -89.3731019, 43.1123924 ], [ -89.3730458, 43.1123923 ], [ -89.3729881, 43.1123948 ], [ -89.3729473, 43.1123948 ], [ -89.3728963, 43.1123885 ], [ -89.3728522, 43.112386 ], [ -89.3728131, 43.112381 ], [ -89.3727774, 43.1123736 ], [ -89.3727434, 43.1123648 ], [ -89.3727399, 43.1123635 ], [ -89.3727115, 43.1123491 ], [ -89.3726195, 43.112264 ], [ -89.3725652, 43.1122129 ], [ -89.3724888, 43.1121382 ], [ -89.3724039, 43.112051 ], [ -89.3723105, 43.1119551 ], [ -89.3722189, 43.1118555 ], [ -89.372173, 43.1118144 ], [ -89.3721238, 43.111782 ], [ -89.3720813, 43.1117646 ], [ -89.3720338, 43.111747199999989 ], [ -89.3720066, 43.111731 ], [ -89.3719608, 43.111706 ], [ -89.3719285, 43.1116811 ], [ -89.3718878, 43.11165 ], [ -89.371864, 43.1116214 ], [ -89.3718453, 43.1116014 ], [ -89.3718097, 43.1115803 ], [ -89.3717551, 43.1115536 ], [ -89.371658599999989, 43.1114671 ], [ -89.3715914, 43.1114068 ], [ -89.3715703, 43.1113959 ], [ -89.3715448, 43.111391 ], [ -89.3715159, 43.1113835 ], [ -89.3714922, 43.1113648 ], [ -89.3714701, 43.1113436 ], [ -89.3714361, 43.1112988 ], [ -89.371388599999989, 43.1112477 ], [ -89.371319, 43.1111618 ], [ -89.3712736, 43.1111066 ], [ -89.3712363, 43.111039299999987 ], [ -89.3712058, 43.1109895 ], [ -89.37116, 43.1109236 ], [ -89.3711243, 43.1108601 ], [ -89.371087, 43.1107991 ], [ -89.371031, 43.1107156 ], [ -89.3709818, 43.110636 ], [ -89.3709241, 43.1105301 ], [ -89.370891, 43.1104693 ], [ -89.3708596, 43.1104116 ], [ -89.3708257, 43.1103433 ], [ -89.3707783, 43.1102737 ], [ -89.3707443, 43.1102326 ], [ -89.370707, 43.110179 ], [ -89.370673, 43.1101292 ], [ -89.3706323, 43.1100657 ], [ -89.3705984, 43.109986 ], [ -89.3705577, 43.109890199999988 ], [ -89.3705153, 43.1097719 ], [ -89.3704747, 43.1096673 ], [ -89.3704238, 43.109559 ], [ -89.3703625, 43.1094215 ], [ -89.3703068, 43.1092988 ], [ -89.3702712, 43.1092179 ], [ -89.3702288, 43.1091158 ], [ -89.3701983, 43.1090212 ], [ -89.3701255, 43.1087536 ], [ -89.3701085, 43.1086851 ], [ -89.3700933, 43.1086303 ], [ -89.3700645, 43.1085494 ], [ -89.3700306, 43.108466 ], [ -89.3700257, 43.1084508 ], [ -89.3699848, 43.1083229 ], [ -89.369923899999989, 43.1081541 ], [ -89.3697923, 43.1076983 ], [ -89.3696263, 43.1071369 ], [ -89.3695664, 43.107012 ], [ -89.3695375, 43.1069572 ], [ -89.3695121, 43.1068726 ], [ -89.3694918, 43.1068153 ], [ -89.3694731, 43.1067456 ], [ -89.3694444, 43.106646 ], [ -89.3694291, 43.1065701 ], [ -89.3694113, 43.1064957 ], [ -89.3693798, 43.1064033 ], [ -89.3693728, 43.1063765 ], [ -89.3693292, 43.1062676 ], [ -89.369303699999989, 43.1062103 ], [ -89.3692868, 43.1061617 ], [ -89.3692614, 43.106107 ], [ -89.3692359, 43.1060534 ], [ -89.3692105, 43.1059787 ], [ -89.369197, 43.1059128 ], [ -89.3691818, 43.1058231 ], [ -89.3691776, 43.1057872 ], [ -89.36917, 43.105719799999989 ], [ -89.3691497, 43.105559199999988 ], [ -89.369144800000015, 43.1055191 ], [ -89.3691345, 43.105436 ], [ -89.3691271, 43.1053998 ], [ -89.3691142, 43.1053364 ], [ -89.3691007, 43.1052605 ], [ -89.3690872, 43.1051908 ], [ -89.3690787, 43.1051497 ], [ -89.3690652, 43.1051086 ], [ -89.3690482, 43.1050613 ], [ -89.3690228, 43.1050165 ], [ -89.3689939, 43.104963 ], [ -89.3689668, 43.104928099999988 ], [ -89.3689413, 43.1048845 ], [ -89.3689142, 43.1048111 ], [ -89.3689058, 43.1047762 ], [ -89.368893899999989, 43.1047488 ], [ -89.3688803, 43.1047202 ], [ -89.3688651, 43.104694 ], [ -89.3688328, 43.1046617 ], [ -89.368804, 43.1046392 ], [ -89.3687768, 43.1046243 ], [ -89.3687513, 43.104618099999989 ], [ -89.368736, 43.1046168 ], [ -89.3687123, 43.1046168 ], [ -89.368691900000016, 43.1046131 ], [ -89.3686817, 43.1046068 ], [ -89.368673199999989, 43.1045994 ], [ -89.3686664, 43.1045857 ], [ -89.368663, 43.1045707 ], [ -89.3686596, 43.1045608 ], [ -89.3686546, 43.1045533 ], [ -89.3686308, 43.1045458 ], [ -89.3686036, 43.1045421 ], [ -89.3685849, 43.1045396 ], [ -89.3685577, 43.1045408 ], [ -89.3685441, 43.104542 ], [ -89.3685136, 43.1045482 ], [ -89.3685034, 43.1045557 ], [ -89.3684898, 43.1045657 ], [ -89.3684745, 43.1045756 ], [ -89.3684456, 43.1045856 ], [ -89.368415, 43.1045918 ], [ -89.3683963, 43.1045942 ], [ -89.3683793, 43.104598 ], [ -89.3683453, 43.104598 ], [ -89.3683216, 43.1045992 ], [ -89.3682927, 43.1046017 ], [ -89.3682689, 43.104600399999988 ], [ -89.3682315, 43.1046041 ], [ -89.368202599999989, 43.1046103 ], [ -89.3681789, 43.1046078 ], [ -89.3681432, 43.1046041 ], [ -89.3681024, 43.1046003 ], [ -89.3680787, 43.1045941 ], [ -89.3680447, 43.1045891 ], [ -89.3680209, 43.1045866 ], [ -89.36798180000001, 43.1045965 ], [ -89.3679631, 43.104609 ], [ -89.3679597, 43.1046202 ], [ -89.367958, 43.1046289 ], [ -89.3679648, 43.1046401 ], [ -89.3679903, 43.1046501 ], [ -89.368005599999989, 43.104655 ], [ -89.368020800000011, 43.1046613 ], [ -89.3680446, 43.1046837 ], [ -89.3680599, 43.1046986 ], [ -89.3680717, 43.104721 ], [ -89.3680768, 43.1047571 ], [ -89.3680836, 43.104797 ], [ -89.3680852, 43.104848 ], [ -89.368083500000012, 43.1048854 ], [ -89.368058, 43.1049277 ], [ -89.3680274, 43.1049675 ], [ -89.3680036, 43.1049924 ], [ -89.367976399999989, 43.1050172 ], [ -89.3679475, 43.1050347 ], [ -89.367910099999989, 43.1050546 ], [ -89.3678829, 43.105067 ], [ -89.3678421, 43.1050794 ], [ -89.3677996, 43.1050881 ], [ -89.3677521, 43.1050943 ], [ -89.367696, 43.1050918 ], [ -89.3676433, 43.1050868 ], [ -89.3675941, 43.1050781 ], [ -89.3675431, 43.1050631 ], [ -89.3674939, 43.1050481 ], [ -89.3674514, 43.1050319 ], [ -89.3674039, 43.105007 ], [ -89.3673541, 43.1049722 ], [ -89.3672783, 43.1049086 ], [ -89.3672443, 43.1048688 ], [ -89.3672138, 43.104819 ], [ -89.3671782, 43.1047754 ], [ -89.3671493, 43.1047318 ], [ -89.3671409, 43.1047119 ], [ -89.3671392, 43.1046932 ], [ -89.3671426, 43.1046808 ], [ -89.3671477, 43.1046708 ], [ -89.367152800000014, 43.1046484 ], [ -89.3671494, 43.104621 ], [ -89.3671478, 43.1045924 ], [ -89.367141, 43.1045389 ], [ -89.3671309, 43.1044816 ], [ -89.3671425, 43.1044264 ], [ -89.3671591, 43.104387 ], [ -89.3671903, 43.1043503 ], [ -89.3672448, 43.1043024 ], [ -89.36729, 43.1042694 ], [ -89.3672958, 43.1042651 ], [ -89.3673332, 43.1042378 ], [ -89.3673689, 43.1041992 ], [ -89.3673961, 43.1041706 ], [ -89.3674166, 43.1041395 ], [ -89.367437, 43.1040972 ], [ -89.3674523, 43.1040611 ], [ -89.3674931, 43.1039964 ], [ -89.3675118, 43.103959 ], [ -89.3675289, 43.1039167 ], [ -89.3675323, 43.1038719 ], [ -89.3675405, 43.1038267 ], [ -89.3675477, 43.1037313 ], [ -89.3675597, 43.1036553 ], [ -89.3675938, 43.1035371 ], [ -89.3676465, 43.1034425 ], [ -89.3677043, 43.1033529 ], [ -89.3677468, 43.1033057 ], [ -89.3677843, 43.1032683 ], [ -89.3678182, 43.1032435 ], [ -89.3678521, 43.103226199999988 ], [ -89.3678947, 43.1032049 ], [ -89.3679372, 43.1031788 ], [ -89.3679746, 43.1031639 ], [ -89.3680018, 43.1031514 ], [ -89.368046, 43.1031428 ], [ -89.3680799, 43.1031415 ], [ -89.3681156, 43.103144 ], [ -89.368124100000017, 43.103149 ], [ -89.3681343, 43.1031577 ], [ -89.3681462, 43.1031727 ], [ -89.3681495, 43.1031814 ], [ -89.3681461, 43.1032026 ], [ -89.3681427, 43.1032113 ], [ -89.3681257, 43.103231199999989 ], [ -89.3681189, 43.1032374 ], [ -89.3681104, 43.1032486 ], [ -89.3680985, 43.103261 ], [ -89.36809, 43.1032735 ], [ -89.36809, 43.103283399999988 ], [ -89.3680917, 43.1032971 ], [ -89.3680985, 43.1033083 ], [ -89.368112, 43.1033233 ], [ -89.3681324, 43.1033581 ], [ -89.3681545, 43.103383 ], [ -89.3681782, 43.1034055 ], [ -89.3681986, 43.1034229 ], [ -89.3682258, 43.1034441 ], [ -89.3682597, 43.103464 ], [ -89.3682767, 43.103474 ], [ -89.368324199999989, 43.1034889 ], [ -89.3683531, 43.1034939 ], [ -89.3683854, 43.1034977 ], [ -89.3684262, 43.1034977 ], [ -89.3684873, 43.1034965 ], [ -89.368531499999989, 43.1034903 ], [ -89.3685706, 43.103481599999988 ], [ -89.3686164, 43.1034554 ], [ -89.3686572, 43.1034256 ], [ -89.3686997, 43.1033783 ], [ -89.3687236, 43.1033273 ], [ -89.3687526, 43.1032016 ], [ -89.3687798, 43.1031033 ], [ -89.368802, 43.1029763 ], [ -89.3688151, 43.102927699999988 ], [ -89.3688242, 43.1028942 ], [ -89.3688446, 43.1028369 ], [ -89.3688373, 43.102752 ], [ -89.3688373, 43.1027519 ], [ -89.3683937, 43.1027475 ], [ -89.3683176, 43.1027471 ], [ -89.3674092, 43.1027378 ], [ -89.3673147, 43.102736799999988 ], [ -89.3659014, 43.1027223 ], [ -89.3653612, 43.1027167 ], [ -89.3652116, 43.1027153 ], [ -89.3645201, 43.1027119 ], [ -89.3643831, 43.1027112 ], [ -89.3647776, 43.1021196 ], [ -89.3647768, 43.1021174 ], [ -89.3651835, 43.101506099999987 ], [ -89.3653247, 43.1015059 ], [ -89.3671486, 43.1015039 ], [ -89.3671548, 43.1012944 ], [ -89.3681631, 43.1013051 ], [ -89.3681629, 43.1013115 ], [ -89.3681556, 43.1015211 ], [ -89.3692382, 43.1015332 ], [ -89.3693146, 43.1014331 ], [ -89.3693351, 43.1013373 ], [ -89.3693521, 43.10129 ], [ -89.3693776, 43.101247699999988 ], [ -89.3694219, 43.101178 ], [ -89.3694865, 43.1011103 ], [ -89.3695194, 43.1011107 ], [ -89.3695485, 43.1010501 ], [ -89.3696038, 43.1009914 ], [ -89.3696599, 43.1009491 ], [ -89.3697058, 43.1008844 ], [ -89.3697619, 43.1007761 ], [ -89.3697977, 43.1007289 ], [ -89.3698503, 43.1006828 ], [ -89.3698525, 43.100681 ], [ -89.3699115, 43.1006306 ], [ -89.369949, 43.100582 ], [ -89.369966, 43.1005298 ], [ -89.369983, 43.1004788 ], [ -89.3700136, 43.1004452 ], [ -89.3700323, 43.1004153 ], [ -89.3700833, 43.1003606 ], [ -89.3701479, 43.1002871 ], [ -89.3702125, 43.1002125 ], [ -89.3702653, 43.1001229 ], [ -89.3702959, 43.1000569 ], [ -89.3703419, 43.0999387 ], [ -89.3703759, 43.0998591 ], [ -89.37040660000001, 43.0997744 ], [ -89.370461, 43.0996338 ], [ -89.3704883, 43.0995803 ], [ -89.3705121, 43.0995168 ], [ -89.3705342, 43.0994434 ], [ -89.3705598, 43.09936 ], [ -89.3705649, 43.0992841 ], [ -89.3705616, 43.0991746 ], [ -89.3705617, 43.0991111 ], [ -89.3705584, 43.0990265 ], [ -89.3705516, 43.0989592 ], [ -89.3705377, 43.098919 ], [ -89.3705255, 43.0988998 ], [ -89.3705241, 43.098898 ], [ -89.3705008, 43.0988435 ], [ -89.370490600000011, 43.0988024 ], [ -89.3704737, 43.0987165 ], [ -89.3704636, 43.0986331 ], [ -89.3704603, 43.098537199999988 ], [ -89.3704586, 43.0984663 ], [ -89.3704723, 43.0983879 ], [ -89.3704825, 43.0982995 ], [ -89.3704962, 43.0982522 ], [ -89.3705166, 43.0981962 ], [ -89.370531899999989, 43.098134 ], [ -89.3705558, 43.098068 ], [ -89.3705949, 43.0979735 ], [ -89.3706187, 43.0979062 ], [ -89.3706358, 43.0978328 ], [ -89.3706545, 43.0977507 ], [ -89.370661400000017, 43.0976785 ], [ -89.3706564, 43.0976088 ], [ -89.3706564, 43.097569 ], [ -89.3706429, 43.097493 ], [ -89.3706293, 43.0974457 ], [ -89.3705886, 43.0973972 ], [ -89.370551300000017, 43.0973698 ], [ -89.3704744, 43.0973505 ], [ -89.3704651, 43.0973491 ], [ -89.3704017, 43.0973413 ], [ -89.3703171, 43.0973297 ], [ -89.3702149, 43.0973206 ], [ -89.3701269, 43.0973154 ], [ -89.3700458, 43.0973024 ], [ -89.3699154, 43.0972907 ], [ -89.3698379, 43.0972713 ], [ -89.3697639, 43.0972584 ], [ -89.3697023, 43.0972442 ], [ -89.369653, 43.0972248 ], [ -89.3696213, 43.0972131 ], [ -89.3695949, 43.0972041 ], [ -89.369573699999989, 43.0971912 ], [ -89.3695491, 43.097179499999989 ], [ -89.3695279, 43.097164 ], [ -89.3695191, 43.097155 ], [ -89.369508599999989, 43.0971408 ], [ -89.3694998, 43.097133 ], [ -89.369491, 43.0971214 ], [ -89.3694875, 43.0971149 ], [ -89.3694822, 43.0971111 ], [ -89.3694663, 43.0970814 ], [ -89.3694643, 43.0970523 ], [ -89.3694567, 43.0970523 ], [ -89.3692406, 43.0970525 ], [ -89.36901, 43.0970529 ], [ -89.3689848, 43.0970529 ], [ -89.3689548, 43.0970529 ], [ -89.3683583, 43.097053699999989 ], [ -89.3683234, 43.0970532 ], [ -89.3682025, 43.0970539 ], [ -89.365765, 43.1006804 ], [ -89.3653584, 43.1012852 ], [ -89.3652481, 43.1012444 ], [ -89.3652078, 43.1013022 ], [ -89.3650396, 43.1015433 ], [ -89.36501, 43.1015857 ], [ -89.3649535, 43.1016684 ], [ -89.3648692, 43.1017916 ], [ -89.3647015, 43.102036899999987 ], [ -89.3644498, 43.1024049 ], [ -89.3642218, 43.1027467 ], [ -89.3642129, 43.1027602 ], [ -89.3642074, 43.1027683 ], [ -89.3642057, 43.1027695 ], [ -89.364096300000014, 43.1029123 ], [ -89.363979, 43.1030654 ], [ -89.3639521, 43.104273 ], [ -89.3638951, 43.1068241 ], [ -89.3638861, 43.1068241 ], [ -89.3637715, 43.1068241 ], [ -89.3628419, 43.1068243 ], [ -89.3624837, 43.1068243 ], [ -89.3622923, 43.1068244 ], [ -89.3621137, 43.1068244 ], [ -89.3621417, 43.106920099999989 ], [ -89.3621633, 43.1069938 ], [ -89.362191, 43.1070888 ], [ -89.3622377, 43.1072311 ], [ -89.3622878, 43.1073729 ], [ -89.3623413, 43.1075139 ], [ -89.3623766, 43.1076011 ], [ -89.3623981, 43.1076543 ], [ -89.3624582, 43.1077939 ], [ -89.3625217, 43.1079327 ], [ -89.3625884, 43.1080707 ], [ -89.3626585, 43.1082078 ], [ -89.3627318, 43.108344 ], [ -89.3628083, 43.1084793 ], [ -89.362888, 43.1086135 ], [ -89.3631678, 43.1090735 ], [ -89.3636814, 43.109918 ], [ -89.3637109, 43.1099665 ], [ -89.3638211, 43.1101477 ], [ -89.3638305, 43.1101632 ], [ -89.3638418, 43.1101813 ], [ -89.3639504, 43.1103559 ], [ -89.3639517, 43.110357 ], [ -89.364316500000015, 43.1109582 ], [ -89.364392099999989, 43.1110827 ], [ -89.3645059, 43.1112701 ], [ -89.3645828, 43.1113969 ], [ -89.3646394, 43.1114902 ], [ -89.3649413, 43.1119876 ], [ -89.3657321, 43.1132905 ], [ -89.3662251, 43.1141026 ], [ -89.366562, 43.1146576 ], [ -89.3665817, 43.1146918 ], [ -89.366983600000012, 43.1153522 ], [ -89.3670622, 43.115481 ], [ -89.3671409, 43.1156099 ], [ -89.3672205, 43.1157388 ], [ -89.3672483, 43.1157838 ], [ -89.3672946, 43.1158588 ], [ -89.3672747, 43.1158661 ], [ -89.3673533, 43.1159956 ], [ -89.3674288, 43.11612 ], [ -89.3675051, 43.1162456 ], [ -89.3675815, 43.1163714 ], [ -89.3676586, 43.1164985 ], [ -89.367734399999989, 43.1166232 ], [ -89.367813, 43.1167526 ], [ -89.3678889, 43.1168776 ], [ -89.3679641, 43.1170016 ], [ -89.3680415, 43.1171289 ], [ -89.3681174, 43.117254 ], [ -89.3681934, 43.1173791 ], [ -89.368266, 43.1174986 ], [ -89.3683405, 43.1176214 ], [ -89.3684154, 43.1177447 ], [ -89.3684904, 43.1178683 ], [ -89.3686006, 43.1180497 ], [ -89.3686372, 43.1181099 ], [ -89.368711600000012, 43.1182325 ], [ -89.3687842, 43.1183519 ] ] ] ] } },
{ "type": "Feature", "properties": { "rep_unit_id": 114, "ward": "C Madison Wd 016", "county": "DANE" }, "geometry": { "type": "MultiPolygon", "coordinates": [ [ [ [ -89.3280608, 43.0861998 ], [ -89.3280104, 43.0862243 ], [ -89.3267463, 43.0868384 ], [ -89.326642, 43.0868891 ], [ -89.326479, 43.0867127 ], [ -89.326412499999989, 43.0866385 ], [ -89.326371, 43.0865902 ], [ -89.326335899999989, 43.0865477 ], [ -89.3263308, 43.0865416 ], [ -89.3262917, 43.0864923 ], [ -89.326253799999989, 43.0864427 ], [ -89.3262171, 43.0863925 ], [ -89.3261891, 43.0863526 ], [ -89.3261816, 43.0863418 ], [ -89.3261473, 43.0862908 ], [ -89.3261142, 43.0862392 ], [ -89.3260823, 43.0861873 ], [ -89.3260639, 43.0861558 ], [ -89.3260517, 43.086135 ], [ -89.3260223, 43.0860823 ], [ -89.3259942, 43.0860292 ], [ -89.3259674, 43.0859758 ], [ -89.325941899999989, 43.085922 ], [ -89.3259176, 43.0858679 ], [ -89.3258946, 43.0858135 ], [ -89.3258737, 43.0857607 ], [ -89.3252619, 43.0842856 ], [ -89.3251676, 43.0840576 ], [ -89.3251585, 43.0840357 ], [ -89.3251558, 43.0840291 ], [ -89.325063700000015, 43.0838064 ], [ -89.3250188, 43.0836978 ], [ -89.3249584, 43.0836903 ], [ -89.3249175, 43.0836853 ], [ -89.3248766, 43.0836807 ], [ -89.3248355, 43.0836766 ], [ -89.3247944, 43.083673 ], [ -89.324753199999989, 43.0836699 ], [ -89.3247119, 43.0836672 ], [ -89.3246706, 43.0836651 ], [ -89.3246292, 43.0836634 ], [ -89.324587799999989, 43.0836621 ], [ -89.3245464, 43.0836614 ], [ -89.3245049, 43.0836611 ], [ -89.3244635, 43.0836613 ], [ -89.3244221, 43.083662 ], [ -89.3242408, 43.0836665 ], [ -89.3226204, 43.083707 ], [ -89.3218329, 43.0837244 ], [ -89.3213904, 43.0837292 ], [ -89.3212993, 43.0837318 ], [ -89.3212083, 43.083734799999988 ], [ -89.3211173, 43.0837384 ], [ -89.3210264, 43.0837425 ], [ -89.3209355, 43.0837472 ], [ -89.3208446, 43.0837523 ], [ -89.3207539, 43.0837579 ], [ -89.3206631, 43.0837641 ], [ -89.3205725, 43.0837708 ], [ -89.3204819, 43.0837779 ], [ -89.3191099, 43.083835 ], [ -89.3162572, 43.0839102 ], [ -89.315048499999989, 43.0839242 ], [ -89.3132791, 43.0839093 ], [ -89.3119444, 43.0839486 ], [ -89.3121771, 43.0841127 ], [ -89.3122097, 43.084134299999988 ], [ -89.312242500000011, 43.0841557 ], [ -89.3122754, 43.084177 ], [ -89.3123085, 43.0841982 ], [ -89.3123416, 43.0842193 ], [ -89.3123749, 43.0842404 ], [ -89.3124082, 43.0842613 ], [ -89.3124417, 43.0842821 ], [ -89.3124753, 43.0843029 ], [ -89.312509, 43.084323499999989 ], [ -89.3125429, 43.084344 ], [ -89.3125768, 43.0843645 ], [ -89.3126108, 43.0843848 ], [ -89.312645, 43.0844051 ], [ -89.3126793, 43.0844252 ], [ -89.3127136, 43.0844452 ], [ -89.3127481, 43.0844652 ], [ -89.3127827, 43.084485 ], [ -89.3128174, 43.0845047 ], [ -89.3128522, 43.0845244 ], [ -89.3128872, 43.0845439 ], [ -89.3129222, 43.0845633 ], [ -89.3129573, 43.0845827 ], [ -89.3129925, 43.0846019 ], [ -89.3130279, 43.084621 ], [ -89.3130633, 43.08464 ], [ -89.3130989, 43.0846589 ], [ -89.3131345, 43.0846777 ], [ -89.313244, 43.0847342 ], [ -89.3132902, 43.0847575 ], [ -89.3133365, 43.0847806 ], [ -89.3133829, 43.0848037 ], [ -89.3134294, 43.0848266 ], [ -89.313476, 43.0848494 ], [ -89.3135226, 43.0848721 ], [ -89.3135694, 43.0848947 ], [ -89.3136163, 43.0849171 ], [ -89.3136633, 43.0849395 ], [ -89.3137104, 43.0849617 ], [ -89.3137576, 43.0849839 ], [ -89.3138049, 43.0850059 ], [ -89.3138523, 43.0850278 ], [ -89.3138997, 43.0850496 ], [ -89.3139473, 43.0850713 ], [ -89.313995, 43.0850928 ], [ -89.31404280000001, 43.0851143 ], [ -89.3140906, 43.0851356 ], [ -89.3141386, 43.0851569 ], [ -89.3141867, 43.085178 ], [ -89.3142348, 43.085199 ], [ -89.316177599999989, 43.0860452 ], [ -89.3164261, 43.0861534 ], [ -89.3186988, 43.0871467 ], [ -89.3208897, 43.088104799999989 ], [ -89.3249027, 43.0898599 ], [ -89.3250507, 43.0899239 ], [ -89.3252696, 43.090018799999989 ], [ -89.3278077, 43.0911313 ], [ -89.3279911, 43.0912112 ], [ -89.3324752, 43.0931764 ], [ -89.3325725, 43.093219 ], [ -89.3327376, 43.0930661 ], [ -89.3328725, 43.0929169 ], [ -89.3329982, 43.0927081 ], [ -89.333164599999989, 43.0924235 ], [ -89.3335853, 43.0918498 ], [ -89.3340719, 43.0911269 ], [ -89.334099099999989, 43.0910796 ], [ -89.3341425, 43.091004 ], [ -89.33403, 43.090964199999988 ], [ -89.3340734, 43.0908896 ], [ -89.334169, 43.0907473 ], [ -89.3342028, 43.0906463 ], [ -89.3342133, 43.0905493 ], [ -89.3342139, 43.0904993 ], [ -89.3341775, 43.0904605 ], [ -89.334178, 43.0904221 ], [ -89.3342048, 43.0903683 ], [ -89.3342372, 43.0902877 ], [ -89.334248699999989, 43.0901915 ], [ -89.334314, 43.089984 ], [ -89.3342992, 43.0898915 ], [ -89.3342315, 43.0898411 ], [ -89.3341324, 43.0897828 ], [ -89.333757, 43.089545699999988 ], [ -89.3336474, 43.0894835 ], [ -89.333585, 43.0894508 ], [ -89.3325564, 43.0889112 ], [ -89.3324572, 43.0888529 ], [ -89.3323894, 43.0888179 ], [ -89.3323888, 43.0888175 ], [ -89.332332, 43.0887829 ], [ -89.3322643, 43.0887363 ], [ -89.3322019, 43.088682 ], [ -89.3319806, 43.0885169 ], [ -89.3318611, 43.0884084 ], [ -89.33178310000001, 43.0883348 ], [ -89.3309341, 43.0877177 ], [ -89.3309081, 43.0876945 ], [ -89.3308924, 43.0876944 ], [ -89.3308818, 43.0876982 ], [ -89.3308499, 43.0877326 ], [ -89.3307867, 43.0877515 ], [ -89.3307395, 43.0877512 ], [ -89.3306661, 43.0877392 ], [ -89.3306035, 43.0877081 ], [ -89.3305356, 43.0876769 ], [ -89.3304212, 43.0875723 ], [ -89.3303647, 43.0875381 ], [ -89.3302548, 43.087499 ], [ -89.3301918, 43.0874986 ], [ -89.3301291, 43.087479 ], [ -89.3300715, 43.0874594 ], [ -89.330056399999989, 43.087451 ], [ -89.3300298, 43.0874361 ], [ -89.3297789, 43.0873307 ], [ -89.329549, 43.0872292 ], [ -89.3294601, 43.0871979 ], [ -89.3293975, 43.0871667 ], [ -89.3293609, 43.0871511 ], [ -89.3292826, 43.0871122 ], [ -89.32922, 43.0870733 ], [ -89.3291836, 43.0870423 ], [ -89.3291523, 43.087019 ], [ -89.3290064, 43.0869219 ], [ -89.3289751, 43.0869063 ], [ -89.3289491, 43.0868792 ], [ -89.3286943, 43.0866583 ], [ -89.3286372, 43.0865964 ], [ -89.328595600000014, 43.0865615 ], [ -89.3285228, 43.0865033 ], [ -89.3284497, 43.0864644 ], [ -89.3283974, 43.086441 ], [ -89.328372, 43.0864391 ], [ -89.328293699999989, 43.0863963 ], [ -89.3281952, 43.0862841 ], [ -89.3280916, 43.0862026 ], [ -89.3280853, 43.0861879 ], [ -89.3280608, 43.0861998 ] ] ] ] } },
{ "type": "Feature", "properties": { "rep_unit_id": 115, "ward": "C Madison Wd 017", "county": "DANE" }, "geometry": { "type": "MultiPolygon", "coordinates": [ [ [ [ -89.3193727, 43.1064156 ], [ -89.3229241, 43.1064497 ], [ -89.324001, 43.1064615 ], [ -89.3270069, 43.1064943 ], [ -89.3270166, 43.1061191 ], [ -89.327286199999989, 43.1061229 ], [ -89.327289, 43.1060131 ], [ -89.3272919, 43.1059034 ], [ -89.327292, 43.1058969 ], [ -89.3272958, 43.1057937 ], [ -89.3275485, 43.1057972 ], [ -89.3275526, 43.1056875 ], [ -89.3275553, 43.1056129 ], [ -89.3275565, 43.1055796 ], [ -89.3275566, 43.1055762 ], [ -89.3275595, 43.1054974 ], [ -89.328083, 43.1055057 ], [ -89.3281963, 43.1055074 ], [ -89.3282149, 43.1046677 ], [ -89.328226700000016, 43.1043226 ], [ -89.3256691, 43.1056854 ], [ -89.3257302, 43.1041647 ], [ -89.3250139, 43.1041817 ], [ -89.3235528, 43.1042181 ], [ -89.3236129, 43.1027297 ], [ -89.3236192, 43.1025733 ], [ -89.324023700000012, 43.1025632 ], [ -89.325795, 43.102519099999988 ], [ -89.3258585, 43.1009244 ], [ -89.325964, 43.0982711 ], [ -89.325968, 43.0981807 ], [ -89.3282143, 43.0981909 ], [ -89.3283003, 43.0981935 ], [ -89.3283855, 43.0981987 ], [ -89.328473, 43.0982066 ], [ -89.3285611, 43.0982171 ], [ -89.3286493, 43.0982301 ], [ -89.3287371, 43.0982456 ], [ -89.3288241, 43.0982636 ], [ -89.3289102, 43.0982839 ], [ -89.3289945, 43.0983063 ], [ -89.3290775, 43.0983311 ], [ -89.3291592, 43.098358 ], [ -89.3292394, 43.0983871 ], [ -89.329318, 43.0984184 ], [ -89.329395, 43.0984518 ], [ -89.3294703, 43.0984873 ], [ -89.3295438, 43.0985248 ], [ -89.3302399, 43.098883699999988 ], [ -89.3302399, 43.0988833 ], [ -89.3303029, 43.0989136 ], [ -89.3303662, 43.0989435 ], [ -89.3304299, 43.098973 ], [ -89.3304939, 43.0990021 ], [ -89.3305583, 43.0990308 ], [ -89.330623, 43.0990591 ], [ -89.330688, 43.099087 ], [ -89.330746499999989, 43.0991117 ], [ -89.3308053, 43.0991361 ], [ -89.3308453, 43.0991524 ], [ -89.330895, 43.0991717 ], [ -89.3309236, 43.0991838 ], [ -89.3310983, 43.0992515 ], [ -89.331578, 43.0994386 ], [ -89.331580699999989, 43.0994397 ], [ -89.331650599999989, 43.0993611 ], [ -89.3317165, 43.099244 ], [ -89.3320148, 43.0988264 ], [ -89.3321844, 43.09859 ], [ -89.3323665, 43.0982848 ], [ -89.3324827, 43.0981218 ], [ -89.3325989, 43.0979635 ], [ -89.3326384, 43.0979052 ], [ -89.3326754, 43.0978461 ], [ -89.3327099, 43.0977861 ], [ -89.3327418, 43.0977254 ], [ -89.3327712, 43.0976639 ], [ -89.3327979, 43.0976019 ], [ -89.3328219, 43.0975392 ], [ -89.3328433, 43.0974761 ], [ -89.332862, 43.0974125 ], [ -89.332878, 43.0973484 ], [ -89.3328912, 43.0972841 ], [ -89.3329086, 43.0972082 ], [ -89.332923600000015, 43.097132 ], [ -89.3329361, 43.0970556 ], [ -89.332946100000015, 43.096979 ], [ -89.332945, 43.0969236 ], [ -89.3329046, 43.0967239 ], [ -89.3328298, 43.0964345 ], [ -89.3327674, 43.0962668 ], [ -89.3326705, 43.0960923 ], [ -89.3325767, 43.0959957 ], [ -89.3324797, 43.0958855 ], [ -89.3324265, 43.0958344 ], [ -89.3323756, 43.095782 ], [ -89.332327, 43.0957285 ], [ -89.3322809, 43.0956738 ], [ -89.3322372, 43.095618 ], [ -89.3321961, 43.0955612 ], [ -89.3321575, 43.0955035 ], [ -89.3321215, 43.0954449 ], [ -89.3320882, 43.0953854 ], [ -89.3320575, 43.0953252 ], [ -89.3320295, 43.0952643 ], [ -89.3320043, 43.0952027 ], [ -89.3319818, 43.0951406 ], [ -89.3319621, 43.0950779 ], [ -89.3319452, 43.0950148 ], [ -89.3319611, 43.0948541 ], [ -89.3319835, 43.0945258 ], [ -89.3320466, 43.0942618 ], [ -89.3320907, 43.0941034 ], [ -89.3321787, 43.093867 ], [ -89.3322856, 43.093626 ], [ -89.3323987, 43.0934378 ], [ -89.3325494, 43.0932404 ], [ -89.3325725, 43.093219 ], [ -89.3324752, 43.0931764 ], [ -89.3279911, 43.0912112 ], [ -89.3278077, 43.0911313 ], [ -89.3252696, 43.090018799999989 ], [ -89.3250507, 43.0899239 ], [ -89.3249027, 43.0898599 ], [ -89.3208897, 43.088104799999989 ], [ -89.3186988, 43.0871467 ], [ -89.3164261, 43.0861534 ], [ -89.316177599999989, 43.0860452 ], [ -89.3142348, 43.085199 ], [ -89.3141867, 43.085178 ], [ -89.3141386, 43.0851569 ], [ -89.3140906, 43.0851356 ], [ -89.31404280000001, 43.0851143 ], [ -89.313995, 43.0850928 ], [ -89.3139473, 43.0850713 ], [ -89.3138997, 43.0850496 ], [ -89.3138523, 43.0850278 ], [ -89.3138049, 43.0850059 ], [ -89.3137576, 43.0849839 ], [ -89.3137104, 43.0849617 ], [ -89.3136633, 43.0849395 ], [ -89.3136163, 43.0849171 ], [ -89.3135694, 43.0848947 ], [ -89.3135226, 43.0848721 ], [ -89.313476, 43.0848494 ], [ -89.3134294, 43.0848266 ], [ -89.3133829, 43.0848037 ], [ -89.3133365, 43.0847806 ], [ -89.3132902, 43.0847575 ], [ -89.313244, 43.0847342 ], [ -89.3131345, 43.0846777 ], [ -89.3130989, 43.0846589 ], [ -89.3130633, 43.08464 ], [ -89.3130279, 43.084621 ], [ -89.3129925, 43.0846019 ], [ -89.3129573, 43.0845827 ], [ -89.3129222, 43.0845633 ], [ -89.3128872, 43.0845439 ], [ -89.3128522, 43.0845244 ], [ -89.3128174, 43.0845047 ], [ -89.3127827, 43.084485 ], [ -89.3127481, 43.0844652 ], [ -89.3127136, 43.0844452 ], [ -89.3126793, 43.0844252 ], [ -89.312645, 43.0844051 ], [ -89.3126108, 43.0843848 ], [ -89.3125768, 43.0843645 ], [ -89.3125429, 43.084344 ], [ -89.312509, 43.084323499999989 ], [ -89.3124753, 43.0843029 ], [ -89.3124417, 43.0842821 ], [ -89.3124082, 43.0842613 ], [ -89.3123749, 43.0842404 ], [ -89.3123416, 43.0842193 ], [ -89.3123085, 43.0841982 ], [ -89.3122754, 43.084177 ], [ -89.312242500000011, 43.0841557 ], [ -89.3122097, 43.084134299999988 ], [ -89.3121771, 43.0841127 ], [ -89.3119444, 43.0839486 ], [ -89.3115028, 43.0839616 ], [ -89.31152680000001, 43.084044 ], [ -89.3117633, 43.0848551 ], [ -89.3117984, 43.084983 ], [ -89.3118341, 43.0851107 ], [ -89.311870399999989, 43.0852384 ], [ -89.3119074, 43.0853659 ], [ -89.311945, 43.0854933 ], [ -89.3119833, 43.0856207 ], [ -89.3120221, 43.0857479 ], [ -89.3120616, 43.0858751 ], [ -89.3121018, 43.0860021 ], [ -89.3121425, 43.086129 ], [ -89.3121839, 43.086255799999989 ], [ -89.3125542, 43.0872736 ], [ -89.3131663, 43.0889564 ], [ -89.3139916, 43.0912032 ], [ -89.3143865, 43.0922809 ], [ -89.3146357, 43.0929705 ], [ -89.315318499999989, 43.0948795 ], [ -89.3156476, 43.0958199 ], [ -89.3158967, 43.0965082 ], [ -89.3160777, 43.0970091 ], [ -89.3162095, 43.0974011 ], [ -89.3163219, 43.0977568 ], [ -89.3164394, 43.098224 ], [ -89.3164593, 43.0983059 ], [ -89.3164603, 43.0983101 ], [ -89.3164782, 43.0983867 ], [ -89.3165033, 43.0984956 ], [ -89.3165039, 43.0984985 ], [ -89.3171255, 43.0984849 ], [ -89.3168592, 43.0987189 ], [ -89.316918199999989, 43.0990377 ], [ -89.3169684, 43.099357399999988 ], [ -89.3170099, 43.0996777 ], [ -89.3170426, 43.0999986 ], [ -89.3170665, 43.1003198 ], [ -89.3170816, 43.1006414 ], [ -89.3170878, 43.1009631 ], [ -89.3170862, 43.1012376 ], [ -89.3171261, 43.1012367 ], [ -89.317121, 43.1017188 ], [ -89.3172746, 43.1019645 ], [ -89.3172754, 43.1019645 ], [ -89.31926, 43.1019213 ], [ -89.3195263, 43.101915500000011 ], [ -89.3196502, 43.1019128 ], [ -89.3196084, 43.1011831 ], [ -89.3196067, 43.1011526 ], [ -89.3195639, 43.1004047 ], [ -89.3194511, 43.0984338 ], [ -89.3196118, 43.0984303 ], [ -89.3206974, 43.098406399999988 ], [ -89.3206974, 43.098408 ], [ -89.3207516, 43.0993542 ], [ -89.3196293, 43.099387 ], [ -89.3196873, 43.1004009 ], [ -89.320751199999989, 43.1003698 ], [ -89.320458, 43.1019219 ], [ -89.3204579, 43.1019224 ], [ -89.3197752, 43.1019374 ], [ -89.3195278, 43.1019428 ], [ -89.3190844, 43.1019524 ], [ -89.3172916, 43.1019916 ], [ -89.3171181, 43.1019954 ], [ -89.3170648, 43.1019965 ], [ -89.317083599999989, 43.1013473 ], [ -89.3167701, 43.1013579 ], [ -89.3166873, 43.1048339 ], [ -89.3167004, 43.1059675 ], [ -89.316692, 43.1063842 ], [ -89.3193727, 43.1064156 ] ] ] ] } },
{ "type": "Feature", "properties": { "rep_unit_id": 116, "ward": "C Madison Wd 018", "county": "DANE" }, "geometry": { "type": "MultiPolygon", "coordinates": [ [ [ [ -89.3356303, 43.1009118 ], [ -89.335617, 43.1012046 ], [ -89.335612, 43.1013143 ], [ -89.335607, 43.101424 ], [ -89.335602, 43.1015336 ], [ -89.335597, 43.1016433 ], [ -89.335592, 43.101753 ], [ -89.335587, 43.1018627 ], [ -89.335582, 43.1019724 ], [ -89.335577, 43.1020821 ], [ -89.335572, 43.1021918 ], [ -89.335567, 43.1023015 ], [ -89.335562, 43.1024103 ], [ -89.335562, 43.1024112 ], [ -89.3355546, 43.1025757 ], [ -89.3355496, 43.1026854 ], [ -89.3355446, 43.1027951 ], [ -89.3355396, 43.1029048 ], [ -89.3355346, 43.1030145 ], [ -89.3355296, 43.103124199999989 ], [ -89.3355247, 43.1032338 ], [ -89.3355197, 43.1033435 ], [ -89.3355147, 43.1034532 ], [ -89.3355072, 43.103617799999988 ], [ -89.3355022, 43.1037274 ], [ -89.3354972, 43.1038371 ], [ -89.3354922, 43.1039468 ], [ -89.3354872, 43.1040565 ], [ -89.335482200000015, 43.1041662 ], [ -89.3354772, 43.1042759 ], [ -89.3354722, 43.1043856 ], [ -89.3354672, 43.1044953 ], [ -89.335459700000015, 43.1046598 ], [ -89.3354547, 43.104769499999989 ], [ -89.3354497, 43.1048792 ], [ -89.3354447, 43.1049889 ], [ -89.3354397, 43.1050986 ], [ -89.3354347, 43.1052083 ], [ -89.3354297, 43.1053179 ], [ -89.3354247, 43.1054276 ], [ -89.3354197, 43.1055373 ], [ -89.3354122, 43.1057019 ], [ -89.3354072, 43.1058116 ], [ -89.3354022, 43.1059212 ], [ -89.3353972, 43.1060309 ], [ -89.3353922, 43.1061406 ], [ -89.3353872, 43.1062503 ], [ -89.3353704, 43.106619 ], [ -89.3360437, 43.1066276 ], [ -89.3361041, 43.1066287 ], [ -89.3361644, 43.1066304 ], [ -89.3362247, 43.1066325 ], [ -89.336285, 43.1066352 ], [ -89.3363452, 43.1066383 ], [ -89.3364054, 43.1066419 ], [ -89.3364655, 43.1066461 ], [ -89.3365256, 43.106650699999989 ], [ -89.3365856, 43.1066559 ], [ -89.3366455, 43.1066615 ], [ -89.3367053, 43.106667699999988 ], [ -89.336765, 43.1066743 ], [ -89.3368246, 43.1066814 ], [ -89.336884, 43.1066891 ], [ -89.3369434, 43.1066972 ], [ -89.3370026, 43.1067058 ], [ -89.3370617, 43.1067149 ], [ -89.3371207, 43.1067245 ], [ -89.3371794, 43.1067346 ], [ -89.3372381, 43.1067452 ], [ -89.3372954, 43.1067576 ], [ -89.3373525, 43.1067705 ], [ -89.3374094, 43.1067839 ], [ -89.337466, 43.1067979 ], [ -89.337522400000012, 43.1068123 ], [ -89.3375786, 43.1068273 ], [ -89.3376345, 43.1068428 ], [ -89.337690099999989, 43.1068588 ], [ -89.3377455, 43.1068752 ], [ -89.3378006, 43.1068922 ], [ -89.3378554, 43.1069097 ], [ -89.3379099, 43.1069277 ], [ -89.337964, 43.1069462 ], [ -89.338017900000011, 43.1069651 ], [ -89.3380714, 43.1069846 ], [ -89.3381247, 43.1070045 ], [ -89.3381775, 43.1070249 ], [ -89.3382301, 43.1070458 ], [ -89.3382822, 43.1070671 ], [ -89.338334, 43.107089 ], [ -89.3383854, 43.1071113 ], [ -89.3384365, 43.107134 ], [ -89.3384872, 43.1071573 ], [ -89.3385374, 43.107181 ], [ -89.3385873, 43.1072051 ], [ -89.3386367, 43.1072297 ], [ -89.338688600000012, 43.1071926 ], [ -89.3387401, 43.1071551 ], [ -89.338791, 43.1071173 ], [ -89.3388415, 43.1070792 ], [ -89.3388916, 43.1070408 ], [ -89.3389411, 43.107002 ], [ -89.3389902, 43.1069629 ], [ -89.3390388, 43.1069235 ], [ -89.3390869, 43.1068837 ], [ -89.3391346, 43.1068437 ], [ -89.3391817, 43.1068033 ], [ -89.3392284, 43.1067626 ], [ -89.339274500000016, 43.1067217 ], [ -89.339316599999989, 43.1066838 ], [ -89.3394554, 43.1065589 ], [ -89.3394921, 43.1065271 ], [ -89.3395283, 43.1064949 ], [ -89.3395638, 43.1064624 ], [ -89.3395989, 43.1064295 ], [ -89.3396333, 43.1063963 ], [ -89.3396671, 43.1063628 ], [ -89.3397004, 43.106329 ], [ -89.339733099999989, 43.1062949 ], [ -89.3397651, 43.1062605 ], [ -89.3397966, 43.1062258 ], [ -89.3398275, 43.1061908 ], [ -89.3402565, 43.1056995 ], [ -89.3403029, 43.1056476 ], [ -89.3403498, 43.1055959 ], [ -89.3403973, 43.1055445 ], [ -89.3404453, 43.1054934 ], [ -89.3404939, 43.1054425 ], [ -89.340543, 43.105392 ], [ -89.3405927, 43.1053417 ], [ -89.3406429, 43.105291699999988 ], [ -89.3406936, 43.1052419 ], [ -89.3407448, 43.1051925 ], [ -89.3407966, 43.1051434 ], [ -89.340848799999989, 43.1050945 ], [ -89.3409016, 43.105046 ], [ -89.3417394, 43.1043248 ], [ -89.3418628, 43.1042185 ], [ -89.3419052, 43.1041889 ], [ -89.341948, 43.1041597 ], [ -89.341991299999989, 43.1041309 ], [ -89.3420352, 43.1041025 ], [ -89.3420795, 43.1040746 ], [ -89.3421242, 43.104047 ], [ -89.3421695, 43.1040198 ], [ -89.3422152, 43.1039931 ], [ -89.3422614, 43.1039668 ], [ -89.342308, 43.1039409 ], [ -89.342355, 43.1039154 ], [ -89.3424025, 43.1038904 ], [ -89.3424504, 43.1038658 ], [ -89.3424987, 43.1038416 ], [ -89.3425475, 43.1038179 ], [ -89.3425966, 43.1037947 ], [ -89.3426461, 43.1037719 ], [ -89.3426961, 43.1037496 ], [ -89.3427464, 43.1037277 ], [ -89.342797, 43.1037063 ], [ -89.342848, 43.1036853 ], [ -89.3428994, 43.1036648 ], [ -89.3431972, 43.103539 ], [ -89.3441402, 43.1031642 ], [ -89.3450422, 43.1028056 ], [ -89.3463793, 43.1022595 ], [ -89.34683, 43.1020745 ], [ -89.346873699999989, 43.1020525 ], [ -89.3469171, 43.1020301 ], [ -89.34696, 43.1020073 ], [ -89.3470025, 43.101984 ], [ -89.3470445, 43.1019603 ], [ -89.3470861, 43.1019362 ], [ -89.3471273, 43.1019117 ], [ -89.3471679, 43.1018868 ], [ -89.347208099999989, 43.1018614 ], [ -89.3472479, 43.1018357 ], [ -89.347287100000017, 43.1018096 ], [ -89.3473258, 43.101783 ], [ -89.3473641, 43.101756099999989 ], [ -89.3474018, 43.1017288 ], [ -89.347439, 43.1017011 ], [ -89.3474757, 43.1016731 ], [ -89.3475119, 43.1016446 ], [ -89.3475475, 43.1016159 ], [ -89.3475826, 43.1015867 ], [ -89.3476172, 43.1015572 ], [ -89.3476511, 43.1015274 ], [ -89.3476846, 43.1014972 ], [ -89.3477174, 43.1014667 ], [ -89.3477497, 43.1014359 ], [ -89.3477814, 43.1014047 ], [ -89.347812499999989, 43.1013733 ], [ -89.347843, 43.1013415 ], [ -89.3478729, 43.1013094 ], [ -89.3479022, 43.101277 ], [ -89.3479309, 43.1012443 ], [ -89.347959, 43.1012114 ], [ -89.3479865, 43.1011781 ], [ -89.3481857, 43.1009239 ], [ -89.3486055, 43.1003908 ], [ -89.3486795, 43.1002959 ], [ -89.3488895, 43.1000205 ], [ -89.3489111, 43.0999931 ], [ -89.3489333, 43.099966 ], [ -89.3489561, 43.0999391 ], [ -89.3489796, 43.0999126 ], [ -89.349003599999989, 43.0998863 ], [ -89.3490281, 43.0998603 ], [ -89.3490533, 43.0998346 ], [ -89.349079, 43.099809199999989 ], [ -89.3491053, 43.0997841 ], [ -89.3491321, 43.0997593 ], [ -89.3491595, 43.0997349 ], [ -89.3491874, 43.0997108 ], [ -89.3492159, 43.099687 ], [ -89.3492449, 43.0996636 ], [ -89.3492744, 43.0996405 ], [ -89.3493044, 43.0996177 ], [ -89.3493349, 43.0995954 ], [ -89.3493659, 43.0995734 ], [ -89.3493974, 43.0995517 ], [ -89.3510234, 43.0983468 ], [ -89.3518519, 43.09771 ], [ -89.3510942, 43.097192299999989 ], [ -89.351112, 43.0971818 ], [ -89.3511294, 43.0971709 ], [ -89.3511464, 43.0971596 ], [ -89.3511629, 43.097148 ], [ -89.3511789, 43.0971361 ], [ -89.3511945, 43.0971238 ], [ -89.3512095, 43.0971113 ], [ -89.3512241, 43.0970984 ], [ -89.3512382, 43.0970852 ], [ -89.3512517, 43.0970717 ], [ -89.3512647, 43.0970579 ], [ -89.3512772, 43.0970439 ], [ -89.3512891, 43.0970296 ], [ -89.351474, 43.0967933 ], [ -89.3513673, 43.0967945 ], [ -89.3512219, 43.0967961 ], [ -89.3512102, 43.0967961 ], [ -89.3511985, 43.096796399999988 ], [ -89.3511869, 43.0967973 ], [ -89.3511754, 43.0967986 ], [ -89.351163899999989, 43.0968003 ], [ -89.3511526, 43.0968026 ], [ -89.3511415, 43.0968052 ], [ -89.3511307, 43.0968083 ], [ -89.35112, 43.0968119 ], [ -89.3511097, 43.0968158 ], [ -89.3510996, 43.0968202 ], [ -89.3510899, 43.0968249 ], [ -89.3509787, 43.0968793 ], [ -89.350967, 43.096884 ], [ -89.350955, 43.0968883 ], [ -89.3509428, 43.0968922 ], [ -89.3509303, 43.0968956 ], [ -89.3509176, 43.0968986 ], [ -89.3509047, 43.0969011 ], [ -89.3508917, 43.0969032 ], [ -89.3508786, 43.0969049 ], [ -89.3508653, 43.0969061 ], [ -89.350852, 43.0969068 ], [ -89.3508387, 43.096907099999989 ], [ -89.3506498, 43.0969031 ], [ -89.3506509, 43.0971323 ], [ -89.3506154, 43.0971468 ], [ -89.3505798, 43.0971612 ], [ -89.3505441, 43.0971755 ], [ -89.3505084, 43.0971897 ], [ -89.350472599999989, 43.097203799999988 ], [ -89.3504366, 43.0972177 ], [ -89.3504006, 43.0972316 ], [ -89.350364500000012, 43.0972453 ], [ -89.3503284, 43.0972588 ], [ -89.3502921, 43.0972723 ], [ -89.3502557, 43.0972856 ], [ -89.3502193, 43.0972989 ], [ -89.3501828, 43.097312 ], [ -89.3501462, 43.097325 ], [ -89.3501096, 43.0973378 ], [ -89.3500728, 43.0973505 ], [ -89.350036, 43.0973632 ], [ -89.3499991, 43.0973757 ], [ -89.3499621, 43.097388 ], [ -89.349925, 43.0974003 ], [ -89.349887900000013, 43.097412399999989 ], [ -89.3498507, 43.0974244 ], [ -89.3498134, 43.0974363 ], [ -89.3497761, 43.097448 ], [ -89.349738699999989, 43.0974597 ], [ -89.3497012, 43.0974712 ], [ -89.3496636, 43.0974826 ], [ -89.349626, 43.0974938 ], [ -89.3495883, 43.097505 ], [ -89.3495505, 43.097516 ], [ -89.3495126, 43.0975269 ], [ -89.3494747, 43.097537599999988 ], [ -89.3494368, 43.0975483 ], [ -89.3493987, 43.0975588 ], [ -89.3493606, 43.0975692 ], [ -89.349322500000014, 43.0975794 ], [ -89.3492842, 43.0975895 ], [ -89.3492459, 43.0975995 ], [ -89.3492076, 43.0976094 ], [ -89.3491692, 43.0976192 ], [ -89.349130699999989, 43.0976288 ], [ -89.3490922, 43.0976383 ], [ -89.3490536, 43.0976476 ], [ -89.3490149, 43.0976569 ], [ -89.3489762, 43.097666 ], [ -89.3489375, 43.097675 ], [ -89.3488987, 43.0976838 ], [ -89.3488598, 43.0976926 ], [ -89.3488209, 43.0977012 ], [ -89.3487819, 43.097709599999988 ], [ -89.3487429, 43.097718 ], [ -89.3487038, 43.0977262 ], [ -89.3486647, 43.0977342 ], [ -89.3486255, 43.0977422 ], [ -89.3485863, 43.09775 ], [ -89.348547, 43.0977577 ], [ -89.3485077, 43.0977653 ], [ -89.3484683, 43.0977727 ], [ -89.3484289, 43.09778 ], [ -89.348389400000016, 43.0977872 ], [ -89.3483499, 43.0977942 ], [ -89.3483104, 43.0978011 ], [ -89.3482708, 43.0978079 ], [ -89.3482312, 43.0978145 ], [ -89.3481915, 43.097821 ], [ -89.3481518, 43.0978274 ], [ -89.3481121, 43.0978337 ], [ -89.348072300000013, 43.0978398 ], [ -89.3480324, 43.097845799999988 ], [ -89.3479919, 43.0978519 ], [ -89.3479512, 43.0978578 ], [ -89.3479106, 43.0978637 ], [ -89.3478699, 43.0978694 ], [ -89.3478291, 43.097875 ], [ -89.3477884, 43.0978805 ], [ -89.3477476, 43.0978858 ], [ -89.3477068, 43.0978911 ], [ -89.347666, 43.0978962 ], [ -89.3476251, 43.0979012 ], [ -89.3475842, 43.097906 ], [ -89.3475433, 43.0979108 ], [ -89.3475023, 43.0979154 ], [ -89.3474613, 43.0979199 ], [ -89.3474203, 43.0979243 ], [ -89.3473793, 43.0979286 ], [ -89.3473383, 43.0979327 ], [ -89.3472972, 43.0979367 ], [ -89.347256, 43.0979407 ], [ -89.347214799999989, 43.0979445 ], [ -89.3471735, 43.0979481 ], [ -89.3471323, 43.0979517 ], [ -89.347091, 43.0979551 ], [ -89.3470497, 43.0979583 ], [ -89.3470084, 43.0979615 ], [ -89.346967, 43.0979645 ], [ -89.3469257, 43.0979673 ], [ -89.3468843, 43.0979701 ], [ -89.3468429, 43.0979727 ], [ -89.3468015, 43.0979752 ], [ -89.3467601, 43.0979775 ], [ -89.3467187, 43.0979797 ], [ -89.3466772, 43.0979818 ], [ -89.3466358, 43.0979837 ], [ -89.3465943, 43.0979855 ], [ -89.3465528, 43.0979872 ], [ -89.346511299999989, 43.097988699999988 ], [ -89.3464698, 43.0979901 ], [ -89.3464283, 43.0979914 ], [ -89.3463868, 43.0979925 ], [ -89.3463453, 43.0979935 ], [ -89.3463038, 43.0979944 ], [ -89.3462622, 43.0979951 ], [ -89.346220699999989, 43.0979957 ], [ -89.3461792, 43.0979962 ], [ -89.3461376, 43.0979966 ], [ -89.3460961, 43.0979968 ], [ -89.3460545, 43.0979968 ], [ -89.346013, 43.0979968 ], [ -89.3459715, 43.0979966 ], [ -89.3459299, 43.0979962 ], [ -89.3458884, 43.0979958 ], [ -89.3458468, 43.0979952 ], [ -89.3458053, 43.0979945 ], [ -89.3457638, 43.0979936 ], [ -89.3457223, 43.0979926 ], [ -89.3456808, 43.0979915 ], [ -89.3456392, 43.0979902 ], [ -89.345597700000013, 43.0979888 ], [ -89.345556300000013, 43.0979873 ], [ -89.345514799999989, 43.0979856 ], [ -89.3454733, 43.0979838 ], [ -89.3454319, 43.0979819 ], [ -89.3453904, 43.0979798 ], [ -89.345349, 43.0979776 ], [ -89.3453075, 43.0979753 ], [ -89.345266099999989, 43.0979728 ], [ -89.3452248, 43.0979702 ], [ -89.3451834, 43.0979675 ], [ -89.3449163, 43.0979466 ], [ -89.3448775, 43.0979433 ], [ -89.3448387, 43.0979399 ], [ -89.3447999, 43.0979364 ], [ -89.3447612, 43.0979327 ], [ -89.344722499999989, 43.0979289 ], [ -89.3446838, 43.097925 ], [ -89.3446452, 43.0979209 ], [ -89.3446066, 43.0979167 ], [ -89.344568, 43.0979123 ], [ -89.3445294, 43.0979079 ], [ -89.3444909, 43.0979033 ], [ -89.3444524, 43.0978985 ], [ -89.3444139, 43.0978937 ], [ -89.3443754, 43.0978887 ], [ -89.344337, 43.0978835 ], [ -89.3442987, 43.0978782 ], [ -89.3442603, 43.0978728 ], [ -89.344222, 43.0978673 ], [ -89.3441837, 43.097861599999987 ], [ -89.3441455, 43.0978558 ], [ -89.3441073, 43.0978499 ], [ -89.3440691, 43.0978438 ], [ -89.3438381, 43.0978044 ], [ -89.3437954, 43.0977965 ], [ -89.3437528, 43.0977885 ], [ -89.3437102, 43.0977803 ], [ -89.3436677, 43.097772 ], [ -89.3436252, 43.0977636 ], [ -89.3435828, 43.097755 ], [ -89.3435404, 43.0977463 ], [ -89.343498, 43.0977375 ], [ -89.343455800000015, 43.0977285 ], [ -89.3434135, 43.0977195 ], [ -89.3433713, 43.0977102 ], [ -89.3433292, 43.0977009 ], [ -89.3432872, 43.0976914 ], [ -89.3432451, 43.0976818 ], [ -89.3432032, 43.0976721 ], [ -89.3431613, 43.0976622 ], [ -89.3431194, 43.0976522 ], [ -89.3430776, 43.097642 ], [ -89.3430359, 43.0976318 ], [ -89.3429943, 43.0976214 ], [ -89.3429526, 43.0976109 ], [ -89.34292, 43.0976027 ], [ -89.3428873, 43.0975944 ], [ -89.3428548, 43.0975861 ], [ -89.3428223, 43.0975775 ], [ -89.3427898, 43.0975689 ], [ -89.3427574, 43.0975602 ], [ -89.3427251, 43.0975513 ], [ -89.3426929, 43.0975423 ], [ -89.3426606, 43.0975332 ], [ -89.342628499999989, 43.097524 ], [ -89.3425964, 43.0975147 ], [ -89.3425644, 43.0975052 ], [ -89.3425325, 43.0974956 ], [ -89.3425006, 43.0974859 ], [ -89.3424688, 43.0974761 ], [ -89.342437, 43.0974662 ], [ -89.3424053, 43.0974562 ], [ -89.3423662, 43.097444 ], [ -89.3423272, 43.0974317 ], [ -89.3422882, 43.0974192 ], [ -89.3422493, 43.0974067 ], [ -89.3422105, 43.097394 ], [ -89.3421718, 43.0973812 ], [ -89.3421331, 43.0973682 ], [ -89.3420945, 43.0973552 ], [ -89.342056, 43.097342 ], [ -89.3420176, 43.0973287 ], [ -89.3419792, 43.0973153 ], [ -89.3419409, 43.0973017 ], [ -89.3419028, 43.0972881 ], [ -89.3418646, 43.0972743 ], [ -89.3418266, 43.0972603 ], [ -89.3417887, 43.0972463 ], [ -89.3417508, 43.0972321 ], [ -89.3417131, 43.0972179 ], [ -89.3416754, 43.0972035 ], [ -89.3416378, 43.0971889 ], [ -89.3416003, 43.0971743 ], [ -89.3415628, 43.0971595 ], [ -89.3415255, 43.0971447 ], [ -89.3414882, 43.0971297 ], [ -89.3414511, 43.0971145 ], [ -89.341414, 43.0970993 ], [ -89.341377, 43.097084 ], [ -89.3413402, 43.0970685 ], [ -89.3413034, 43.0970529 ], [ -89.3412667, 43.0970372 ], [ -89.3412301, 43.0970214 ], [ -89.3411935, 43.0970054 ], [ -89.3411571, 43.0969893 ], [ -89.3411208, 43.0969732 ], [ -89.3383472, 43.0957536 ], [ -89.3381329, 43.0956589 ], [ -89.3327158, 43.0932817 ], [ -89.3325725, 43.093219 ], [ -89.3325494, 43.0932404 ], [ -89.3323987, 43.0934378 ], [ -89.3322856, 43.093626 ], [ -89.3321787, 43.093867 ], [ -89.3320907, 43.0941034 ], [ -89.3320466, 43.0942618 ], [ -89.3319835, 43.0945258 ], [ -89.3319611, 43.0948541 ], [ -89.3319452, 43.0950148 ], [ -89.3319621, 43.0950779 ], [ -89.3319818, 43.0951406 ], [ -89.3320043, 43.0952027 ], [ -89.3320295, 43.0952643 ], [ -89.3320575, 43.0953252 ], [ -89.3320882, 43.0953854 ], [ -89.3321215, 43.0954449 ], [ -89.3321575, 43.0955035 ], [ -89.3321961, 43.0955612 ], [ -89.3322372, 43.095618 ], [ -89.3322809, 43.0956738 ], [ -89.332327, 43.0957285 ], [ -89.3323756, 43.095782 ], [ -89.3324265, 43.0958344 ], [ -89.3324797, 43.0958855 ], [ -89.3325767, 43.0959957 ], [ -89.3326705, 43.0960923 ], [ -89.3327674, 43.0962668 ], [ -89.3328298, 43.0964345 ], [ -89.3329046, 43.0967239 ], [ -89.332945, 43.0969236 ], [ -89.332946100000015, 43.096979 ], [ -89.3329361, 43.0970556 ], [ -89.332923600000015, 43.097132 ], [ -89.3329086, 43.0972082 ], [ -89.3328912, 43.0972841 ], [ -89.332878, 43.0973484 ], [ -89.332862, 43.0974125 ], [ -89.3328433, 43.0974761 ], [ -89.3328219, 43.0975392 ], [ -89.3327979, 43.0976019 ], [ -89.3327712, 43.0976639 ], [ -89.3327418, 43.0977254 ], [ -89.3327099, 43.0977861 ], [ -89.3326754, 43.0978461 ], [ -89.3326384, 43.0979052 ], [ -89.3325989, 43.0979635 ], [ -89.3324827, 43.0981218 ], [ -89.3323665, 43.0982848 ], [ -89.3321844, 43.09859 ], [ -89.3320148, 43.0988264 ], [ -89.3317165, 43.099244 ], [ -89.331650599999989, 43.0993611 ], [ -89.331580699999989, 43.0994397 ], [ -89.331578, 43.0994386 ], [ -89.3310983, 43.0992515 ], [ -89.3309236, 43.0991838 ], [ -89.330895, 43.0991717 ], [ -89.3308453, 43.0991524 ], [ -89.3308053, 43.0991361 ], [ -89.330746499999989, 43.0991117 ], [ -89.330688, 43.099087 ], [ -89.330623, 43.0990591 ], [ -89.3305583, 43.0990308 ], [ -89.3304939, 43.0990021 ], [ -89.3304299, 43.098973 ], [ -89.3303662, 43.0989435 ], [ -89.3303029, 43.0989136 ], [ -89.3302399, 43.0988833 ], [ -89.3302399, 43.098883699999988 ], [ -89.3295438, 43.0985248 ], [ -89.3294703, 43.0984873 ], [ -89.329395, 43.0984518 ], [ -89.329318, 43.0984184 ], [ -89.3292394, 43.0983871 ], [ -89.3291592, 43.098358 ], [ -89.3290775, 43.0983311 ], [ -89.3289945, 43.0983063 ], [ -89.3289102, 43.0982839 ], [ -89.3288241, 43.0982636 ], [ -89.3287371, 43.0982456 ], [ -89.3286493, 43.0982301 ], [ -89.3285611, 43.0982171 ], [ -89.328473, 43.0982066 ], [ -89.3283855, 43.0981987 ], [ -89.3283003, 43.0981935 ], [ -89.3282143, 43.0981909 ], [ -89.325968, 43.0981807 ], [ -89.325964, 43.0982711 ], [ -89.3258585, 43.1009244 ], [ -89.325795, 43.102519099999988 ], [ -89.324023700000012, 43.1025632 ], [ -89.3236192, 43.1025733 ], [ -89.3236129, 43.1027297 ], [ -89.3235528, 43.1042181 ], [ -89.3250139, 43.1041817 ], [ -89.3257302, 43.1041647 ], [ -89.3256691, 43.1056854 ], [ -89.328226700000016, 43.1043226 ], [ -89.3288094, 43.1039992 ], [ -89.3288436, 43.1031936 ], [ -89.3288446, 43.1031911 ], [ -89.3290782, 43.1030685 ], [ -89.329982, 43.1025867 ], [ -89.3306603, 43.1022236 ], [ -89.3306603, 43.1022252 ], [ -89.3306436, 43.1025954 ], [ -89.3306234, 43.1030433 ], [ -89.3306156, 43.1032164 ], [ -89.3356425, 43.1005276 ], [ -89.3356323, 43.1007123 ], [ -89.3356303, 43.1009118 ] ] ] ] } },
{ "type": "Feature", "properties": { "rep_unit_id": 117, "ward": "C Madison Wd 019", "county": "DANE" }, "geometry": { "type": "MultiPolygon", "coordinates": [ [ [ [ -89.3496716, 43.0885496 ], [ -89.3496109, 43.0885752 ], [ -89.3495324, 43.0886165 ], [ -89.3495349, 43.0886415 ], [ -89.3494854, 43.0886632 ], [ -89.3494627, 43.088645 ], [ -89.3493863, 43.0886677 ], [ -89.3492046, 43.0887239 ], [ -89.3490835, 43.0887571 ], [ -89.348802100000015, 43.0888362 ], [ -89.3485018, 43.0889438 ], [ -89.34841, 43.0889771 ], [ -89.3483386, 43.0890132 ], [ -89.3483216, 43.0890197 ], [ -89.3482388, 43.0890517 ], [ -89.3481925, 43.0890618 ], [ -89.3481388, 43.0890694 ], [ -89.3480858, 43.0890768 ], [ -89.3480111, 43.0890946 ], [ -89.3479548, 43.089106 ], [ -89.3479363, 43.089109799999989 ], [ -89.3477703, 43.0891385 ], [ -89.3477266, 43.089146 ], [ -89.3476446, 43.0891602 ], [ -89.347609, 43.0891678 ], [ -89.3475406, 43.0891674 ], [ -89.3475345, 43.0891674 ], [ -89.3473887, 43.0891874 ], [ -89.3473556, 43.0891923 ], [ -89.3472713, 43.0892049 ], [ -89.3471096, 43.089262 ], [ -89.3470752, 43.0892741 ], [ -89.3468544, 43.0893405 ], [ -89.3467761, 43.0893583 ], [ -89.3462922, 43.089444 ], [ -89.3462104, 43.0894592 ], [ -89.3459813, 43.0895173 ], [ -89.345975, 43.08952 ], [ -89.345944, 43.0895332 ], [ -89.3458713, 43.0895492 ], [ -89.3457644, 43.0895485 ], [ -89.3456355, 43.0895672 ], [ -89.345415, 43.0896355 ], [ -89.3451484, 43.0897016 ], [ -89.3449155, 43.0897225 ], [ -89.3448015, 43.0897358 ], [ -89.3447065, 43.0897457 ], [ -89.3445641, 43.0897553 ], [ -89.3444645, 43.0897547 ], [ -89.344426700000014, 43.0897371 ], [ -89.3443084, 43.0897121 ], [ -89.3442039, 43.0897149 ], [ -89.3441088, 43.0897387 ], [ -89.3439094, 43.089755 ], [ -89.3438051, 43.0897405 ], [ -89.3437387, 43.0897211 ], [ -89.343548, 43.0897119 ], [ -89.343449, 43.0897732 ], [ -89.3432423, 43.0898084 ], [ -89.3431562, 43.0898071 ], [ -89.3428935, 43.0897502 ], [ -89.3427257, 43.0897355 ], [ -89.3427131, 43.0897394 ], [ -89.342659, 43.0897325 ], [ -89.342426, 43.0897158 ], [ -89.3423154, 43.0897069 ], [ -89.3422482, 43.0897056 ], [ -89.342213199999989, 43.0897027 ], [ -89.3421384, 43.0896938 ], [ -89.3420124, 43.0896897 ], [ -89.3419559, 43.0896879 ], [ -89.3419047, 43.0896855 ], [ -89.3416749, 43.0897016 ], [ -89.3415823, 43.0897112 ], [ -89.341507299999989, 43.0897189 ], [ -89.3412093, 43.0897402 ], [ -89.3407676, 43.0898186 ], [ -89.3401724, 43.0899199 ], [ -89.33969, 43.0900543 ], [ -89.3393127, 43.0901594 ], [ -89.3390072, 43.0902095 ], [ -89.3388023, 43.090265599999988 ], [ -89.3386043, 43.0902996 ], [ -89.338535, 43.0903115 ], [ -89.3381842, 43.0903309 ], [ -89.3378892, 43.0902887 ], [ -89.3376605, 43.090281 ], [ -89.337496, 43.0902996 ], [ -89.3373474, 43.0903409 ], [ -89.3372687, 43.0903933 ], [ -89.3371661, 43.09043230000001 ], [ -89.337058, 43.0904317 ], [ -89.3369439, 43.0904266 ], [ -89.3368239, 43.0904083 ], [ -89.3367099, 43.09039 ], [ -89.3366202, 43.0903542 ], [ -89.3362609, 43.0902376 ], [ -89.336118, 43.0902101 ], [ -89.3357949, 43.0901527 ], [ -89.335533, 43.0901486 ], [ -89.3352058, 43.09012 ], [ -89.334944299999989, 43.090078399999989 ], [ -89.334801, 43.090085 ], [ -89.3347378, 43.0901077 ], [ -89.334706, 43.0901345 ], [ -89.3346741, 43.0901689 ], [ -89.3346527, 43.0901996 ], [ -89.3346442, 43.0902836 ], [ -89.3346216, 43.0903593 ], [ -89.3344466, 43.0905992 ], [ -89.3343576, 43.090769 ], [ -89.3343497, 43.0908262 ], [ -89.3342762, 43.090903 ], [ -89.3342466, 43.0909547 ], [ -89.3342136, 43.0909899 ], [ -89.334187899999989, 43.09102 ], [ -89.3341425, 43.091004 ], [ -89.334099099999989, 43.0910796 ], [ -89.3340719, 43.0911269 ], [ -89.3335853, 43.0918498 ], [ -89.333164599999989, 43.0924235 ], [ -89.3329982, 43.0927081 ], [ -89.3328725, 43.0929169 ], [ -89.3327376, 43.0930661 ], [ -89.3325725, 43.093219 ], [ -89.3327158, 43.0932817 ], [ -89.3381329, 43.0956589 ], [ -89.3383472, 43.0957536 ], [ -89.3411208, 43.0969732 ], [ -89.3411571, 43.0969893 ], [ -89.3411935, 43.0970054 ], [ -89.3412301, 43.0970214 ], [ -89.3412667, 43.0970372 ], [ -89.3413034, 43.0970529 ], [ -89.3413402, 43.0970685 ], [ -89.341377, 43.097084 ], [ -89.341414, 43.0970993 ], [ -89.3414511, 43.0971145 ], [ -89.3414882, 43.0971297 ], [ -89.3415255, 43.0971447 ], [ -89.3415628, 43.0971595 ], [ -89.3416003, 43.0971743 ], [ -89.3416378, 43.0971889 ], [ -89.3416754, 43.0972035 ], [ -89.3417131, 43.0972179 ], [ -89.3417508, 43.0972321 ], [ -89.3417887, 43.0972463 ], [ -89.3418266, 43.0972603 ], [ -89.3418646, 43.0972743 ], [ -89.3419028, 43.0972881 ], [ -89.3419409, 43.0973017 ], [ -89.3419792, 43.0973153 ], [ -89.3420176, 43.0973287 ], [ -89.342056, 43.097342 ], [ -89.3420945, 43.0973552 ], [ -89.3421331, 43.0973682 ], [ -89.3421718, 43.0973812 ], [ -89.3422105, 43.097394 ], [ -89.3422493, 43.0974067 ], [ -89.3422882, 43.0974192 ], [ -89.3423272, 43.0974317 ], [ -89.3423662, 43.097444 ], [ -89.3424053, 43.0974562 ], [ -89.342437, 43.0974662 ], [ -89.3424688, 43.0974761 ], [ -89.3425006, 43.0974859 ], [ -89.3425325, 43.0974956 ], [ -89.3425644, 43.0975052 ], [ -89.3425964, 43.0975147 ], [ -89.342628499999989, 43.097524 ], [ -89.3426606, 43.0975332 ], [ -89.3426929, 43.0975423 ], [ -89.3427251, 43.0975513 ], [ -89.3427574, 43.0975602 ], [ -89.3427898, 43.0975689 ], [ -89.3428223, 43.0975775 ], [ -89.3428548, 43.0975861 ], [ -89.3428873, 43.0975944 ], [ -89.34292, 43.0976027 ], [ -89.3429526, 43.0976109 ], [ -89.3429943, 43.0976214 ], [ -89.3430359, 43.0976318 ], [ -89.3430776, 43.097642 ], [ -89.3431194, 43.0976522 ], [ -89.3431613, 43.0976622 ], [ -89.3432032, 43.0976721 ], [ -89.3432451, 43.0976818 ], [ -89.3432872, 43.0976914 ], [ -89.3433292, 43.0977009 ], [ -89.3433713, 43.0977102 ], [ -89.3434135, 43.0977195 ], [ -89.343455800000015, 43.0977285 ], [ -89.343498, 43.0977375 ], [ -89.3435404, 43.0977463 ], [ -89.3435828, 43.097755 ], [ -89.3436252, 43.0977636 ], [ -89.3436677, 43.097772 ], [ -89.3437102, 43.0977803 ], [ -89.3437528, 43.0977885 ], [ -89.3437954, 43.0977965 ], [ -89.3438381, 43.0978044 ], [ -89.3440691, 43.0978438 ], [ -89.3441073, 43.0978499 ], [ -89.3441455, 43.0978558 ], [ -89.3441837, 43.097861599999987 ], [ -89.344222, 43.0978673 ], [ -89.3442603, 43.0978728 ], [ -89.3442987, 43.0978782 ], [ -89.344337, 43.0978835 ], [ -89.3443754, 43.0978887 ], [ -89.3444139, 43.0978937 ], [ -89.3444524, 43.0978985 ], [ -89.3444909, 43.0979033 ], [ -89.3445294, 43.0979079 ], [ -89.344568, 43.0979123 ], [ -89.3446066, 43.0979167 ], [ -89.3446452, 43.0979209 ], [ -89.3446838, 43.097925 ], [ -89.344722499999989, 43.0979289 ], [ -89.3447612, 43.0979327 ], [ -89.3447999, 43.0979364 ], [ -89.3448387, 43.0979399 ], [ -89.3448775, 43.0979433 ], [ -89.3449163, 43.0979466 ], [ -89.3451834, 43.0979675 ], [ -89.3452248, 43.0979702 ], [ -89.345266099999989, 43.0979728 ], [ -89.3453075, 43.0979753 ], [ -89.345349, 43.0979776 ], [ -89.3453904, 43.0979798 ], [ -89.3454319, 43.0979819 ], [ -89.3454733, 43.0979838 ], [ -89.345514799999989, 43.0979856 ], [ -89.345556300000013, 43.0979873 ], [ -89.345597700000013, 43.0979888 ], [ -89.3456392, 43.0979902 ], [ -89.3456808, 43.0979915 ], [ -89.3457223, 43.0979926 ], [ -89.3457638, 43.0979936 ], [ -89.3458053, 43.0979945 ], [ -89.3458468, 43.0979952 ], [ -89.3458884, 43.0979958 ], [ -89.3459299, 43.0979962 ], [ -89.3459715, 43.0979966 ], [ -89.346013, 43.0979968 ], [ -89.3460545, 43.0979968 ], [ -89.3460961, 43.0979968 ], [ -89.3461376, 43.0979966 ], [ -89.3461792, 43.0979962 ], [ -89.346220699999989, 43.0979957 ], [ -89.3462622, 43.0979951 ], [ -89.3463038, 43.0979944 ], [ -89.3463453, 43.0979935 ], [ -89.3463868, 43.0979925 ], [ -89.3464283, 43.0979914 ], [ -89.3464698, 43.0979901 ], [ -89.346511299999989, 43.097988699999988 ], [ -89.3465528, 43.0979872 ], [ -89.3465943, 43.0979855 ], [ -89.3466358, 43.0979837 ], [ -89.3466772, 43.0979818 ], [ -89.3467187, 43.0979797 ], [ -89.3467601, 43.0979775 ], [ -89.3468015, 43.0979752 ], [ -89.3468429, 43.0979727 ], [ -89.3468843, 43.0979701 ], [ -89.3469257, 43.0979673 ], [ -89.346967, 43.0979645 ], [ -89.3470084, 43.0979615 ], [ -89.3470497, 43.0979583 ], [ -89.347091, 43.0979551 ], [ -89.3471323, 43.0979517 ], [ -89.3471735, 43.0979481 ], [ -89.347214799999989, 43.0979445 ], [ -89.347256, 43.0979407 ], [ -89.3472972, 43.0979367 ], [ -89.3473383, 43.0979327 ], [ -89.3473793, 43.0979286 ], [ -89.3474203, 43.0979243 ], [ -89.3474613, 43.0979199 ], [ -89.3475023, 43.0979154 ], [ -89.3475433, 43.0979108 ], [ -89.3475842, 43.097906 ], [ -89.3476251, 43.0979012 ], [ -89.347666, 43.0978962 ], [ -89.3477068, 43.0978911 ], [ -89.3477476, 43.0978858 ], [ -89.3477884, 43.0978805 ], [ -89.3478291, 43.097875 ], [ -89.3478699, 43.0978694 ], [ -89.3479106, 43.0978637 ], [ -89.3479512, 43.0978578 ], [ -89.3479919, 43.0978519 ], [ -89.3480324, 43.097845799999988 ], [ -89.348072300000013, 43.0978398 ], [ -89.3481121, 43.0978337 ], [ -89.3481518, 43.0978274 ], [ -89.3481915, 43.097821 ], [ -89.3482312, 43.0978145 ], [ -89.3482708, 43.0978079 ], [ -89.3483104, 43.0978011 ], [ -89.3483499, 43.0977942 ], [ -89.348389400000016, 43.0977872 ], [ -89.3484289, 43.09778 ], [ -89.3484683, 43.0977727 ], [ -89.3485077, 43.0977653 ], [ -89.348547, 43.0977577 ], [ -89.3485863, 43.09775 ], [ -89.3486255, 43.0977422 ], [ -89.3486647, 43.0977342 ], [ -89.3487038, 43.0977262 ], [ -89.3487429, 43.097718 ], [ -89.3487819, 43.097709599999988 ], [ -89.3488209, 43.0977012 ], [ -89.3488598, 43.0976926 ], [ -89.3488987, 43.0976838 ], [ -89.3489375, 43.097675 ], [ -89.3489762, 43.097666 ], [ -89.3490149, 43.0976569 ], [ -89.3490536, 43.0976476 ], [ -89.3490922, 43.0976383 ], [ -89.349130699999989, 43.0976288 ], [ -89.3491692, 43.0976192 ], [ -89.3492076, 43.0976094 ], [ -89.3492459, 43.0975995 ], [ -89.3492842, 43.0975895 ], [ -89.349322500000014, 43.0975794 ], [ -89.3493606, 43.0975692 ], [ -89.3493987, 43.0975588 ], [ -89.3494368, 43.0975483 ], [ -89.3494747, 43.097537599999988 ], [ -89.3495126, 43.0975269 ], [ -89.3495505, 43.097516 ], [ -89.3495883, 43.097505 ], [ -89.349626, 43.0974938 ], [ -89.3496636, 43.0974826 ], [ -89.3497012, 43.0974712 ], [ -89.349738699999989, 43.0974597 ], [ -89.3497761, 43.097448 ], [ -89.3498134, 43.0974363 ], [ -89.3498507, 43.0974244 ], [ -89.349887900000013, 43.097412399999989 ], [ -89.349925, 43.0974003 ], [ -89.3499621, 43.097388 ], [ -89.3499991, 43.0973757 ], [ -89.350036, 43.0973632 ], [ -89.3500728, 43.0973505 ], [ -89.3501096, 43.0973378 ], [ -89.3501462, 43.097325 ], [ -89.3501828, 43.097312 ], [ -89.3502193, 43.0972989 ], [ -89.3502557, 43.0972856 ], [ -89.3502921, 43.0972723 ], [ -89.3503284, 43.0972588 ], [ -89.350364500000012, 43.0972453 ], [ -89.3504006, 43.0972316 ], [ -89.3504366, 43.0972177 ], [ -89.350472599999989, 43.097203799999988 ], [ -89.3505084, 43.0971897 ], [ -89.3505441, 43.0971755 ], [ -89.3505798, 43.0971612 ], [ -89.3506154, 43.0971468 ], [ -89.3506509, 43.0971323 ], [ -89.3506498, 43.0969031 ], [ -89.3506964, 43.0955912 ], [ -89.3507112, 43.0952058 ], [ -89.3507536, 43.0938558 ], [ -89.350791199999989, 43.0929516 ], [ -89.3515148, 43.0927971 ], [ -89.3515233, 43.0927953 ], [ -89.351428, 43.0927727 ], [ -89.351415, 43.0927692 ], [ -89.3514022, 43.0927653 ], [ -89.3513897, 43.092760899999988 ], [ -89.3513775, 43.0927561 ], [ -89.3513657, 43.0927509 ], [ -89.3513542, 43.092745199999989 ], [ -89.3513431, 43.0927391 ], [ -89.3513325, 43.0927327 ], [ -89.3513222, 43.0927258 ], [ -89.3513125, 43.0927186 ], [ -89.3513032, 43.0927111 ], [ -89.3512945, 43.0927032 ], [ -89.3512863, 43.092695 ], [ -89.3512787, 43.0926866 ], [ -89.3512716, 43.0926779 ], [ -89.3510819, 43.0924696 ], [ -89.351024, 43.0924012 ], [ -89.3510154, 43.092388199999988 ], [ -89.3510074, 43.092375 ], [ -89.351, 43.0923617 ], [ -89.3509933, 43.0923481 ], [ -89.3509872, 43.0923344 ], [ -89.3509818, 43.0923206 ], [ -89.350977, 43.0923066 ], [ -89.3509729, 43.0922925 ], [ -89.3509695, 43.0922783 ], [ -89.3509667, 43.0922641 ], [ -89.3509647, 43.0922497 ], [ -89.350963299999989, 43.0922354 ], [ -89.3509625, 43.092221 ], [ -89.3509625, 43.0922065 ], [ -89.3509632, 43.0921921 ], [ -89.3509677, 43.0920586 ], [ -89.3509865, 43.091726 ], [ -89.351011899999989, 43.0912585 ], [ -89.3510203, 43.0910108 ], [ -89.3510445, 43.090297199999988 ], [ -89.3499543, 43.090352499999987 ], [ -89.349869, 43.0896126 ], [ -89.349783800000012, 43.0889174 ], [ -89.3497817, 43.0888547 ], [ -89.349748, 43.0885158 ], [ -89.3496716, 43.0885496 ] ] ] ] } },
{ "type": "Feature", "properties": { "rep_unit_id": 125, "ward": "C Madison Wd 027", "county": "DANE" }, "geometry": { "type": "MultiPolygon", "coordinates": [ [ [ [ -89.3166651, 43.107384 ], [ -89.3166648, 43.107436799999988 ], [ -89.3166653, 43.107489699999988 ], [ -89.3166665, 43.1075425 ], [ -89.3166684, 43.1075954 ], [ -89.3166711, 43.1076482 ], [ -89.3166745, 43.1077009 ], [ -89.316678600000017, 43.1077537 ], [ -89.3166834, 43.1078064 ], [ -89.316689, 43.1078591 ], [ -89.3166953, 43.1079118 ], [ -89.316702300000017, 43.1079644 ], [ -89.3167101, 43.1080169 ], [ -89.3167186, 43.1080694 ], [ -89.3167278, 43.1081218 ], [ -89.3167377, 43.1081741 ], [ -89.3167483, 43.1082264 ], [ -89.3167597, 43.1082786 ], [ -89.3167718, 43.1083307 ], [ -89.3167846, 43.1083827 ], [ -89.3167981, 43.1084346 ], [ -89.3168123, 43.1084864 ], [ -89.3168273, 43.1085381 ], [ -89.3168429, 43.1085897 ], [ -89.3168593, 43.1086411 ], [ -89.3168764, 43.108692499999989 ], [ -89.3168942, 43.1087437 ], [ -89.316912699999989, 43.1087948 ], [ -89.3169319, 43.108845699999989 ], [ -89.3169518, 43.1088965 ], [ -89.3169724, 43.1089471 ], [ -89.3169937, 43.108997599999988 ], [ -89.3170156, 43.109048 ], [ -89.3170383, 43.1090981 ], [ -89.3170617, 43.1091481 ], [ -89.3170858, 43.1091979 ], [ -89.3171105, 43.1092476 ], [ -89.317136, 43.109297 ], [ -89.3171621, 43.1093463 ], [ -89.3171889, 43.1093953 ], [ -89.3172163, 43.1094442 ], [ -89.3172445, 43.1094929 ], [ -89.3172733, 43.1095413 ], [ -89.3173028, 43.1095895 ], [ -89.3173329, 43.1096375 ], [ -89.3173637, 43.1096853 ], [ -89.3173952, 43.1097329 ], [ -89.3174273, 43.109780199999989 ], [ -89.31746, 43.1098273 ], [ -89.3175289, 43.1099192 ], [ -89.317675600000015, 43.1101148 ], [ -89.3177234, 43.1101755 ], [ -89.3177718, 43.1102359 ], [ -89.3178208, 43.1102961 ], [ -89.3178703, 43.1103561 ], [ -89.3179204, 43.1104158 ], [ -89.3179711, 43.1104752 ], [ -89.3180223, 43.1105344 ], [ -89.3180741, 43.1105933 ], [ -89.3181265, 43.110652 ], [ -89.3181794, 43.110710399999988 ], [ -89.3182329, 43.1107685 ], [ -89.3182869, 43.1108263 ], [ -89.3183415, 43.1108839 ], [ -89.3183966, 43.1109412 ], [ -89.3184523, 43.1109982 ], [ -89.3185137, 43.111055199999988 ], [ -89.3185757, 43.111112 ], [ -89.3186382, 43.1111685 ], [ -89.3187012, 43.1112247 ], [ -89.3187647, 43.1112805 ], [ -89.3188288, 43.1113361 ], [ -89.3188933, 43.1113913 ], [ -89.3189584, 43.1114462 ], [ -89.319032, 43.1115085 ], [ -89.3191052, 43.1115712 ], [ -89.3191779, 43.1116341 ], [ -89.3192502, 43.111697299999989 ], [ -89.3193219, 43.1117609 ], [ -89.3231656, 43.1153328 ], [ -89.3232624, 43.115424499999989 ], [ -89.3233587, 43.1155165 ], [ -89.3234545, 43.1156088 ], [ -89.3235498, 43.1157013 ], [ -89.3236446, 43.1157941 ], [ -89.3237389, 43.115887199999989 ], [ -89.3245851, 43.1167556 ], [ -89.3246008, 43.1167713 ], [ -89.3246159, 43.1167873 ], [ -89.3246304, 43.1168036 ], [ -89.3246444, 43.1168202 ], [ -89.3246577, 43.116837 ], [ -89.3269541, 43.1153877 ], [ -89.3285804, 43.1143481 ], [ -89.3304492, 43.1131602 ], [ -89.3333903, 43.11102 ], [ -89.3341332, 43.1104713 ], [ -89.334467100000012, 43.1101414 ], [ -89.3357388, 43.1091349 ], [ -89.3357421, 43.1091323 ], [ -89.3362461, 43.1087608 ], [ -89.3363081, 43.1087149 ], [ -89.336370699999989, 43.108669299999988 ], [ -89.3364338, 43.1086241 ], [ -89.3364973, 43.1085794 ], [ -89.3365614, 43.108535 ], [ -89.336626, 43.1084909 ], [ -89.3366911, 43.1084473 ], [ -89.3367566, 43.1084041 ], [ -89.3368226, 43.1083613 ], [ -89.3368892, 43.1083189 ], [ -89.336956200000017, 43.1082768 ], [ -89.3370236, 43.1082352 ], [ -89.3370916, 43.108194 ], [ -89.3371599, 43.1081532 ], [ -89.3372288, 43.1081128 ], [ -89.3372981, 43.1080729 ], [ -89.3373678, 43.1080333 ], [ -89.337438, 43.1079942 ], [ -89.3375087, 43.1079555 ], [ -89.3375797, 43.1079172 ], [ -89.3376307, 43.1078908 ], [ -89.3376814, 43.1078641 ], [ -89.3377316, 43.107836899999988 ], [ -89.3377814, 43.1078093 ], [ -89.3378308, 43.1077813 ], [ -89.3378798, 43.1077529 ], [ -89.3379284, 43.1077242 ], [ -89.337976500000011, 43.107695 ], [ -89.3380242, 43.1076655 ], [ -89.3380714, 43.1076356 ], [ -89.3381182, 43.1076053 ], [ -89.3381646, 43.1075746 ], [ -89.3382105, 43.1075436 ], [ -89.3382559, 43.1075122 ], [ -89.338300800000013, 43.1074804 ], [ -89.3383453, 43.1074483 ], [ -89.3383893, 43.1074158 ], [ -89.3384328, 43.107383 ], [ -89.3384758, 43.1073498 ], [ -89.3385183, 43.1073163 ], [ -89.338691, 43.1074223 ], [ -89.3388073, 43.1073297 ], [ -89.3386367, 43.1072297 ], [ -89.3385873, 43.1072051 ], [ -89.3385374, 43.107181 ], [ -89.3384872, 43.1071573 ], [ -89.3384365, 43.107134 ], [ -89.3383854, 43.1071113 ], [ -89.338334, 43.107089 ], [ -89.3382822, 43.1070671 ], [ -89.3382301, 43.1070458 ], [ -89.3381775, 43.1070249 ], [ -89.3381247, 43.1070045 ], [ -89.3380714, 43.1069846 ], [ -89.338017900000011, 43.1069651 ], [ -89.337964, 43.1069462 ], [ -89.3379099, 43.1069277 ], [ -89.3378554, 43.1069097 ], [ -89.3378006, 43.1068922 ], [ -89.3377455, 43.1068752 ], [ -89.337690099999989, 43.1068588 ], [ -89.3376345, 43.1068428 ], [ -89.3375786, 43.1068273 ], [ -89.337522400000012, 43.1068123 ], [ -89.337466, 43.1067979 ], [ -89.3374094, 43.1067839 ], [ -89.3373525, 43.1067705 ], [ -89.3372954, 43.1067576 ], [ -89.3372381, 43.1067452 ], [ -89.3371794, 43.1067346 ], [ -89.3371207, 43.1067245 ], [ -89.3370617, 43.1067149 ], [ -89.3370026, 43.1067058 ], [ -89.3369434, 43.1066972 ], [ -89.336884, 43.1066891 ], [ -89.3368246, 43.1066814 ], [ -89.336765, 43.1066743 ], [ -89.3367053, 43.106667699999988 ], [ -89.3366455, 43.1066615 ], [ -89.3365856, 43.1066559 ], [ -89.3365256, 43.106650699999989 ], [ -89.3364655, 43.1066461 ], [ -89.3364054, 43.1066419 ], [ -89.3363452, 43.1066383 ], [ -89.336285, 43.1066352 ], [ -89.3362247, 43.1066325 ], [ -89.3361644, 43.1066304 ], [ -89.3361041, 43.1066287 ], [ -89.3360437, 43.1066276 ], [ -89.3353704, 43.106619 ], [ -89.3353704, 43.1066191 ], [ -89.3353685, 43.1066613 ], [ -89.334679, 43.106650099999989 ], [ -89.3306067, 43.1065838 ], [ -89.3270061, 43.106525 ], [ -89.3270069, 43.1064943 ], [ -89.324001, 43.1064615 ], [ -89.3229241, 43.1064497 ], [ -89.3193727, 43.1064156 ], [ -89.316692, 43.1063842 ], [ -89.3166866, 43.1065445 ], [ -89.3166738, 43.1070074 ], [ -89.3166677, 43.1072783 ], [ -89.316666, 43.1073312 ], [ -89.3166651, 43.107384 ] ] ] ] } },
{ "type": "Feature", "properties": { "rep_unit_id": 126, "ward": "C Madison Wd 028", "county": "DANE" }, "geometry": { "type": "MultiPolygon", "coordinates": [ [ [ [ -89.3387282, 43.107443 ], [ -89.3387649, 43.1074642 ], [ -89.3388013, 43.1074857 ], [ -89.3388373, 43.1075076 ], [ -89.3388728, 43.1075298 ], [ -89.3389079, 43.1075524 ], [ -89.3389426, 43.1075754 ], [ -89.3389768, 43.1075987 ], [ -89.3390106, 43.1076223 ], [ -89.339044, 43.1076463 ], [ -89.339076800000015, 43.1076707 ], [ -89.3391093, 43.1076953 ], [ -89.3391412, 43.1077203 ], [ -89.340838, 43.1091178 ], [ -89.3409357, 43.1091982 ], [ -89.341519, 43.1096791 ], [ -89.3415571, 43.10971 ], [ -89.3415958, 43.1097406 ], [ -89.3416351, 43.1097708 ], [ -89.3416748, 43.1098006 ], [ -89.3417151, 43.10983 ], [ -89.341756, 43.109859 ], [ -89.3417973, 43.1098877 ], [ -89.3418392, 43.1099159 ], [ -89.3418815, 43.1099438 ], [ -89.3419244, 43.1099712 ], [ -89.3419677, 43.1099982 ], [ -89.3420115, 43.1100248 ], [ -89.3420558, 43.110051 ], [ -89.3421005, 43.1100768 ], [ -89.342145699999989, 43.1101021 ], [ -89.3421914, 43.110127 ], [ -89.342237400000016, 43.1101514 ], [ -89.342284, 43.1101755 ], [ -89.3423309, 43.110199 ], [ -89.3423783, 43.1102221 ], [ -89.342426, 43.1102448 ], [ -89.3424742, 43.110267 ], [ -89.3425228, 43.1102887 ], [ -89.3425717, 43.11031 ], [ -89.342621, 43.1103307 ], [ -89.3426707, 43.1103511 ], [ -89.3427208, 43.1103709 ], [ -89.3427712, 43.1103903 ], [ -89.3428219, 43.1104091 ], [ -89.342873, 43.1104275 ], [ -89.3429244, 43.110445399999989 ], [ -89.3429761, 43.1104628 ], [ -89.3430281, 43.1104797 ], [ -89.3430804, 43.1104961 ], [ -89.343133, 43.110512 ], [ -89.3431859, 43.1105274 ], [ -89.343239, 43.1105423 ], [ -89.3432924, 43.110556699999989 ], [ -89.3433461, 43.1105705 ], [ -89.3434, 43.110583899999988 ], [ -89.343454200000011, 43.1105967 ], [ -89.3435085, 43.110609 ], [ -89.343563100000011, 43.1106208 ], [ -89.3436179, 43.1106321 ], [ -89.3436729, 43.1106428 ], [ -89.343728, 43.110653 ], [ -89.3437834, 43.1106627 ], [ -89.3438389, 43.1106719 ], [ -89.3438946, 43.1106805 ], [ -89.3439504, 43.1106886 ], [ -89.3440064, 43.1106961 ], [ -89.3440624, 43.1107031 ], [ -89.3441187, 43.1107096 ], [ -89.344175, 43.1107155 ], [ -89.3442271, 43.1107205 ], [ -89.3442794, 43.1107251 ], [ -89.3443317, 43.1107292 ], [ -89.344384, 43.1107328 ], [ -89.3444364, 43.1107359 ], [ -89.3444889, 43.1107386 ], [ -89.3445414, 43.1107408 ], [ -89.344594, 43.1107426 ], [ -89.34464650000001, 43.1107439 ], [ -89.3446991, 43.1107447 ], [ -89.344751699999989, 43.1107451 ], [ -89.3448043, 43.110745 ], [ -89.3469232, 43.110756 ], [ -89.34895, 43.1107656 ], [ -89.3489964, 43.1107657 ], [ -89.3490428, 43.1107664 ], [ -89.3490891, 43.1107676 ], [ -89.3491355, 43.1107694 ], [ -89.3491817, 43.1107716 ], [ -89.349228, 43.1107744 ], [ -89.3492742, 43.1107778 ], [ -89.3493203, 43.1107816 ], [ -89.349366300000014, 43.110786 ], [ -89.349412199999989, 43.1107908 ], [ -89.349458, 43.1107963 ], [ -89.3495037, 43.1108022 ], [ -89.3495492, 43.1108086 ], [ -89.349594599999989, 43.110815599999988 ], [ -89.3496399, 43.1108231 ], [ -89.349685, 43.110831 ], [ -89.3497299, 43.1108395 ], [ -89.349774599999989, 43.1108486 ], [ -89.3498192, 43.1108581 ], [ -89.3498635, 43.1108681 ], [ -89.3499076, 43.1108786 ], [ -89.349951499999989, 43.1108896 ], [ -89.3499952, 43.1109011 ], [ -89.3500386, 43.1109132 ], [ -89.3500817, 43.110925699999989 ], [ -89.350124600000015, 43.1109386 ], [ -89.350167200000016, 43.1109521 ], [ -89.3502095, 43.1109661 ], [ -89.3502515, 43.1109805 ], [ -89.3502932, 43.1109954 ], [ -89.3503345, 43.1110108 ], [ -89.3503756, 43.111026699999989 ], [ -89.3504163, 43.111043 ], [ -89.3504566, 43.1110597 ], [ -89.3504966, 43.111077 ], [ -89.3505362, 43.1110947 ], [ -89.3505755, 43.1111128 ], [ -89.350614299999989, 43.1111314 ], [ -89.3506528, 43.1111504 ], [ -89.35069080000001, 43.1111698 ], [ -89.3507285, 43.1111897 ], [ -89.3507657, 43.11121 ], [ -89.3508025, 43.1112307 ], [ -89.3510822, 43.1113952 ], [ -89.352619300000015, 43.1123274 ], [ -89.3536655, 43.1129305 ], [ -89.3542905, 43.1133126 ], [ -89.354362, 43.1133564 ], [ -89.3543492, 43.1131786 ], [ -89.3543357, 43.1129756 ], [ -89.354328400000014, 43.1127725 ], [ -89.3543275, 43.1125693 ], [ -89.3543681, 43.1081991 ], [ -89.3543754, 43.1080441 ], [ -89.3543909, 43.1078895 ], [ -89.3544145, 43.1077354 ], [ -89.3544462, 43.1075821 ], [ -89.3544859, 43.1074298 ], [ -89.3545337, 43.1072787 ], [ -89.3545893, 43.107129099999987 ], [ -89.3546528, 43.1069812 ], [ -89.3547241, 43.1068352 ], [ -89.3546382, 43.1068339 ], [ -89.3524849, 43.1068271 ], [ -89.3512424, 43.1068245 ], [ -89.3512492, 43.1051498 ], [ -89.3512484, 43.105133 ], [ -89.3512469, 43.1051162 ], [ -89.3512447, 43.1050994 ], [ -89.3512418, 43.1050827 ], [ -89.3512383, 43.1050661 ], [ -89.351234100000013, 43.1050495 ], [ -89.3512292, 43.1050331 ], [ -89.3512237, 43.1050167 ], [ -89.3512175, 43.1050005 ], [ -89.3512106, 43.1049844 ], [ -89.3512032, 43.1049685 ], [ -89.35082, 43.104181 ], [ -89.350343, 43.1031936 ], [ -89.3500543, 43.1026088 ], [ -89.3500165, 43.1025302 ], [ -89.3498941, 43.1022642 ], [ -89.3497766, 43.1020242 ], [ -89.349512, 43.1015001 ], [ -89.3494034, 43.1012669 ], [ -89.3491041, 43.1006392 ], [ -89.349093599999989, 43.1006287 ], [ -89.349082600000017, 43.1006185 ], [ -89.349071099999989, 43.1006085 ], [ -89.3490591, 43.1005989 ], [ -89.3490467, 43.1005896 ], [ -89.3490338, 43.1005807 ], [ -89.3490205, 43.100572 ], [ -89.3490068, 43.1005638 ], [ -89.3489926, 43.1005559 ], [ -89.348978100000011, 43.1005483 ], [ -89.3489633, 43.1005412 ], [ -89.3489481, 43.1005345 ], [ -89.3487889, 43.1004677 ], [ -89.3486973, 43.1004293 ], [ -89.3486055, 43.1003908 ], [ -89.3481857, 43.1009239 ], [ -89.3479865, 43.1011781 ], [ -89.347959, 43.1012114 ], [ -89.3479309, 43.1012443 ], [ -89.3479022, 43.101277 ], [ -89.3478729, 43.1013094 ], [ -89.347843, 43.1013415 ], [ -89.347812499999989, 43.1013733 ], [ -89.3477814, 43.1014047 ], [ -89.3477497, 43.1014359 ], [ -89.3477174, 43.1014667 ], [ -89.3476846, 43.1014972 ], [ -89.3476511, 43.1015274 ], [ -89.3476172, 43.1015572 ], [ -89.3475826, 43.1015867 ], [ -89.3475475, 43.1016159 ], [ -89.3475119, 43.1016446 ], [ -89.3474757, 43.1016731 ], [ -89.347439, 43.1017011 ], [ -89.3474018, 43.1017288 ], [ -89.3473641, 43.101756099999989 ], [ -89.3473258, 43.101783 ], [ -89.347287100000017, 43.1018096 ], [ -89.3472479, 43.1018357 ], [ -89.347208099999989, 43.1018614 ], [ -89.3471679, 43.1018868 ], [ -89.3471273, 43.1019117 ], [ -89.3470861, 43.1019362 ], [ -89.3470445, 43.1019603 ], [ -89.3470025, 43.101984 ], [ -89.34696, 43.1020073 ], [ -89.3469171, 43.1020301 ], [ -89.346873699999989, 43.1020525 ], [ -89.34683, 43.1020745 ], [ -89.3463793, 43.1022595 ], [ -89.3450422, 43.1028056 ], [ -89.3441402, 43.1031642 ], [ -89.3431972, 43.103539 ], [ -89.3428994, 43.1036648 ], [ -89.342848, 43.1036853 ], [ -89.342797, 43.1037063 ], [ -89.3427464, 43.1037277 ], [ -89.3426961, 43.1037496 ], [ -89.3426461, 43.1037719 ], [ -89.3425966, 43.1037947 ], [ -89.3425475, 43.1038179 ], [ -89.3424987, 43.1038416 ], [ -89.3424504, 43.1038658 ], [ -89.3424025, 43.1038904 ], [ -89.342355, 43.1039154 ], [ -89.342308, 43.1039409 ], [ -89.3422614, 43.1039668 ], [ -89.3422152, 43.1039931 ], [ -89.3421695, 43.1040198 ], [ -89.3421242, 43.104047 ], [ -89.3420795, 43.1040746 ], [ -89.3420352, 43.1041025 ], [ -89.341991299999989, 43.1041309 ], [ -89.341948, 43.1041597 ], [ -89.3419052, 43.1041889 ], [ -89.3418628, 43.1042185 ], [ -89.3417394, 43.1043248 ], [ -89.3409016, 43.105046 ], [ -89.340848799999989, 43.1050945 ], [ -89.3407966, 43.1051434 ], [ -89.3407448, 43.1051925 ], [ -89.3406936, 43.1052419 ], [ -89.3406429, 43.105291699999988 ], [ -89.3405927, 43.1053417 ], [ -89.340543, 43.105392 ], [ -89.3404939, 43.1054425 ], [ -89.3404453, 43.1054934 ], [ -89.3403973, 43.1055445 ], [ -89.3403498, 43.1055959 ], [ -89.3403029, 43.1056476 ], [ -89.3402565, 43.1056995 ], [ -89.3398275, 43.1061908 ], [ -89.3397966, 43.1062258 ], [ -89.3397651, 43.1062605 ], [ -89.339733099999989, 43.1062949 ], [ -89.3397004, 43.106329 ], [ -89.3396671, 43.1063628 ], [ -89.3396333, 43.1063963 ], [ -89.3395989, 43.1064295 ], [ -89.3395638, 43.1064624 ], [ -89.3395283, 43.1064949 ], [ -89.3394921, 43.1065271 ], [ -89.3394554, 43.1065589 ], [ -89.339316599999989, 43.1066838 ], [ -89.339274500000016, 43.1067217 ], [ -89.3392284, 43.1067626 ], [ -89.3391817, 43.1068033 ], [ -89.3391346, 43.1068437 ], [ -89.3390869, 43.1068837 ], [ -89.3390388, 43.1069235 ], [ -89.3389902, 43.1069629 ], [ -89.3389411, 43.107002 ], [ -89.3388916, 43.1070408 ], [ -89.3388415, 43.1070792 ], [ -89.338791, 43.1071173 ], [ -89.3387401, 43.1071551 ], [ -89.338688600000012, 43.1071926 ], [ -89.3386367, 43.1072297 ], [ -89.3388073, 43.1073297 ], [ -89.338691, 43.1074223 ], [ -89.3387282, 43.107443 ] ] ] ] } },
{ "type": "Feature", "properties": { "rep_unit_id": 127, "ward": "C Madison Wd 029", "county": "DANE" }, "geometry": { "type": "MultiPolygon", "coordinates": [ [ [ [ -89.3548094, 43.1068364 ], [ -89.3553682, 43.1068364 ], [ -89.3578084, 43.106839 ], [ -89.3593306, 43.1068333 ], [ -89.359428, 43.1064551 ], [ -89.3600703, 43.1039571 ], [ -89.3601983, 43.1034547 ], [ -89.3602038, 43.1034348 ], [ -89.3602095, 43.1034149 ], [ -89.3602154, 43.1033951 ], [ -89.3602136, 43.1033948 ], [ -89.3606761, 43.1015868 ], [ -89.3611517, 43.0997272 ], [ -89.3611532, 43.0997212 ], [ -89.3614562, 43.0985366 ], [ -89.3617069, 43.0975561 ], [ -89.361709499999989, 43.097546 ], [ -89.3617614, 43.0973431 ], [ -89.3618133, 43.0971402 ], [ -89.3618652, 43.0969373 ], [ -89.3619171, 43.0967344 ], [ -89.361969, 43.0965316 ], [ -89.3620208, 43.0963287 ], [ -89.3620727, 43.0961258 ], [ -89.3621246, 43.0959229 ], [ -89.3621765, 43.09572 ], [ -89.3622032, 43.0956155 ], [ -89.362203799999989, 43.0956131 ], [ -89.362323, 43.0951471 ], [ -89.3624182, 43.0947783 ], [ -89.3625624, 43.0942107 ], [ -89.3626003, 43.09405 ], [ -89.362952600000014, 43.0938034 ], [ -89.363067199999989, 43.0937277 ], [ -89.3631814, 43.0936516 ], [ -89.3632951, 43.0935752 ], [ -89.3633583, 43.0935324 ], [ -89.3634085, 43.0934984 ], [ -89.3635214, 43.0934213 ], [ -89.3636338, 43.0933438 ], [ -89.364398, 43.0928104 ], [ -89.3644377, 43.092783 ], [ -89.3644769, 43.0927552 ], [ -89.3645155, 43.092727 ], [ -89.3645537, 43.0926984 ], [ -89.3645913, 43.0926695 ], [ -89.3646284, 43.0926402 ], [ -89.364665, 43.0926106 ], [ -89.364701, 43.0925805 ], [ -89.3647364, 43.0925502 ], [ -89.3647713, 43.0925194 ], [ -89.3648056, 43.0924884 ], [ -89.3648394, 43.092457 ], [ -89.3648725, 43.092425299999988 ], [ -89.3649051, 43.0923932 ], [ -89.3653071, 43.0921194 ], [ -89.3653303, 43.0921036 ], [ -89.3653169, 43.0920961 ], [ -89.3641266, 43.0915102 ], [ -89.3637596, 43.0912655 ], [ -89.363126200000011, 43.0909494 ], [ -89.3622198, 43.0903546 ], [ -89.3621357, 43.090302 ], [ -89.3619949, 43.0902139 ], [ -89.361888900000011, 43.090289 ], [ -89.3618867, 43.0902878 ], [ -89.3616983, 43.090424 ], [ -89.3606875, 43.0911401 ], [ -89.3592267, 43.0921915 ], [ -89.3583005, 43.0928833 ], [ -89.3569501, 43.093865 ], [ -89.3555696, 43.0949051 ], [ -89.3540268, 43.0960711 ], [ -89.3527001, 43.0970745 ], [ -89.3518519, 43.09771 ], [ -89.3510234, 43.0983468 ], [ -89.3493974, 43.0995517 ], [ -89.3493659, 43.0995734 ], [ -89.3493349, 43.0995954 ], [ -89.3493044, 43.0996177 ], [ -89.3492744, 43.0996405 ], [ -89.3492449, 43.0996636 ], [ -89.3492159, 43.099687 ], [ -89.3491874, 43.0997108 ], [ -89.3491595, 43.0997349 ], [ -89.3491321, 43.0997593 ], [ -89.3491053, 43.0997841 ], [ -89.349079, 43.099809199999989 ], [ -89.3490533, 43.0998346 ], [ -89.3490281, 43.0998603 ], [ -89.349003599999989, 43.0998863 ], [ -89.3489796, 43.0999126 ], [ -89.3489561, 43.0999391 ], [ -89.3489333, 43.099966 ], [ -89.3489111, 43.0999931 ], [ -89.3488895, 43.1000205 ], [ -89.3486795, 43.1002959 ], [ -89.3486055, 43.1003908 ], [ -89.3486973, 43.1004293 ], [ -89.3487889, 43.1004677 ], [ -89.3489481, 43.1005345 ], [ -89.3489633, 43.1005412 ], [ -89.348978100000011, 43.1005483 ], [ -89.3489926, 43.1005559 ], [ -89.3490068, 43.1005638 ], [ -89.3490205, 43.100572 ], [ -89.3490338, 43.1005807 ], [ -89.3490467, 43.1005896 ], [ -89.3490591, 43.1005989 ], [ -89.349071099999989, 43.1006085 ], [ -89.349082600000017, 43.1006185 ], [ -89.349093599999989, 43.1006287 ], [ -89.3491041, 43.1006392 ], [ -89.3494034, 43.1012669 ], [ -89.349512, 43.1015001 ], [ -89.3497766, 43.1020242 ], [ -89.3498941, 43.1022642 ], [ -89.3500165, 43.1025302 ], [ -89.3500543, 43.1026088 ], [ -89.350343, 43.1031936 ], [ -89.35082, 43.104181 ], [ -89.3512032, 43.1049685 ], [ -89.3512106, 43.1049844 ], [ -89.3512175, 43.1050005 ], [ -89.3512237, 43.1050167 ], [ -89.3512292, 43.1050331 ], [ -89.351234100000013, 43.1050495 ], [ -89.3512383, 43.1050661 ], [ -89.3512418, 43.1050827 ], [ -89.3512447, 43.1050994 ], [ -89.3512469, 43.1051162 ], [ -89.3512484, 43.105133 ], [ -89.3512492, 43.1051498 ], [ -89.3512424, 43.1068245 ], [ -89.3524849, 43.1068271 ], [ -89.3546382, 43.1068339 ], [ -89.3547241, 43.1068352 ], [ -89.3548094, 43.1068364 ] ] ] ] } },
{ "type": "Feature", "properties": { "rep_unit_id": 128, "ward": "C Madison Wd 030", "county": "DANE" }, "geometry": { "type": "MultiPolygon", "coordinates": [ [ [ [ -89.3653071, 43.0921194 ], [ -89.3649051, 43.0923932 ], [ -89.3648725, 43.092425299999988 ], [ -89.3648394, 43.092457 ], [ -89.3648056, 43.0924884 ], [ -89.3647713, 43.0925194 ], [ -89.3647364, 43.0925502 ], [ -89.364701, 43.0925805 ], [ -89.364665, 43.0926106 ], [ -89.3646284, 43.0926402 ], [ -89.3645913, 43.0926695 ], [ -89.3645537, 43.0926984 ], [ -89.3645155, 43.092727 ], [ -89.3644769, 43.0927552 ], [ -89.3644377, 43.092783 ], [ -89.364398, 43.0928104 ], [ -89.3636338, 43.0933438 ], [ -89.3635214, 43.0934213 ], [ -89.3634085, 43.0934984 ], [ -89.3633583, 43.0935324 ], [ -89.3632951, 43.0935752 ], [ -89.3631814, 43.0936516 ], [ -89.363067199999989, 43.0937277 ], [ -89.362952600000014, 43.0938034 ], [ -89.3626003, 43.09405 ], [ -89.3625624, 43.0942107 ], [ -89.3624182, 43.0947783 ], [ -89.362323, 43.0951471 ], [ -89.362203799999989, 43.0956131 ], [ -89.3622032, 43.0956155 ], [ -89.3621765, 43.09572 ], [ -89.3621246, 43.0959229 ], [ -89.3620727, 43.0961258 ], [ -89.3620208, 43.0963287 ], [ -89.361969, 43.0965316 ], [ -89.3619171, 43.0967344 ], [ -89.3618652, 43.0969373 ], [ -89.3618133, 43.0971402 ], [ -89.3617614, 43.0973431 ], [ -89.361709499999989, 43.097546 ], [ -89.3617069, 43.0975561 ], [ -89.3614562, 43.0985366 ], [ -89.3611532, 43.0997212 ], [ -89.3611517, 43.0997272 ], [ -89.3606761, 43.1015868 ], [ -89.3602136, 43.1033948 ], [ -89.3602154, 43.1033951 ], [ -89.3602095, 43.1034149 ], [ -89.3602038, 43.1034348 ], [ -89.3601983, 43.1034547 ], [ -89.3600703, 43.1039571 ], [ -89.359428, 43.1064551 ], [ -89.3593306, 43.1068333 ], [ -89.3611324, 43.1068264 ], [ -89.3621137, 43.1068244 ], [ -89.3622923, 43.1068244 ], [ -89.3624837, 43.1068243 ], [ -89.3628419, 43.1068243 ], [ -89.3637715, 43.1068241 ], [ -89.3638861, 43.1068241 ], [ -89.3638951, 43.1068241 ], [ -89.3639521, 43.104273 ], [ -89.363979, 43.1030654 ], [ -89.364096300000014, 43.1029123 ], [ -89.3642057, 43.1027695 ], [ -89.3642074, 43.1027683 ], [ -89.3642129, 43.1027602 ], [ -89.3642218, 43.1027467 ], [ -89.3644498, 43.1024049 ], [ -89.3647015, 43.102036899999987 ], [ -89.3648692, 43.1017916 ], [ -89.3649535, 43.1016684 ], [ -89.36501, 43.1015857 ], [ -89.3650396, 43.1015433 ], [ -89.3652078, 43.1013022 ], [ -89.3652481, 43.1012444 ], [ -89.3653584, 43.1012852 ], [ -89.365765, 43.1006804 ], [ -89.3682025, 43.0970539 ], [ -89.3683234, 43.0970532 ], [ -89.3683583, 43.097053699999989 ], [ -89.3689548, 43.0970529 ], [ -89.3689848, 43.0970529 ], [ -89.36901, 43.0970529 ], [ -89.3692406, 43.0970525 ], [ -89.3694567, 43.0970523 ], [ -89.3694643, 43.0970523 ], [ -89.3694637, 43.097047 ], [ -89.3694347, 43.0969392 ], [ -89.3694319, 43.0968992 ], [ -89.3694225, 43.0967616 ], [ -89.3694175, 43.0966884 ], [ -89.369419, 43.0966371 ], [ -89.3694227, 43.0965189 ], [ -89.3694186, 43.0964051 ], [ -89.3694176, 43.0963697 ], [ -89.3694331, 43.0963007 ], [ -89.3694543, 43.0962064 ], [ -89.3694567, 43.0962037 ], [ -89.3695182, 43.0961342 ], [ -89.3695552, 43.0960654 ], [ -89.3695697, 43.096043 ], [ -89.3696222, 43.0959621 ], [ -89.3697191, 43.0958305 ], [ -89.3698106, 43.0957027 ], [ -89.3700474, 43.0955155 ], [ -89.3701224, 43.0954669 ], [ -89.3701469, 43.0954212 ], [ -89.3701719, 43.0954015 ], [ -89.3702378, 43.0953594 ], [ -89.3702952, 43.0953322 ], [ -89.3703015, 43.0952992 ], [ -89.3705164, 43.0952446 ], [ -89.3702496, 43.0950153 ], [ -89.3698849, 43.094775 ], [ -89.3695965, 43.0945176 ], [ -89.3687457, 43.0940247 ], [ -89.3671379, 43.0931188 ], [ -89.3664449, 43.092728 ], [ -89.3653303, 43.0921036 ], [ -89.3653071, 43.0921194 ] ] ], [ [ [ -89.3671486, 43.1015039 ], [ -89.3653247, 43.1015059 ], [ -89.3651835, 43.101506099999987 ], [ -89.3647768, 43.1021174 ], [ -89.3647776, 43.1021196 ], [ -89.3643831, 43.1027112 ], [ -89.3645201, 43.1027119 ], [ -89.3652116, 43.1027153 ], [ -89.3653612, 43.1027167 ], [ -89.3659014, 43.1027223 ], [ -89.3673147, 43.102736799999988 ], [ -89.3674092, 43.1027378 ], [ -89.3683176, 43.1027471 ], [ -89.3683937, 43.1027475 ], [ -89.3688373, 43.1027519 ], [ -89.3688416, 43.1027312 ], [ -89.3688627, 43.1024951 ], [ -89.3688945, 43.1024238 ], [ -89.3689597, 43.1023316 ], [ -89.3690031, 43.1022414 ], [ -89.3691024, 43.1020351 ], [ -89.3691368, 43.1019248 ], [ -89.3691598, 43.1018373 ], [ -89.3692139, 43.1017547 ], [ -89.3692349, 43.1015678 ], [ -89.3692431, 43.1015439 ], [ -89.3692382, 43.1015332 ], [ -89.3681556, 43.1015211 ], [ -89.3681629, 43.1013115 ], [ -89.3681631, 43.1013051 ], [ -89.3671548, 43.1012944 ], [ -89.3671486, 43.1015039 ] ] ] ] } },
{ "type": "Feature", "properties": { "rep_unit_id": 129, "ward": "C Madison Wd 031", "county": "DANE" }, "geometry": { "type": "MultiPolygon", "coordinates": [ [ [ [ -89.35504490000001, 43.1226228 ], [ -89.3551368, 43.1224425 ], [ -89.3551605, 43.1223961 ], [ -89.3552356, 43.1222486 ], [ -89.3552508, 43.1222168 ], [ -89.3552658, 43.1221849 ], [ -89.3552806, 43.122153 ], [ -89.3552953, 43.1221211 ], [ -89.3553097, 43.1220891 ], [ -89.3553176, 43.1220715 ], [ -89.3553269, 43.1220505 ], [ -89.3555053, 43.1220523 ], [ -89.3563535, 43.1220603 ], [ -89.3595399, 43.1221081 ], [ -89.3616326, 43.1221321 ], [ -89.363341600000012, 43.1221746 ], [ -89.3636565, 43.1221824 ], [ -89.3636766, 43.1212538 ], [ -89.3636838, 43.1208536 ], [ -89.3636924, 43.1204186 ], [ -89.36371, 43.1196372 ], [ -89.363724499999989, 43.1189155 ], [ -89.3637406, 43.117729 ], [ -89.3637566, 43.1164099 ], [ -89.3637696, 43.1156192 ], [ -89.363773, 43.115413 ], [ -89.3638418, 43.1101813 ], [ -89.3638305, 43.1101632 ], [ -89.3638211, 43.1101477 ], [ -89.3637109, 43.1099665 ], [ -89.3636814, 43.109918 ], [ -89.3631678, 43.1090735 ], [ -89.362888, 43.1086135 ], [ -89.3628083, 43.1084793 ], [ -89.3627318, 43.108344 ], [ -89.3626585, 43.1082078 ], [ -89.3625884, 43.1080707 ], [ -89.3625217, 43.1079327 ], [ -89.3624582, 43.1077939 ], [ -89.3623981, 43.1076543 ], [ -89.3623766, 43.1076011 ], [ -89.3623413, 43.1075139 ], [ -89.3622878, 43.1073729 ], [ -89.3622377, 43.1072311 ], [ -89.362191, 43.1070888 ], [ -89.3621633, 43.1069938 ], [ -89.3621417, 43.106920099999989 ], [ -89.3621137, 43.1068244 ], [ -89.3611324, 43.1068264 ], [ -89.3593306, 43.1068333 ], [ -89.3578084, 43.106839 ], [ -89.3553682, 43.1068364 ], [ -89.3548094, 43.1068364 ], [ -89.3547241, 43.1068352 ], [ -89.3546528, 43.1069812 ], [ -89.3545893, 43.107129099999987 ], [ -89.3545337, 43.1072787 ], [ -89.3544859, 43.1074298 ], [ -89.3544462, 43.1075821 ], [ -89.3544145, 43.1077354 ], [ -89.3543909, 43.1078895 ], [ -89.3543754, 43.1080441 ], [ -89.3543681, 43.1081991 ], [ -89.3543275, 43.1125693 ], [ -89.354328400000014, 43.1127725 ], [ -89.3543357, 43.1129756 ], [ -89.3543492, 43.1131786 ], [ -89.354362, 43.1133564 ], [ -89.3548284, 43.1159809 ], [ -89.3548969, 43.1163386 ], [ -89.3549572, 43.1166971 ], [ -89.3550093, 43.1170563 ], [ -89.3550299, 43.1172435 ], [ -89.3550448, 43.117431 ], [ -89.3550539, 43.1176187 ], [ -89.3550572, 43.1178066 ], [ -89.355040500000015, 43.1187072 ], [ -89.3550124, 43.1216281 ], [ -89.35504490000001, 43.1226228 ] ] ] ] } },
{ "type": "Feature", "properties": { "rep_unit_id": 130, "ward": "C Madison Wd 032", "county": "DANE" }, "geometry": { "type": "MultiPolygon", "coordinates": [ [ [ [ -89.370233, 43.1206187 ], [ -89.37007, 43.1203938 ], [ -89.369925200000012, 43.1201821 ], [ -89.369769, 43.1199501 ], [ -89.3696135, 43.1197005 ], [ -89.369458, 43.1194509 ], [ -89.3693438, 43.1192676 ], [ -89.3692083, 43.1190502 ], [ -89.3692028, 43.1190414 ], [ -89.3690802, 43.1188395 ], [ -89.3690065, 43.1187181 ], [ -89.368932199999989, 43.1185958 ], [ -89.3688574, 43.1184726 ], [ -89.3687842, 43.1183519 ], [ -89.368711600000012, 43.1182325 ], [ -89.3686372, 43.1181099 ], [ -89.3686006, 43.1180497 ], [ -89.3684904, 43.1178683 ], [ -89.3684154, 43.1177447 ], [ -89.3683405, 43.1176214 ], [ -89.368266, 43.1174986 ], [ -89.3681934, 43.1173791 ], [ -89.3681174, 43.117254 ], [ -89.3680415, 43.1171289 ], [ -89.3679641, 43.1170016 ], [ -89.3678889, 43.1168776 ], [ -89.367813, 43.1167526 ], [ -89.367734399999989, 43.1166232 ], [ -89.3676586, 43.1164985 ], [ -89.3675815, 43.1163714 ], [ -89.3675051, 43.1162456 ], [ -89.3674288, 43.11612 ], [ -89.3673533, 43.1159956 ], [ -89.3672747, 43.1158661 ], [ -89.3672946, 43.1158588 ], [ -89.3672483, 43.1157838 ], [ -89.3672205, 43.1157388 ], [ -89.3671409, 43.1156099 ], [ -89.3670622, 43.115481 ], [ -89.366983600000012, 43.1153522 ], [ -89.3665817, 43.1146918 ], [ -89.366562, 43.1146576 ], [ -89.3662251, 43.1141026 ], [ -89.3657321, 43.1132905 ], [ -89.3649413, 43.1119876 ], [ -89.3646394, 43.1114902 ], [ -89.3645828, 43.1113969 ], [ -89.3645059, 43.1112701 ], [ -89.364392099999989, 43.1110827 ], [ -89.364316500000015, 43.1109582 ], [ -89.3639517, 43.110357 ], [ -89.3639504, 43.1103559 ], [ -89.3638418, 43.1101813 ], [ -89.363773, 43.115413 ], [ -89.3637696, 43.1156192 ], [ -89.3637566, 43.1164099 ], [ -89.3637406, 43.117729 ], [ -89.363724499999989, 43.1189155 ], [ -89.36371, 43.1196372 ], [ -89.3636924, 43.1204186 ], [ -89.3636838, 43.1208536 ], [ -89.3636766, 43.1212538 ], [ -89.3636565, 43.1221824 ], [ -89.363341600000012, 43.1221746 ], [ -89.3616326, 43.1221321 ], [ -89.3595399, 43.1221081 ], [ -89.3563535, 43.1220603 ], [ -89.3555053, 43.1220523 ], [ -89.3553269, 43.1220505 ], [ -89.3553176, 43.1220715 ], [ -89.3553097, 43.1220891 ], [ -89.3552953, 43.1221211 ], [ -89.3552806, 43.122153 ], [ -89.3552658, 43.1221849 ], [ -89.3552508, 43.1222168 ], [ -89.3552356, 43.1222486 ], [ -89.3551605, 43.1223961 ], [ -89.3551368, 43.1224425 ], [ -89.35504490000001, 43.1226228 ], [ -89.3549614, 43.1227866 ], [ -89.3549497, 43.1228095 ], [ -89.35495, 43.1228153 ], [ -89.3549576, 43.1229637 ], [ -89.3549658, 43.1231122 ], [ -89.3549747, 43.1232606 ], [ -89.3549843, 43.1234091 ], [ -89.354994499999989, 43.1235575 ], [ -89.355, 43.1236076 ], [ -89.355004799999989, 43.1236578 ], [ -89.3550091, 43.123708 ], [ -89.355012699999989, 43.1237583 ], [ -89.3550157, 43.1238086 ], [ -89.3550181, 43.1238588 ], [ -89.3550199, 43.1239091 ], [ -89.3550211, 43.1239595 ], [ -89.355040500000015, 43.1245455 ], [ -89.355058899999989, 43.1249403 ], [ -89.3550901, 43.126806 ], [ -89.3550945, 43.1268362 ], [ -89.3550996, 43.1268663 ], [ -89.3551055, 43.1268963 ], [ -89.355112, 43.1269262 ], [ -89.3551194, 43.1269561 ], [ -89.3551274, 43.1269858 ], [ -89.3551362, 43.1270154 ], [ -89.3551457, 43.1270449 ], [ -89.3551559, 43.1270743 ], [ -89.3551669, 43.1271036 ], [ -89.3551785, 43.1271327 ], [ -89.3551909, 43.1271616 ], [ -89.355204, 43.1271904 ], [ -89.355217700000011, 43.127219 ], [ -89.355232199999989, 43.1272474 ], [ -89.3552474, 43.1272756 ], [ -89.3552632, 43.1273036 ], [ -89.3552798, 43.1273314 ], [ -89.355297, 43.127359 ], [ -89.3553149, 43.1273863 ], [ -89.3553334, 43.1274134 ], [ -89.355352599999989, 43.1274403 ], [ -89.3553725, 43.1274669 ], [ -89.355393, 43.1274932 ], [ -89.355414200000013, 43.1275193 ], [ -89.355436, 43.1275451 ], [ -89.355458399999989, 43.1275706 ], [ -89.3554814, 43.1275958 ], [ -89.3555051, 43.1276206 ], [ -89.3555293, 43.1276452 ], [ -89.3555542, 43.127669499999989 ], [ -89.3555796, 43.1276934 ], [ -89.3556056, 43.127717 ], [ -89.3556322, 43.1277402 ], [ -89.3556594, 43.1277631 ], [ -89.3556871, 43.1277856 ], [ -89.3557154, 43.1278078 ], [ -89.3557442, 43.1278296 ], [ -89.3557735, 43.127851 ], [ -89.3558034, 43.127872 ], [ -89.3558337, 43.1278926 ], [ -89.3558635, 43.127912099999989 ], [ -89.3558938, 43.1279313 ], [ -89.3559245, 43.1279501 ], [ -89.3559454, 43.1279625 ], [ -89.3559556, 43.1279685 ], [ -89.3559872, 43.1279865 ], [ -89.3560192, 43.1280042 ], [ -89.3560516, 43.1280214 ], [ -89.3560844, 43.1280382 ], [ -89.3561176, 43.1280545 ], [ -89.356151200000014, 43.1280705 ], [ -89.3561851, 43.128086 ], [ -89.3562194, 43.1281011 ], [ -89.356254100000015, 43.1281158 ], [ -89.3562891, 43.12813 ], [ -89.3563832, 43.1281649 ], [ -89.3564772, 43.1282001 ], [ -89.3565708, 43.1282356 ], [ -89.3566643, 43.1282715 ], [ -89.3569858, 43.1283971 ], [ -89.357900199999989, 43.1287301 ], [ -89.3588549, 43.129081 ], [ -89.3589282, 43.129108 ], [ -89.3605685, 43.1297021 ], [ -89.3617722, 43.1301424 ], [ -89.3634935, 43.130772 ], [ -89.3635666, 43.1308004 ], [ -89.3636393, 43.1308292 ], [ -89.36371170000001, 43.1308585 ], [ -89.3637838, 43.1308881 ], [ -89.3638556, 43.1309183 ], [ -89.363927, 43.1309488 ], [ -89.363998, 43.1309798 ], [ -89.3640687, 43.1310113 ], [ -89.3641391, 43.1310431 ], [ -89.3642091, 43.1310754 ], [ -89.3656089, 43.1317145 ], [ -89.3674186, 43.1325134 ], [ -89.3691096, 43.1332696 ], [ -89.3692042, 43.1331611 ], [ -89.3694337, 43.1332599 ], [ -89.3695355, 43.133304099999989 ], [ -89.3696377, 43.1333479 ], [ -89.3697402, 43.1333912 ], [ -89.3698432, 43.1334341 ], [ -89.369946399999989, 43.1334764 ], [ -89.3700501, 43.1335183 ], [ -89.3709724, 43.1338923 ], [ -89.3710447, 43.1337878 ], [ -89.3710521, 43.1337785 ], [ -89.3710601, 43.1337695 ], [ -89.3710687, 43.1337607 ], [ -89.3710778, 43.1337523 ], [ -89.3710874, 43.1337442 ], [ -89.3710976, 43.1337365 ], [ -89.3711083, 43.1337291 ], [ -89.3711194, 43.1337221 ], [ -89.371131, 43.1337155 ], [ -89.371143, 43.1337093 ], [ -89.3711554, 43.1337035 ], [ -89.3711682, 43.1336982 ], [ -89.371181299999989, 43.1336933 ], [ -89.3711947, 43.1336889 ], [ -89.3712084, 43.133685 ], [ -89.3712223, 43.1336815 ], [ -89.3712364, 43.1336786 ], [ -89.3712507, 43.1336761 ], [ -89.3712651, 43.1336742 ], [ -89.3712797, 43.1336727 ], [ -89.3712943, 43.1336718 ], [ -89.371309, 43.1336714 ], [ -89.3713237, 43.1336715 ], [ -89.3733849, 43.133697 ], [ -89.373414900000014, 43.1322966 ], [ -89.3734159, 43.1322826 ], [ -89.3734176, 43.1322687 ], [ -89.37342, 43.1322548 ], [ -89.3734232, 43.132241 ], [ -89.373427, 43.1322273 ], [ -89.373431599999989, 43.1322137 ], [ -89.3734368, 43.1322002 ], [ -89.3734427, 43.1321869 ], [ -89.3734494, 43.1321738 ], [ -89.3734566, 43.1321609 ], [ -89.3734646, 43.1321481 ], [ -89.3734732, 43.1321356 ], [ -89.3734824, 43.1321234 ], [ -89.3734922, 43.1321114 ], [ -89.373502699999989, 43.1320997 ], [ -89.3735138, 43.1320883 ], [ -89.3735254, 43.1320772 ], [ -89.3735376, 43.1320664 ], [ -89.3735503, 43.132056 ], [ -89.3735636, 43.1320459 ], [ -89.3735774, 43.1320362 ], [ -89.3735916, 43.1320269 ], [ -89.3736064, 43.132018 ], [ -89.3736216, 43.1320095 ], [ -89.3736372, 43.1320014 ], [ -89.3736532, 43.1319937 ], [ -89.3736696, 43.1319866 ], [ -89.3736863, 43.1319798 ], [ -89.3745355, 43.1316669 ], [ -89.3757472, 43.1311904 ], [ -89.3770556, 43.1306864 ], [ -89.3777677, 43.1304007 ], [ -89.37779230000001, 43.1303914 ], [ -89.3778172, 43.1303827 ], [ -89.3778424, 43.1303743 ], [ -89.3778679, 43.1303665 ], [ -89.3778936, 43.1303591 ], [ -89.3779196, 43.1303522 ], [ -89.3779459, 43.1303458 ], [ -89.3779723, 43.1303399 ], [ -89.377999, 43.1303345 ], [ -89.378025799999989, 43.1303296 ], [ -89.3780528, 43.1303252 ], [ -89.3780799, 43.1303213 ], [ -89.3781071, 43.130318 ], [ -89.3781345, 43.1303151 ], [ -89.378162, 43.1303127 ], [ -89.3781895, 43.1303109 ], [ -89.3782171, 43.1303095 ], [ -89.3782447, 43.1303087 ], [ -89.3782723, 43.1303084 ], [ -89.3783, 43.1303086 ], [ -89.3783276, 43.1303094 ], [ -89.3783552, 43.1303106 ], [ -89.378382699999989, 43.1303124 ], [ -89.3784102, 43.1303147 ], [ -89.3784376, 43.1303175 ], [ -89.3784649, 43.1303208 ], [ -89.378492, 43.1303246 ], [ -89.378519, 43.1303289 ], [ -89.3785459, 43.1303338 ], [ -89.3785725, 43.1303391 ], [ -89.3787669, 43.1303779 ], [ -89.3798753, 43.1306119 ], [ -89.3798939, 43.1306158 ], [ -89.3799127, 43.1306191 ], [ -89.3799317, 43.1306219 ], [ -89.379950799999989, 43.1306242 ], [ -89.37997, 43.1306261 ], [ -89.3799893, 43.1306274 ], [ -89.3800087, 43.1306282 ], [ -89.380028, 43.1306284 ], [ -89.3800529, 43.1306266 ], [ -89.3800778, 43.1306243 ], [ -89.3801025, 43.1306215 ], [ -89.3801271, 43.1306182 ], [ -89.3801516, 43.1306145 ], [ -89.3801759, 43.1306102 ], [ -89.3802001, 43.1306055 ], [ -89.3802241, 43.1306004 ], [ -89.3802479, 43.1305948 ], [ -89.3802715, 43.1305887 ], [ -89.3802949, 43.1305821 ], [ -89.380318, 43.1305751 ], [ -89.3803409, 43.1305677 ], [ -89.3803635, 43.1305598 ], [ -89.3803858, 43.1305515 ], [ -89.3804077, 43.1305427 ], [ -89.3804294, 43.1305335 ], [ -89.3806899, 43.1304 ], [ -89.3806401, 43.130354 ], [ -89.377658900000014, 43.1276077 ], [ -89.3775171, 43.1274771 ], [ -89.374758300000011, 43.124935199999989 ], [ -89.3745469, 43.1247395 ], [ -89.3741397, 43.1243643 ], [ -89.373858, 43.1243712 ], [ -89.3735191, 43.12405 ], [ -89.3732866, 43.1238297 ], [ -89.373056, 43.1236111 ], [ -89.3728254, 43.1233926 ], [ -89.3725857, 43.1231653 ], [ -89.3723908, 43.1229807 ], [ -89.3721961, 43.122796 ], [ -89.3721491, 43.1227516 ], [ -89.3721231, 43.1227269 ], [ -89.3721001, 43.1227049 ], [ -89.3720815, 43.122687 ], [ -89.3720541, 43.1226607 ], [ -89.3720248, 43.1226324 ], [ -89.372002400000014, 43.122610699999989 ], [ -89.3719846, 43.1225934 ], [ -89.3719586, 43.122568 ], [ -89.3719343, 43.1225442 ], [ -89.3719057, 43.122516 ], [ -89.371875, 43.1224857 ], [ -89.3718431, 43.1224539 ], [ -89.3718124, 43.1224232 ], [ -89.3717932, 43.1224039 ], [ -89.371772, 43.1223826 ], [ -89.3717458, 43.1223562 ], [ -89.371725, 43.122335 ], [ -89.3716984, 43.1223079 ], [ -89.371677300000016, 43.1222863 ], [ -89.3716502, 43.1222585 ], [ -89.3716259, 43.1222335 ], [ -89.3716115, 43.1222185 ], [ -89.3715939, 43.1222002 ], [ -89.3715711, 43.1221766 ], [ -89.3715469, 43.1221513 ], [ -89.3715241, 43.1221273 ], [ -89.3714965, 43.1220982 ], [ -89.3714758, 43.1220762 ], [ -89.3714498, 43.1220486 ], [ -89.371424, 43.1220211 ], [ -89.371399200000013, 43.1219945 ], [ -89.371375, 43.1219684 ], [ -89.371351, 43.1219425 ], [ -89.371325399999989, 43.1219146 ], [ -89.3712986, 43.1218854 ], [ -89.3712755, 43.1218601 ], [ -89.3712553, 43.1218378 ], [ -89.3712319, 43.1218119 ], [ -89.3712123, 43.1217902 ], [ -89.3711873, 43.1217623 ], [ -89.3711585, 43.1217302 ], [ -89.3711335, 43.121702 ], [ -89.3711111, 43.1216766 ], [ -89.3710975, 43.1216613 ], [ -89.3710827, 43.1216444 ], [ -89.3710635, 43.1216226 ], [ -89.3710425, 43.1215985 ], [ -89.3710202, 43.1215729 ], [ -89.370997, 43.1215461 ], [ -89.3709762, 43.1215219 ], [ -89.3709516, 43.1214934 ], [ -89.3709343, 43.1214731 ], [ -89.3709118, 43.1214467 ], [ -89.3708933, 43.1214248 ], [ -89.3708732, 43.1214011 ], [ -89.3708546, 43.121379 ], [ -89.370832600000014, 43.1213529 ], [ -89.3708097, 43.1213254 ], [ -89.3707953, 43.121308 ], [ -89.3707761, 43.121285 ], [ -89.3707572, 43.1212621 ], [ -89.3707371, 43.1212376 ], [ -89.3707162, 43.1212121 ], [ -89.3707008, 43.1211932 ], [ -89.3706844, 43.1211731 ], [ -89.370672, 43.1211578 ], [ -89.370663, 43.1211467 ], [ -89.370645, 43.1211244 ], [ -89.3706323, 43.1211086 ], [ -89.3706113, 43.1210824 ], [ -89.3705955, 43.1210627 ], [ -89.3705808, 43.1210442 ], [ -89.3705658, 43.1210253 ], [ -89.3705508, 43.1210064 ], [ -89.3705355, 43.120987 ], [ -89.370522, 43.1209698 ], [ -89.370508700000016, 43.1209528 ], [ -89.3704877, 43.120926 ], [ -89.3704739, 43.1209082 ], [ -89.3704544, 43.120883 ], [ -89.370436, 43.1208592 ], [ -89.370417, 43.1208345 ], [ -89.370398600000016, 43.1208105 ], [ -89.3703813, 43.1207878 ], [ -89.3703577, 43.1207568 ], [ -89.3702873, 43.1206788 ], [ -89.370233, 43.1206187 ] ] ] ] } },
{ "type": "Feature", "properties": { "rep_unit_id": 131, "ward": "C Madison Wd 033", "county": "DANE" }, "geometry": { "type": "MultiPolygon", "coordinates": [ [ [ [ -89.3497311, 43.1361951 ], [ -89.3504154, 43.1362164 ], [ -89.3553761, 43.1363704 ], [ -89.3554996, 43.1363736 ], [ -89.3555739, 43.1363756 ], [ -89.3564735, 43.1363992 ], [ -89.357622400000011, 43.1364293 ], [ -89.358694, 43.1364574 ], [ -89.3589414, 43.1364639 ], [ -89.3600989, 43.1364942 ], [ -89.3603231, 43.1365002 ], [ -89.3609222, 43.1365159 ], [ -89.362691, 43.1365618 ], [ -89.3625738, 43.1401652 ], [ -89.3627241, 43.1401691 ], [ -89.3630139, 43.1401766 ], [ -89.36315, 43.140184 ], [ -89.3631528, 43.1401124 ], [ -89.3631665, 43.1398112 ], [ -89.3631684, 43.1394952 ], [ -89.3631789, 43.139308 ], [ -89.3631854, 43.1391276 ], [ -89.3631911, 43.139025499999988 ], [ -89.3632061, 43.1384986 ], [ -89.3632556, 43.1372169 ], [ -89.3633141, 43.135751 ], [ -89.3633611, 43.1348889 ], [ -89.3634279, 43.133577 ], [ -89.3634542, 43.132388 ], [ -89.3634634, 43.131942 ], [ -89.3634838, 43.1311816 ], [ -89.3634935, 43.130772 ], [ -89.3617722, 43.1301424 ], [ -89.3605685, 43.1297021 ], [ -89.3589282, 43.129108 ], [ -89.3588549, 43.129081 ], [ -89.357900199999989, 43.1287301 ], [ -89.3569858, 43.1283971 ], [ -89.3566643, 43.1282715 ], [ -89.3565708, 43.1282356 ], [ -89.3564772, 43.1282001 ], [ -89.3563832, 43.1281649 ], [ -89.3562891, 43.12813 ], [ -89.356254100000015, 43.1281158 ], [ -89.3562194, 43.1281011 ], [ -89.3561851, 43.128086 ], [ -89.356151200000014, 43.1280705 ], [ -89.3561176, 43.1280545 ], [ -89.3560844, 43.1280382 ], [ -89.3560516, 43.1280214 ], [ -89.3560192, 43.1280042 ], [ -89.3559872, 43.1279865 ], [ -89.3559556, 43.1279685 ], [ -89.3559454, 43.1279625 ], [ -89.3559245, 43.1279501 ], [ -89.3558938, 43.1279313 ], [ -89.3558635, 43.127912099999989 ], [ -89.3558337, 43.1278926 ], [ -89.3558034, 43.127872 ], [ -89.3557735, 43.127851 ], [ -89.3557442, 43.1278296 ], [ -89.3557154, 43.1278078 ], [ -89.3556871, 43.1277856 ], [ -89.3556594, 43.1277631 ], [ -89.3556322, 43.1277402 ], [ -89.3556056, 43.127717 ], [ -89.3555796, 43.1276934 ], [ -89.3555542, 43.127669499999989 ], [ -89.3555293, 43.1276452 ], [ -89.3555051, 43.1276206 ], [ -89.3554814, 43.1275958 ], [ -89.355458399999989, 43.1275706 ], [ -89.355436, 43.1275451 ], [ -89.355414200000013, 43.1275193 ], [ -89.355393, 43.1274932 ], [ -89.3553725, 43.1274669 ], [ -89.355352599999989, 43.1274403 ], [ -89.3553334, 43.1274134 ], [ -89.3553149, 43.1273863 ], [ -89.355297, 43.127359 ], [ -89.3552798, 43.1273314 ], [ -89.3552632, 43.1273036 ], [ -89.3552474, 43.1272756 ], [ -89.355232199999989, 43.1272474 ], [ -89.355217700000011, 43.127219 ], [ -89.355204, 43.1271904 ], [ -89.3551909, 43.1271616 ], [ -89.3551785, 43.1271327 ], [ -89.3551669, 43.1271036 ], [ -89.3551559, 43.1270743 ], [ -89.3551457, 43.1270449 ], [ -89.3551362, 43.1270154 ], [ -89.3551274, 43.1269858 ], [ -89.3551194, 43.1269561 ], [ -89.355112, 43.1269262 ], [ -89.3551055, 43.1268963 ], [ -89.3550996, 43.1268663 ], [ -89.3550945, 43.1268362 ], [ -89.3550901, 43.126806 ], [ -89.355058899999989, 43.1249403 ], [ -89.355040500000015, 43.1245455 ], [ -89.3550211, 43.1239595 ], [ -89.3550199, 43.1239091 ], [ -89.3550181, 43.1238588 ], [ -89.3550157, 43.1238086 ], [ -89.355012699999989, 43.1237583 ], [ -89.3550091, 43.123708 ], [ -89.355004799999989, 43.1236578 ], [ -89.355, 43.1236076 ], [ -89.354994499999989, 43.1235575 ], [ -89.3549843, 43.1234091 ], [ -89.3549747, 43.1232606 ], [ -89.3549658, 43.1231122 ], [ -89.3549576, 43.1229637 ], [ -89.35495, 43.1228153 ], [ -89.3549497, 43.1228095 ], [ -89.3548983, 43.1229105 ], [ -89.3547308, 43.1232359 ], [ -89.3518686, 43.1287975 ], [ -89.3518365, 43.1288598 ], [ -89.3518087, 43.1289139 ], [ -89.3510191, 43.1304563 ], [ -89.350991400000012, 43.1305138 ], [ -89.3509639, 43.1305712 ], [ -89.3509366, 43.1306287 ], [ -89.3509094, 43.1306862 ], [ -89.350882399999989, 43.1307438 ], [ -89.3508555, 43.1308014 ], [ -89.3508289, 43.130859 ], [ -89.3508023, 43.1309167 ], [ -89.350776, 43.1309745 ], [ -89.3507498, 43.1310322 ], [ -89.3507238, 43.13109 ], [ -89.3506979, 43.1311479 ], [ -89.3506722, 43.1312058 ], [ -89.3506467, 43.1312637 ], [ -89.3506213, 43.1313217 ], [ -89.3505961, 43.1313797 ], [ -89.3505711, 43.1314377 ], [ -89.3505462, 43.1314958 ], [ -89.3505215, 43.131554 ], [ -89.3500068, 43.1329443 ], [ -89.3499945, 43.1329781 ], [ -89.3499824, 43.133012 ], [ -89.3499705, 43.1330459 ], [ -89.3499587, 43.1330798 ], [ -89.3499472, 43.1331138 ], [ -89.3499358, 43.1331477 ], [ -89.3499246, 43.1331818 ], [ -89.3499135, 43.1332158 ], [ -89.3499027, 43.1332499 ], [ -89.349892, 43.133284 ], [ -89.3498815, 43.1333182 ], [ -89.3498712, 43.1333523 ], [ -89.3498611, 43.1333865 ], [ -89.3498511, 43.1334208 ], [ -89.3498414, 43.133455 ], [ -89.3498318, 43.1334893 ], [ -89.3498224, 43.1335236 ], [ -89.3498132, 43.133558 ], [ -89.3498042, 43.1335923 ], [ -89.3497953, 43.1336267 ], [ -89.3497866, 43.1336611 ], [ -89.3497781, 43.1336956 ], [ -89.3497698, 43.1337301 ], [ -89.3497617, 43.1337645 ], [ -89.3497538, 43.1337991 ], [ -89.349746, 43.1338336 ], [ -89.3497385, 43.1338681 ], [ -89.3497311, 43.1339027 ], [ -89.3497239, 43.1339373 ], [ -89.3497169, 43.1339719 ], [ -89.34971, 43.1340066 ], [ -89.3497034, 43.1340412 ], [ -89.3496969, 43.1340759 ], [ -89.3496907, 43.1341106 ], [ -89.349684599999989, 43.1341453 ], [ -89.3496786, 43.1341801 ], [ -89.349672900000016, 43.134214799999988 ], [ -89.3496674, 43.1342496 ], [ -89.349662, 43.1342843 ], [ -89.3496569, 43.1343191 ], [ -89.3496519, 43.1343539 ], [ -89.3496471, 43.1343888 ], [ -89.3496424, 43.1344236 ], [ -89.349638, 43.1344584 ], [ -89.3496338, 43.1344933 ], [ -89.3496297, 43.1345282 ], [ -89.3496258, 43.134563 ], [ -89.3496221, 43.1345979 ], [ -89.3496186, 43.1346328 ], [ -89.3496153, 43.1346678 ], [ -89.34961220000001, 43.1347027 ], [ -89.349609199999989, 43.1347376 ], [ -89.3496065, 43.1347726 ], [ -89.3496039, 43.1348075 ], [ -89.3496015, 43.1348425 ], [ -89.3495993, 43.1348774 ], [ -89.3495973, 43.1349124 ], [ -89.3495954, 43.1349474 ], [ -89.3495938, 43.1349823 ], [ -89.3495923, 43.1350173 ], [ -89.3495911, 43.1350523 ], [ -89.3495446, 43.1361893 ], [ -89.3497311, 43.1361951 ] ] ] ] } },
{ "type": "Feature", "properties": { "rep_unit_id": 134, "ward": "C Madison Wd 036", "county": "DANE" }, "geometry": { "type": "MultiPolygon", "coordinates": [ [ [ [ -89.363148, 43.140236 ], [ -89.3631239, 43.1408464 ], [ -89.363250800000017, 43.1408494 ], [ -89.3635336, 43.140853 ], [ -89.3638246, 43.1408566 ], [ -89.3640997, 43.1408601 ], [ -89.3642015, 43.1408614 ], [ -89.3643832, 43.1408637 ], [ -89.364659300000014, 43.1408671 ], [ -89.3649437, 43.1408707 ], [ -89.3650649, 43.1408723 ], [ -89.3652217, 43.1408742 ], [ -89.3655101, 43.1408779 ], [ -89.365617, 43.1408792 ], [ -89.3657855, 43.1408813 ], [ -89.3658365, 43.140882 ], [ -89.3660647, 43.1408848 ], [ -89.3663467, 43.1408884 ], [ -89.3663683, 43.1408887 ], [ -89.3666315, 43.140892 ], [ -89.3669136, 43.1408955 ], [ -89.3670107, 43.1408967 ], [ -89.3671845, 43.1408989 ], [ -89.3672904, 43.1409002 ], [ -89.367377, 43.1409013 ], [ -89.3676324, 43.1409045 ], [ -89.3678908, 43.1409078 ], [ -89.3681082, 43.1409105 ], [ -89.368225099999989, 43.140912 ], [ -89.3685574, 43.1409162 ], [ -89.3685952, 43.1409166 ], [ -89.3688451, 43.1409198 ], [ -89.3693314, 43.1409259 ], [ -89.3695594, 43.140927499999989 ], [ -89.3697797, 43.1409305 ], [ -89.3700683, 43.1409345 ], [ -89.3700988, 43.1409349 ], [ -89.370342799999989, 43.1409383 ], [ -89.3705923, 43.1409417 ], [ -89.3708196, 43.1409446 ], [ -89.37105720000001, 43.1409475 ], [ -89.3713027, 43.1409506 ], [ -89.3715451, 43.1409536 ], [ -89.3717899, 43.1409567 ], [ -89.372032, 43.1409598 ], [ -89.3722774, 43.1409628 ], [ -89.372371700000016, 43.140966 ], [ -89.3724966, 43.1409655 ], [ -89.3727805, 43.1409691 ], [ -89.3730531, 43.1409725 ], [ -89.3733642, 43.140975 ], [ -89.3736634, 43.1409774 ], [ -89.3739597, 43.1409798 ], [ -89.3742623, 43.1409822 ], [ -89.3745587, 43.140984599999989 ], [ -89.3748931, 43.1409873 ], [ -89.375293, 43.140991 ], [ -89.3757165, 43.1409938 ], [ -89.3764883, 43.1409962 ], [ -89.3768289, 43.1410246 ], [ -89.3767707, 43.1409224 ], [ -89.3767808, 43.1406183 ], [ -89.3767919, 43.1402836 ], [ -89.3767955, 43.1401739 ], [ -89.376828, 43.1391944 ], [ -89.3768675, 43.1380067 ], [ -89.3769268, 43.1362172 ], [ -89.3769254, 43.1361289 ], [ -89.3769203, 43.1361271 ], [ -89.376792100000017, 43.1360843 ], [ -89.3737354, 43.1350629 ], [ -89.3736275, 43.1350267 ], [ -89.37352, 43.1349901 ], [ -89.3734127, 43.134953 ], [ -89.3733056, 43.1349155 ], [ -89.3731989, 43.1348776 ], [ -89.3730925, 43.1348393 ], [ -89.3729863, 43.1348005 ], [ -89.3728804, 43.1347613 ], [ -89.3727748, 43.1347216 ], [ -89.3726696, 43.1346816 ], [ -89.3725646, 43.1346411 ], [ -89.3724599, 43.1346002 ], [ -89.3723555, 43.1345589 ], [ -89.3722515, 43.1345172 ], [ -89.370902, 43.1339968 ], [ -89.3703995, 43.1337929 ], [ -89.3691096, 43.1332696 ], [ -89.3674186, 43.1325134 ], [ -89.3656089, 43.1317145 ], [ -89.3642091, 43.1310754 ], [ -89.3641391, 43.1310431 ], [ -89.3640687, 43.1310113 ], [ -89.363998, 43.1309798 ], [ -89.363927, 43.1309488 ], [ -89.3638556, 43.1309183 ], [ -89.3637838, 43.1308881 ], [ -89.36371170000001, 43.1308585 ], [ -89.3636393, 43.1308292 ], [ -89.3635666, 43.1308004 ], [ -89.3634935, 43.130772 ], [ -89.3634838, 43.1311816 ], [ -89.3634634, 43.131942 ], [ -89.3634542, 43.132388 ], [ -89.3634279, 43.133577 ], [ -89.3633611, 43.1348889 ], [ -89.3633141, 43.135751 ], [ -89.3632556, 43.1372169 ], [ -89.3632061, 43.1384986 ], [ -89.3631911, 43.139025499999988 ], [ -89.3631854, 43.1391276 ], [ -89.3631789, 43.139308 ], [ -89.3631684, 43.1394952 ], [ -89.3631665, 43.1398112 ], [ -89.3631528, 43.1401124 ], [ -89.36315, 43.140184 ], [ -89.363148, 43.140236 ] ] ] ] } },
{ "type": "Feature", "properties": { "rep_unit_id": 135, "ward": "C Madison Wd 037", "county": "DANE" }, "geometry": { "type": "MultiPolygon", "coordinates": [ [ [ [ -89.376492, 43.1483401 ], [ -89.3789749, 43.148355099999989 ], [ -89.3791582, 43.1483562 ], [ -89.3793546, 43.1483576 ], [ -89.3818753, 43.1483784 ], [ -89.3819001, 43.1483776 ], [ -89.3819249, 43.1483762 ], [ -89.3819496, 43.1483744 ], [ -89.3819742, 43.1483719 ], [ -89.3819986, 43.148369 ], [ -89.382023, 43.1483655 ], [ -89.3820472, 43.1483615 ], [ -89.3820712, 43.148357 ], [ -89.3820951, 43.148352 ], [ -89.3821187, 43.1483464 ], [ -89.3821421, 43.1483403 ], [ -89.3821652, 43.1483338 ], [ -89.3821881, 43.1483267 ], [ -89.3822107, 43.1483191 ], [ -89.3822329, 43.1483111 ], [ -89.3822548, 43.1483026 ], [ -89.3822764, 43.1482936 ], [ -89.3822976, 43.1482841 ], [ -89.3823184, 43.1482742 ], [ -89.3823388, 43.1482638 ], [ -89.3823587, 43.148253 ], [ -89.3823782, 43.1482418 ], [ -89.3823973, 43.1482302 ], [ -89.3824158, 43.1482181 ], [ -89.3824339, 43.1482057 ], [ -89.3824515, 43.148192800000011 ], [ -89.382468, 43.14818 ], [ -89.3824841, 43.1481668 ], [ -89.3824996, 43.1481533 ], [ -89.3825146, 43.1481395 ], [ -89.382529, 43.1481254 ], [ -89.3825429, 43.1481109 ], [ -89.3825562, 43.1480962 ], [ -89.3825689, 43.1480812 ], [ -89.3826233, 43.1480026 ], [ -89.3828683, 43.1480872 ], [ -89.3828824, 43.1480925 ], [ -89.382896699999989, 43.1480974 ], [ -89.3829114, 43.1481019 ], [ -89.3829263, 43.1481058 ], [ -89.3829414, 43.1481093 ], [ -89.3829568, 43.1481123 ], [ -89.3829722, 43.1481148 ], [ -89.382987899999989, 43.1481168 ], [ -89.3830036, 43.1481183 ], [ -89.3830194, 43.1481193 ], [ -89.3830352, 43.1481197 ], [ -89.3830511, 43.1481197 ], [ -89.3830669, 43.148119099999988 ], [ -89.3830827, 43.1481181 ], [ -89.3830984, 43.1481165 ], [ -89.3831141, 43.1481144 ], [ -89.3831295, 43.1481119 ], [ -89.3831448, 43.148108799999989 ], [ -89.3831599, 43.1481052 ], [ -89.3831748, 43.1481012 ], [ -89.3831894, 43.1480967 ], [ -89.3832037, 43.1480917 ], [ -89.3832177, 43.148086299999989 ], [ -89.3832314, 43.1480804 ], [ -89.3847622, 43.1473164 ], [ -89.3857507, 43.146809 ], [ -89.3858047, 43.1467827 ], [ -89.3858591, 43.1467568 ], [ -89.3859139, 43.1467314 ], [ -89.3859691, 43.1467064 ], [ -89.3860246, 43.1466819 ], [ -89.3860805, 43.1466578 ], [ -89.3861367, 43.1466341 ], [ -89.3861933, 43.1466109 ], [ -89.3862503, 43.146588199999989 ], [ -89.3863076, 43.146566 ], [ -89.3863652, 43.1465442 ], [ -89.3864232, 43.1465228 ], [ -89.3864814, 43.146502 ], [ -89.38654, 43.1464816 ], [ -89.3865989, 43.1464617 ], [ -89.3866581, 43.1464423 ], [ -89.3867176, 43.1464233 ], [ -89.3867773, 43.1464048 ], [ -89.3868373, 43.1463868 ], [ -89.3868976, 43.1463693 ], [ -89.3869582, 43.1463523 ], [ -89.387019, 43.1463358 ], [ -89.3870801, 43.1463198 ], [ -89.3871414, 43.1463043 ], [ -89.3875965, 43.1462077 ], [ -89.3877126, 43.146183099999988 ], [ -89.389, 43.1459041 ], [ -89.3896447, 43.1457683 ], [ -89.389683, 43.1457609 ], [ -89.3897214, 43.145754 ], [ -89.38976, 43.1457475 ], [ -89.3897987, 43.1457416 ], [ -89.3898376, 43.1457362 ], [ -89.389876500000014, 43.1457313 ], [ -89.389915699999989, 43.1457269 ], [ -89.3899549, 43.145723 ], [ -89.3899942, 43.1457197 ], [ -89.3900335, 43.1457168 ], [ -89.390073, 43.1457145 ], [ -89.3901124, 43.1457127 ], [ -89.390152, 43.1457113 ], [ -89.3901915, 43.1457106 ], [ -89.3902311, 43.1457103 ], [ -89.3902706, 43.1457105 ], [ -89.3903102, 43.1457113 ], [ -89.3903497, 43.1457125 ], [ -89.3903892, 43.1457143 ], [ -89.3904286, 43.1457166 ], [ -89.3914268, 43.1457278 ], [ -89.3915173, 43.1457288 ], [ -89.3915272, 43.1457287 ], [ -89.3915371, 43.145728 ], [ -89.3915469, 43.1457269 ], [ -89.3915566, 43.1457252 ], [ -89.3915661, 43.145723 ], [ -89.3915753, 43.1457204 ], [ -89.3915843, 43.1457172 ], [ -89.391593, 43.145713699999988 ], [ -89.3916012, 43.1457096 ], [ -89.3916091, 43.1457052 ], [ -89.3916165, 43.1457003 ], [ -89.3916234, 43.1456951 ], [ -89.3916315, 43.1456889 ], [ -89.391639, 43.1456823 ], [ -89.3916459, 43.1456753 ], [ -89.3916522, 43.1456681 ], [ -89.3916579, 43.1456606 ], [ -89.3916629, 43.1456528 ], [ -89.391801199999989, 43.1456528 ], [ -89.3923182, 43.1456588 ], [ -89.3926557, 43.1456627 ], [ -89.3929483, 43.1456677 ], [ -89.3933454, 43.1456746 ], [ -89.3933828, 43.1456753 ], [ -89.3938115, 43.1456828 ], [ -89.3940737, 43.1456873 ], [ -89.3943734, 43.1456925 ], [ -89.3943977, 43.1453 ], [ -89.3944033, 43.1452113 ], [ -89.3947942, 43.1452159 ], [ -89.3948183, 43.1452162 ], [ -89.3948424, 43.1452159 ], [ -89.3948666, 43.1452152 ], [ -89.3948906, 43.1452139 ], [ -89.3949147, 43.145212 ], [ -89.394938599999989, 43.145209699999988 ], [ -89.3949624, 43.1452068 ], [ -89.3949861, 43.1452034 ], [ -89.3950096, 43.1451995 ], [ -89.395033, 43.145195 ], [ -89.3950562, 43.1451901 ], [ -89.3950791, 43.1451846 ], [ -89.3951018, 43.1451786 ], [ -89.3951243, 43.1451722 ], [ -89.3951465, 43.1451652 ], [ -89.3951684, 43.1451578 ], [ -89.39519, 43.1451498 ], [ -89.3952112, 43.1451414 ], [ -89.3952321, 43.1451326 ], [ -89.3952526, 43.1451233 ], [ -89.3952728, 43.1451135 ], [ -89.3952925, 43.1451033 ], [ -89.3953118, 43.1450927 ], [ -89.3953306, 43.1450816 ], [ -89.395457, 43.1450066 ], [ -89.3955408, 43.14496 ], [ -89.3956481, 43.1449005 ], [ -89.3924066, 43.141929 ], [ -89.3922096, 43.1420063 ], [ -89.3918164, 43.1416401 ], [ -89.391774, 43.141601 ], [ -89.391731, 43.1415621 ], [ -89.391687499999989, 43.1415237 ], [ -89.3916434, 43.1414855 ], [ -89.3915988, 43.1414477 ], [ -89.3915537, 43.1414102 ], [ -89.391508, 43.1413731 ], [ -89.3914618, 43.1413363 ], [ -89.3914209, 43.1413058 ], [ -89.3913794, 43.1412756 ], [ -89.3913375, 43.1412458 ], [ -89.3912951, 43.1412164 ], [ -89.3912522, 43.1411874 ], [ -89.3912089, 43.1411587 ], [ -89.391165, 43.1411304 ], [ -89.3911207, 43.141102499999988 ], [ -89.391076, 43.141075 ], [ -89.3910308, 43.1410479 ], [ -89.3909851, 43.1410212 ], [ -89.390939, 43.140994899999988 ], [ -89.3908925, 43.1409691 ], [ -89.3908455, 43.1409436 ], [ -89.3907982, 43.1409186 ], [ -89.3907504, 43.1408939 ], [ -89.3907022, 43.1408697 ], [ -89.390653700000016, 43.140846 ], [ -89.3906047, 43.1408226 ], [ -89.3905554, 43.1407997 ], [ -89.3905056, 43.1407772 ], [ -89.3904556, 43.1407552 ], [ -89.3904051, 43.1407336 ], [ -89.390354300000013, 43.1407125 ], [ -89.3903032, 43.1406918 ], [ -89.3902517, 43.1406716 ], [ -89.3901999, 43.1406518 ], [ -89.3901478, 43.1406325 ], [ -89.3900953, 43.1406137 ], [ -89.3900426, 43.1405953 ], [ -89.3880809, 43.1399023 ], [ -89.3880658, 43.1402539 ], [ -89.3880504, 43.1406441 ], [ -89.3880448, 43.1407966 ], [ -89.3880442, 43.1408317 ], [ -89.3880429, 43.1408668 ], [ -89.3880411, 43.1409019 ], [ -89.3880387, 43.140937 ], [ -89.3880358, 43.1409721 ], [ -89.3880322, 43.1410072 ], [ -89.3880281, 43.1410422 ], [ -89.3880234, 43.1410771 ], [ -89.3856396, 43.1410641 ], [ -89.3843812, 43.1410553 ], [ -89.3829539, 43.1410417 ], [ -89.3804958, 43.1410388 ], [ -89.3780236, 43.1410292 ], [ -89.3768289, 43.1410246 ], [ -89.3764883, 43.1409962 ], [ -89.3757165, 43.1409938 ], [ -89.375293, 43.140991 ], [ -89.3748931, 43.1409873 ], [ -89.3745587, 43.140984599999989 ], [ -89.3742623, 43.1409822 ], [ -89.3739597, 43.1409798 ], [ -89.3736634, 43.1409774 ], [ -89.3733642, 43.140975 ], [ -89.3730531, 43.1409725 ], [ -89.3727805, 43.1409691 ], [ -89.3724966, 43.1409655 ], [ -89.372371700000016, 43.140966 ], [ -89.3723563, 43.141389 ], [ -89.3723334, 43.1422224 ], [ -89.3722899, 43.1436592 ], [ -89.372289099999989, 43.1436757 ], [ -89.3722876, 43.1436921 ], [ -89.372285300000016, 43.1437084 ], [ -89.372282399999989, 43.1437247 ], [ -89.3722787, 43.1437409 ], [ -89.3722742, 43.143757 ], [ -89.3722691, 43.143773 ], [ -89.3722632, 43.1437889 ], [ -89.3722566, 43.1438046 ], [ -89.3722494, 43.1438202 ], [ -89.3722414, 43.1438355 ], [ -89.3722327, 43.1438507 ], [ -89.37222340000001, 43.1438657 ], [ -89.3722134, 43.1438804 ], [ -89.3722027, 43.1438948 ], [ -89.3721914, 43.143909 ], [ -89.3721795, 43.143923 ], [ -89.3721669, 43.1439366 ], [ -89.3721538, 43.1439499 ], [ -89.37214, 43.1439629 ], [ -89.3721257, 43.1439756 ], [ -89.3721108, 43.1439879 ], [ -89.3720954, 43.1439998 ], [ -89.3720794, 43.1440114 ], [ -89.372063, 43.1440225 ], [ -89.372046, 43.1440333 ], [ -89.3720286, 43.1440436 ], [ -89.3720107, 43.1440536 ], [ -89.3719923, 43.1440631 ], [ -89.3719736, 43.1440721 ], [ -89.3719544, 43.1440807 ], [ -89.3719349, 43.1440888 ], [ -89.371915, 43.1440965 ], [ -89.3718948, 43.1441036 ], [ -89.3718743, 43.1441103 ], [ -89.3718535, 43.1441165 ], [ -89.3718325, 43.1441221 ], [ -89.371811100000016, 43.1441273 ], [ -89.3717896, 43.1441319 ], [ -89.3717679, 43.1441361 ], [ -89.371746, 43.1441397 ], [ -89.3717239, 43.144142699999982 ], [ -89.3713819, 43.1441878 ], [ -89.3713572, 43.144191 ], [ -89.3713326, 43.1441947 ], [ -89.3713081, 43.1441989 ], [ -89.3712838, 43.1442036 ], [ -89.3712597, 43.1442087 ], [ -89.3712357, 43.1442143 ], [ -89.371212, 43.1442203 ], [ -89.3711885, 43.1442268 ], [ -89.3711652, 43.1442337 ], [ -89.3711422, 43.144241 ], [ -89.3711194, 43.1442488 ], [ -89.3710969, 43.1442571 ], [ -89.3710748, 43.1442657 ], [ -89.3710529, 43.1442748 ], [ -89.371030499999989, 43.1442846 ], [ -89.3710084, 43.1442949 ], [ -89.370986699999989, 43.1443056 ], [ -89.3709655, 43.1443167 ], [ -89.37094470000001, 43.1443282 ], [ -89.3709243, 43.144340199999988 ], [ -89.3709044, 43.1443526 ], [ -89.3708849, 43.1443653 ], [ -89.3708659, 43.1443785 ], [ -89.3708475, 43.144392 ], [ -89.3708295, 43.1444059 ], [ -89.3708121, 43.1444202 ], [ -89.370795199999989, 43.1444348 ], [ -89.3707789, 43.1444498 ], [ -89.3707632, 43.144465 ], [ -89.370748, 43.1444806 ], [ -89.3707334, 43.1444965 ], [ -89.3707195, 43.1445127 ], [ -89.3707061, 43.1445291 ], [ -89.3706934, 43.1445458 ], [ -89.3706813, 43.144562799999989 ], [ -89.3706698, 43.14458 ], [ -89.370659, 43.1445974 ], [ -89.3706489, 43.144615 ], [ -89.3705337, 43.1447921 ], [ -89.3705057, 43.1448349 ], [ -89.3704892, 43.14486 ], [ -89.37067, 43.1449159 ], [ -89.3708543, 43.1449654 ], [ -89.3710416, 43.1450083 ], [ -89.3712315, 43.1450446 ], [ -89.3714235, 43.145074199999989 ], [ -89.3716173, 43.145097 ], [ -89.3718123, 43.145113 ], [ -89.3720082, 43.1451221 ], [ -89.373947199999989, 43.1451274 ], [ -89.3740706, 43.1451332 ], [ -89.3741932, 43.1451455 ], [ -89.3743143, 43.1451644 ], [ -89.3744331, 43.1451896 ], [ -89.3745491, 43.1452211 ], [ -89.3746617, 43.1452586 ], [ -89.3747703, 43.145302099999988 ], [ -89.3748743, 43.1453512 ], [ -89.3749731, 43.1454057 ], [ -89.3750663, 43.1454653 ], [ -89.3751533, 43.1455297 ], [ -89.3752332, 43.1456104 ], [ -89.375305, 43.1456951 ], [ -89.3753685, 43.1457834 ], [ -89.3754231, 43.1458747 ], [ -89.3754688, 43.145968599999989 ], [ -89.3755052, 43.1460647 ], [ -89.375532299999989, 43.1461624 ], [ -89.3755497, 43.1462613 ], [ -89.3755575, 43.1463608 ], [ -89.3755556, 43.1464605 ], [ -89.3755487, 43.1473674 ], [ -89.375535900000017, 43.1483343 ], [ -89.376492, 43.1483401 ] ] ] ] } },
{ "type": "Feature", "properties": { "rep_unit_id": 136, "ward": "C Madison Wd 038", "county": "DANE" }, "geometry": { "type": "MultiPolygon", "coordinates": [ [ [ [ -89.3780236, 43.1410292 ], [ -89.3804958, 43.1410388 ], [ -89.3829539, 43.1410417 ], [ -89.3843812, 43.1410553 ], [ -89.3856396, 43.1410641 ], [ -89.3880234, 43.1410771 ], [ -89.3880281, 43.1410422 ], [ -89.3880322, 43.1410072 ], [ -89.3880358, 43.1409721 ], [ -89.3880387, 43.140937 ], [ -89.3880411, 43.1409019 ], [ -89.3880429, 43.1408668 ], [ -89.3880442, 43.1408317 ], [ -89.3880448, 43.1407966 ], [ -89.3880504, 43.1406441 ], [ -89.3880658, 43.1402539 ], [ -89.3880809, 43.1399023 ], [ -89.3900426, 43.1405953 ], [ -89.3900953, 43.1406137 ], [ -89.3901478, 43.1406325 ], [ -89.3901999, 43.1406518 ], [ -89.3902517, 43.1406716 ], [ -89.3903032, 43.1406918 ], [ -89.390354300000013, 43.1407125 ], [ -89.3904051, 43.1407336 ], [ -89.3904556, 43.1407552 ], [ -89.3905056, 43.1407772 ], [ -89.3905554, 43.1407997 ], [ -89.3906047, 43.1408226 ], [ -89.390653700000016, 43.140846 ], [ -89.3907022, 43.1408697 ], [ -89.3907504, 43.1408939 ], [ -89.3907982, 43.1409186 ], [ -89.3908455, 43.1409436 ], [ -89.3908925, 43.1409691 ], [ -89.390939, 43.140994899999988 ], [ -89.3909851, 43.1410212 ], [ -89.3910308, 43.1410479 ], [ -89.391076, 43.141075 ], [ -89.3911207, 43.141102499999988 ], [ -89.391165, 43.1411304 ], [ -89.3912089, 43.1411587 ], [ -89.3912522, 43.1411874 ], [ -89.3912951, 43.1412164 ], [ -89.3913375, 43.1412458 ], [ -89.3913794, 43.1412756 ], [ -89.3914209, 43.1413058 ], [ -89.3914618, 43.1413363 ], [ -89.391508, 43.1413731 ], [ -89.3915537, 43.1414102 ], [ -89.3915988, 43.1414477 ], [ -89.3916434, 43.1414855 ], [ -89.391687499999989, 43.1415237 ], [ -89.391731, 43.1415621 ], [ -89.391774, 43.141601 ], [ -89.3918164, 43.1416401 ], [ -89.3922096, 43.1420063 ], [ -89.3924066, 43.141929 ], [ -89.3924206, 43.1419215 ], [ -89.392435, 43.1419144 ], [ -89.3924498, 43.1419077 ], [ -89.392465, 43.141901499999989 ], [ -89.3924805, 43.1418957 ], [ -89.3924962, 43.1418904 ], [ -89.3925123, 43.1418855 ], [ -89.3925286, 43.1418812 ], [ -89.3925452, 43.1418773 ], [ -89.3925619, 43.1418739 ], [ -89.3925788, 43.1418709 ], [ -89.392595899999989, 43.1418685 ], [ -89.392613, 43.1418666 ], [ -89.3930792, 43.141815 ], [ -89.3908804, 43.1397903 ], [ -89.390871100000012, 43.1397817 ], [ -89.3896292, 43.138638 ], [ -89.3869719, 43.1361798 ], [ -89.384408, 43.1338286 ], [ -89.3843421, 43.1337683 ], [ -89.3842727, 43.1337047 ], [ -89.3809789, 43.1306666 ], [ -89.380737, 43.1304435 ], [ -89.3806899, 43.1304 ], [ -89.3804294, 43.1305335 ], [ -89.3804077, 43.1305427 ], [ -89.3803858, 43.1305515 ], [ -89.3803635, 43.1305598 ], [ -89.3803409, 43.1305677 ], [ -89.380318, 43.1305751 ], [ -89.3802949, 43.1305821 ], [ -89.3802715, 43.1305887 ], [ -89.3802479, 43.1305948 ], [ -89.3802241, 43.1306004 ], [ -89.3802001, 43.1306055 ], [ -89.3801759, 43.1306102 ], [ -89.3801516, 43.1306145 ], [ -89.3801271, 43.1306182 ], [ -89.3801025, 43.1306215 ], [ -89.3800778, 43.1306243 ], [ -89.3800529, 43.1306266 ], [ -89.380028, 43.1306284 ], [ -89.3800087, 43.1306282 ], [ -89.3799893, 43.1306274 ], [ -89.37997, 43.1306261 ], [ -89.379950799999989, 43.1306242 ], [ -89.3799317, 43.1306219 ], [ -89.3799127, 43.1306191 ], [ -89.3798939, 43.1306158 ], [ -89.3798753, 43.1306119 ], [ -89.3787669, 43.1303779 ], [ -89.3785725, 43.1303391 ], [ -89.3785459, 43.1303338 ], [ -89.378519, 43.1303289 ], [ -89.378492, 43.1303246 ], [ -89.3784649, 43.1303208 ], [ -89.3784376, 43.1303175 ], [ -89.3784102, 43.1303147 ], [ -89.378382699999989, 43.1303124 ], [ -89.3783552, 43.1303106 ], [ -89.3783276, 43.1303094 ], [ -89.3783, 43.1303086 ], [ -89.3782723, 43.1303084 ], [ -89.3782447, 43.1303087 ], [ -89.3782171, 43.1303095 ], [ -89.3781895, 43.1303109 ], [ -89.378162, 43.1303127 ], [ -89.3781345, 43.1303151 ], [ -89.3781071, 43.130318 ], [ -89.3780799, 43.1303213 ], [ -89.3780528, 43.1303252 ], [ -89.378025799999989, 43.1303296 ], [ -89.377999, 43.1303345 ], [ -89.3779723, 43.1303399 ], [ -89.3779459, 43.1303458 ], [ -89.3779196, 43.1303522 ], [ -89.3778936, 43.1303591 ], [ -89.3778679, 43.1303665 ], [ -89.3778424, 43.1303743 ], [ -89.3778172, 43.1303827 ], [ -89.37779230000001, 43.1303914 ], [ -89.3777677, 43.1304007 ], [ -89.3770556, 43.1306864 ], [ -89.3757472, 43.1311904 ], [ -89.3745355, 43.1316669 ], [ -89.3736863, 43.1319798 ], [ -89.3736696, 43.1319866 ], [ -89.3736532, 43.1319937 ], [ -89.3736372, 43.1320014 ], [ -89.3736216, 43.1320095 ], [ -89.3736064, 43.132018 ], [ -89.3735916, 43.1320269 ], [ -89.3735774, 43.1320362 ], [ -89.3735636, 43.1320459 ], [ -89.3735503, 43.132056 ], [ -89.3735376, 43.1320664 ], [ -89.3735254, 43.1320772 ], [ -89.3735138, 43.1320883 ], [ -89.373502699999989, 43.1320997 ], [ -89.3734922, 43.1321114 ], [ -89.3734824, 43.1321234 ], [ -89.3734732, 43.1321356 ], [ -89.3734646, 43.1321481 ], [ -89.3734566, 43.1321609 ], [ -89.3734494, 43.1321738 ], [ -89.3734427, 43.1321869 ], [ -89.3734368, 43.1322002 ], [ -89.373431599999989, 43.1322137 ], [ -89.373427, 43.1322273 ], [ -89.3734232, 43.132241 ], [ -89.37342, 43.1322548 ], [ -89.3734176, 43.1322687 ], [ -89.3734159, 43.1322826 ], [ -89.373414900000014, 43.1322966 ], [ -89.3733849, 43.133697 ], [ -89.3713237, 43.1336715 ], [ -89.371309, 43.1336714 ], [ -89.3712943, 43.1336718 ], [ -89.3712797, 43.1336727 ], [ -89.3712651, 43.1336742 ], [ -89.3712507, 43.1336761 ], [ -89.3712364, 43.1336786 ], [ -89.3712223, 43.1336815 ], [ -89.3712084, 43.133685 ], [ -89.3711947, 43.1336889 ], [ -89.371181299999989, 43.1336933 ], [ -89.3711682, 43.1336982 ], [ -89.3711554, 43.1337035 ], [ -89.371143, 43.1337093 ], [ -89.371131, 43.1337155 ], [ -89.3711194, 43.1337221 ], [ -89.3711083, 43.1337291 ], [ -89.3710976, 43.1337365 ], [ -89.3710874, 43.1337442 ], [ -89.3710778, 43.1337523 ], [ -89.3710687, 43.1337607 ], [ -89.3710601, 43.1337695 ], [ -89.3710521, 43.1337785 ], [ -89.3710447, 43.1337878 ], [ -89.3709724, 43.1338923 ], [ -89.3700501, 43.1335183 ], [ -89.369946399999989, 43.1334764 ], [ -89.3698432, 43.1334341 ], [ -89.3697402, 43.1333912 ], [ -89.3696377, 43.1333479 ], [ -89.3695355, 43.133304099999989 ], [ -89.3694337, 43.1332599 ], [ -89.3692042, 43.1331611 ], [ -89.3691096, 43.1332696 ], [ -89.3703995, 43.1337929 ], [ -89.370902, 43.1339968 ], [ -89.3722515, 43.1345172 ], [ -89.3723555, 43.1345589 ], [ -89.3724599, 43.1346002 ], [ -89.3725646, 43.1346411 ], [ -89.3726696, 43.1346816 ], [ -89.3727748, 43.1347216 ], [ -89.3728804, 43.1347613 ], [ -89.3729863, 43.1348005 ], [ -89.3730925, 43.1348393 ], [ -89.3731989, 43.1348776 ], [ -89.3733056, 43.1349155 ], [ -89.3734127, 43.134953 ], [ -89.37352, 43.1349901 ], [ -89.3736275, 43.1350267 ], [ -89.3737354, 43.1350629 ], [ -89.376792100000017, 43.1360843 ], [ -89.3769203, 43.1361271 ], [ -89.3769254, 43.1361289 ], [ -89.3769268, 43.1362172 ], [ -89.3768675, 43.1380067 ], [ -89.376828, 43.1391944 ], [ -89.3767955, 43.1401739 ], [ -89.3767919, 43.1402836 ], [ -89.3767808, 43.1406183 ], [ -89.3767707, 43.1409224 ], [ -89.3768289, 43.1410246 ], [ -89.3780236, 43.1410292 ] ] ] ] } },
{ "type": "Feature", "properties": { "rep_unit_id": 138, "ward": "C Madison Wd 040", "county": "DANE" }, "geometry": { "type": "MultiPolygon", "coordinates": [ [ [ [ -89.3508387, 43.096907099999989 ], [ -89.350852, 43.0969068 ], [ -89.3508653, 43.0969061 ], [ -89.3508786, 43.0969049 ], [ -89.3508917, 43.0969032 ], [ -89.3509047, 43.0969011 ], [ -89.3509176, 43.0968986 ], [ -89.3509303, 43.0968956 ], [ -89.3509428, 43.0968922 ], [ -89.350955, 43.0968883 ], [ -89.350967, 43.096884 ], [ -89.3509787, 43.0968793 ], [ -89.3510899, 43.0968249 ], [ -89.3510996, 43.0968202 ], [ -89.3511097, 43.0968158 ], [ -89.35112, 43.0968119 ], [ -89.3511307, 43.0968083 ], [ -89.3511415, 43.0968052 ], [ -89.3511526, 43.0968026 ], [ -89.351163899999989, 43.0968003 ], [ -89.3511754, 43.0967986 ], [ -89.3511869, 43.0967973 ], [ -89.3511985, 43.096796399999988 ], [ -89.3512102, 43.0967961 ], [ -89.3512219, 43.0967961 ], [ -89.3513673, 43.0967945 ], [ -89.351474, 43.0967933 ], [ -89.3512891, 43.0970296 ], [ -89.3512772, 43.0970439 ], [ -89.3512647, 43.0970579 ], [ -89.3512517, 43.0970717 ], [ -89.3512382, 43.0970852 ], [ -89.3512241, 43.0970984 ], [ -89.3512095, 43.0971113 ], [ -89.3511945, 43.0971238 ], [ -89.3511789, 43.0971361 ], [ -89.3511629, 43.097148 ], [ -89.3511464, 43.0971596 ], [ -89.3511294, 43.0971709 ], [ -89.351112, 43.0971818 ], [ -89.3510942, 43.097192299999989 ], [ -89.3518519, 43.09771 ], [ -89.3527001, 43.0970745 ], [ -89.3540268, 43.0960711 ], [ -89.3555696, 43.0949051 ], [ -89.3569501, 43.093865 ], [ -89.3583005, 43.0928833 ], [ -89.3592267, 43.0921915 ], [ -89.3606875, 43.0911401 ], [ -89.3616983, 43.090424 ], [ -89.3618867, 43.0902878 ], [ -89.361888900000011, 43.090289 ], [ -89.3619949, 43.0902139 ], [ -89.3614606, 43.0898796 ], [ -89.3606889, 43.089473 ], [ -89.359387, 43.0887513 ], [ -89.3582585, 43.0882054 ], [ -89.3571465, 43.0876456 ], [ -89.3566387, 43.0873578 ], [ -89.3562032, 43.0870472 ], [ -89.3552576, 43.0863119 ], [ -89.3543057, 43.0855903 ], [ -89.354026600000012, 43.0854273 ], [ -89.3539606, 43.0854681 ], [ -89.3538921, 43.0854498 ], [ -89.3538098, 43.085450699999988 ], [ -89.353743, 43.0854668 ], [ -89.3536817, 43.0854901 ], [ -89.3536131, 43.0855233 ], [ -89.3534809, 43.0856084 ], [ -89.35342, 43.085655 ], [ -89.352272, 43.0864347 ], [ -89.3522606, 43.0864452 ], [ -89.3521299, 43.0865656 ], [ -89.3512751, 43.0873533 ], [ -89.3510745, 43.0875188 ], [ -89.350945600000017, 43.0876439 ], [ -89.3507155, 43.0878838 ], [ -89.3506153, 43.0879587 ], [ -89.3503643, 43.088189 ], [ -89.3502498, 43.0882717 ], [ -89.3501855, 43.0883078 ], [ -89.3501068, 43.088359399999987 ], [ -89.3500104, 43.0884057 ], [ -89.3498464, 43.0884724 ], [ -89.349748, 43.0885158 ], [ -89.3497817, 43.0888547 ], [ -89.349783800000012, 43.0889174 ], [ -89.349869, 43.0896126 ], [ -89.3499543, 43.090352499999987 ], [ -89.3510445, 43.090297199999988 ], [ -89.3510203, 43.0910108 ], [ -89.351011899999989, 43.0912585 ], [ -89.3509865, 43.091726 ], [ -89.3509677, 43.0920586 ], [ -89.3509632, 43.0921921 ], [ -89.3509625, 43.0922065 ], [ -89.3509625, 43.092221 ], [ -89.350963299999989, 43.0922354 ], [ -89.3509647, 43.0922497 ], [ -89.3509667, 43.0922641 ], [ -89.3509695, 43.0922783 ], [ -89.3509729, 43.0922925 ], [ -89.350977, 43.0923066 ], [ -89.3509818, 43.0923206 ], [ -89.3509872, 43.0923344 ], [ -89.3509933, 43.0923481 ], [ -89.351, 43.0923617 ], [ -89.3510074, 43.092375 ], [ -89.3510154, 43.092388199999988 ], [ -89.351024, 43.0924012 ], [ -89.3510819, 43.0924696 ], [ -89.3512716, 43.0926779 ], [ -89.3512787, 43.0926866 ], [ -89.3512863, 43.092695 ], [ -89.3512945, 43.0927032 ], [ -89.3513032, 43.0927111 ], [ -89.3513125, 43.0927186 ], [ -89.3513222, 43.0927258 ], [ -89.3513325, 43.0927327 ], [ -89.3513431, 43.0927391 ], [ -89.3513542, 43.092745199999989 ], [ -89.3513657, 43.0927509 ], [ -89.3513775, 43.0927561 ], [ -89.3513897, 43.092760899999988 ], [ -89.3514022, 43.0927653 ], [ -89.351415, 43.0927692 ], [ -89.351428, 43.0927727 ], [ -89.3515233, 43.0927953 ], [ -89.3515148, 43.0927971 ], [ -89.350791199999989, 43.0929516 ], [ -89.3507536, 43.0938558 ], [ -89.3507112, 43.0952058 ], [ -89.3506964, 43.0955912 ], [ -89.3506498, 43.0969031 ], [ -89.3508387, 43.096907099999989 ] ] ] ] } },
{ "type": "Feature", "properties": { "rep_unit_id": 139, "ward": "C Madison Wd 041", "county": "DANE" }, "geometry": { "type": "MultiPolygon", "coordinates": [ [ [ [ -89.370724900000013, 43.0951916 ], [ -89.3707445, 43.0951805 ], [ -89.3707436, 43.095172 ], [ -89.370728500000013, 43.0951589 ], [ -89.3707243, 43.095146 ], [ -89.3707243, 43.0951396 ], [ -89.3708598, 43.0950486 ], [ -89.37096720000001, 43.0950523 ], [ -89.372028, 43.0952758 ], [ -89.3720582, 43.0952849 ], [ -89.3720834, 43.0952949 ], [ -89.3721152, 43.0953212 ], [ -89.3721353, 43.0953566 ], [ -89.3721329, 43.095376 ], [ -89.3721329, 43.0954779 ], [ -89.3721334, 43.0954992 ], [ -89.3721119, 43.0962182 ], [ -89.3721093, 43.0962332 ], [ -89.3721162, 43.0962541 ], [ -89.3721433, 43.0962692 ], [ -89.3721719, 43.0962677 ], [ -89.3722006, 43.0962598 ], [ -89.3722205, 43.096248599999988 ], [ -89.3722635, 43.0961836 ], [ -89.3722818, 43.0954676 ], [ -89.3722925, 43.0954409 ], [ -89.3723251, 43.0954211 ], [ -89.3723557, 43.0953853 ], [ -89.3723844, 43.095338 ], [ -89.372394200000016, 43.0952975 ], [ -89.3723924, 43.0952661 ], [ -89.3723739, 43.0952519 ], [ -89.3723235, 43.095230699999988 ], [ -89.3722489, 43.0952046 ], [ -89.3710956, 43.0949579 ], [ -89.370931, 43.0949204 ], [ -89.3708947, 43.0948728 ], [ -89.3708922, 43.0948376 ], [ -89.3708871, 43.0947677 ], [ -89.370901300000014, 43.0946611 ], [ -89.3709695, 43.0943825 ], [ -89.371097400000011, 43.094173399999988 ], [ -89.3712595, 43.0940342 ], [ -89.3713425, 43.0939853 ], [ -89.371403199999989, 43.0939936 ], [ -89.3714878, 43.0940532 ], [ -89.3715157, 43.0940356 ], [ -89.3715447, 43.0939594 ], [ -89.3716657, 43.0938024 ], [ -89.371773, 43.093715499999988 ], [ -89.3719127, 43.0936462 ], [ -89.3719844, 43.0936434 ], [ -89.372097, 43.093671099999987 ], [ -89.3721936, 43.0937849 ], [ -89.3722183, 43.0937499 ], [ -89.3721834, 43.0937098 ], [ -89.3721992, 43.0936573 ], [ -89.372324, 43.0935482 ], [ -89.3723917, 43.0935183 ], [ -89.3724418, 43.093532 ], [ -89.3725888, 43.0934417 ], [ -89.3728185, 43.093381 ], [ -89.3729106, 43.0933575 ], [ -89.3729908, 43.0933573 ], [ -89.3730529, 43.0934029 ], [ -89.3731014, 43.0934534 ], [ -89.3731139, 43.0934681 ], [ -89.3731496, 43.0934864 ], [ -89.3732047, 43.0934809 ], [ -89.3732289, 43.0934262 ], [ -89.3731804, 43.0933597 ], [ -89.3731183, 43.0932873 ], [ -89.3731208, 43.0932311 ], [ -89.3731845, 43.0931522 ], [ -89.3733926, 43.0929781 ], [ -89.3734516, 43.092922099999988 ], [ -89.37353, 43.0928475 ], [ -89.3735575, 43.0928032 ], [ -89.3735728, 43.0927784 ], [ -89.3736688, 43.0925654 ], [ -89.373674900000012, 43.0925517 ], [ -89.3737232, 43.0924576 ], [ -89.3738411, 43.0922541 ], [ -89.3739169, 43.0921231 ], [ -89.3739548, 43.0920621 ], [ -89.3739921, 43.0919963 ], [ -89.3740146, 43.091910299999988 ], [ -89.3740855, 43.0917777 ], [ -89.37413140000001, 43.091692 ], [ -89.3741687, 43.0916413 ], [ -89.374209800000017, 43.0915862 ], [ -89.3742854, 43.0914847 ], [ -89.374334499999989, 43.0914263 ], [ -89.374392, 43.0913599 ], [ -89.3743966, 43.0913547 ], [ -89.3745033, 43.0912536 ], [ -89.3745572, 43.0912064 ], [ -89.3747353, 43.0909371 ], [ -89.3747608, 43.0908986 ], [ -89.3747947, 43.0908023 ], [ -89.3748195, 43.090752 ], [ -89.3748536, 43.0906739 ], [ -89.374933, 43.0904921 ], [ -89.3749978, 43.0903438 ], [ -89.3750472, 43.0902308 ], [ -89.3750497, 43.0902263 ], [ -89.3750941, 43.0901232 ], [ -89.3751334, 43.0900349 ], [ -89.3751398, 43.090018799999989 ], [ -89.3751732, 43.0899421 ], [ -89.3751899, 43.0899152 ], [ -89.3752112, 43.0898918 ], [ -89.3752439, 43.089841 ], [ -89.375262, 43.0897615 ], [ -89.3752641, 43.0897525 ], [ -89.3753054, 43.0896263 ], [ -89.3753098, 43.089613 ], [ -89.3753596, 43.0894938 ], [ -89.3754169, 43.0893565 ], [ -89.3754924, 43.0891756 ], [ -89.3755224, 43.0891036 ], [ -89.3755585, 43.0890084 ], [ -89.3755808, 43.0889684 ], [ -89.3756529, 43.0888389 ], [ -89.3756912, 43.0887702 ], [ -89.3757245, 43.0887045 ], [ -89.3758002, 43.0885556 ], [ -89.3759165, 43.0883267 ], [ -89.3759516, 43.0882576 ], [ -89.3759897, 43.0882047 ], [ -89.3760811, 43.0880782 ], [ -89.3761703, 43.0879545 ], [ -89.3761988, 43.0879151 ], [ -89.3762433, 43.0878533 ], [ -89.3763165, 43.0877632 ], [ -89.3764102, 43.0876947 ], [ -89.3765064, 43.0875946 ], [ -89.3765138, 43.0875853 ], [ -89.3765803, 43.0875009 ], [ -89.3767397, 43.0873611 ], [ -89.3767504, 43.087355 ], [ -89.3771812, 43.0870613 ], [ -89.377543, 43.0868647 ], [ -89.3776916, 43.0867802 ], [ -89.3778382, 43.0866969 ], [ -89.3779693, 43.0866224 ], [ -89.3779694, 43.0866223 ], [ -89.3779804, 43.0866161 ], [ -89.3780796, 43.0865466 ], [ -89.378246, 43.0864495 ], [ -89.3782977, 43.0864117 ], [ -89.3783293, 43.0863909 ], [ -89.3784517, 43.0863101 ], [ -89.3785539, 43.0862437 ], [ -89.3784032, 43.0861348 ], [ -89.377952, 43.0857855 ], [ -89.37708, 43.0850774 ], [ -89.3768891, 43.0852117 ], [ -89.3762707, 43.0856359 ], [ -89.3761548, 43.0857155 ], [ -89.3752589, 43.0863571 ], [ -89.374404, 43.0857031 ], [ -89.3735488, 43.0850533 ], [ -89.3726919, 43.0844085 ], [ -89.3719574, 43.0838409 ], [ -89.3719516, 43.0838364 ], [ -89.3716399, 43.0835955 ], [ -89.3714299, 43.083744 ], [ -89.3698534, 43.0848595 ], [ -89.3680725, 43.0861117 ], [ -89.3662925, 43.0873771 ], [ -89.3645413, 43.0886393 ], [ -89.3627611, 43.089869799999988 ], [ -89.3621357, 43.090302 ], [ -89.3622198, 43.0903546 ], [ -89.363126200000011, 43.0909494 ], [ -89.3637596, 43.0912655 ], [ -89.3641266, 43.0915102 ], [ -89.3653169, 43.0920961 ], [ -89.3653303, 43.0921036 ], [ -89.3664449, 43.092728 ], [ -89.3671379, 43.0931188 ], [ -89.3687457, 43.0940247 ], [ -89.3695965, 43.0945176 ], [ -89.3698849, 43.094775 ], [ -89.3702496, 43.0950153 ], [ -89.3705164, 43.0952446 ], [ -89.370724900000013, 43.0951916 ] ] ] ] } },
{ "type": "Feature", "properties": { "rep_unit_id": 140, "ward": "C Madison Wd 042", "county": "DANE" }, "geometry": { "type": "MultiPolygon", "coordinates": [ [ [ [ -89.3609886, 43.0808513 ], [ -89.3608468, 43.0809275 ], [ -89.3608001, 43.0809659 ], [ -89.3606926, 43.0810543 ], [ -89.3606088, 43.0810894 ], [ -89.3605398, 43.0811183 ], [ -89.3604082, 43.0811911 ], [ -89.3603965, 43.0811975 ], [ -89.3602173, 43.081262 ], [ -89.3601855, 43.0812757 ], [ -89.3600605, 43.0813298 ], [ -89.3600114, 43.0813295 ], [ -89.3599038, 43.0813715 ], [ -89.3597962, 43.08142 ], [ -89.3597724, 43.0814246 ], [ -89.3596979, 43.081439 ], [ -89.359631, 43.0814354 ], [ -89.3595733, 43.0814056 ], [ -89.3595487, 43.0814104 ], [ -89.3595345, 43.081415 ], [ -89.3594009, 43.0814586 ], [ -89.3593953, 43.081461 ], [ -89.3592515, 43.0815226 ], [ -89.3591052, 43.0815853 ], [ -89.3590692, 43.0816007 ], [ -89.3589625, 43.0816558 ], [ -89.3587467, 43.0817518 ], [ -89.358551, 43.0818396 ], [ -89.3584997, 43.0818626 ], [ -89.3583216, 43.0819539 ], [ -89.3581167, 43.082059 ], [ -89.3579569, 43.0821409 ], [ -89.3579155, 43.0821639 ], [ -89.3577185, 43.0822733 ], [ -89.3576651, 43.0823029 ], [ -89.3575237, 43.0823883 ], [ -89.3574167, 43.0824528 ], [ -89.3573911, 43.0824682 ], [ -89.3572509, 43.0825571 ], [ -89.357171, 43.0826077 ], [ -89.357125599999989, 43.0826477 ], [ -89.3570674, 43.082698699999987 ], [ -89.3569684, 43.0827494 ], [ -89.3567664, 43.0828543 ], [ -89.3566472, 43.0829436 ], [ -89.3566431, 43.0829467 ], [ -89.3566648, 43.0830057 ], [ -89.3565774, 43.0830569 ], [ -89.3564483, 43.0831326 ], [ -89.35634850000001, 43.083191 ], [ -89.3562516, 43.0832478 ], [ -89.3562113, 43.0832715 ], [ -89.3561242, 43.0833303 ], [ -89.356011, 43.0834066 ], [ -89.3560031, 43.0834131 ], [ -89.355949, 43.0834573 ], [ -89.35593, 43.0834875 ], [ -89.355897, 43.0835063 ], [ -89.3558557, 43.0835318 ], [ -89.3557474, 43.0835972 ], [ -89.35571680000001, 43.0836157 ], [ -89.3557103, 43.0836274 ], [ -89.3556683, 43.0836507 ], [ -89.3556367, 43.0836773 ], [ -89.3556295, 43.0836834 ], [ -89.3556069, 43.083695 ], [ -89.3555842, 43.0837184 ], [ -89.3555648, 43.0837301 ], [ -89.3555519, 43.0837394 ], [ -89.3555319, 43.0837514 ], [ -89.3555131, 43.0837627 ], [ -89.3554452, 43.0838117 ], [ -89.3553755, 43.0838462 ], [ -89.3553553, 43.0838612 ], [ -89.3553054, 43.0839055 ], [ -89.3552659, 43.0839388 ], [ -89.3552227, 43.0839688 ], [ -89.3551718, 43.0840129 ], [ -89.355130699999989, 43.0840495 ], [ -89.3550977, 43.0840847 ], [ -89.355021600000015, 43.0841461 ], [ -89.3549239, 43.0842249 ], [ -89.3548726, 43.0842804 ], [ -89.3548543, 43.0843002 ], [ -89.3547719, 43.0844221 ], [ -89.3547373, 43.0844557 ], [ -89.3547272, 43.0844655 ], [ -89.3546927, 43.0844957 ], [ -89.3546646, 43.0845321 ], [ -89.354656, 43.0845411 ], [ -89.3546409, 43.0845571 ], [ -89.3545851, 43.0846465 ], [ -89.3545699, 43.0846763 ], [ -89.3545566, 43.0846887 ], [ -89.3545553, 43.0846891 ], [ -89.354543800000016, 43.0846922 ], [ -89.3545153, 43.0847242 ], [ -89.35449, 43.084747 ], [ -89.3544487, 43.0848042 ], [ -89.3544234, 43.0848285 ], [ -89.3543823, 43.084868 ], [ -89.354330800000014, 43.084910799999989 ], [ -89.3543192, 43.0849205 ], [ -89.3542906, 43.0849616 ], [ -89.3542572, 43.084999 ], [ -89.3542335, 43.0850256 ], [ -89.3541035, 43.0852099 ], [ -89.3540903, 43.0852764 ], [ -89.3541332, 43.0853616 ], [ -89.354026600000012, 43.0854273 ], [ -89.3543057, 43.0855903 ], [ -89.3552576, 43.0863119 ], [ -89.3562032, 43.0870472 ], [ -89.3566387, 43.0873578 ], [ -89.3571465, 43.0876456 ], [ -89.3582585, 43.0882054 ], [ -89.359387, 43.0887513 ], [ -89.3606889, 43.089473 ], [ -89.3614606, 43.0898796 ], [ -89.3619949, 43.0902139 ], [ -89.3621357, 43.090302 ], [ -89.3627611, 43.089869799999988 ], [ -89.3645413, 43.0886393 ], [ -89.3662925, 43.0873771 ], [ -89.3680725, 43.0861117 ], [ -89.3698534, 43.0848595 ], [ -89.3697849, 43.0848078 ], [ -89.3697151, 43.084755 ], [ -89.368674, 43.083969 ], [ -89.3678027, 43.0832929 ], [ -89.3669653, 43.0826544 ], [ -89.366815, 43.0825356 ], [ -89.3660992, 43.082005 ], [ -89.3656218, 43.0816112 ], [ -89.3652628, 43.0813275 ], [ -89.3643669, 43.080700199999988 ], [ -89.3638723, 43.080340199999988 ], [ -89.3635322, 43.0800462 ], [ -89.3626548, 43.0806666 ], [ -89.361760300000014, 43.0813085 ], [ -89.361457300000012, 43.0810646 ], [ -89.361237, 43.0808872 ], [ -89.3611101, 43.0807857 ], [ -89.3609886, 43.0808513 ] ] ] ] } },
{ "type": "Feature", "properties": { "rep_unit_id": 141, "ward": "C Madison Wd 043", "county": "DANE" }, "geometry": { "type": "MultiPolygon", "coordinates": [ [ [ [ -89.3752589, 43.0863571 ], [ -89.3761548, 43.0857155 ], [ -89.3762707, 43.0856359 ], [ -89.3768891, 43.0852117 ], [ -89.37708, 43.0850774 ], [ -89.377952, 43.0857855 ], [ -89.3784032, 43.0861348 ], [ -89.3785539, 43.0862437 ], [ -89.3786345, 43.0861915 ], [ -89.3787893, 43.0860503 ], [ -89.3789317, 43.0859202 ], [ -89.3789411, 43.0859098 ], [ -89.3790566, 43.0857815 ], [ -89.3790824, 43.0857492 ], [ -89.3791631, 43.085648 ], [ -89.379243, 43.0855642 ], [ -89.3792984, 43.0855061 ], [ -89.3793132, 43.0854893 ], [ -89.3793595, 43.0854543 ], [ -89.3793647, 43.0854485 ], [ -89.3794535, 43.0853503 ], [ -89.3795895, 43.0851997 ], [ -89.3795923, 43.0851951 ], [ -89.3797156, 43.0849924 ], [ -89.3797452, 43.0849589 ], [ -89.3798858, 43.0848 ], [ -89.3800226, 43.0846455 ], [ -89.3800667, 43.0845956 ], [ -89.380085799999989, 43.0845727 ], [ -89.3801909, 43.084455 ], [ -89.3802145, 43.0844285 ], [ -89.3802275, 43.084414 ], [ -89.3802267, 43.0844033 ], [ -89.3802262, 43.0843955 ], [ -89.380245, 43.084378 ], [ -89.380266, 43.0843557 ], [ -89.3802914, 43.0843295 ], [ -89.3804737, 43.0841456 ], [ -89.3808381, 43.0837471 ], [ -89.3810682, 43.0834976 ], [ -89.3812442, 43.083317099999988 ], [ -89.3812957, 43.0832545 ], [ -89.381385, 43.083152 ], [ -89.3814359, 43.0830935 ], [ -89.3815343, 43.0829673 ], [ -89.3816276, 43.082863 ], [ -89.3816825, 43.0828017 ], [ -89.3817587, 43.0827531 ], [ -89.3819001, 43.082663 ], [ -89.382099, 43.082536300000015 ], [ -89.3823075, 43.082371 ], [ -89.3824436, 43.0822517 ], [ -89.3825239, 43.0821686 ], [ -89.3826823, 43.082052499999989 ], [ -89.3828692, 43.0819038 ], [ -89.3829969, 43.0818031 ], [ -89.382387, 43.0813325 ], [ -89.381552, 43.0806809 ], [ -89.3806544, 43.0800116 ], [ -89.379837, 43.0793821 ], [ -89.3787928, 43.0785906 ], [ -89.3770188, 43.0798561 ], [ -89.3752253, 43.0810958 ], [ -89.3749472, 43.0812893 ], [ -89.374833, 43.0813689 ], [ -89.3734369, 43.0823406 ], [ -89.3716399, 43.0835955 ], [ -89.3719516, 43.0838364 ], [ -89.3719574, 43.0838409 ], [ -89.3726919, 43.0844085 ], [ -89.3735488, 43.0850533 ], [ -89.374404, 43.0857031 ], [ -89.3752589, 43.0863571 ] ] ] ] } },
{ "type": "Feature", "properties": { "rep_unit_id": 142, "ward": "C Madison Wd 044", "county": "DANE" }, "geometry": { "type": "MultiPolygon", "coordinates": [ [ [ [ -89.3643669, 43.080700199999988 ], [ -89.3652628, 43.0813275 ], [ -89.3656218, 43.0816112 ], [ -89.3660992, 43.082005 ], [ -89.366815, 43.0825356 ], [ -89.3669653, 43.0826544 ], [ -89.3678027, 43.0832929 ], [ -89.368674, 43.083969 ], [ -89.3697151, 43.084755 ], [ -89.3697849, 43.0848078 ], [ -89.3698534, 43.0848595 ], [ -89.3714299, 43.083744 ], [ -89.3716399, 43.0835955 ], [ -89.3734369, 43.0823406 ], [ -89.374833, 43.0813689 ], [ -89.3749472, 43.0812893 ], [ -89.3752253, 43.0810958 ], [ -89.3770188, 43.0798561 ], [ -89.3787928, 43.0785906 ], [ -89.3787867, 43.0785858 ], [ -89.3787027, 43.0785204 ], [ -89.3786233, 43.0784586 ], [ -89.3786229, 43.0784583 ], [ -89.3781174, 43.0780669 ], [ -89.377614799999989, 43.0776778 ], [ -89.376766, 43.0770261 ], [ -89.3759996, 43.0764453 ], [ -89.3759774, 43.0764284 ], [ -89.3759557, 43.0764112 ], [ -89.3759345, 43.0763937 ], [ -89.3759137, 43.0763759 ], [ -89.3758926, 43.076357 ], [ -89.3758721, 43.0763378 ], [ -89.3758521, 43.0763183 ], [ -89.3758326, 43.0762985 ], [ -89.3758137, 43.0762784 ], [ -89.3757954, 43.076258 ], [ -89.3757286, 43.0761734 ], [ -89.3756893, 43.076102 ], [ -89.3756266, 43.0761157 ], [ -89.3754354, 43.0761529 ], [ -89.375371, 43.0760317 ], [ -89.3751955, 43.0757232 ], [ -89.3751184, 43.0755209 ], [ -89.3750361, 43.0753184 ], [ -89.375009, 43.0752477 ], [ -89.3748934, 43.0753194 ], [ -89.3748385, 43.0753511 ], [ -89.3747122, 43.0754201 ], [ -89.374634, 43.0754309 ], [ -89.3745761, 43.075458 ], [ -89.3744056, 43.0755342 ], [ -89.3743595, 43.0755601 ], [ -89.374324, 43.0755656 ], [ -89.3742172, 43.0756045 ], [ -89.3741485, 43.0756468 ], [ -89.3739883, 43.0757012 ], [ -89.3739519, 43.0757116 ], [ -89.3738771, 43.0757331 ], [ -89.3737481, 43.0757779 ], [ -89.3736326, 43.0758065 ], [ -89.3735257, 43.0758514 ], [ -89.3734277, 43.0758964 ], [ -89.3733563, 43.075944799999988 ], [ -89.3732716, 43.0759833 ], [ -89.373098399999989, 43.0760117 ], [ -89.3728808, 43.0760495 ], [ -89.3727206, 43.0761039 ], [ -89.3725557, 43.0761891 ], [ -89.3724611, 43.0762362 ], [ -89.372287899999989, 43.076372899999988 ], [ -89.3722123, 43.0763827 ], [ -89.372105499999989, 43.0764221 ], [ -89.372028500000013, 43.0764567 ], [ -89.3719888, 43.0764792 ], [ -89.3719396, 43.076526 ], [ -89.3719042, 43.0765516 ], [ -89.371865899999989, 43.0765619 ], [ -89.3718225, 43.0765848 ], [ -89.3717355, 43.0766346 ], [ -89.3716547, 43.0766768 ], [ -89.371619, 43.0766989 ], [ -89.3716055, 43.0767075 ], [ -89.3715918, 43.0766935 ], [ -89.3715839, 43.0766975 ], [ -89.3715102, 43.0767528 ], [ -89.3714713, 43.0767819 ], [ -89.3713516, 43.0768718 ], [ -89.3712944, 43.0769118 ], [ -89.3712087, 43.0769718 ], [ -89.371179, 43.0769902 ], [ -89.37107730000001, 43.0770535 ], [ -89.3710481, 43.0770717 ], [ -89.3709619, 43.077096399999988 ], [ -89.3709163, 43.0771095 ], [ -89.3708996, 43.0771143 ], [ -89.3708924, 43.0771163 ], [ -89.3707275, 43.0771533 ], [ -89.3705102, 43.077202 ], [ -89.3703396, 43.0772376 ], [ -89.3702312, 43.0772602 ], [ -89.3700926, 43.0772891 ], [ -89.3700672, 43.0772957 ], [ -89.3699286, 43.077332 ], [ -89.3698614, 43.0773496 ], [ -89.3695993, 43.0774002 ], [ -89.3693683, 43.0774412 ], [ -89.3688225, 43.0774902 ], [ -89.3685825, 43.0775409 ], [ -89.3683382, 43.0775818 ], [ -89.3681162, 43.0776196 ], [ -89.3679162, 43.0776672 ], [ -89.3675979, 43.077749 ], [ -89.3673539, 43.0778368 ], [ -89.3673291, 43.077846 ], [ -89.3671174, 43.0779299 ], [ -89.3670911, 43.0779397 ], [ -89.3669502, 43.0779904 ], [ -89.366937299999989, 43.077995 ], [ -89.3668183, 43.078048 ], [ -89.366785900000011, 43.0780625 ], [ -89.3667145, 43.0781044 ], [ -89.366694, 43.0781115 ], [ -89.3665855, 43.0781492 ], [ -89.36655, 43.0781598 ], [ -89.3664254, 43.078197 ], [ -89.366346, 43.0782143 ], [ -89.366221, 43.0782414 ], [ -89.3661899, 43.0782533 ], [ -89.3660874, 43.0782927 ], [ -89.3660354, 43.0783033 ], [ -89.365963, 43.078318 ], [ -89.3658385, 43.0783498 ], [ -89.3656986, 43.0784034 ], [ -89.3656961, 43.0784043 ], [ -89.3656247, 43.0784494 ], [ -89.3655185, 43.0784747 ], [ -89.3655047, 43.078478 ], [ -89.3653959, 43.0785418 ], [ -89.3653619, 43.0785618 ], [ -89.3652595, 43.0785924 ], [ -89.3650582, 43.0786988 ], [ -89.365001, 43.0787321 ], [ -89.3649278, 43.0787658 ], [ -89.3648406, 43.078806 ], [ -89.3647896, 43.0788402 ], [ -89.3647156, 43.0788898 ], [ -89.3646642, 43.0789205 ], [ -89.3646147, 43.07895 ], [ -89.364613, 43.078951 ], [ -89.364524, 43.0789863 ], [ -89.364399300000017, 43.0790376 ], [ -89.3642833, 43.0790812 ], [ -89.3642451, 43.0791024 ], [ -89.3642302, 43.0791098 ], [ -89.3642057, 43.0791219 ], [ -89.3641704, 43.0791368 ], [ -89.3641451, 43.0791957 ], [ -89.3641056, 43.0792212 ], [ -89.36406, 43.0792376 ], [ -89.3640124, 43.0792494 ], [ -89.363905, 43.0792624 ], [ -89.363749900000016, 43.0792508 ], [ -89.3637021, 43.0792542 ], [ -89.36358030000001, 43.0792627 ], [ -89.3635459, 43.0792731 ], [ -89.3634893, 43.0792902 ], [ -89.3634223, 43.0793267 ], [ -89.3634143, 43.0793364 ], [ -89.3633364, 43.0794313 ], [ -89.363294, 43.079483 ], [ -89.3632814, 43.0795041 ], [ -89.3632514, 43.07953 ], [ -89.3632501, 43.0795311 ], [ -89.363221, 43.0795522 ], [ -89.3631305, 43.079603 ], [ -89.3629422, 43.0797231 ], [ -89.3629223, 43.0797359 ], [ -89.3628475, 43.0797776 ], [ -89.3628235, 43.079791 ], [ -89.3627457, 43.0798306 ], [ -89.3626405, 43.0798842 ], [ -89.3625948, 43.0799075 ], [ -89.3625403, 43.0799384 ], [ -89.3624893, 43.0799674 ], [ -89.3623555, 43.0800599 ], [ -89.362332, 43.0800762 ], [ -89.3621793, 43.0801702 ], [ -89.3621641, 43.0801788 ], [ -89.3620715, 43.0802318 ], [ -89.3620141, 43.0802619 ], [ -89.361759, 43.080396 ], [ -89.3617587, 43.0803962 ], [ -89.3615853, 43.0805025 ], [ -89.3615722, 43.0805078 ], [ -89.3614605, 43.080553 ], [ -89.3614603, 43.0805532 ], [ -89.361377, 43.0806295 ], [ -89.3613345, 43.0806684 ], [ -89.3613083, 43.0806819 ], [ -89.3612882, 43.0806924 ], [ -89.361192699999989, 43.0807419 ], [ -89.3611549, 43.0807615 ], [ -89.3611101, 43.0807857 ], [ -89.361237, 43.0808872 ], [ -89.361457300000012, 43.0810646 ], [ -89.361760300000014, 43.0813085 ], [ -89.3626548, 43.0806666 ], [ -89.3635322, 43.0800462 ], [ -89.3638723, 43.080340199999988 ], [ -89.3643669, 43.080700199999988 ] ] ] ] } },
{ "type": "Feature", "properties": { "rep_unit_id": 143, "ward": "C Madison Wd 045", "county": "DANE" }, "geometry": { "type": "MultiPolygon", "coordinates": [ [ [ [ -89.3757286, 43.0761734 ], [ -89.3757954, 43.076258 ], [ -89.3758137, 43.0762784 ], [ -89.3758326, 43.0762985 ], [ -89.3758521, 43.0763183 ], [ -89.3758721, 43.0763378 ], [ -89.3758926, 43.076357 ], [ -89.3759137, 43.0763759 ], [ -89.3759345, 43.0763937 ], [ -89.3759557, 43.0764112 ], [ -89.3759774, 43.0764284 ], [ -89.3759996, 43.0764453 ], [ -89.376766, 43.0770261 ], [ -89.377614799999989, 43.0776778 ], [ -89.3781174, 43.0780669 ], [ -89.3786229, 43.0784583 ], [ -89.3786233, 43.0784586 ], [ -89.3787027, 43.0785204 ], [ -89.3787867, 43.0785858 ], [ -89.3787928, 43.0785906 ], [ -89.378794, 43.0785898 ], [ -89.379695500000011, 43.0779592 ], [ -89.3804086, 43.0774556 ], [ -89.3812928, 43.076816 ], [ -89.3812264, 43.0767664 ], [ -89.3811507, 43.0767099 ], [ -89.380109, 43.0759129 ], [ -89.3784013, 43.0746312 ], [ -89.3778911, 43.0749973 ], [ -89.3778668, 43.0750152 ], [ -89.377842, 43.0750327 ], [ -89.3778167, 43.0750499 ], [ -89.377791, 43.0750667 ], [ -89.3777648, 43.0750831 ], [ -89.3777382, 43.0750991 ], [ -89.3777112, 43.0751148 ], [ -89.3776837, 43.07513 ], [ -89.3776559, 43.0751449 ], [ -89.3776276, 43.0751593 ], [ -89.377599, 43.0751734 ], [ -89.3775699, 43.075187 ], [ -89.377540599999989, 43.0752002 ], [ -89.3775108, 43.0752129 ], [ -89.3774808, 43.0752252 ], [ -89.3767986, 43.0756955 ], [ -89.3766064, 43.0758241 ], [ -89.3765372, 43.0758658 ], [ -89.3764635, 43.0759031 ], [ -89.3763857, 43.0759356 ], [ -89.376304499999989, 43.0759632 ], [ -89.3762203, 43.0759856 ], [ -89.3756893, 43.076102 ], [ -89.3757286, 43.0761734 ] ] ] ] } },
{ "type": "Feature", "properties": { "rep_unit_id": 144, "ward": "C Madison Wd 046", "county": "DANE" }, "geometry": { "type": "MultiPolygon", "coordinates": [ [ [ [ -89.382387, 43.0813325 ], [ -89.3829969, 43.0818031 ], [ -89.3830774, 43.0817397 ], [ -89.3833092, 43.0815945 ], [ -89.3833954, 43.0815414 ], [ -89.3834363, 43.0815162 ], [ -89.3834485, 43.0815097 ], [ -89.3835472, 43.0814566 ], [ -89.3836651, 43.0814056 ], [ -89.3838394, 43.0813377 ], [ -89.383905399999989, 43.0813105 ], [ -89.3839976, 43.0812734 ], [ -89.3843395, 43.0811391 ], [ -89.3846938, 43.0810281 ], [ -89.3850751, 43.0809305 ], [ -89.3855201, 43.0808068 ], [ -89.3859014, 43.0807059 ], [ -89.3861373, 43.0806607 ], [ -89.3861692, 43.0806593 ], [ -89.386487, 43.0806493 ], [ -89.386816599999989, 43.0806511 ], [ -89.3872068, 43.0805735 ], [ -89.3873697, 43.0805438 ], [ -89.387560600000015, 43.080509 ], [ -89.3879596, 43.080458 ], [ -89.3880823, 43.0804262 ], [ -89.3882864, 43.0803734 ], [ -89.3885182, 43.0803003 ], [ -89.388571399999989, 43.0802835 ], [ -89.3888042, 43.080210199999989 ], [ -89.388952, 43.080157 ], [ -89.3891651, 43.0800802 ], [ -89.3896363, 43.0799014 ], [ -89.3896677, 43.0798894 ], [ -89.3899288, 43.0797677 ], [ -89.3901044, 43.0796859 ], [ -89.3901322, 43.0796698 ], [ -89.3904377, 43.0794932 ], [ -89.3898997, 43.0790694 ], [ -89.3895557, 43.0788061 ], [ -89.3887429, 43.0781779 ], [ -89.3886998, 43.0781446 ], [ -89.3878364, 43.0774915 ], [ -89.3870059, 43.0768463 ], [ -89.386144, 43.0761906 ], [ -89.3849772, 43.0770062 ], [ -89.3842972, 43.077484299999988 ], [ -89.3842858, 43.0774918 ], [ -89.3842738, 43.0774989 ], [ -89.3842615, 43.0775056 ], [ -89.3842487, 43.0775118 ], [ -89.3842355, 43.0775176 ], [ -89.384222, 43.0775229 ], [ -89.3842081, 43.0775277 ], [ -89.3841939, 43.077532 ], [ -89.3841795, 43.0775358 ], [ -89.3841648, 43.0775392 ], [ -89.3841499, 43.077542 ], [ -89.3841349, 43.0775442 ], [ -89.3841197, 43.077546 ], [ -89.3841045, 43.0775472 ], [ -89.3840892, 43.0775479 ], [ -89.3840738, 43.0775477 ], [ -89.3840584, 43.0775471 ], [ -89.3840431, 43.0775459 ], [ -89.3840279, 43.0775441 ], [ -89.3840128, 43.0775418 ], [ -89.3839979, 43.077539 ], [ -89.3839832, 43.0775357 ], [ -89.3839687, 43.0775319 ], [ -89.3839545, 43.0775275 ], [ -89.3839406, 43.0775227 ], [ -89.383927, 43.0775173 ], [ -89.3839138, 43.0775115 ], [ -89.383901, 43.0775053 ], [ -89.3838886, 43.0774986 ], [ -89.3838767, 43.0774914 ], [ -89.3838653, 43.0774839 ], [ -89.38385430000001, 43.0774759 ], [ -89.3832212, 43.0769902 ], [ -89.3823233, 43.0763023 ], [ -89.3821031, 43.0761335 ], [ -89.382087, 43.076134 ], [ -89.3820709, 43.0761349 ], [ -89.3820548, 43.0761364 ], [ -89.3820389, 43.0761385 ], [ -89.3820231, 43.076141 ], [ -89.3820075, 43.0761441 ], [ -89.3819921, 43.0761476 ], [ -89.381977, 43.0761517 ], [ -89.3819621, 43.0761562 ], [ -89.3819475, 43.076161299999988 ], [ -89.3819332, 43.0761668 ], [ -89.3819192, 43.0761728 ], [ -89.3819057, 43.0761792 ], [ -89.3818925, 43.0761861 ], [ -89.3818798, 43.0761934 ], [ -89.3818675, 43.0762011 ], [ -89.3818557, 43.0762092 ], [ -89.3818444, 43.0762176 ], [ -89.3811507, 43.0767099 ], [ -89.3812264, 43.0767664 ], [ -89.3812928, 43.076816 ], [ -89.3804086, 43.0774556 ], [ -89.379695500000011, 43.0779592 ], [ -89.378794, 43.0785898 ], [ -89.3787928, 43.0785906 ], [ -89.379837, 43.0793821 ], [ -89.3806544, 43.0800116 ], [ -89.381552, 43.0806809 ], [ -89.382387, 43.0813325 ] ] ] ] } },
{ "type": "Feature", "properties": { "rep_unit_id": 149, "ward": "C Madison Wd 051", "county": "DANE" }, "geometry": { "type": "MultiPolygon", "coordinates": [ [ [ [ -89.3756893, 43.076102 ], [ -89.3762203, 43.0759856 ], [ -89.376304499999989, 43.0759632 ], [ -89.3763857, 43.0759356 ], [ -89.3764635, 43.0759031 ], [ -89.3765372, 43.0758658 ], [ -89.3766064, 43.0758241 ], [ -89.3767986, 43.0756955 ], [ -89.3774808, 43.0752252 ], [ -89.3775108, 43.0752129 ], [ -89.377540599999989, 43.0752002 ], [ -89.3775699, 43.075187 ], [ -89.377599, 43.0751734 ], [ -89.3776276, 43.0751593 ], [ -89.3776559, 43.0751449 ], [ -89.3776837, 43.07513 ], [ -89.3777112, 43.0751148 ], [ -89.3777382, 43.0750991 ], [ -89.3777648, 43.0750831 ], [ -89.377791, 43.0750667 ], [ -89.3778167, 43.0750499 ], [ -89.377842, 43.0750327 ], [ -89.3778668, 43.0750152 ], [ -89.3778911, 43.0749973 ], [ -89.3784013, 43.0746312 ], [ -89.380109, 43.0759129 ], [ -89.3811507, 43.0767099 ], [ -89.3818444, 43.0762176 ], [ -89.3818557, 43.0762092 ], [ -89.3818675, 43.0762011 ], [ -89.3818798, 43.0761934 ], [ -89.3818925, 43.0761861 ], [ -89.3819057, 43.0761792 ], [ -89.3819192, 43.0761728 ], [ -89.3819332, 43.0761668 ], [ -89.3819475, 43.076161299999988 ], [ -89.3819621, 43.0761562 ], [ -89.381977, 43.0761517 ], [ -89.3819921, 43.0761476 ], [ -89.3820075, 43.0761441 ], [ -89.3820231, 43.076141 ], [ -89.3820389, 43.0761385 ], [ -89.3820548, 43.0761364 ], [ -89.3820709, 43.0761349 ], [ -89.382087, 43.076134 ], [ -89.3821031, 43.0761335 ], [ -89.3830767, 43.0754577 ], [ -89.382212, 43.0747996 ], [ -89.3822029, 43.0747923 ], [ -89.3821944, 43.0747846 ], [ -89.382190799999989, 43.0747809 ], [ -89.3821864, 43.0747766 ], [ -89.382179, 43.0747683 ], [ -89.3821722, 43.0747597 ], [ -89.382166, 43.074751 ], [ -89.382160399999989, 43.0747419 ], [ -89.3821554, 43.0747327 ], [ -89.3821511, 43.074723299999988 ], [ -89.3821474, 43.0747138 ], [ -89.382144400000016, 43.0747041 ], [ -89.3821421, 43.0746944 ], [ -89.3821405, 43.0746846 ], [ -89.3821395, 43.0746747 ], [ -89.3821392, 43.0746648 ], [ -89.3821397, 43.0746549 ], [ -89.382140800000016, 43.0746452 ], [ -89.3821426, 43.0746355 ], [ -89.3821451, 43.074626 ], [ -89.382148199999989, 43.0746166 ], [ -89.3821521, 43.0746072 ], [ -89.3821565, 43.0745981 ], [ -89.3821617, 43.0745891 ], [ -89.3821674, 43.0745804 ], [ -89.3821738, 43.0745718 ], [ -89.3821807, 43.0745636 ], [ -89.3821883, 43.0745556 ], [ -89.3821964, 43.0745479 ], [ -89.382205, 43.0745405 ], [ -89.3831214, 43.0738962 ], [ -89.3840183, 43.073263 ], [ -89.384028300000011, 43.0732563 ], [ -89.3840387, 43.07325 ], [ -89.384049600000012, 43.0732441 ], [ -89.3840609, 43.0732387 ], [ -89.3840725, 43.0732336 ], [ -89.3840845, 43.073229 ], [ -89.3840968, 43.0732248 ], [ -89.3841093, 43.0732212 ], [ -89.3841221, 43.073218 ], [ -89.3841351, 43.0732152 ], [ -89.3841483, 43.073213 ], [ -89.3841616, 43.0732113 ], [ -89.3841751, 43.07321 ], [ -89.3841885, 43.0732093 ], [ -89.3842021, 43.0732091 ], [ -89.3842156, 43.0732094 ], [ -89.3842281, 43.0732097 ], [ -89.3842406, 43.0732106 ], [ -89.3842529, 43.073212 ], [ -89.3842652, 43.0732139 ], [ -89.3842773, 43.0732164 ], [ -89.3842891, 43.0732193 ], [ -89.3843007, 43.0732228 ], [ -89.384312, 43.0732267 ], [ -89.384323, 43.0732311 ], [ -89.3843336, 43.073236 ], [ -89.3843439, 43.0732413 ], [ -89.3843536, 43.073247 ], [ -89.384363, 43.0732531 ], [ -89.3852505, 43.073929 ], [ -89.386216, 43.0732549 ], [ -89.3871126, 43.0726224 ], [ -89.3859899, 43.0717707 ], [ -89.3854923, 43.0713897 ], [ -89.3852562, 43.0712019 ], [ -89.3851374, 43.0711162 ], [ -89.3851215, 43.0711047 ], [ -89.3848286, 43.0708911 ], [ -89.3845389, 43.0706694 ], [ -89.3842966, 43.0704734 ], [ -89.3842914, 43.0704489 ], [ -89.3842868, 43.0704244 ], [ -89.384283, 43.0703998 ], [ -89.3842798, 43.0703751 ], [ -89.3842774, 43.0703504 ], [ -89.3842756, 43.0703257 ], [ -89.3842746, 43.070301 ], [ -89.3842742, 43.0702762 ], [ -89.3842746, 43.0702515 ], [ -89.3842951, 43.0693194 ], [ -89.3842868, 43.0692132 ], [ -89.3850759, 43.0686583 ], [ -89.385079499999989, 43.068655799999988 ], [ -89.3850816, 43.0686544 ], [ -89.385139, 43.068614 ], [ -89.3851733, 43.0685899 ], [ -89.3850426, 43.068492 ], [ -89.3850169, 43.0684742 ], [ -89.3849908, 43.0684566 ], [ -89.3849643, 43.0684395 ], [ -89.3849375, 43.0684226 ], [ -89.3849102, 43.0684061 ], [ -89.384882499999989, 43.06839 ], [ -89.3848545, 43.0683742 ], [ -89.3848261, 43.0683587 ], [ -89.3847973, 43.0683437 ], [ -89.384312400000013, 43.0683868 ], [ -89.3843183, 43.0681198 ], [ -89.3840796, 43.0683106 ], [ -89.3838486, 43.0685482 ], [ -89.3835252, 43.0688031 ], [ -89.3831346, 43.0690871 ], [ -89.3827823, 43.0693556 ], [ -89.3825153, 43.0695242 ], [ -89.3822779, 43.0697531 ], [ -89.3816141, 43.0702717 ], [ -89.3815905, 43.070288 ], [ -89.3815747, 43.0702982 ], [ -89.381558500000011, 43.0703079 ], [ -89.381539, 43.0703187 ], [ -89.3813477, 43.0704177 ], [ -89.3812806, 43.0704523 ], [ -89.381259, 43.0704648 ], [ -89.3812439, 43.0704741 ], [ -89.381215, 43.0704938 ], [ -89.3809187, 43.0707239 ], [ -89.3808966, 43.07074 ], [ -89.3808708, 43.0707564 ], [ -89.3808436, 43.0707714 ], [ -89.380815, 43.070785 ], [ -89.3807852, 43.0707971 ], [ -89.3807543, 43.0708077 ], [ -89.3807225, 43.0708166 ], [ -89.3805273, 43.0708658 ], [ -89.3804892, 43.0708766 ], [ -89.3804523, 43.070889199999989 ], [ -89.3804166, 43.0709037 ], [ -89.3803824, 43.0709199 ], [ -89.3803499, 43.0709379 ], [ -89.3803191, 43.0709575 ], [ -89.3802926, 43.0709768 ], [ -89.3798357, 43.0713315 ], [ -89.3798156, 43.0713437 ], [ -89.3797961, 43.0713563 ], [ -89.3797772, 43.0713694 ], [ -89.379759, 43.071383 ], [ -89.3797414, 43.0713971 ], [ -89.3797245, 43.0714116 ], [ -89.3797083, 43.0714265 ], [ -89.3796902, 43.0714444 ], [ -89.3793079, 43.0717412 ], [ -89.3792883, 43.071757 ], [ -89.3792606, 43.0717813 ], [ -89.3792346, 43.0718067 ], [ -89.3792162, 43.0718265 ], [ -89.3786976, 43.072423 ], [ -89.3786795, 43.0724421 ], [ -89.3786616, 43.0724591 ], [ -89.3786489, 43.0724699 ], [ -89.3786226, 43.072491 ], [ -89.377776, 43.073126599999988 ], [ -89.3776134, 43.0732487 ], [ -89.3775032, 43.0733127 ], [ -89.37743, 43.0733818 ], [ -89.377274899999989, 43.0735676 ], [ -89.3772207, 43.0736644 ], [ -89.3771635, 43.0738329 ], [ -89.3770345, 43.0739794 ], [ -89.3768607, 43.074117 ], [ -89.3767868, 43.074191 ], [ -89.3765402, 43.074379 ], [ -89.3762751, 43.0745812 ], [ -89.3762477, 43.0745935 ], [ -89.3761678, 43.0746762 ], [ -89.3761216, 43.0746962 ], [ -89.3760086, 43.0747317 ], [ -89.3758906, 43.0747999 ], [ -89.375763, 43.0748783 ], [ -89.3756356, 43.0749482 ], [ -89.3755034, 43.0750301 ], [ -89.375426, 43.0750712 ], [ -89.3753841, 43.0751002 ], [ -89.3753279, 43.0751161 ], [ -89.3752701, 43.0751307 ], [ -89.3752071, 43.075149 ], [ -89.375166299999989, 43.075155 ], [ -89.3751168, 43.0751809 ], [ -89.375009, 43.0752477 ], [ -89.3750361, 43.0753184 ], [ -89.3751184, 43.0755209 ], [ -89.3751955, 43.0757232 ], [ -89.375371, 43.0760317 ], [ -89.3754354, 43.0761529 ], [ -89.3756266, 43.0761157 ], [ -89.3756893, 43.076102 ] ] ] ] } },
{ "type": "Feature", "properties": { "rep_unit_id": 150, "ward": "C Madison Wd 052", "county": "DANE" }, "geometry": { "type": "MultiPolygon", "coordinates": [ [ [ [ -89.3908714, 43.0728542 ], [ -89.3900164, 43.0722015 ], [ -89.3888895, 43.0713578 ], [ -89.3878315, 43.0721083 ], [ -89.3875981, 43.0722752 ], [ -89.3871126, 43.0726224 ], [ -89.386216, 43.0732549 ], [ -89.3852505, 43.073929 ], [ -89.384363, 43.0732531 ], [ -89.3843536, 43.073247 ], [ -89.3843439, 43.0732413 ], [ -89.3843336, 43.073236 ], [ -89.384323, 43.0732311 ], [ -89.384312, 43.0732267 ], [ -89.3843007, 43.0732228 ], [ -89.3842891, 43.0732193 ], [ -89.3842773, 43.0732164 ], [ -89.3842652, 43.0732139 ], [ -89.3842529, 43.073212 ], [ -89.3842406, 43.0732106 ], [ -89.3842281, 43.0732097 ], [ -89.3842156, 43.0732094 ], [ -89.3842021, 43.0732091 ], [ -89.3841885, 43.0732093 ], [ -89.3841751, 43.07321 ], [ -89.3841616, 43.0732113 ], [ -89.3841483, 43.073213 ], [ -89.3841351, 43.0732152 ], [ -89.3841221, 43.073218 ], [ -89.3841093, 43.0732212 ], [ -89.3840968, 43.0732248 ], [ -89.3840845, 43.073229 ], [ -89.3840725, 43.0732336 ], [ -89.3840609, 43.0732387 ], [ -89.384049600000012, 43.0732441 ], [ -89.3840387, 43.07325 ], [ -89.384028300000011, 43.0732563 ], [ -89.3840183, 43.073263 ], [ -89.3831214, 43.0738962 ], [ -89.382205, 43.0745405 ], [ -89.3821964, 43.0745479 ], [ -89.3821883, 43.0745556 ], [ -89.3821807, 43.0745636 ], [ -89.3821738, 43.0745718 ], [ -89.3821674, 43.0745804 ], [ -89.3821617, 43.0745891 ], [ -89.3821565, 43.0745981 ], [ -89.3821521, 43.0746072 ], [ -89.382148199999989, 43.0746166 ], [ -89.3821451, 43.074626 ], [ -89.3821426, 43.0746355 ], [ -89.382140800000016, 43.0746452 ], [ -89.3821397, 43.0746549 ], [ -89.3821392, 43.0746648 ], [ -89.3821395, 43.0746747 ], [ -89.3821405, 43.0746846 ], [ -89.3821421, 43.0746944 ], [ -89.382144400000016, 43.0747041 ], [ -89.3821474, 43.0747138 ], [ -89.3821511, 43.074723299999988 ], [ -89.3821554, 43.0747327 ], [ -89.382160399999989, 43.0747419 ], [ -89.382166, 43.074751 ], [ -89.3821722, 43.0747597 ], [ -89.382179, 43.0747683 ], [ -89.3821864, 43.0747766 ], [ -89.382190799999989, 43.0747809 ], [ -89.3821944, 43.0747846 ], [ -89.3822029, 43.0747923 ], [ -89.382212, 43.0747996 ], [ -89.3830767, 43.0754577 ], [ -89.3821031, 43.0761335 ], [ -89.3823233, 43.0763023 ], [ -89.3832212, 43.0769902 ], [ -89.38385430000001, 43.0774759 ], [ -89.3838653, 43.0774839 ], [ -89.3838767, 43.0774914 ], [ -89.3838886, 43.0774986 ], [ -89.383901, 43.0775053 ], [ -89.3839138, 43.0775115 ], [ -89.383927, 43.0775173 ], [ -89.3839406, 43.0775227 ], [ -89.3839545, 43.0775275 ], [ -89.3839687, 43.0775319 ], [ -89.3839832, 43.0775357 ], [ -89.3839979, 43.077539 ], [ -89.3840128, 43.0775418 ], [ -89.3840279, 43.0775441 ], [ -89.3840431, 43.0775459 ], [ -89.3840584, 43.0775471 ], [ -89.3840738, 43.0775477 ], [ -89.3840892, 43.0775479 ], [ -89.3841045, 43.0775472 ], [ -89.3841197, 43.077546 ], [ -89.3841349, 43.0775442 ], [ -89.3841499, 43.077542 ], [ -89.3841648, 43.0775392 ], [ -89.3841795, 43.0775358 ], [ -89.3841939, 43.077532 ], [ -89.3842081, 43.0775277 ], [ -89.384222, 43.0775229 ], [ -89.3842355, 43.0775176 ], [ -89.3842487, 43.0775118 ], [ -89.3842615, 43.0775056 ], [ -89.3842738, 43.0774989 ], [ -89.3842858, 43.0774918 ], [ -89.3842972, 43.077484299999988 ], [ -89.3849772, 43.0770062 ], [ -89.386144, 43.0761906 ], [ -89.3870059, 43.0768463 ], [ -89.3878364, 43.0774915 ], [ -89.3890012, 43.0766764 ], [ -89.3907745, 43.0754388 ], [ -89.3900755, 43.0749079 ], [ -89.3900605, 43.0748968 ], [ -89.390046, 43.0748853 ], [ -89.3900321, 43.0748735 ], [ -89.3900186, 43.0748614 ], [ -89.3900058, 43.0748489 ], [ -89.3899935, 43.0748361 ], [ -89.389981800000015, 43.0748231 ], [ -89.3899707, 43.0748097 ], [ -89.3899602, 43.0747961 ], [ -89.3899531, 43.0747861 ], [ -89.3899503, 43.0747823 ], [ -89.3917239, 43.073513299999988 ], [ -89.3908714, 43.0728542 ] ] ] ] } },
{ "type": "Feature", "properties": { "rep_unit_id": 151, "ward": "C Madison Wd 053", "county": "DANE" }, "geometry": { "type": "MultiPolygon", "coordinates": [ [ [ [ -89.385139, 43.068614 ], [ -89.3850816, 43.0686544 ], [ -89.385079499999989, 43.068655799999988 ], [ -89.3850759, 43.0686583 ], [ -89.3842868, 43.0692132 ], [ -89.3842951, 43.0693194 ], [ -89.3842746, 43.0702515 ], [ -89.3842742, 43.0702762 ], [ -89.3842746, 43.070301 ], [ -89.3842756, 43.0703257 ], [ -89.3842774, 43.0703504 ], [ -89.3842798, 43.0703751 ], [ -89.384283, 43.0703998 ], [ -89.3842868, 43.0704244 ], [ -89.3842914, 43.0704489 ], [ -89.3842966, 43.0704734 ], [ -89.3845389, 43.0706694 ], [ -89.3848286, 43.0708911 ], [ -89.3851215, 43.0711047 ], [ -89.3851374, 43.0711162 ], [ -89.3852562, 43.0712019 ], [ -89.3854923, 43.0713897 ], [ -89.3859899, 43.0717707 ], [ -89.3871126, 43.0726224 ], [ -89.3875981, 43.0722752 ], [ -89.3878315, 43.0721083 ], [ -89.3888895, 43.0713578 ], [ -89.3890257, 43.0712616 ], [ -89.3906637, 43.0701048 ], [ -89.3895429, 43.0692566 ], [ -89.3886837, 43.0686021 ], [ -89.3882251, 43.068247299999989 ], [ -89.3882124, 43.0682288 ], [ -89.3881991, 43.0682106 ], [ -89.3881852, 43.0681926 ], [ -89.3881706, 43.0681748 ], [ -89.3881554, 43.0681574 ], [ -89.3881396, 43.0681402 ], [ -89.38812320000001, 43.0681234 ], [ -89.3881062, 43.068106899999989 ], [ -89.3880886, 43.0680907 ], [ -89.388070399999989, 43.0680748 ], [ -89.3880517, 43.0680593 ], [ -89.3879059, 43.0679567 ], [ -89.3878382, 43.0679124 ], [ -89.3878287, 43.067913 ], [ -89.3878193, 43.067914 ], [ -89.387816199999989, 43.0679145 ], [ -89.3878101, 43.0679154 ], [ -89.3878009, 43.0679173 ], [ -89.387792, 43.0679196 ], [ -89.3877833, 43.0679223 ], [ -89.387774800000017, 43.0679254 ], [ -89.3877665, 43.0679288 ], [ -89.3875723, 43.0680756 ], [ -89.3875522, 43.0680921 ], [ -89.3875325, 43.0681089 ], [ -89.3875133, 43.068126 ], [ -89.3874946, 43.0681433 ], [ -89.3874234, 43.0682177 ], [ -89.3864522, 43.068919199999989 ], [ -89.386406100000016, 43.0689525 ], [ -89.386375, 43.0689803 ], [ -89.386343599999989, 43.0690079 ], [ -89.3863117, 43.0690353 ], [ -89.3862793, 43.0690623 ], [ -89.3862466, 43.0690891 ], [ -89.3860457, 43.0692274 ], [ -89.3859881, 43.0691884 ], [ -89.3859309, 43.069149 ], [ -89.3858741, 43.0691093 ], [ -89.3858177, 43.0690693 ], [ -89.385761699999989, 43.069029 ], [ -89.385706, 43.0689885 ], [ -89.3856575, 43.0689527 ], [ -89.3856092, 43.0689166 ], [ -89.3855612, 43.068880299999989 ], [ -89.3852563, 43.068652 ], [ -89.3852082, 43.068616 ], [ -89.3851733, 43.0685899 ], [ -89.385139, 43.068614 ] ] ] ] } },
{ "type": "Feature", "properties": { "rep_unit_id": 153, "ward": "C Madison Wd 055", "county": "DANE" }, "geometry": { "type": "MultiPolygon", "coordinates": [ [ [ [ -89.385761699999989, 43.069029 ], [ -89.3858177, 43.0690693 ], [ -89.3858741, 43.0691093 ], [ -89.3859309, 43.069149 ], [ -89.3859881, 43.0691884 ], [ -89.3860457, 43.0692274 ], [ -89.3862466, 43.0690891 ], [ -89.3862793, 43.0690623 ], [ -89.3863117, 43.0690353 ], [ -89.386343599999989, 43.0690079 ], [ -89.386375, 43.0689803 ], [ -89.386406100000016, 43.0689525 ], [ -89.3864522, 43.068919199999989 ], [ -89.3874234, 43.0682177 ], [ -89.3874946, 43.0681433 ], [ -89.3875133, 43.068126 ], [ -89.3875325, 43.0681089 ], [ -89.3875522, 43.0680921 ], [ -89.3875723, 43.0680756 ], [ -89.3877665, 43.0679288 ], [ -89.387774800000017, 43.0679254 ], [ -89.3877833, 43.0679223 ], [ -89.387792, 43.0679196 ], [ -89.3878009, 43.0679173 ], [ -89.3878101, 43.0679154 ], [ -89.387816199999989, 43.0679145 ], [ -89.3878193, 43.067914 ], [ -89.3878287, 43.067913 ], [ -89.3878382, 43.0679124 ], [ -89.3879059, 43.0679567 ], [ -89.3880517, 43.0680593 ], [ -89.388070399999989, 43.0680748 ], [ -89.3880886, 43.0680907 ], [ -89.3881062, 43.068106899999989 ], [ -89.38812320000001, 43.0681234 ], [ -89.3881396, 43.0681402 ], [ -89.3881554, 43.0681574 ], [ -89.3881706, 43.0681748 ], [ -89.3881852, 43.0681926 ], [ -89.3881991, 43.0682106 ], [ -89.3882124, 43.0682288 ], [ -89.3882251, 43.068247299999989 ], [ -89.3886837, 43.0686021 ], [ -89.3895429, 43.0692566 ], [ -89.3906637, 43.0701048 ], [ -89.3924599, 43.0688322 ], [ -89.392863, 43.0685519 ], [ -89.3937692, 43.0679217 ], [ -89.3937955, 43.0679138 ], [ -89.3938215, 43.067905499999988 ], [ -89.3938473, 43.0678967 ], [ -89.3938728, 43.0678875 ], [ -89.393898, 43.0678779 ], [ -89.3939229, 43.0678678 ], [ -89.3939475, 43.0678573 ], [ -89.3939717, 43.0678463 ], [ -89.3939955, 43.067835 ], [ -89.394019, 43.0678232 ], [ -89.3940421, 43.0678111 ], [ -89.3940648, 43.0677985 ], [ -89.3940871, 43.0677856 ], [ -89.3941089, 43.0677723 ], [ -89.3941304, 43.0677586 ], [ -89.3941514, 43.0677446 ], [ -89.395111, 43.0670774 ], [ -89.3950198, 43.067055 ], [ -89.3949304, 43.0670331 ], [ -89.3948278, 43.0670095 ], [ -89.3947251, 43.0669864 ], [ -89.3947034, 43.0669812 ], [ -89.394682, 43.0669757 ], [ -89.3946608, 43.0669696 ], [ -89.3946398, 43.0669631 ], [ -89.3946192, 43.0669562 ], [ -89.3945988, 43.0669488 ], [ -89.3945787, 43.0669409 ], [ -89.394559, 43.0669326 ], [ -89.3945396, 43.0669239 ], [ -89.3945206, 43.0669148 ], [ -89.3945019, 43.0669053 ], [ -89.3944837, 43.0668953 ], [ -89.3944658, 43.066885 ], [ -89.394448400000016, 43.0668743 ], [ -89.3944314, 43.0668632 ], [ -89.3944149, 43.0668517 ], [ -89.3937166, 43.0663079 ], [ -89.3928293, 43.0656233 ], [ -89.3919269, 43.0649283 ], [ -89.3914225, 43.064544 ], [ -89.391403, 43.0645295 ], [ -89.3913831, 43.0645153 ], [ -89.3913627, 43.0645016 ], [ -89.3913419, 43.0644881 ], [ -89.3913207, 43.0644751 ], [ -89.391299, 43.0644624 ], [ -89.391277, 43.0644501 ], [ -89.3912545, 43.0644382 ], [ -89.3912317, 43.0644266 ], [ -89.391207, 43.0644148 ], [ -89.3911819, 43.0644035 ], [ -89.391156400000014, 43.0643926 ], [ -89.3911305, 43.0643822 ], [ -89.3911043, 43.0643723 ], [ -89.3910778, 43.0643629 ], [ -89.3910509, 43.0643539 ], [ -89.391023800000013, 43.0643455 ], [ -89.3909963, 43.0643376 ], [ -89.3909686, 43.0643302 ], [ -89.3909407, 43.0643233 ], [ -89.3909125, 43.0643169 ], [ -89.3908841, 43.0643111 ], [ -89.3908556, 43.0643057 ], [ -89.3908268, 43.064301 ], [ -89.3907979, 43.0642967 ], [ -89.390768799999989, 43.064293 ], [ -89.3907397, 43.0642898 ], [ -89.390710399999989, 43.0642872 ], [ -89.390681, 43.0642851 ], [ -89.3906516, 43.0642836 ], [ -89.3906222, 43.0642826 ], [ -89.3905927, 43.0642821 ], [ -89.3905632, 43.0642822 ], [ -89.3905337, 43.0642829 ], [ -89.390504299999989, 43.0642841 ], [ -89.3904749, 43.0642858 ], [ -89.3904456, 43.0642881 ], [ -89.3904164, 43.064291 ], [ -89.3903872, 43.0642944 ], [ -89.3903582, 43.0642983 ], [ -89.390329400000013, 43.0643027 ], [ -89.3903007, 43.0643077 ], [ -89.3902722, 43.0643132 ], [ -89.3902439, 43.0643193 ], [ -89.3902158, 43.0643259 ], [ -89.3901879, 43.064333 ], [ -89.3901603, 43.0643406 ], [ -89.390133, 43.0643487 ], [ -89.3901059, 43.0643573 ], [ -89.3900792, 43.0643664 ], [ -89.3900528, 43.064376 ], [ -89.3900267, 43.0643861 ], [ -89.390001, 43.0643967 ], [ -89.3899757, 43.0644078 ], [ -89.3899507, 43.0644193 ], [ -89.3899262, 43.0644313 ], [ -89.3899021, 43.0644437 ], [ -89.3898895, 43.0644506 ], [ -89.3897961, 43.0643465 ], [ -89.3897396, 43.0642836 ], [ -89.3897109, 43.0642517 ], [ -89.38945, 43.0639629 ], [ -89.3894005, 43.0639071 ], [ -89.3893796, 43.0639149 ], [ -89.3893516, 43.0639253 ], [ -89.3892928, 43.0639472 ], [ -89.3892827, 43.0639643 ], [ -89.3892006, 43.0641024 ], [ -89.3891449, 43.0641766 ], [ -89.3890663, 43.064254 ], [ -89.3890095, 43.0643145 ], [ -89.38893, 43.0644326 ], [ -89.388880300000011, 43.0645127 ], [ -89.3887342, 43.0647875 ], [ -89.3887276, 43.0648445 ], [ -89.3886845, 43.0649736 ], [ -89.3886415, 43.065083 ], [ -89.3883083, 43.0655648 ], [ -89.38819070000001, 43.0656606 ], [ -89.3881237, 43.0657853 ], [ -89.3880145, 43.0659447 ], [ -89.3878272, 43.0661367 ], [ -89.3877185, 43.0662502 ], [ -89.3875868, 43.0663563 ], [ -89.387241, 43.0665474 ], [ -89.3870363, 43.0666345 ], [ -89.3869293, 43.066652499999989 ], [ -89.3869251, 43.0666538 ], [ -89.3867734, 43.0666699 ], [ -89.3866068, 43.0666758 ], [ -89.386476, 43.0666678 ], [ -89.3863804, 43.0666563 ], [ -89.386309, 43.0666274 ], [ -89.3862901, 43.0666145 ], [ -89.3862722, 43.0666022 ], [ -89.3862435, 43.0665825 ], [ -89.3862318, 43.0665744 ], [ -89.3861182, 43.0665672 ], [ -89.3861087, 43.0665644 ], [ -89.3857066, 43.0664624 ], [ -89.3856257, 43.0664856 ], [ -89.3855233, 43.066564 ], [ -89.3848416, 43.0674579 ], [ -89.384821, 43.0674661 ], [ -89.3845602, 43.0678282 ], [ -89.3845277, 43.0678803 ], [ -89.3844743, 43.067964 ], [ -89.3844306, 43.068012 ], [ -89.3843738, 43.0680626 ], [ -89.3843186, 43.0681078 ], [ -89.3843183, 43.0681198 ], [ -89.384312400000013, 43.0683868 ], [ -89.3847973, 43.0683437 ], [ -89.3848261, 43.0683587 ], [ -89.3848545, 43.0683742 ], [ -89.384882499999989, 43.06839 ], [ -89.3849102, 43.0684061 ], [ -89.3849375, 43.0684226 ], [ -89.3849643, 43.0684395 ], [ -89.3849908, 43.0684566 ], [ -89.3850169, 43.0684742 ], [ -89.3850426, 43.068492 ], [ -89.3851733, 43.0685899 ], [ -89.3852082, 43.068616 ], [ -89.3852563, 43.068652 ], [ -89.3855612, 43.068880299999989 ], [ -89.3856092, 43.0689166 ], [ -89.3856575, 43.0689527 ], [ -89.385706, 43.0689885 ], [ -89.385761699999989, 43.069029 ] ] ] ] } },
{ "type": "Feature", "properties": { "rep_unit_id": 226, "ward": "C Madison Wd 128", "county": "DANE" }, "geometry": { "type": "MultiPolygon", "coordinates": [ [ [ [ -89.3488758, 43.1216077 ], [ -89.3489036, 43.1216279 ], [ -89.3489309, 43.1216484 ], [ -89.3496167, 43.122231 ], [ -89.3505394, 43.123021 ], [ -89.3505754, 43.1230541 ], [ -89.350612, 43.1230869 ], [ -89.3506491, 43.1231193 ], [ -89.3506867, 43.1231515 ], [ -89.3507248, 43.1231834 ], [ -89.3507634, 43.1232149 ], [ -89.3508025, 43.1232461 ], [ -89.3508421, 43.123277 ], [ -89.3508821, 43.1233075 ], [ -89.3509226, 43.1233377 ], [ -89.3509636, 43.1233676 ], [ -89.3513567, 43.123672 ], [ -89.3521419, 43.1231107 ], [ -89.3523165, 43.1229921 ], [ -89.3527865, 43.1226728 ], [ -89.3530264, 43.1225098 ], [ -89.3540654, 43.1217656 ], [ -89.3542137, 43.1216814 ], [ -89.3542357, 43.1216712 ], [ -89.3542581, 43.1216615 ], [ -89.3542808, 43.1216523 ], [ -89.3543039, 43.1216435 ], [ -89.3543273, 43.1216352 ], [ -89.354351, 43.1216273 ], [ -89.3543749, 43.1216199 ], [ -89.354399199999989, 43.1216131 ], [ -89.3544237, 43.1216067 ], [ -89.3544484, 43.1216008 ], [ -89.354473399999989, 43.1215954 ], [ -89.3544985, 43.1215905 ], [ -89.3545238, 43.1215861 ], [ -89.3545493, 43.1215823 ], [ -89.3545749, 43.1215789 ], [ -89.3546006, 43.1215761 ], [ -89.3546264, 43.1215737 ], [ -89.3546451, 43.1215735 ], [ -89.3546638, 43.1215737 ], [ -89.3546825, 43.1215744 ], [ -89.3547011, 43.1215756 ], [ -89.3547197, 43.1215773 ], [ -89.3547381, 43.121579499999989 ], [ -89.3547565, 43.1215821 ], [ -89.3547747, 43.1215852 ], [ -89.3547927, 43.1215888 ], [ -89.3548106, 43.1215929 ], [ -89.3548282, 43.1215975 ], [ -89.3548456, 43.121602499999987 ], [ -89.3548628, 43.1216079 ], [ -89.3548796, 43.1216138 ], [ -89.3548962, 43.121620199999988 ], [ -89.3549125, 43.1216269 ], [ -89.3550124, 43.1216281 ], [ -89.355040500000015, 43.1187072 ], [ -89.3550572, 43.1178066 ], [ -89.3550539, 43.1176187 ], [ -89.3550448, 43.117431 ], [ -89.3550299, 43.1172435 ], [ -89.3550093, 43.1170563 ], [ -89.3549572, 43.1166971 ], [ -89.3548969, 43.1163386 ], [ -89.3548284, 43.1159809 ], [ -89.354362, 43.1133564 ], [ -89.3542905, 43.1133126 ], [ -89.3536655, 43.1129305 ], [ -89.352619300000015, 43.1123274 ], [ -89.3510822, 43.1113952 ], [ -89.3508025, 43.1112307 ], [ -89.3507657, 43.11121 ], [ -89.3507285, 43.1111897 ], [ -89.35069080000001, 43.1111698 ], [ -89.3506528, 43.1111504 ], [ -89.350614299999989, 43.1111314 ], [ -89.3505755, 43.1111128 ], [ -89.3505362, 43.1110947 ], [ -89.3504966, 43.111077 ], [ -89.3504566, 43.1110597 ], [ -89.3504163, 43.111043 ], [ -89.3503756, 43.111026699999989 ], [ -89.3503345, 43.1110108 ], [ -89.3502932, 43.1109954 ], [ -89.3502515, 43.1109805 ], [ -89.3502095, 43.1109661 ], [ -89.350167200000016, 43.1109521 ], [ -89.350124600000015, 43.1109386 ], [ -89.3500817, 43.110925699999989 ], [ -89.3500386, 43.1109132 ], [ -89.3499952, 43.1109011 ], [ -89.349951499999989, 43.1108896 ], [ -89.3499076, 43.1108786 ], [ -89.3498635, 43.1108681 ], [ -89.3498192, 43.1108581 ], [ -89.349774599999989, 43.1108486 ], [ -89.3497299, 43.1108395 ], [ -89.349685, 43.110831 ], [ -89.3496399, 43.1108231 ], [ -89.349594599999989, 43.110815599999988 ], [ -89.3495492, 43.1108086 ], [ -89.3495037, 43.1108022 ], [ -89.349458, 43.1107963 ], [ -89.349412199999989, 43.1107908 ], [ -89.349366300000014, 43.110786 ], [ -89.3493203, 43.1107816 ], [ -89.3492742, 43.1107778 ], [ -89.349228, 43.1107744 ], [ -89.3491817, 43.1107716 ], [ -89.3491355, 43.1107694 ], [ -89.3490891, 43.1107676 ], [ -89.3490428, 43.1107664 ], [ -89.3489964, 43.1107657 ], [ -89.34895, 43.1107656 ], [ -89.3469232, 43.110756 ], [ -89.3448043, 43.110745 ], [ -89.344751699999989, 43.1107451 ], [ -89.3446991, 43.1107447 ], [ -89.34464650000001, 43.1107439 ], [ -89.344594, 43.1107426 ], [ -89.3445414, 43.1107408 ], [ -89.3444889, 43.1107386 ], [ -89.3444364, 43.1107359 ], [ -89.344384, 43.1107328 ], [ -89.3443317, 43.1107292 ], [ -89.3442794, 43.1107251 ], [ -89.3442271, 43.1107205 ], [ -89.344175, 43.1107155 ], [ -89.3441187, 43.1107096 ], [ -89.3440624, 43.1107031 ], [ -89.3440064, 43.1106961 ], [ -89.3439504, 43.1106886 ], [ -89.3438946, 43.1106805 ], [ -89.3438389, 43.1106719 ], [ -89.3437834, 43.1106627 ], [ -89.343728, 43.110653 ], [ -89.3436729, 43.1106428 ], [ -89.3436179, 43.1106321 ], [ -89.343563100000011, 43.1106208 ], [ -89.3435085, 43.110609 ], [ -89.343454200000011, 43.1105967 ], [ -89.3434, 43.110583899999988 ], [ -89.3433461, 43.1105705 ], [ -89.3432924, 43.110556699999989 ], [ -89.343239, 43.1105423 ], [ -89.3431859, 43.1105274 ], [ -89.343133, 43.110512 ], [ -89.3430804, 43.1104961 ], [ -89.3430281, 43.1104797 ], [ -89.3429761, 43.1104628 ], [ -89.3429244, 43.110445399999989 ], [ -89.342873, 43.1104275 ], [ -89.3428219, 43.1104091 ], [ -89.3427712, 43.1103903 ], [ -89.3427208, 43.1103709 ], [ -89.3426707, 43.1103511 ], [ -89.342621, 43.1103307 ], [ -89.3425717, 43.11031 ], [ -89.3425228, 43.1102887 ], [ -89.3424742, 43.110267 ], [ -89.342426, 43.1102448 ], [ -89.3423783, 43.1102221 ], [ -89.3423309, 43.110199 ], [ -89.342284, 43.1101755 ], [ -89.342237400000016, 43.1101514 ], [ -89.3421914, 43.110127 ], [ -89.342145699999989, 43.1101021 ], [ -89.3421005, 43.1100768 ], [ -89.3420558, 43.110051 ], [ -89.3420115, 43.1100248 ], [ -89.3419677, 43.1099982 ], [ -89.3419244, 43.1099712 ], [ -89.3418815, 43.1099438 ], [ -89.3418392, 43.1099159 ], [ -89.3417973, 43.1098877 ], [ -89.341756, 43.109859 ], [ -89.3417151, 43.10983 ], [ -89.3416748, 43.1098006 ], [ -89.3416351, 43.1097708 ], [ -89.3415958, 43.1097406 ], [ -89.3415571, 43.10971 ], [ -89.341519, 43.1096791 ], [ -89.3409357, 43.1091982 ], [ -89.340838, 43.1091178 ], [ -89.3391412, 43.1077203 ], [ -89.3391093, 43.1076953 ], [ -89.339076800000015, 43.1076707 ], [ -89.339044, 43.1076463 ], [ -89.3390106, 43.1076223 ], [ -89.3389768, 43.1075987 ], [ -89.3389426, 43.1075754 ], [ -89.3389079, 43.1075524 ], [ -89.3388728, 43.1075298 ], [ -89.3388373, 43.1075076 ], [ -89.3388013, 43.1074857 ], [ -89.3387649, 43.1074642 ], [ -89.3387282, 43.107443 ], [ -89.338691, 43.1074223 ], [ -89.3385183, 43.1073163 ], [ -89.3384758, 43.1073498 ], [ -89.3384328, 43.107383 ], [ -89.3383893, 43.1074158 ], [ -89.3383453, 43.1074483 ], [ -89.338300800000013, 43.1074804 ], [ -89.3382559, 43.1075122 ], [ -89.3382105, 43.1075436 ], [ -89.3381646, 43.1075746 ], [ -89.3381182, 43.1076053 ], [ -89.3380714, 43.1076356 ], [ -89.3380242, 43.1076655 ], [ -89.337976500000011, 43.107695 ], [ -89.3379284, 43.1077242 ], [ -89.3378798, 43.1077529 ], [ -89.3378308, 43.1077813 ], [ -89.3377814, 43.1078093 ], [ -89.3377316, 43.107836899999988 ], [ -89.3376814, 43.1078641 ], [ -89.3376307, 43.1078908 ], [ -89.3375797, 43.1079172 ], [ -89.3375087, 43.1079555 ], [ -89.337438, 43.1079942 ], [ -89.3373678, 43.1080333 ], [ -89.3372981, 43.1080729 ], [ -89.3372288, 43.1081128 ], [ -89.3371599, 43.1081532 ], [ -89.3370916, 43.108194 ], [ -89.3370236, 43.1082352 ], [ -89.336956200000017, 43.1082768 ], [ -89.3368892, 43.1083189 ], [ -89.3368226, 43.1083613 ], [ -89.3367566, 43.1084041 ], [ -89.3366911, 43.1084473 ], [ -89.336626, 43.1084909 ], [ -89.3365614, 43.108535 ], [ -89.3364973, 43.1085794 ], [ -89.3364338, 43.1086241 ], [ -89.336370699999989, 43.108669299999988 ], [ -89.3363081, 43.1087149 ], [ -89.3362461, 43.1087608 ], [ -89.3357421, 43.1091323 ], [ -89.3357388, 43.1091349 ], [ -89.334467100000012, 43.1101414 ], [ -89.3341332, 43.1104713 ], [ -89.3333903, 43.11102 ], [ -89.3304492, 43.1131602 ], [ -89.3285804, 43.1143481 ], [ -89.3269541, 43.1153877 ], [ -89.3246577, 43.116837 ], [ -89.3246706, 43.1168538 ], [ -89.3246707, 43.116854 ], [ -89.3246828, 43.1168709 ], [ -89.3246945, 43.1168883 ], [ -89.3247055, 43.1169058 ], [ -89.3247159, 43.1169235 ], [ -89.3247243, 43.1169411 ], [ -89.324732, 43.1169588 ], [ -89.324739, 43.1169767 ], [ -89.3247454, 43.1169947 ], [ -89.3247511, 43.1170129 ], [ -89.3247561, 43.1170311 ], [ -89.3247603, 43.1170495 ], [ -89.3247639, 43.1170679 ], [ -89.3247668, 43.1170864 ], [ -89.324769, 43.1171049 ], [ -89.3247705, 43.1171235 ], [ -89.3247713, 43.1171421 ], [ -89.324809, 43.118015 ], [ -89.3248097, 43.1180642 ], [ -89.3248112, 43.1181133 ], [ -89.3248135, 43.1181625 ], [ -89.324816399999989, 43.1182116 ], [ -89.3248201, 43.1182607 ], [ -89.3248245, 43.1183098 ], [ -89.3248296, 43.118358799999989 ], [ -89.3248354, 43.1184078 ], [ -89.3248419, 43.1184567 ], [ -89.3248492, 43.1185056 ], [ -89.3249786, 43.1195115 ], [ -89.3249837, 43.1195528 ], [ -89.3249882, 43.1195941 ], [ -89.3249922, 43.1196355 ], [ -89.3249956, 43.119676899999988 ], [ -89.3249984, 43.1197184 ], [ -89.3250007, 43.1197598 ], [ -89.3250024, 43.1198013 ], [ -89.3250355, 43.1210273 ], [ -89.3250368, 43.1210654 ], [ -89.325776499999989, 43.121044 ], [ -89.325885500000012, 43.1210361 ], [ -89.3259933, 43.121022 ], [ -89.3260992, 43.1210018 ], [ -89.3262027, 43.1209756 ], [ -89.3263032, 43.1209436 ], [ -89.3263999, 43.120906 ], [ -89.326492300000012, 43.1208629 ], [ -89.3265798, 43.1208148 ], [ -89.326662, 43.120761699999989 ], [ -89.3268029, 43.1206678 ], [ -89.3270833, 43.1204749 ], [ -89.3271656, 43.1204148 ], [ -89.3272536, 43.1203592 ], [ -89.3273468, 43.1203084 ], [ -89.327444700000015, 43.1202626 ], [ -89.3275468, 43.1202221 ], [ -89.3276527, 43.120187 ], [ -89.3276827, 43.1201785 ], [ -89.3277129, 43.1201704 ], [ -89.3277433, 43.1201628 ], [ -89.327774, 43.1201556 ], [ -89.3278048, 43.1201489 ], [ -89.3278359, 43.1201427 ], [ -89.3278671, 43.120137 ], [ -89.327898499999989, 43.1201318 ], [ -89.32793, 43.1201271 ], [ -89.3279617, 43.1201228 ], [ -89.3279915, 43.1201193 ], [ -89.328021299999989, 43.1201162 ], [ -89.3280513, 43.1201135 ], [ -89.3280814, 43.1201113 ], [ -89.3281114, 43.1201095 ], [ -89.3281416, 43.1201081 ], [ -89.3281717, 43.1201072 ], [ -89.3282019, 43.1201067 ], [ -89.3282321, 43.1201067 ], [ -89.3304314, 43.1201595 ], [ -89.3306138, 43.120162 ], [ -89.3336916, 43.120231 ], [ -89.3348374, 43.1202659 ], [ -89.335616, 43.1202896 ], [ -89.3356643, 43.120291 ], [ -89.3357126, 43.1202928 ], [ -89.3357609, 43.1202952 ], [ -89.3358091, 43.1202981 ], [ -89.3358572, 43.1203015 ], [ -89.3359053, 43.1203054 ], [ -89.3359533, 43.1203098 ], [ -89.3360012, 43.1203147 ], [ -89.336049, 43.1203201 ], [ -89.3360967, 43.120326 ], [ -89.3361442, 43.1203325 ], [ -89.3361917, 43.1203394 ], [ -89.336239, 43.1203468 ], [ -89.3362861, 43.1203548 ], [ -89.3363331, 43.1203632 ], [ -89.3363799, 43.1203721 ], [ -89.3364265, 43.1203815 ], [ -89.336473, 43.1203915 ], [ -89.3365192, 43.1204019 ], [ -89.3365652, 43.1204128 ], [ -89.3366111, 43.1204241 ], [ -89.3366566, 43.120436 ], [ -89.336702, 43.1204483 ], [ -89.3367471, 43.1204611 ], [ -89.3367919, 43.1204744 ], [ -89.3368365, 43.1204882 ], [ -89.3372662, 43.1206351 ], [ -89.337544900000012, 43.1207293 ], [ -89.3375961, 43.1207468 ], [ -89.3376477, 43.1207638 ], [ -89.3376995, 43.1207803 ], [ -89.3377516, 43.1207964 ], [ -89.337804, 43.1208119 ], [ -89.3378566, 43.120827 ], [ -89.3379095, 43.1208417 ], [ -89.3379626, 43.1208558 ], [ -89.338016, 43.1208694 ], [ -89.3380227, 43.1208711 ], [ -89.3380696, 43.120882599999987 ], [ -89.3381234, 43.1208952 ], [ -89.338166, 43.1209045 ], [ -89.3382088, 43.1209132 ], [ -89.3382517, 43.1209215 ], [ -89.3382949, 43.1209293 ], [ -89.3383381, 43.1209366 ], [ -89.3383816, 43.1209434 ], [ -89.3384251, 43.1209498 ], [ -89.338468800000015, 43.1209556 ], [ -89.3385127, 43.120961 ], [ -89.3385566, 43.1209659 ], [ -89.3386006, 43.120970299999989 ], [ -89.338644699999989, 43.1209742 ], [ -89.3386889, 43.120977599999989 ], [ -89.3387331, 43.1209805 ], [ -89.338777400000012, 43.1209829 ], [ -89.3388218, 43.1209848 ], [ -89.3388662, 43.1209863 ], [ -89.3398858, 43.1210094 ], [ -89.3436547, 43.1210891 ], [ -89.345177299999989, 43.1211292 ], [ -89.3459022, 43.1211456 ], [ -89.3469606, 43.1211714 ], [ -89.347087, 43.1211745 ], [ -89.347463, 43.1211836 ], [ -89.3475021, 43.1211841 ], [ -89.3475412, 43.1211851 ], [ -89.3475803, 43.1211867 ], [ -89.3476193, 43.1211888 ], [ -89.3476582, 43.1211915 ], [ -89.3476971, 43.1211947 ], [ -89.347735899999989, 43.1211984 ], [ -89.3477746, 43.1212027 ], [ -89.34781310000001, 43.1212075 ], [ -89.3478515, 43.1212129 ], [ -89.3478898, 43.1212188 ], [ -89.3479279, 43.1212252 ], [ -89.3479659, 43.1212322 ], [ -89.348003600000013, 43.1212397 ], [ -89.3480412, 43.1212477 ], [ -89.3480785, 43.1212563 ], [ -89.3481156, 43.1212653 ], [ -89.3481525, 43.1212749 ], [ -89.3481891, 43.121285 ], [ -89.3482254, 43.121295599999989 ], [ -89.3482614, 43.1213068 ], [ -89.3482972, 43.1213184 ], [ -89.3483326, 43.1213305 ], [ -89.3483678, 43.1213431 ], [ -89.3484025, 43.1213562 ], [ -89.348437, 43.1213698 ], [ -89.3484711, 43.1213839 ], [ -89.3485048, 43.1213984 ], [ -89.3485381, 43.1214134 ], [ -89.348571, 43.1214289 ], [ -89.3486035, 43.1214448 ], [ -89.3486356, 43.1214612 ], [ -89.3486673, 43.121478 ], [ -89.3486985, 43.1214953 ], [ -89.3487293, 43.121513 ], [ -89.348759500000014, 43.1215311 ], [ -89.3487894, 43.1215496 ], [ -89.3488187, 43.1215686 ], [ -89.3488475, 43.1215879 ], [ -89.3488758, 43.1216077 ] ] ] ] } }
]
}
