{
"type": "FeatureCollection",
"name": "candidate-votes",
"crs": { "type": "name", "properties": { "name": "urn:ogc:def:crs:OGC:1.3:CRS84" } },
"features": [
{ "type": "Feature", "properties": { "ward": "City of Milwaukee Ward 259", "candidate": "Brian Bock", "votes": 1.0, "color": "#4DAF4A", "popup": "<div><strong>City of Milwaukee Ward 259</strong><div><strong>Representative to the Assembly, District 61</strong><table style='border-collapse:collapse;margin-top:4px;'><tr><th></th><th style='text-align:right;padding-right:8px;'>Votes</th><th style='text-align:right;'>Percent</th></tr><tr><td style='padding-right:8px;'>Lawanda Chambers</td><td style='text-align:right;padding-right:8px;'>4</td><td style='text-align:right;'>0.2%</td></tr><tr><td style='padding-right:8px;'>Ben Brist</td><td style='text-align:right;padding-right:8px;'>22</td><td style='text-align:right;'>1.1%</td></tr><tr><td style='padding-right:8px;'>Brian Bock</td><td style='text-align:right;padding-right:8px;'>1</td><td style='text-align:right;'>0.0%</td></tr><tr><td style='padding-right:8px;'>write-in:</td><td style='text-align:right;padding-right:8px;'>20</td><td style='text-align:right;'>1.0%</td></tr></table></div>" }, "geometry": { "type": "Point", "coordinates": [ -88.004309445497285, 42.983560546102709 ] } },
{ "type": "Feature", "properties": { "ward": "City of Milwaukee Ward 262", "candidate": "Ben Brist", "votes": 1.0, "color": "#377EB8", "popup": "<div><strong>City of Milwaukee Ward 262</strong><div><strong>Representative to the Assembly, District 61</strong><table style='border-collapse:collapse;margin-top:4px;'><tr><th></th><th style='text-align:right;padding-right:8px;'>Votes</th><th style='text-align:right;'>Percent</th></tr><tr><td style='padding-right:8px;'>Lawanda Chambers</td><td style='text-align:right;padding-right:8px;'>38</td><td style='text-align:right;'>1.8%</td></tr><tr><td style='padding-right:8px;'>Ben Brist</td><td style='text-align:right;padding-right:8px;'>1</td><td style='text-align:right;'>0.0%</td></tr><tr><td style='padding-right:8px;'>Brian Bock</td><td style='text-align:right;padding-right:8px;'>28</td><td style='text-align:right;'>1.3%</td></tr><tr><td style='padding-right:8px;'>write-in:</td><td style='text-align:right;padding-right:8px;'>3</td><td style='text-align:right;'>0.1%</td></tr></table></div>" }, "geometry": { "type": "Point", "coordinates": [ -88.033892176990818, 42.976650326342146 ] } },
{ "type": "Feature", "properties": { "ward": "City of Milwaukee Ward 266", "candidate": "Ben Brist", "votes": 1.0, "color": "#377EB8", "popup": "<div><strong>City of Milwaukee Ward 266</strong><div><strong>Representative to the Assembly, District 61</strong><table style='border-collapse:collapse;margin-top:4px;'><tr><th></th><th style='text-align:right;padding-right:8px;'>Votes</th><th style='text-align:right;'>Percent</th></tr><tr><td style='padding-right:8px;'>Lawanda Chambers</td><td style='text-align:right;padding-right:8px;'>14</td><td style='text-align:right;'>0.7%</td></tr><tr><td style='padding-right:8px;'>Ben Brist</td><td style='text-align:right;padding-right:8px;'>1</td><td style='text-align:right;'>0.1%</td></tr><tr><td style='padding-right:8px;'>Brian Bock</td><td style='text-align:right;padding-right:8px;'>1</td><td style='text-align:right;'>0.1%</td></tr><tr><td style='padding-right:8px;'>write-in:</td><td style='text-align:right;padding-right:8px;'>3</td><td style='text-align:right;'>0.2%</td></tr></table></div>" }, "geometry": { "type": "Point", "coordinates": [ -88.002976438538923, 42.973848864476004 ] } },
{ "type": "Feature", "properties": { "ward": "City of Milwaukee Ward 266", "candidate": "Brian Bock", "votes": 1.0, "color": "#4DAF4A", "popup": "<div><strong>City of Milwaukee Ward 266</strong><div><strong>Representative to the Assembly, District 61</strong><table style='border-collapse:collapse;margin-top:4px;'><tr><th></th><th style='text-align:right;padding-right:8px;'>Votes</th><th style='text-align:right;'>Percent</th></tr><tr><td style='padding-right:8px;'>Lawanda Chambers</td><td style='text-align:right;padding-right:8px;'>14</td><td style='text-align:right;'>0.7%</td></tr><tr><td style='padding-right:8px;'>Ben Brist</td><td style='text-align:right;padding-right:8px;'>1</td><td style='text-align:right;'>0.1%</td></tr><tr><td style='padding-right:8px;'>Brian Bock</td><td style='text-align:right;padding-right:8px;'>1</td><td style='text-align:right;'>0.1%</td></tr><tr><td style='padding-right:8px;'>write-in:</td><td style='text-align:right;padding-right:8px;'>3</td><td style='text-align:right;'>0.2%</td></tr></table></div>" }, "geometry": { "type": "Point", "coordinates": [ -88.002976438538923, 42.973848864476004 ] } },
{ "type": "Feature", "properties": { "ward": "City of Franklin Ward 9", "candidate": "Ben Brist", "votes": 1.0, "color": "#377EB8", "popup": "<div><strong>City of Franklin Ward 9</strong><div><strong>Representative to the Assembly, District 61</strong><table style='border-collapse:collapse;margin-top:4px;'><tr><th></th><th style='text-align:right;padding-right:8px;'>Votes</th><th style='text-align:right;'>Percent</th></tr><tr><td style='padding-right:8px;'>Lawanda Chambers</td><td style='text-align:right;padding-right:8px;'>2</td><td style='text-align:right;'>0.1%</td></tr><tr><td style='padding-right:8px;'>Ben Brist</td><td style='text-align:right;padding-right:8px;'>1</td><td style='text-align:right;'>0.0%</td></tr><tr><td style='padding-right:8px;'>Brian Bock</td><td style='text-align:right;padding-right:8px;'>11</td><td style='text-align:right;'>0.5%</td></tr><tr><td style='padding-right:8px;'>write-in:</td><td style='text-align:right;padding-right:8px;'>9</td><td style='text-align:right;'>0.4%</td></tr></table></div>" }, "geometry": { "type": "Point", "coordinates": [ -87.964216639459792, 42.926680754477445 ] } },
{ "type": "Feature", "properties": { "ward": "City of Greenfield Ward 26", "candidate": "write-in:", "votes": 1.0, "color": "#984EA3", "popup": "<div><strong>City of Greenfield Ward 26</strong><div><strong>Representative to the Assembly, District 61</strong><table style='border-collapse:collapse;margin-top:4px;'><tr><th></th><th style='text-align:right;padding-right:8px;'>Votes</th><th style='text-align:right;'>Percent</th></tr><tr><td style='padding-right:8px;'>Lawanda Chambers</td><td style='text-align:right;padding-right:8px;'>10</td><td style='text-align:right;'>0.5%</td></tr><tr><td style='padding-right:8px;'>Ben Brist</td><td style='text-align:right;padding-right:8px;'>3</td><td style='text-align:right;'>0.1%</td></tr><tr><td style='padding-right:8px;'>Brian Bock</td><td style='text-align:right;padding-right:8px;'>26</td><td style='text-align:right;'>1.2%</td></tr><tr><td style='padding-right:8px;'>write-in:</td><td style='text-align:right;padding-right:8px;'>1</td><td style='text-align:right;'>0.0%</td></tr></table></div>" }, "geometry": { "type": "Point", "coordinates": [ -87.971299491588894, 42.954080573155473 ] } },
{ "type": "Feature", "properties": { "ward": "V. Hales Corners Wards 1,2,3", "candidate": "Lawanda Chambers", "votes": 1.0, "color": "#E41A1C", "popup": "<div><strong>V. Hales Corners Wards 1,2,3</strong><div><strong>Representative to the Assembly, District 61</strong><table style='border-collapse:collapse;margin-top:4px;'><tr><th></th><th style='text-align:right;padding-right:8px;'>Votes</th><th style='text-align:right;'>Percent</th></tr><tr><td style='padding-right:8px;'>Lawanda Chambers</td><td style='text-align:right;padding-right:8px;'>1</td><td style='text-align:right;'>0.0%</td></tr><tr><td style='padding-right:8px;'>Ben Brist</td><td style='text-align:right;padding-right:8px;'>6</td><td style='text-align:right;'>0.2%</td></tr><tr><td style='padding-right:8px;'>Brian Bock</td><td style='text-align:right;padding-right:8px;'>2</td><td style='text-align:right;'>0.1%</td></tr><tr><td style='padding-right:8px;'>write-in:</td><td style='text-align:right;padding-right:8px;'>8</td><td style='text-align:right;'>0.3%</td></tr></table></div>" }, "geometry": { "type": "Point", "coordinates": [ -88.063719163726887, 42.948470204636159 ] } },
{ "type": "Feature", "properties": { "ward": "City of Franklin Ward 9", "candidate": "Lawanda Chambers", "votes": 2.0, "color": "#E41A1C", "popup": "<div><strong>City of Franklin Ward 9</strong><div><strong>Representative to the Assembly, District 61</strong><table style='border-collapse:collapse;margin-top:4px;'><tr><th></th><th style='text-align:right;padding-right:8px;'>Votes</th><th style='text-align:right;'>Percent</th></tr><tr><td style='padding-right:8px;'>Lawanda Chambers</td><td style='text-align:right;padding-right:8px;'>2</td><td style='text-align:right;'>0.1%</td></tr><tr><td style='padding-right:8px;'>Ben Brist</td><td style='text-align:right;padding-right:8px;'>1</td><td style='text-align:right;'>0.0%</td></tr><tr><td style='padding-right:8px;'>Brian Bock</td><td style='text-align:right;padding-right:8px;'>11</td><td style='text-align:right;'>0.5%</td></tr><tr><td style='padding-right:8px;'>write-in:</td><td style='text-align:right;padding-right:8px;'>9</td><td style='text-align:right;'>0.4%</td></tr></table></div>" }, "geometry": { "type": "Point", "coordinates": [ -87.964216639459792, 42.926680754477445 ] } },
{ "type": "Feature", "properties": { "ward": "V. Hales Corners Wards 1,2,3", "candidate": "Brian Bock", "votes": 2.0, "color": "#4DAF4A", "popup": "<div><strong>V. Hales Corners Wards 1,2,3</strong><div><strong>Representative to the Assembly, District 61</strong><table style='border-collapse:collapse;margin-top:4px;'><tr><th></th><th style='text-align:right;padding-right:8px;'>Votes</th><th style='text-align:right;'>Percent</th></tr><tr><td style='padding-right:8px;'>Lawanda Chambers</td><td style='text-align:right;padding-right:8px;'>1</td><td style='text-align:right;'>0.0%</td></tr><tr><td style='padding-right:8px;'>Ben Brist</td><td style='text-align:right;padding-right:8px;'>6</td><td style='text-align:right;'>0.2%</td></tr><tr><td style='padding-right:8px;'>Brian Bock</td><td style='text-align:right;padding-right:8px;'>2</td><td style='text-align:right;'>0.1%</td></tr><tr><td style='padding-right:8px;'>write-in:</td><td style='text-align:right;padding-right:8px;'>8</td><td style='text-align:right;'>0.3%</td></tr></table></div>" }, "geometry": { "type": "Point", "coordinates": [ -88.063719163726887, 42.948470204636159 ] } },
{ "type": "Feature", "properties": { "ward": "City of Milwaukee Ward 262", "candidate": "write-in:", "votes": 3.0, "color": "#984EA3", "popup": "<div><strong>City of Milwaukee Ward 262</strong><div><strong>Representative to the Assembly, District 61</strong><table style='border-collapse:collapse;margin-top:4px;'><tr><th></th><th style='text-align:right;padding-right:8px;'>Votes</th><th style='text-align:right;'>Percent</th></tr><tr><td style='padding-right:8px;'>Lawanda Chambers</td><td style='text-align:right;padding-right:8px;'>38</td><td style='text-align:right;'>1.8%</td></tr><tr><td style='padding-right:8px;'>Ben Brist</td><td style='text-align:right;padding-right:8px;'>1</td><td style='text-align:right;'>0.0%</td></tr><tr><td style='padding-right:8px;'>Brian Bock</td><td style='text-align:right;padding-right:8px;'>28</td><td style='text-align:right;'>1.3%</td></tr><tr><td style='padding-right:8px;'>write-in:</td><td style='text-align:right;padding-right:8px;'>3</td><td style='text-align:right;'>0.1%</td></tr></table></div>" }, "geometry": { "type": "Point", "coordinates": [ -88.033892176990818, 42.976650326342146 ] } },
{ "type": "Feature", "properties": { "ward": "City of Milwaukee Ward 265", "candidate": "Lawanda Chambers", "votes": 3.0, "color": "#E41A1C", "popup": "<div><strong>City of Milwaukee Ward 265</strong><div><strong>Representative to the Assembly, District 61</strong><table style='border-collapse:collapse;margin-top:4px;'><tr><th></th><th style='text-align:right;padding-right:8px;'>Votes</th><th style='text-align:right;'>Percent</th></tr><tr><td style='padding-right:8px;'>Lawanda Chambers</td><td style='text-align:right;padding-right:8px;'>3</td><td style='text-align:right;'>0.2%</td></tr><tr><td style='padding-right:8px;'>Ben Brist</td><td style='text-align:right;padding-right:8px;'>74</td><td style='text-align:right;'>3.7%</td></tr><tr><td style='padding-right:8px;'>Brian Bock</td><td style='text-align:right;padding-right:8px;'>19</td><td style='text-align:right;'>1.0%</td></tr><tr><td style='padding-right:8px;'>write-in:</td><td style='text-align:right;padding-right:8px;'>9</td><td style='text-align:right;'>0.5%</td></tr></table></div>" }, "geometry": { "type": "Point", "coordinates": [ -88.012835957998107, 42.977081132073536 ] } },
{ "type": "Feature", "properties": { "ward": "City of Milwaukee Ward 266", "candidate": "write-in:", "votes": 3.0, "color": "#984EA3", "popup": "<div><strong>City of Milwaukee Ward 266</strong><div><strong>Representative to the Assembly, District 61</strong><table style='border-collapse:collapse;margin-top:4px;'><tr><th></th><th style='text-align:right;padding-right:8px;'>Votes</th><th style='text-align:right;'>Percent</th></tr><tr><td style='padding-right:8px;'>Lawanda Chambers</td><td style='text-align:right;padding-right:8px;'>14</td><td style='text-align:right;'>0.7%</td></tr><tr><td style='padding-right:8px;'>Ben Brist</td><td style='text-align:right;padding-right:8px;'>1</td><td style='text-align:right;'>0.1%</td></tr><tr><td style='padding-right:8px;'>Brian Bock</td><td style='text-align:right;padding-right:8px;'>1</td><td style='text-align:right;'>0.1%</td></tr><tr><td style='padding-right:8px;'>write-in:</td><td style='text-align:right;padding-right:8px;'>3</td><td style='text-align:right;'>0.2%</td></tr></table></div>" }, "geometry": { "type": "Point", "coordinates": [ -88.002976438538923, 42.973848864476004 ] } },
{ "type": "Feature", "properties": { "ward": "City of Franklin Ward 10", "candidate": "Brian Bock", "votes": 3.0, "color": "#4DAF4A", "popup": "<div><strong>City of Franklin Ward 10</strong><div><strong>Representative to the Assembly, District 61</strong><table style='border-collapse:collapse;margin-top:4px;'><tr><th></th><th style='text-align:right;padding-right:8px;'>Votes</th><th style='text-align:right;'>Percent</th></tr><tr><td style='padding-right:8px;'>Lawanda Chambers</td><td style='text-align:right;padding-right:8px;'>17</td><td style='text-align:right;'>0.7%</td></tr><tr><td style='padding-right:8px;'>Ben Brist</td><td style='text-align:right;padding-right:8px;'>39</td><td style='text-align:right;'>1.7%</td></tr><tr><td style='padding-right:8px;'>Brian Bock</td><td style='text-align:right;padding-right:8px;'>3</td><td style='text-align:right;'>0.1%</td></tr><tr><td style='padding-right:8px;'>write-in:</td><td style='text-align:right;padding-right:8px;'>5</td><td style='text-align:right;'>0.2%</td></tr></table></div>" }, "geometry": { "type": "Point", "coordinates": [ -87.974982232796535, 42.919581718101384 ] } },
{ "type": "Feature", "properties": { "ward": "City of Greenfield Ward 12", "candidate": "Brian Bock", "votes": 3.0, "color": "#4DAF4A", "popup": "<div><strong>City of Greenfield Ward 12</strong><div><strong>Representative to the Assembly, District 61</strong><table style='border-collapse:collapse;margin-top:4px;'><tr><th></th><th style='text-align:right;padding-right:8px;'>Votes</th><th style='text-align:right;'>Percent</th></tr><tr><td style='padding-right:8px;'>Lawanda Chambers</td><td style='text-align:right;padding-right:8px;'>40</td><td style='text-align:right;'>2.0%</td></tr><tr><td style='padding-right:8px;'>Ben Brist</td><td style='text-align:right;padding-right:8px;'>9</td><td style='text-align:right;'>0.5%</td></tr><tr><td style='padding-right:8px;'>Brian Bock</td><td style='text-align:right;padding-right:8px;'>3</td><td style='text-align:right;'>0.2%</td></tr><tr><td style='padding-right:8px;'>write-in:</td><td style='text-align:right;padding-right:8px;'>25</td><td style='text-align:right;'>1.3%</td></tr></table></div>" }, "geometry": { "type": "Point", "coordinates": [ -88.028353234171632, 42.955557371920413 ] } },
{ "type": "Feature", "properties": { "ward": "City of Greenfield Ward 13", "candidate": "Lawanda Chambers", "votes": 3.0, "color": "#E41A1C", "popup": "<div><strong>City of Greenfield Ward 13</strong><div><strong>Representative to the Assembly, District 61</strong><table style='border-collapse:collapse;margin-top:4px;'><tr><th></th><th style='text-align:right;padding-right:8px;'>Votes</th><th style='text-align:right;'>Percent</th></tr><tr><td style='padding-right:8px;'>Lawanda Chambers</td><td style='text-align:right;padding-right:8px;'>3</td><td style='text-align:right;'>0.1%</td></tr><tr><td style='padding-right:8px;'>Ben Brist</td><td style='text-align:right;padding-right:8px;'>5</td><td style='text-align:right;'>0.2%</td></tr><tr><td style='padding-right:8px;'>Brian Bock</td><td style='text-align:right;padding-right:8px;'>95</td><td style='text-align:right;'>4.5%</td></tr><tr><td style='padding-right:8px;'>write-in:</td><td style='text-align:right;padding-right:8px;'>3</td><td style='text-align:right;'>0.1%</td></tr></table></div>" }, "geometry": { "type": "Point", "coordinates": [ -88.042020611069105, 42.96944834383175 ] } },
{ "type": "Feature", "properties": { "ward": "City of Greenfield Ward 13", "candidate": "write-in:", "votes": 3.0, "color": "#984EA3", "popup": "<div><strong>City of Greenfield Ward 13</strong><div><strong>Representative to the Assembly, District 61</strong><table style='border-collapse:collapse;margin-top:4px;'><tr><th></th><th style='text-align:right;padding-right:8px;'>Votes</th><th style='text-align:right;'>Percent</th></tr><tr><td style='padding-right:8px;'>Lawanda Chambers</td><td style='text-align:right;padding-right:8px;'>3</td><td style='text-align:right;'>0.1%</td></tr><tr><td style='padding-right:8px;'>Ben Brist</td><td style='text-align:right;padding-right:8px;'>5</td><td style='text-align:right;'>0.2%</td></tr><tr><td style='padding-right:8px;'>Brian Bock</td><td style='text-align:right;padding-right:8px;'>95</td><td style='text-align:right;'>4.5%</td></tr><tr><td style='padding-right:8px;'>write-in:</td><td style='text-align:right;padding-right:8px;'>3</td><td style='text-align:right;'>0.1%</td></tr></table></div>" }, "geometry": { "type": "Point", "coordinates": [ -88.042020611069105, 42.96944834383175 ] } },
{ "type": "Feature", "properties": { "ward": "City of Greenfield Ward 26", "candidate": "Ben Brist", "votes": 3.0, "color": "#377EB8", "popup": "<div><strong>City of Greenfield Ward 26</strong><div><strong>Representative to the Assembly, District 61</strong><table style='border-collapse:collapse;margin-top:4px;'><tr><th></th><th style='text-align:right;padding-right:8px;'>Votes</th><th style='text-align:right;'>Percent</th></tr><tr><td style='padding-right:8px;'>Lawanda Chambers</td><td style='text-align:right;padding-right:8px;'>10</td><td style='text-align:right;'>0.5%</td></tr><tr><td style='padding-right:8px;'>Ben Brist</td><td style='text-align:right;padding-right:8px;'>3</td><td style='text-align:right;'>0.1%</td></tr><tr><td style='padding-right:8px;'>Brian Bock</td><td style='text-align:right;padding-right:8px;'>26</td><td style='text-align:right;'>1.2%</td></tr><tr><td style='padding-right:8px;'>write-in:</td><td style='text-align:right;padding-right:8px;'>1</td><td style='text-align:right;'>0.0%</td></tr></table></div>" }, "geometry": { "type": "Point", "coordinates": [ -87.971299491588894, 42.954080573155473 ] } },
{ "type": "Feature", "properties": { "ward": "City of West Allis Ward 22", "candidate": "Brian Bock", "votes": 3.0, "color": "#4DAF4A", "popup": "<div><strong>City of West Allis Ward 22</strong><div><strong>Representative to the Assembly, District 61</strong><table style='border-collapse:collapse;margin-top:4px;'><tr><th></th><th style='text-align:right;padding-right:8px;'>Votes</th><th style='text-align:right;'>Percent</th></tr><tr><td style='padding-right:8px;'>Lawanda Chambers</td><td style='text-align:right;padding-right:8px;'>13</td><td style='text-align:right;'>0.7%</td></tr><tr><td style='padding-right:8px;'>Ben Brist</td><td style='text-align:right;padding-right:8px;'>14</td><td style='text-align:right;'>0.8%</td></tr><tr><td style='padding-right:8px;'>Brian Bock</td><td style='text-align:right;padding-right:8px;'>3</td><td style='text-align:right;'>0.2%</td></tr><tr><td style='padding-right:8px;'>write-in:</td><td style='text-align:right;padding-right:8px;'>32</td><td style='text-align:right;'>1.8%</td></tr></table></div>" }, "geometry": { "type": "Point", "coordinates": [ -88.058842658137266, 42.978345775885124 ] } },
{ "type": "Feature", "properties": { "ward": "City of Milwaukee Ward 259", "candidate": "Lawanda Chambers", "votes": 4.0, "color": "#E41A1C", "popup": "<div><strong>City of Milwaukee Ward 259</strong><div><strong>Representative to the Assembly, District 61</strong><table style='border-collapse:collapse;margin-top:4px;'><tr><th></th><th style='text-align:right;padding-right:8px;'>Votes</th><th style='text-align:right;'>Percent</th></tr><tr><td style='padding-right:8px;'>Lawanda Chambers</td><td style='text-align:right;padding-right:8px;'>4</td><td style='text-align:right;'>0.2%</td></tr><tr><td style='padding-right:8px;'>Ben Brist</td><td style='text-align:right;padding-right:8px;'>22</td><td style='text-align:right;'>1.1%</td></tr><tr><td style='padding-right:8px;'>Brian Bock</td><td style='text-align:right;padding-right:8px;'>1</td><td style='text-align:right;'>0.0%</td></tr><tr><td style='padding-right:8px;'>write-in:</td><td style='text-align:right;padding-right:8px;'>20</td><td style='text-align:right;'>1.0%</td></tr></table></div>" }, "geometry": { "type": "Point", "coordinates": [ -88.004309445497285, 42.983560546102709 ] } },
{ "type": "Feature", "properties": { "ward": "City of Milwaukee Ward 261", "candidate": "Brian Bock", "votes": 4.0, "color": "#4DAF4A", "popup": "<div><strong>City of Milwaukee Ward 261</strong><div><strong>Representative to the Assembly, District 61</strong><table style='border-collapse:collapse;margin-top:4px;'><tr><th></th><th style='text-align:right;padding-right:8px;'>Votes</th><th style='text-align:right;'>Percent</th></tr><tr><td style='padding-right:8px;'>Lawanda Chambers</td><td style='text-align:right;padding-right:8px;'>7</td><td style='text-align:right;'>0.4%</td></tr><tr><td style='padding-right:8px;'>Ben Brist</td><td style='text-align:right;padding-right:8px;'>24</td><td style='text-align:right;'>1.3%</td></tr><tr><td style='padding-right:8px;'>Brian Bock</td><td style='text-align:right;padding-right:8px;'>4</td><td style='text-align:right;'>0.2%</td></tr><tr><td style='padding-right:8px;'>write-in:</td><td style='text-align:right;padding-right:8px;'>15</td><td style='text-align:right;'>0.8%</td></tr></table></div>" }, "geometry": { "type": "Point", "coordinates": [ -88.025799893447243, 42.984581329233805 ] } },
{ "type": "Feature", "properties": { "ward": "V. Hales Corners Wards 4,5,6", "candidate": "Lawanda Chambers", "votes": 4.0, "color": "#E41A1C", "popup": "<div><strong>V. Hales Corners Wards 4,5,6</strong><div><strong>Representative to the Assembly, District 61</strong><table style='border-collapse:collapse;margin-top:4px;'><tr><th></th><th style='text-align:right;padding-right:8px;'>Votes</th><th style='text-align:right;'>Percent</th></tr><tr><td style='padding-right:8px;'>Lawanda Chambers</td><td style='text-align:right;padding-right:8px;'>4</td><td style='text-align:right;'>0.2%</td></tr><tr><td style='padding-right:8px;'>Ben Brist</td><td style='text-align:right;padding-right:8px;'>52</td><td style='text-align:right;'>2.2%</td></tr><tr><td style='padding-right:8px;'>Brian Bock</td><td style='text-align:right;padding-right:8px;'>69</td><td style='text-align:right;'>2.9%</td></tr><tr><td style='padding-right:8px;'>write-in:</td><td style='text-align:right;padding-right:8px;'>76</td><td style='text-align:right;'>3.2%</td></tr></table></div>" }, "geometry": { "type": "Point", "coordinates": [ -88.063267854730313, 42.940071996471957 ] } },
{ "type": "Feature", "properties": { "ward": "City of Franklin Ward 10", "candidate": "write-in:", "votes": 5.0, "color": "#984EA3", "popup": "<div><strong>City of Franklin Ward 10</strong><div><strong>Representative to the Assembly, District 61</strong><table style='border-collapse:collapse;margin-top:4px;'><tr><th></th><th style='text-align:right;padding-right:8px;'>Votes</th><th style='text-align:right;'>Percent</th></tr><tr><td style='padding-right:8px;'>Lawanda Chambers</td><td style='text-align:right;padding-right:8px;'>17</td><td style='text-align:right;'>0.7%</td></tr><tr><td style='padding-right:8px;'>Ben Brist</td><td style='text-align:right;padding-right:8px;'>39</td><td style='text-align:right;'>1.7%</td></tr><tr><td style='padding-right:8px;'>Brian Bock</td><td style='text-align:right;padding-right:8px;'>3</td><td style='text-align:right;'>0.1%</td></tr><tr><td style='padding-right:8px;'>write-in:</td><td style='text-align:right;padding-right:8px;'>5</td><td style='text-align:right;'>0.2%</td></tr></table></div>" }, "geometry": { "type": "Point", "coordinates": [ -87.974982232796535, 42.919581718101384 ] } },
{ "type": "Feature", "properties": { "ward": "City of Greenfield Ward 13", "candidate": "Ben Brist", "votes": 5.0, "color": "#377EB8", "popup": "<div><strong>City of Greenfield Ward 13</strong><div><strong>Representative to the Assembly, District 61</strong><table style='border-collapse:collapse;margin-top:4px;'><tr><th></th><th style='text-align:right;padding-right:8px;'>Votes</th><th style='text-align:right;'>Percent</th></tr><tr><td style='padding-right:8px;'>Lawanda Chambers</td><td style='text-align:right;padding-right:8px;'>3</td><td style='text-align:right;'>0.1%</td></tr><tr><td style='padding-right:8px;'>Ben Brist</td><td style='text-align:right;padding-right:8px;'>5</td><td style='text-align:right;'>0.2%</td></tr><tr><td style='padding-right:8px;'>Brian Bock</td><td style='text-align:right;padding-right:8px;'>95</td><td style='text-align:right;'>4.5%</td></tr><tr><td style='padding-right:8px;'>write-in:</td><td style='text-align:right;padding-right:8px;'>3</td><td style='text-align:right;'>0.1%</td></tr></table></div>" }, "geometry": { "type": "Point", "coordinates": [ -88.042020611069105, 42.96944834383175 ] } },
{ "type": "Feature", "properties": { "ward": "City of Milwaukee Ward 260", "candidate": "Ben Brist", "votes": 6.0, "color": "#377EB8", "popup": "<div><strong>City of Milwaukee Ward 260</strong><div><strong>Representative to the Assembly, District 61</strong><table style='border-collapse:collapse;margin-top:4px;'><tr><th></th><th style='text-align:right;padding-right:8px;'>Votes</th><th style='text-align:right;'>Percent</th></tr><tr><td style='padding-right:8px;'>Lawanda Chambers</td><td style='text-align:right;padding-right:8px;'>38</td><td style='text-align:right;'>2.2%</td></tr><tr><td style='padding-right:8px;'>Ben Brist</td><td style='text-align:right;padding-right:8px;'>6</td><td style='text-align:right;'>0.3%</td></tr><tr><td style='padding-right:8px;'>Brian Bock</td><td style='text-align:right;padding-right:8px;'>6</td><td style='text-align:right;'>0.3%</td></tr><tr><td style='padding-right:8px;'>write-in:</td><td style='text-align:right;padding-right:8px;'>7</td><td style='text-align:right;'>0.4%</td></tr></table></div>" }, "geometry": { "type": "Point", "coordinates": [ -88.012669343652036, 42.984636808690638 ] } },
{ "type": "Feature", "properties": { "ward": "City of Milwaukee Ward 260", "candidate": "Brian Bock", "votes": 6.0, "color": "#4DAF4A", "popup": "<div><strong>City of Milwaukee Ward 260</strong><div><strong>Representative to the Assembly, District 61</strong><table style='border-collapse:collapse;margin-top:4px;'><tr><th></th><th style='text-align:right;padding-right:8px;'>Votes</th><th style='text-align:right;'>Percent</th></tr><tr><td style='padding-right:8px;'>Lawanda Chambers</td><td style='text-align:right;padding-right:8px;'>38</td><td style='text-align:right;'>2.2%</td></tr><tr><td style='padding-right:8px;'>Ben Brist</td><td style='text-align:right;padding-right:8px;'>6</td><td style='text-align:right;'>0.3%</td></tr><tr><td style='padding-right:8px;'>Brian Bock</td><td style='text-align:right;padding-right:8px;'>6</td><td style='text-align:right;'>0.3%</td></tr><tr><td style='padding-right:8px;'>write-in:</td><td style='text-align:right;padding-right:8px;'>7</td><td style='text-align:right;'>0.4%</td></tr></table></div>" }, "geometry": { "type": "Point", "coordinates": [ -88.012669343652036, 42.984636808690638 ] } },
{ "type": "Feature", "properties": { "ward": "V. Hales Corners Wards 1,2,3", "candidate": "Ben Brist", "votes": 6.0, "color": "#377EB8", "popup": "<div><strong>V. Hales Corners Wards 1,2,3</strong><div><strong>Representative to the Assembly, District 61</strong><table style='border-collapse:collapse;margin-top:4px;'><tr><th></th><th style='text-align:right;padding-right:8px;'>Votes</th><th style='text-align:right;'>Percent</th></tr><tr><td style='padding-right:8px;'>Lawanda Chambers</td><td style='text-align:right;padding-right:8px;'>1</td><td style='text-align:right;'>0.0%</td></tr><tr><td style='padding-right:8px;'>Ben Brist</td><td style='text-align:right;padding-right:8px;'>6</td><td style='text-align:right;'>0.2%</td></tr><tr><td style='padding-right:8px;'>Brian Bock</td><td style='text-align:right;padding-right:8px;'>2</td><td style='text-align:right;'>0.1%</td></tr><tr><td style='padding-right:8px;'>write-in:</td><td style='text-align:right;padding-right:8px;'>8</td><td style='text-align:right;'>0.3%</td></tr></table></div>" }, "geometry": { "type": "Point", "coordinates": [ -88.063719163726887, 42.948470204636159 ] } },
{ "type": "Feature", "properties": { "ward": "V. Hales Corners Wards 7,8,9", "candidate": "write-in:", "votes": 6.0, "color": "#984EA3", "popup": "<div><strong>V. Hales Corners Wards 7,8,9</strong><div><strong>Representative to the Assembly, District 61</strong><table style='border-collapse:collapse;margin-top:4px;'><tr><th></th><th style='text-align:right;padding-right:8px;'>Votes</th><th style='text-align:right;'>Percent</th></tr><tr><td style='padding-right:8px;'>Lawanda Chambers</td><td style='text-align:right;padding-right:8px;'>17</td><td style='text-align:right;'>0.9%</td></tr><tr><td style='padding-right:8px;'>Ben Brist</td><td style='text-align:right;padding-right:8px;'>17</td><td style='text-align:right;'>0.9%</td></tr><tr><td style='padding-right:8px;'>Brian Bock</td><td style='text-align:right;padding-right:8px;'>13</td><td style='text-align:right;'>0.7%</td></tr><tr><td style='padding-right:8px;'>write-in:</td><td style='text-align:right;padding-right:8px;'>6</td><td style='text-align:right;'>0.3%</td></tr></table></div>" }, "geometry": { "type": "Point", "coordinates": [ -88.036543466765394, 42.936165597776487 ] } },
{ "type": "Feature", "properties": { "ward": "City of Milwaukee Ward 260", "candidate": "write-in:", "votes": 7.0, "color": "#984EA3", "popup": "<div><strong>City of Milwaukee Ward 260</strong><div><strong>Representative to the Assembly, District 61</strong><table style='border-collapse:collapse;margin-top:4px;'><tr><th></th><th style='text-align:right;padding-right:8px;'>Votes</th><th style='text-align:right;'>Percent</th></tr><tr><td style='padding-right:8px;'>Lawanda Chambers</td><td style='text-align:right;padding-right:8px;'>38</td><td style='text-align:right;'>2.2%</td></tr><tr><td style='padding-right:8px;'>Ben Brist</td><td style='text-align:right;padding-right:8px;'>6</td><td style='text-align:right;'>0.3%</td></tr><tr><td style='padding-right:8px;'>Brian Bock</td><td style='text-align:right;padding-right:8px;'>6</td><td style='text-align:right;'>0.3%</td></tr><tr><td style='padding-right:8px;'>write-in:</td><td style='text-align:right;padding-right:8px;'>7</td><td style='text-align:right;'>0.4%</td></tr></table></div>" }, "geometry": { "type": "Point", "coordinates": [ -88.012669343652036, 42.984636808690638 ] } },
{ "type": "Feature", "properties": { "ward": "City of Milwaukee Ward 261", "candidate": "Lawanda Chambers", "votes": 7.0, "color": "#E41A1C", "popup": "<div><strong>City of Milwaukee Ward 261</strong><div><strong>Representative to the Assembly, District 61</strong><table style='border-collapse:collapse;margin-top:4px;'><tr><th></th><th style='text-align:right;padding-right:8px;'>Votes</th><th style='text-align:right;'>Percent</th></tr><tr><td style='padding-right:8px;'>Lawanda Chambers</td><td style='text-align:right;padding-right:8px;'>7</td><td style='text-align:right;'>0.4%</td></tr><tr><td style='padding-right:8px;'>Ben Brist</td><td style='text-align:right;padding-right:8px;'>24</td><td style='text-align:right;'>1.3%</td></tr><tr><td style='padding-right:8px;'>Brian Bock</td><td style='text-align:right;padding-right:8px;'>4</td><td style='text-align:right;'>0.2%</td></tr><tr><td style='padding-right:8px;'>write-in:</td><td style='text-align:right;padding-right:8px;'>15</td><td style='text-align:right;'>0.8%</td></tr></table></div>" }, "geometry": { "type": "Point", "coordinates": [ -88.025799893447243, 42.984581329233805 ] } },
{ "type": "Feature", "properties": { "ward": "City of Milwaukee Ward 264", "candidate": "Ben Brist", "votes": 7.0, "color": "#377EB8", "popup": "<div><strong>City of Milwaukee Ward 264</strong><div><strong>Representative to the Assembly, District 61</strong><table style='border-collapse:collapse;margin-top:4px;'><tr><th></th><th style='text-align:right;padding-right:8px;'>Votes</th><th style='text-align:right;'>Percent</th></tr><tr><td style='padding-right:8px;'>Lawanda Chambers</td><td style='text-align:right;padding-right:8px;'>47</td><td style='text-align:right;'>2.3%</td></tr><tr><td style='padding-right:8px;'>Ben Brist</td><td style='text-align:right;padding-right:8px;'>7</td><td style='text-align:right;'>0.3%</td></tr><tr><td style='padding-right:8px;'>Brian Bock</td><td style='text-align:right;padding-right:8px;'>35</td><td style='text-align:right;'>1.7%</td></tr><tr><td style='padding-right:8px;'>write-in:</td><td style='text-align:right;padding-right:8px;'>29</td><td style='text-align:right;'>1.4%</td></tr></table></div>" }, "geometry": { "type": "Point", "coordinates": [ -88.02086062027054, 42.977140794463949 ] } },
{ "type": "Feature", "properties": { "ward": "City of Greenfield Ward 10", "candidate": "Brian Bock", "votes": 7.0, "color": "#4DAF4A", "popup": "<div><strong>City of Greenfield Ward 10</strong><div><strong>Representative to the Assembly, District 61</strong><table style='border-collapse:collapse;margin-top:4px;'><tr><th></th><th style='text-align:right;padding-right:8px;'>Votes</th><th style='text-align:right;'>Percent</th></tr><tr><td style='padding-right:8px;'>Lawanda Chambers</td><td style='text-align:right;padding-right:8px;'>13</td><td style='text-align:right;'>0.6%</td></tr><tr><td style='padding-right:8px;'>Ben Brist</td><td style='text-align:right;padding-right:8px;'>56</td><td style='text-align:right;'>2.6%</td></tr><tr><td style='padding-right:8px;'>Brian Bock</td><td style='text-align:right;padding-right:8px;'>7</td><td style='text-align:right;'>0.3%</td></tr><tr><td style='padding-right:8px;'>write-in:</td><td style='text-align:right;padding-right:8px;'>10</td><td style='text-align:right;'>0.5%</td></tr></table></div>" }, "geometry": { "type": "Point", "coordinates": [ -88.023045741829762, 42.962855689094816 ] } },
{ "type": "Feature", "properties": { "ward": "City of Milwaukee Ward 263", "candidate": "write-in:", "votes": 8.0, "color": "#984EA3", "popup": "<div><strong>City of Milwaukee Ward 263</strong><div><strong>Representative to the Assembly, District 61</strong><table style='border-collapse:collapse;margin-top:4px;'><tr><th></th><th style='text-align:right;padding-right:8px;'>Votes</th><th style='text-align:right;'>Percent</th></tr><tr><td style='padding-right:8px;'>Lawanda Chambers</td><td style='text-align:right;padding-right:8px;'>50</td><td style='text-align:right;'>2.4%</td></tr><tr><td style='padding-right:8px;'>Ben Brist</td><td style='text-align:right;padding-right:8px;'>43</td><td style='text-align:right;'>2.1%</td></tr><tr><td style='padding-right:8px;'>Brian Bock</td><td style='text-align:right;padding-right:8px;'>17</td><td style='text-align:right;'>0.8%</td></tr><tr><td style='padding-right:8px;'>write-in:</td><td style='text-align:right;padding-right:8px;'>8</td><td style='text-align:right;'>0.4%</td></tr></table></div>" }, "geometry": { "type": "Point", "coordinates": [ -88.027044685266603, 42.978131113702375 ] } },
{ "type": "Feature", "properties": { "ward": "City of Greenfield Ward 9", "candidate": "Brian Bock", "votes": 8.0, "color": "#4DAF4A", "popup": "<div><strong>City of Greenfield Ward 9</strong><div><strong>Representative to the Assembly, District 61</strong><table style='border-collapse:collapse;margin-top:4px;'><tr><th></th><th style='text-align:right;padding-right:8px;'>Votes</th><th style='text-align:right;'>Percent</th></tr><tr><td style='padding-right:8px;'>Lawanda Chambers</td><td style='text-align:right;padding-right:8px;'>20</td><td style='text-align:right;'>1.1%</td></tr><tr><td style='padding-right:8px;'>Ben Brist</td><td style='text-align:right;padding-right:8px;'>10</td><td style='text-align:right;'>0.5%</td></tr><tr><td style='padding-right:8px;'>Brian Bock</td><td style='text-align:right;padding-right:8px;'>8</td><td style='text-align:right;'>0.4%</td></tr><tr><td style='padding-right:8px;'>write-in:</td><td style='text-align:right;padding-right:8px;'>13</td><td style='text-align:right;'>0.7%</td></tr></table></div>" }, "geometry": { "type": "Point", "coordinates": [ -88.013245323990716, 42.959726020104924 ] } },
{ "type": "Feature", "properties": { "ward": "V. Hales Corners Wards 1,2,3", "candidate": "write-in:", "votes": 8.0, "color": "#984EA3", "popup": "<div><strong>V. Hales Corners Wards 1,2,3</strong><div><strong>Representative to the Assembly, District 61</strong><table style='border-collapse:collapse;margin-top:4px;'><tr><th></th><th style='text-align:right;padding-right:8px;'>Votes</th><th style='text-align:right;'>Percent</th></tr><tr><td style='padding-right:8px;'>Lawanda Chambers</td><td style='text-align:right;padding-right:8px;'>1</td><td style='text-align:right;'>0.0%</td></tr><tr><td style='padding-right:8px;'>Ben Brist</td><td style='text-align:right;padding-right:8px;'>6</td><td style='text-align:right;'>0.2%</td></tr><tr><td style='padding-right:8px;'>Brian Bock</td><td style='text-align:right;padding-right:8px;'>2</td><td style='text-align:right;'>0.1%</td></tr><tr><td style='padding-right:8px;'>write-in:</td><td style='text-align:right;padding-right:8px;'>8</td><td style='text-align:right;'>0.3%</td></tr></table></div>" }, "geometry": { "type": "Point", "coordinates": [ -88.063719163726887, 42.948470204636159 ] } },
{ "type": "Feature", "properties": { "ward": "City of Milwaukee Ward 265", "candidate": "write-in:", "votes": 9.0, "color": "#984EA3", "popup": "<div><strong>City of Milwaukee Ward 265</strong><div><strong>Representative to the Assembly, District 61</strong><table style='border-collapse:collapse;margin-top:4px;'><tr><th></th><th style='text-align:right;padding-right:8px;'>Votes</th><th style='text-align:right;'>Percent</th></tr><tr><td style='padding-right:8px;'>Lawanda Chambers</td><td style='text-align:right;padding-right:8px;'>3</td><td style='text-align:right;'>0.2%</td></tr><tr><td style='padding-right:8px;'>Ben Brist</td><td style='text-align:right;padding-right:8px;'>74</td><td style='text-align:right;'>3.7%</td></tr><tr><td style='padding-right:8px;'>Brian Bock</td><td style='text-align:right;padding-right:8px;'>19</td><td style='text-align:right;'>1.0%</td></tr><tr><td style='padding-right:8px;'>write-in:</td><td style='text-align:right;padding-right:8px;'>9</td><td style='text-align:right;'>0.5%</td></tr></table></div>" }, "geometry": { "type": "Point", "coordinates": [ -88.012835957998107, 42.977081132073536 ] } },
{ "type": "Feature", "properties": { "ward": "City of Franklin Ward 9", "candidate": "write-in:", "votes": 9.0, "color": "#984EA3", "popup": "<div><strong>City of Franklin Ward 9</strong><div><strong>Representative to the Assembly, District 61</strong><table style='border-collapse:collapse;margin-top:4px;'><tr><th></th><th style='text-align:right;padding-right:8px;'>Votes</th><th style='text-align:right;'>Percent</th></tr><tr><td style='padding-right:8px;'>Lawanda Chambers</td><td style='text-align:right;padding-right:8px;'>2</td><td style='text-align:right;'>0.1%</td></tr><tr><td style='padding-right:8px;'>Ben Brist</td><td style='text-align:right;padding-right:8px;'>1</td><td style='text-align:right;'>0.0%</td></tr><tr><td style='padding-right:8px;'>Brian Bock</td><td style='text-align:right;padding-right:8px;'>11</td><td style='text-align:right;'>0.5%</td></tr><tr><td style='padding-right:8px;'>write-in:</td><td style='text-align:right;padding-right:8px;'>9</td><td style='text-align:right;'>0.4%</td></tr></table></div>" }, "geometry": { "type": "Point", "coordinates": [ -87.964216639459792, 42.926680754477445 ] } },
{ "type": "Feature", "properties": { "ward": "V. Greendale Wards 1,2,3,4.9,10", "candidate": "Brian Bock", "votes": 9.0, "color": "#4DAF4A", "popup": "<div><strong>V. Greendale Wards 1,2,3,4.9,10</strong><div><strong>Representative to the Assembly, District 61</strong><table style='border-collapse:collapse;margin-top:4px;'><tr><th></th><th style='text-align:right;padding-right:8px;'>Votes</th><th style='text-align:right;'>Percent</th></tr><tr><td style='padding-right:8px;'>Lawanda Chambers</td><td style='text-align:right;padding-right:8px;'>37</td><td style='text-align:right;'>1.7%</td></tr><tr><td style='padding-right:8px;'>Ben Brist</td><td style='text-align:right;padding-right:8px;'>75</td><td style='text-align:right;'>3.4%</td></tr><tr><td style='padding-right:8px;'>Brian Bock</td><td style='text-align:right;padding-right:8px;'>9</td><td style='text-align:right;'>0.4%</td></tr><tr><td style='padding-right:8px;'>write-in:</td><td style='text-align:right;padding-right:8px;'>35</td><td style='text-align:right;'>1.6%</td></tr></table></div>" }, "geometry": { "type": "Point", "coordinates": [ -88.009698813588798, 42.937589667938383 ] } },
{ "type": "Feature", "properties": { "ward": "City of Greenfield Ward 11", "candidate": "Lawanda Chambers", "votes": 9.0, "color": "#E41A1C", "popup": "<div><strong>City of Greenfield Ward 11</strong><div><strong>Representative to the Assembly, District 61</strong><table style='border-collapse:collapse;margin-top:4px;'><tr><th></th><th style='text-align:right;padding-right:8px;'>Votes</th><th style='text-align:right;'>Percent</th></tr><tr><td style='padding-right:8px;'>Lawanda Chambers</td><td style='text-align:right;padding-right:8px;'>9</td><td style='text-align:right;'>0.4%</td></tr><tr><td style='padding-right:8px;'>Ben Brist</td><td style='text-align:right;padding-right:8px;'>78</td><td style='text-align:right;'>3.9%</td></tr><tr><td style='padding-right:8px;'>Brian Bock</td><td style='text-align:right;padding-right:8px;'>12</td><td style='text-align:right;'>0.6%</td></tr><tr><td style='padding-right:8px;'>write-in:</td><td style='text-align:right;padding-right:8px;'>55</td><td style='text-align:right;'>2.7%</td></tr></table></div>" }, "geometry": { "type": "Point", "coordinates": [ -88.022883872431976, 42.970096774968681 ] } },
{ "type": "Feature", "properties": { "ward": "City of Greenfield Ward 12", "candidate": "Ben Brist", "votes": 9.0, "color": "#377EB8", "popup": "<div><strong>City of Greenfield Ward 12</strong><div><strong>Representative to the Assembly, District 61</strong><table style='border-collapse:collapse;margin-top:4px;'><tr><th></th><th style='text-align:right;padding-right:8px;'>Votes</th><th style='text-align:right;'>Percent</th></tr><tr><td style='padding-right:8px;'>Lawanda Chambers</td><td style='text-align:right;padding-right:8px;'>40</td><td style='text-align:right;'>2.0%</td></tr><tr><td style='padding-right:8px;'>Ben Brist</td><td style='text-align:right;padding-right:8px;'>9</td><td style='text-align:right;'>0.5%</td></tr><tr><td style='padding-right:8px;'>Brian Bock</td><td style='text-align:right;padding-right:8px;'>3</td><td style='text-align:right;'>0.2%</td></tr><tr><td style='padding-right:8px;'>write-in:</td><td style='text-align:right;padding-right:8px;'>25</td><td style='text-align:right;'>1.3%</td></tr></table></div>" }, "geometry": { "type": "Point", "coordinates": [ -88.028353234171632, 42.955557371920413 ] } },
{ "type": "Feature", "properties": { "ward": "City of Greenfield Ward 9", "candidate": "Ben Brist", "votes": 10.0, "color": "#377EB8", "popup": "<div><strong>City of Greenfield Ward 9</strong><div><strong>Representative to the Assembly, District 61</strong><table style='border-collapse:collapse;margin-top:4px;'><tr><th></th><th style='text-align:right;padding-right:8px;'>Votes</th><th style='text-align:right;'>Percent</th></tr><tr><td style='padding-right:8px;'>Lawanda Chambers</td><td style='text-align:right;padding-right:8px;'>20</td><td style='text-align:right;'>1.1%</td></tr><tr><td style='padding-right:8px;'>Ben Brist</td><td style='text-align:right;padding-right:8px;'>10</td><td style='text-align:right;'>0.5%</td></tr><tr><td style='padding-right:8px;'>Brian Bock</td><td style='text-align:right;padding-right:8px;'>8</td><td style='text-align:right;'>0.4%</td></tr><tr><td style='padding-right:8px;'>write-in:</td><td style='text-align:right;padding-right:8px;'>13</td><td style='text-align:right;'>0.7%</td></tr></table></div>" }, "geometry": { "type": "Point", "coordinates": [ -88.013245323990716, 42.959726020104924 ] } },
{ "type": "Feature", "properties": { "ward": "City of Greenfield Ward 10", "candidate": "write-in:", "votes": 10.0, "color": "#984EA3", "popup": "<div><strong>City of Greenfield Ward 10</strong><div><strong>Representative to the Assembly, District 61</strong><table style='border-collapse:collapse;margin-top:4px;'><tr><th></th><th style='text-align:right;padding-right:8px;'>Votes</th><th style='text-align:right;'>Percent</th></tr><tr><td style='padding-right:8px;'>Lawanda Chambers</td><td style='text-align:right;padding-right:8px;'>13</td><td style='text-align:right;'>0.6%</td></tr><tr><td style='padding-right:8px;'>Ben Brist</td><td style='text-align:right;padding-right:8px;'>56</td><td style='text-align:right;'>2.6%</td></tr><tr><td style='padding-right:8px;'>Brian Bock</td><td style='text-align:right;padding-right:8px;'>7</td><td style='text-align:right;'>0.3%</td></tr><tr><td style='padding-right:8px;'>write-in:</td><td style='text-align:right;padding-right:8px;'>10</td><td style='text-align:right;'>0.5%</td></tr></table></div>" }, "geometry": { "type": "Point", "coordinates": [ -88.023045741829762, 42.962855689094816 ] } },
{ "type": "Feature", "properties": { "ward": "City of Greenfield Ward 26", "candidate": "Lawanda Chambers", "votes": 10.0, "color": "#E41A1C", "popup": "<div><strong>City of Greenfield Ward 26</strong><div><strong>Representative to the Assembly, District 61</strong><table style='border-collapse:collapse;margin-top:4px;'><tr><th></th><th style='text-align:right;padding-right:8px;'>Votes</th><th style='text-align:right;'>Percent</th></tr><tr><td style='padding-right:8px;'>Lawanda Chambers</td><td style='text-align:right;padding-right:8px;'>10</td><td style='text-align:right;'>0.5%</td></tr><tr><td style='padding-right:8px;'>Ben Brist</td><td style='text-align:right;padding-right:8px;'>3</td><td style='text-align:right;'>0.1%</td></tr><tr><td style='padding-right:8px;'>Brian Bock</td><td style='text-align:right;padding-right:8px;'>26</td><td style='text-align:right;'>1.2%</td></tr><tr><td style='padding-right:8px;'>write-in:</td><td style='text-align:right;padding-right:8px;'>1</td><td style='text-align:right;'>0.0%</td></tr></table></div>" }, "geometry": { "type": "Point", "coordinates": [ -87.971299491588894, 42.954080573155473 ] } },
{ "type": "Feature", "properties": { "ward": "City of Franklin Ward 9", "candidate": "Brian Bock", "votes": 11.0, "color": "#4DAF4A", "popup": "<div><strong>City of Franklin Ward 9</strong><div><strong>Representative to the Assembly, District 61</strong><table style='border-collapse:collapse;margin-top:4px;'><tr><th></th><th style='text-align:right;padding-right:8px;'>Votes</th><th style='text-align:right;'>Percent</th></tr><tr><td style='padding-right:8px;'>Lawanda Chambers</td><td style='text-align:right;padding-right:8px;'>2</td><td style='text-align:right;'>0.1%</td></tr><tr><td style='padding-right:8px;'>Ben Brist</td><td style='text-align:right;padding-right:8px;'>1</td><td style='text-align:right;'>0.0%</td></tr><tr><td style='padding-right:8px;'>Brian Bock</td><td style='text-align:right;padding-right:8px;'>11</td><td style='text-align:right;'>0.5%</td></tr><tr><td style='padding-right:8px;'>write-in:</td><td style='text-align:right;padding-right:8px;'>9</td><td style='text-align:right;'>0.4%</td></tr></table></div>" }, "geometry": { "type": "Point", "coordinates": [ -87.964216639459792, 42.926680754477445 ] } },
{ "type": "Feature", "properties": { "ward": "V. Greendale Wards 5,6,7,8,11", "candidate": "write-in:", "votes": 11.0, "color": "#984EA3", "popup": "<div><strong>V. Greendale Wards 5,6,7,8,11</strong><div><strong>Representative to the Assembly, District 61</strong><table style='border-collapse:collapse;margin-top:4px;'><tr><th></th><th style='text-align:right;padding-right:8px;'>Votes</th><th style='text-align:right;'>Percent</th></tr><tr><td style='padding-right:8px;'>Lawanda Chambers</td><td style='text-align:right;padding-right:8px;'>46</td><td style='text-align:right;'>2.3%</td></tr><tr><td style='padding-right:8px;'>Ben Brist</td><td style='text-align:right;padding-right:8px;'>29</td><td style='text-align:right;'>1.4%</td></tr><tr><td style='padding-right:8px;'>Brian Bock</td><td style='text-align:right;padding-right:8px;'>13</td><td style='text-align:right;'>0.6%</td></tr><tr><td style='padding-right:8px;'>write-in:</td><td style='text-align:right;padding-right:8px;'>11</td><td style='text-align:right;'>0.5%</td></tr></table></div>" }, "geometry": { "type": "Point", "coordinates": [ -87.980162125986965, 42.93461481547763 ] } },
{ "type": "Feature", "properties": { "ward": "City of Greenfield Ward 14", "candidate": "Ben Brist", "votes": 11.0, "color": "#377EB8", "popup": "<div><strong>City of Greenfield Ward 14</strong><div><strong>Representative to the Assembly, District 61</strong><table style='border-collapse:collapse;margin-top:4px;'><tr><th></th><th style='text-align:right;padding-right:8px;'>Votes</th><th style='text-align:right;'>Percent</th></tr><tr><td style='padding-right:8px;'>Lawanda Chambers</td><td style='text-align:right;padding-right:8px;'>13</td><td style='text-align:right;'>0.6%</td></tr><tr><td style='padding-right:8px;'>Ben Brist</td><td style='text-align:right;padding-right:8px;'>11</td><td style='text-align:right;'>0.5%</td></tr><tr><td style='padding-right:8px;'>Brian Bock</td><td style='text-align:right;padding-right:8px;'>19</td><td style='text-align:right;'>0.9%</td></tr><tr><td style='padding-right:8px;'>write-in:</td><td style='text-align:right;padding-right:8px;'>99</td><td style='text-align:right;'>4.8%</td></tr></table></div>" }, "geometry": { "type": "Point", "coordinates": [ -88.043213992191724, 42.978022569872181 ] } },
{ "type": "Feature", "properties": { "ward": "City of Greenfield Ward 16", "candidate": "Lawanda Chambers", "votes": 11.0, "color": "#E41A1C", "popup": "<div><strong>City of Greenfield Ward 16</strong><div><strong>Representative to the Assembly, District 61</strong><table style='border-collapse:collapse;margin-top:4px;'><tr><th></th><th style='text-align:right;padding-right:8px;'>Votes</th><th style='text-align:right;'>Percent</th></tr><tr><td style='padding-right:8px;'>Lawanda Chambers</td><td style='text-align:right;padding-right:8px;'>11</td><td style='text-align:right;'>0.5%</td></tr><tr><td style='padding-right:8px;'>Ben Brist</td><td style='text-align:right;padding-right:8px;'>32</td><td style='text-align:right;'>1.4%</td></tr><tr><td style='padding-right:8px;'>Brian Bock</td><td style='text-align:right;padding-right:8px;'>44</td><td style='text-align:right;'>2.0%</td></tr><tr><td style='padding-right:8px;'>write-in:</td><td style='text-align:right;padding-right:8px;'>11</td><td style='text-align:right;'>0.5%</td></tr></table></div>" }, "geometry": { "type": "Point", "coordinates": [ -88.052357880875817, 42.956546141268511 ] } },
{ "type": "Feature", "properties": { "ward": "City of Greenfield Ward 16", "candidate": "write-in:", "votes": 11.0, "color": "#984EA3", "popup": "<div><strong>City of Greenfield Ward 16</strong><div><strong>Representative to the Assembly, District 61</strong><table style='border-collapse:collapse;margin-top:4px;'><tr><th></th><th style='text-align:right;padding-right:8px;'>Votes</th><th style='text-align:right;'>Percent</th></tr><tr><td style='padding-right:8px;'>Lawanda Chambers</td><td style='text-align:right;padding-right:8px;'>11</td><td style='text-align:right;'>0.5%</td></tr><tr><td style='padding-right:8px;'>Ben Brist</td><td style='text-align:right;padding-right:8px;'>32</td><td style='text-align:right;'>1.4%</td></tr><tr><td style='padding-right:8px;'>Brian Bock</td><td style='text-align:right;padding-right:8px;'>44</td><td style='text-align:right;'>2.0%</td></tr><tr><td style='padding-right:8px;'>write-in:</td><td style='text-align:right;padding-right:8px;'>11</td><td style='text-align:right;'>0.5%</td></tr></table></div>" }, "geometry": { "type": "Point", "coordinates": [ -88.052357880875817, 42.956546141268511 ] } },
{ "type": "Feature", "properties": { "ward": "City of Greenfield Ward 11", "candidate": "Brian Bock", "votes": 12.0, "color": "#4DAF4A", "popup": "<div><strong>City of Greenfield Ward 11</strong><div><strong>Representative to the Assembly, District 61</strong><table style='border-collapse:collapse;margin-top:4px;'><tr><th></th><th style='text-align:right;padding-right:8px;'>Votes</th><th style='text-align:right;'>Percent</th></tr><tr><td style='padding-right:8px;'>Lawanda Chambers</td><td style='text-align:right;padding-right:8px;'>9</td><td style='text-align:right;'>0.4%</td></tr><tr><td style='padding-right:8px;'>Ben Brist</td><td style='text-align:right;padding-right:8px;'>78</td><td style='text-align:right;'>3.9%</td></tr><tr><td style='padding-right:8px;'>Brian Bock</td><td style='text-align:right;padding-right:8px;'>12</td><td style='text-align:right;'>0.6%</td></tr><tr><td style='padding-right:8px;'>write-in:</td><td style='text-align:right;padding-right:8px;'>55</td><td style='text-align:right;'>2.7%</td></tr></table></div>" }, "geometry": { "type": "Point", "coordinates": [ -88.022883872431976, 42.970096774968681 ] } },
{ "type": "Feature", "properties": { "ward": "V. Greendale Wards 5,6,7,8,11", "candidate": "Brian Bock", "votes": 13.0, "color": "#4DAF4A", "popup": "<div><strong>V. Greendale Wards 5,6,7,8,11</strong><div><strong>Representative to the Assembly, District 61</strong><table style='border-collapse:collapse;margin-top:4px;'><tr><th></th><th style='text-align:right;padding-right:8px;'>Votes</th><th style='text-align:right;'>Percent</th></tr><tr><td style='padding-right:8px;'>Lawanda Chambers</td><td style='text-align:right;padding-right:8px;'>46</td><td style='text-align:right;'>2.3%</td></tr><tr><td style='padding-right:8px;'>Ben Brist</td><td style='text-align:right;padding-right:8px;'>29</td><td style='text-align:right;'>1.4%</td></tr><tr><td style='padding-right:8px;'>Brian Bock</td><td style='text-align:right;padding-right:8px;'>13</td><td style='text-align:right;'>0.6%</td></tr><tr><td style='padding-right:8px;'>write-in:</td><td style='text-align:right;padding-right:8px;'>11</td><td style='text-align:right;'>0.5%</td></tr></table></div>" }, "geometry": { "type": "Point", "coordinates": [ -87.980162125986965, 42.93461481547763 ] } },
{ "type": "Feature", "properties": { "ward": "City of Greenfield Ward 9", "candidate": "write-in:", "votes": 13.0, "color": "#984EA3", "popup": "<div><strong>City of Greenfield Ward 9</strong><div><strong>Representative to the Assembly, District 61</strong><table style='border-collapse:collapse;margin-top:4px;'><tr><th></th><th style='text-align:right;padding-right:8px;'>Votes</th><th style='text-align:right;'>Percent</th></tr><tr><td style='padding-right:8px;'>Lawanda Chambers</td><td style='text-align:right;padding-right:8px;'>20</td><td style='text-align:right;'>1.1%</td></tr><tr><td style='padding-right:8px;'>Ben Brist</td><td style='text-align:right;padding-right:8px;'>10</td><td style='text-align:right;'>0.5%</td></tr><tr><td style='padding-right:8px;'>Brian Bock</td><td style='text-align:right;padding-right:8px;'>8</td><td style='text-align:right;'>0.4%</td></tr><tr><td style='padding-right:8px;'>write-in:</td><td style='text-align:right;padding-right:8px;'>13</td><td style='text-align:right;'>0.7%</td></tr></table></div>" }, "geometry": { "type": "Point", "coordinates": [ -88.013245323990716, 42.959726020104924 ] } },
{ "type": "Feature", "properties": { "ward": "City of Greenfield Ward 10", "candidate": "Lawanda Chambers", "votes": 13.0, "color": "#E41A1C", "popup": "<div><strong>City of Greenfield Ward 10</strong><div><strong>Representative to the Assembly, District 61</strong><table style='border-collapse:collapse;margin-top:4px;'><tr><th></th><th style='text-align:right;padding-right:8px;'>Votes</th><th style='text-align:right;'>Percent</th></tr><tr><td style='padding-right:8px;'>Lawanda Chambers</td><td style='text-align:right;padding-right:8px;'>13</td><td style='text-align:right;'>0.6%</td></tr><tr><td style='padding-right:8px;'>Ben Brist</td><td style='text-align:right;padding-right:8px;'>56</td><td style='text-align:right;'>2.6%</td></tr><tr><td style='padding-right:8px;'>Brian Bock</td><td style='text-align:right;padding-right:8px;'>7</td><td style='text-align:right;'>0.3%</td></tr><tr><td style='padding-right:8px;'>write-in:</td><td style='text-align:right;padding-right:8px;'>10</td><td style='text-align:right;'>0.5%</td></tr></table></div>" }, "geometry": { "type": "Point", "coordinates": [ -88.023045741829762, 42.962855689094816 ] } },
{ "type": "Feature", "properties": { "ward": "City of Greenfield Ward 14", "candidate": "Lawanda Chambers", "votes": 13.0, "color": "#E41A1C", "popup": "<div><strong>City of Greenfield Ward 14</strong><div><strong>Representative to the Assembly, District 61</strong><table style='border-collapse:collapse;margin-top:4px;'><tr><th></th><th style='text-align:right;padding-right:8px;'>Votes</th><th style='text-align:right;'>Percent</th></tr><tr><td style='padding-right:8px;'>Lawanda Chambers</td><td style='text-align:right;padding-right:8px;'>13</td><td style='text-align:right;'>0.6%</td></tr><tr><td style='padding-right:8px;'>Ben Brist</td><td style='text-align:right;padding-right:8px;'>11</td><td style='text-align:right;'>0.5%</td></tr><tr><td style='padding-right:8px;'>Brian Bock</td><td style='text-align:right;padding-right:8px;'>19</td><td style='text-align:right;'>0.9%</td></tr><tr><td style='padding-right:8px;'>write-in:</td><td style='text-align:right;padding-right:8px;'>99</td><td style='text-align:right;'>4.8%</td></tr></table></div>" }, "geometry": { "type": "Point", "coordinates": [ -88.043213992191724, 42.978022569872181 ] } },
{ "type": "Feature", "properties": { "ward": "City of Greenfield Ward 15", "candidate": "write-in:", "votes": 13.0, "color": "#984EA3", "popup": "<div><strong>City of Greenfield Ward 15</strong><div><strong>Representative to the Assembly, District 61</strong><table style='border-collapse:collapse;margin-top:4px;'><tr><th></th><th style='text-align:right;padding-right:8px;'>Votes</th><th style='text-align:right;'>Percent</th></tr><tr><td style='padding-right:8px;'>Lawanda Chambers</td><td style='text-align:right;padding-right:8px;'>36</td><td style='text-align:right;'>1.7%</td></tr><tr><td style='padding-right:8px;'>Ben Brist</td><td style='text-align:right;padding-right:8px;'>40</td><td style='text-align:right;'>1.9%</td></tr><tr><td style='padding-right:8px;'>Brian Bock</td><td style='text-align:right;padding-right:8px;'>21</td><td style='text-align:right;'>1.0%</td></tr><tr><td style='padding-right:8px;'>write-in:</td><td style='text-align:right;padding-right:8px;'>13</td><td style='text-align:right;'>0.6%</td></tr></table></div>" }, "geometry": { "type": "Point", "coordinates": [ -88.062761080499456, 42.969033901578413 ] } },
{ "type": "Feature", "properties": { "ward": "V. Hales Corners Wards 7,8,9", "candidate": "Brian Bock", "votes": 13.0, "color": "#4DAF4A", "popup": "<div><strong>V. Hales Corners Wards 7,8,9</strong><div><strong>Representative to the Assembly, District 61</strong><table style='border-collapse:collapse;margin-top:4px;'><tr><th></th><th style='text-align:right;padding-right:8px;'>Votes</th><th style='text-align:right;'>Percent</th></tr><tr><td style='padding-right:8px;'>Lawanda Chambers</td><td style='text-align:right;padding-right:8px;'>17</td><td style='text-align:right;'>0.9%</td></tr><tr><td style='padding-right:8px;'>Ben Brist</td><td style='text-align:right;padding-right:8px;'>17</td><td style='text-align:right;'>0.9%</td></tr><tr><td style='padding-right:8px;'>Brian Bock</td><td style='text-align:right;padding-right:8px;'>13</td><td style='text-align:right;'>0.7%</td></tr><tr><td style='padding-right:8px;'>write-in:</td><td style='text-align:right;padding-right:8px;'>6</td><td style='text-align:right;'>0.3%</td></tr></table></div>" }, "geometry": { "type": "Point", "coordinates": [ -88.036543466765394, 42.936165597776487 ] } },
{ "type": "Feature", "properties": { "ward": "City of West Allis Ward 22", "candidate": "Lawanda Chambers", "votes": 13.0, "color": "#E41A1C", "popup": "<div><strong>City of West Allis Ward 22</strong><div><strong>Representative to the Assembly, District 61</strong><table style='border-collapse:collapse;margin-top:4px;'><tr><th></th><th style='text-align:right;padding-right:8px;'>Votes</th><th style='text-align:right;'>Percent</th></tr><tr><td style='padding-right:8px;'>Lawanda Chambers</td><td style='text-align:right;padding-right:8px;'>13</td><td style='text-align:right;'>0.7%</td></tr><tr><td style='padding-right:8px;'>Ben Brist</td><td style='text-align:right;padding-right:8px;'>14</td><td style='text-align:right;'>0.8%</td></tr><tr><td style='padding-right:8px;'>Brian Bock</td><td style='text-align:right;padding-right:8px;'>3</td><td style='text-align:right;'>0.2%</td></tr><tr><td style='padding-right:8px;'>write-in:</td><td style='text-align:right;padding-right:8px;'>32</td><td style='text-align:right;'>1.8%</td></tr></table></div>" }, "geometry": { "type": "Point", "coordinates": [ -88.058842658137266, 42.978345775885124 ] } },
{ "type": "Feature", "properties": { "ward": "City of Milwaukee Ward 266", "candidate": "Lawanda Chambers", "votes": 14.0, "color": "#E41A1C", "popup": "<div><strong>City of Milwaukee Ward 266</strong><div><strong>Representative to the Assembly, District 61</strong><table style='border-collapse:collapse;margin-top:4px;'><tr><th></th><th style='text-align:right;padding-right:8px;'>Votes</th><th style='text-align:right;'>Percent</th></tr><tr><td style='padding-right:8px;'>Lawanda Chambers</td><td style='text-align:right;padding-right:8px;'>14</td><td style='text-align:right;'>0.7%</td></tr><tr><td style='padding-right:8px;'>Ben Brist</td><td style='text-align:right;padding-right:8px;'>1</td><td style='text-align:right;'>0.1%</td></tr><tr><td style='padding-right:8px;'>Brian Bock</td><td style='text-align:right;padding-right:8px;'>1</td><td style='text-align:right;'>0.1%</td></tr><tr><td style='padding-right:8px;'>write-in:</td><td style='text-align:right;padding-right:8px;'>3</td><td style='text-align:right;'>0.2%</td></tr></table></div>" }, "geometry": { "type": "Point", "coordinates": [ -88.002976438538923, 42.973848864476004 ] } },
{ "type": "Feature", "properties": { "ward": "City of Greenfield Ward 8", "candidate": "Ben Brist", "votes": 14.0, "color": "#377EB8", "popup": "<div><strong>City of Greenfield Ward 8</strong><div><strong>Representative to the Assembly, District 61</strong><table style='border-collapse:collapse;margin-top:4px;'><tr><th></th><th style='text-align:right;padding-right:8px;'>Votes</th><th style='text-align:right;'>Percent</th></tr><tr><td style='padding-right:8px;'>Lawanda Chambers</td><td style='text-align:right;padding-right:8px;'>37</td><td style='text-align:right;'>2.2%</td></tr><tr><td style='padding-right:8px;'>Ben Brist</td><td style='text-align:right;padding-right:8px;'>14</td><td style='text-align:right;'>0.8%</td></tr><tr><td style='padding-right:8px;'>Brian Bock</td><td style='text-align:right;padding-right:8px;'>24</td><td style='text-align:right;'>1.4%</td></tr><tr><td style='padding-right:8px;'>write-in:</td><td style='text-align:right;padding-right:8px;'>29</td><td style='text-align:right;'>1.7%</td></tr></table></div>" }, "geometry": { "type": "Point", "coordinates": [ -88.002633201545038, 42.955064856799666 ] } },
{ "type": "Feature", "properties": { "ward": "City of West Allis Ward 22", "candidate": "Ben Brist", "votes": 14.0, "color": "#377EB8", "popup": "<div><strong>City of West Allis Ward 22</strong><div><strong>Representative to the Assembly, District 61</strong><table style='border-collapse:collapse;margin-top:4px;'><tr><th></th><th style='text-align:right;padding-right:8px;'>Votes</th><th style='text-align:right;'>Percent</th></tr><tr><td style='padding-right:8px;'>Lawanda Chambers</td><td style='text-align:right;padding-right:8px;'>13</td><td style='text-align:right;'>0.7%</td></tr><tr><td style='padding-right:8px;'>Ben Brist</td><td style='text-align:right;padding-right:8px;'>14</td><td style='text-align:right;'>0.8%</td></tr><tr><td style='padding-right:8px;'>Brian Bock</td><td style='text-align:right;padding-right:8px;'>3</td><td style='text-align:right;'>0.2%</td></tr><tr><td style='padding-right:8px;'>write-in:</td><td style='text-align:right;padding-right:8px;'>32</td><td style='text-align:right;'>1.8%</td></tr></table></div>" }, "geometry": { "type": "Point", "coordinates": [ -88.058842658137266, 42.978345775885124 ] } },
{ "type": "Feature", "properties": { "ward": "City of Milwaukee Ward 261", "candidate": "write-in:", "votes": 15.0, "color": "#984EA3", "popup": "<div><strong>City of Milwaukee Ward 261</strong><div><strong>Representative to the Assembly, District 61</strong><table style='border-collapse:collapse;margin-top:4px;'><tr><th></th><th style='text-align:right;padding-right:8px;'>Votes</th><th style='text-align:right;'>Percent</th></tr><tr><td style='padding-right:8px;'>Lawanda Chambers</td><td style='text-align:right;padding-right:8px;'>7</td><td style='text-align:right;'>0.4%</td></tr><tr><td style='padding-right:8px;'>Ben Brist</td><td style='text-align:right;padding-right:8px;'>24</td><td style='text-align:right;'>1.3%</td></tr><tr><td style='padding-right:8px;'>Brian Bock</td><td style='text-align:right;padding-right:8px;'>4</td><td style='text-align:right;'>0.2%</td></tr><tr><td style='padding-right:8px;'>write-in:</td><td style='text-align:right;padding-right:8px;'>15</td><td style='text-align:right;'>0.8%</td></tr></table></div>" }, "geometry": { "type": "Point", "coordinates": [ -88.025799893447243, 42.984581329233805 ] } },
{ "type": "Feature", "properties": { "ward": "City of Milwaukee Ward 263", "candidate": "Brian Bock", "votes": 17.0, "color": "#4DAF4A", "popup": "<div><strong>City of Milwaukee Ward 263</strong><div><strong>Representative to the Assembly, District 61</strong><table style='border-collapse:collapse;margin-top:4px;'><tr><th></th><th style='text-align:right;padding-right:8px;'>Votes</th><th style='text-align:right;'>Percent</th></tr><tr><td style='padding-right:8px;'>Lawanda Chambers</td><td style='text-align:right;padding-right:8px;'>50</td><td style='text-align:right;'>2.4%</td></tr><tr><td style='padding-right:8px;'>Ben Brist</td><td style='text-align:right;padding-right:8px;'>43</td><td style='text-align:right;'>2.1%</td></tr><tr><td style='padding-right:8px;'>Brian Bock</td><td style='text-align:right;padding-right:8px;'>17</td><td style='text-align:right;'>0.8%</td></tr><tr><td style='padding-right:8px;'>write-in:</td><td style='text-align:right;padding-right:8px;'>8</td><td style='text-align:right;'>0.4%</td></tr></table></div>" }, "geometry": { "type": "Point", "coordinates": [ -88.027044685266603, 42.978131113702375 ] } },
{ "type": "Feature", "properties": { "ward": "City of Franklin Ward 10", "candidate": "Lawanda Chambers", "votes": 17.0, "color": "#E41A1C", "popup": "<div><strong>City of Franklin Ward 10</strong><div><strong>Representative to the Assembly, District 61</strong><table style='border-collapse:collapse;margin-top:4px;'><tr><th></th><th style='text-align:right;padding-right:8px;'>Votes</th><th style='text-align:right;'>Percent</th></tr><tr><td style='padding-right:8px;'>Lawanda Chambers</td><td style='text-align:right;padding-right:8px;'>17</td><td style='text-align:right;'>0.7%</td></tr><tr><td style='padding-right:8px;'>Ben Brist</td><td style='text-align:right;padding-right:8px;'>39</td><td style='text-align:right;'>1.7%</td></tr><tr><td style='padding-right:8px;'>Brian Bock</td><td style='text-align:right;padding-right:8px;'>3</td><td style='text-align:right;'>0.1%</td></tr><tr><td style='padding-right:8px;'>write-in:</td><td style='text-align:right;padding-right:8px;'>5</td><td style='text-align:right;'>0.2%</td></tr></table></div>" }, "geometry": { "type": "Point", "coordinates": [ -87.974982232796535, 42.919581718101384 ] } },
{ "type": "Feature", "properties": { "ward": "V. Hales Corners Wards 7,8,9", "candidate": "Lawanda Chambers", "votes": 17.0, "color": "#E41A1C", "popup": "<div><strong>V. Hales Corners Wards 7,8,9</strong><div><strong>Representative to the Assembly, District 61</strong><table style='border-collapse:collapse;margin-top:4px;'><tr><th></th><th style='text-align:right;padding-right:8px;'>Votes</th><th style='text-align:right;'>Percent</th></tr><tr><td style='padding-right:8px;'>Lawanda Chambers</td><td style='text-align:right;padding-right:8px;'>17</td><td style='text-align:right;'>0.9%</td></tr><tr><td style='padding-right:8px;'>Ben Brist</td><td style='text-align:right;padding-right:8px;'>17</td><td style='text-align:right;'>0.9%</td></tr><tr><td style='padding-right:8px;'>Brian Bock</td><td style='text-align:right;padding-right:8px;'>13</td><td style='text-align:right;'>0.7%</td></tr><tr><td style='padding-right:8px;'>write-in:</td><td style='text-align:right;padding-right:8px;'>6</td><td style='text-align:right;'>0.3%</td></tr></table></div>" }, "geometry": { "type": "Point", "coordinates": [ -88.036543466765394, 42.936165597776487 ] } },
{ "type": "Feature", "properties": { "ward": "V. Hales Corners Wards 7,8,9", "candidate": "Ben Brist", "votes": 17.0, "color": "#377EB8", "popup": "<div><strong>V. Hales Corners Wards 7,8,9</strong><div><strong>Representative to the Assembly, District 61</strong><table style='border-collapse:collapse;margin-top:4px;'><tr><th></th><th style='text-align:right;padding-right:8px;'>Votes</th><th style='text-align:right;'>Percent</th></tr><tr><td style='padding-right:8px;'>Lawanda Chambers</td><td style='text-align:right;padding-right:8px;'>17</td><td style='text-align:right;'>0.9%</td></tr><tr><td style='padding-right:8px;'>Ben Brist</td><td style='text-align:right;padding-right:8px;'>17</td><td style='text-align:right;'>0.9%</td></tr><tr><td style='padding-right:8px;'>Brian Bock</td><td style='text-align:right;padding-right:8px;'>13</td><td style='text-align:right;'>0.7%</td></tr><tr><td style='padding-right:8px;'>write-in:</td><td style='text-align:right;padding-right:8px;'>6</td><td style='text-align:right;'>0.3%</td></tr></table></div>" }, "geometry": { "type": "Point", "coordinates": [ -88.036543466765394, 42.936165597776487 ] } },
{ "type": "Feature", "properties": { "ward": "City of Milwaukee Ward 265", "candidate": "Brian Bock", "votes": 19.0, "color": "#4DAF4A", "popup": "<div><strong>City of Milwaukee Ward 265</strong><div><strong>Representative to the Assembly, District 61</strong><table style='border-collapse:collapse;margin-top:4px;'><tr><th></th><th style='text-align:right;padding-right:8px;'>Votes</th><th style='text-align:right;'>Percent</th></tr><tr><td style='padding-right:8px;'>Lawanda Chambers</td><td style='text-align:right;padding-right:8px;'>3</td><td style='text-align:right;'>0.2%</td></tr><tr><td style='padding-right:8px;'>Ben Brist</td><td style='text-align:right;padding-right:8px;'>74</td><td style='text-align:right;'>3.7%</td></tr><tr><td style='padding-right:8px;'>Brian Bock</td><td style='text-align:right;padding-right:8px;'>19</td><td style='text-align:right;'>1.0%</td></tr><tr><td style='padding-right:8px;'>write-in:</td><td style='text-align:right;padding-right:8px;'>9</td><td style='text-align:right;'>0.5%</td></tr></table></div>" }, "geometry": { "type": "Point", "coordinates": [ -88.012835957998107, 42.977081132073536 ] } },
{ "type": "Feature", "properties": { "ward": "City of Greenfield Ward 14", "candidate": "Brian Bock", "votes": 19.0, "color": "#4DAF4A", "popup": "<div><strong>City of Greenfield Ward 14</strong><div><strong>Representative to the Assembly, District 61</strong><table style='border-collapse:collapse;margin-top:4px;'><tr><th></th><th style='text-align:right;padding-right:8px;'>Votes</th><th style='text-align:right;'>Percent</th></tr><tr><td style='padding-right:8px;'>Lawanda Chambers</td><td style='text-align:right;padding-right:8px;'>13</td><td style='text-align:right;'>0.6%</td></tr><tr><td style='padding-right:8px;'>Ben Brist</td><td style='text-align:right;padding-right:8px;'>11</td><td style='text-align:right;'>0.5%</td></tr><tr><td style='padding-right:8px;'>Brian Bock</td><td style='text-align:right;padding-right:8px;'>19</td><td style='text-align:right;'>0.9%</td></tr><tr><td style='padding-right:8px;'>write-in:</td><td style='text-align:right;padding-right:8px;'>99</td><td style='text-align:right;'>4.8%</td></tr></table></div>" }, "geometry": { "type": "Point", "coordinates": [ -88.043213992191724, 42.978022569872181 ] } },
{ "type": "Feature", "properties": { "ward": "City of Milwaukee Ward 259", "candidate": "write-in:", "votes": 20.0, "color": "#984EA3", "popup": "<div><strong>City of Milwaukee Ward 259</strong><div><strong>Representative to the Assembly, District 61</strong><table style='border-collapse:collapse;margin-top:4px;'><tr><th></th><th style='text-align:right;padding-right:8px;'>Votes</th><th style='text-align:right;'>Percent</th></tr><tr><td style='padding-right:8px;'>Lawanda Chambers</td><td style='text-align:right;padding-right:8px;'>4</td><td style='text-align:right;'>0.2%</td></tr><tr><td style='padding-right:8px;'>Ben Brist</td><td style='text-align:right;padding-right:8px;'>22</td><td style='text-align:right;'>1.1%</td></tr><tr><td style='padding-right:8px;'>Brian Bock</td><td style='text-align:right;padding-right:8px;'>1</td><td style='text-align:right;'>0.0%</td></tr><tr><td style='padding-right:8px;'>write-in:</td><td style='text-align:right;padding-right:8px;'>20</td><td style='text-align:right;'>1.0%</td></tr></table></div>" }, "geometry": { "type": "Point", "coordinates": [ -88.004309445497285, 42.983560546102709 ] } },
{ "type": "Feature", "properties": { "ward": "City of Greenfield Ward 9", "candidate": "Lawanda Chambers", "votes": 20.0, "color": "#E41A1C", "popup": "<div><strong>City of Greenfield Ward 9</strong><div><strong>Representative to the Assembly, District 61</strong><table style='border-collapse:collapse;margin-top:4px;'><tr><th></th><th style='text-align:right;padding-right:8px;'>Votes</th><th style='text-align:right;'>Percent</th></tr><tr><td style='padding-right:8px;'>Lawanda Chambers</td><td style='text-align:right;padding-right:8px;'>20</td><td style='text-align:right;'>1.1%</td></tr><tr><td style='padding-right:8px;'>Ben Brist</td><td style='text-align:right;padding-right:8px;'>10</td><td style='text-align:right;'>0.5%</td></tr><tr><td style='padding-right:8px;'>Brian Bock</td><td style='text-align:right;padding-right:8px;'>8</td><td style='text-align:right;'>0.4%</td></tr><tr><td style='padding-right:8px;'>write-in:</td><td style='text-align:right;padding-right:8px;'>13</td><td style='text-align:right;'>0.7%</td></tr></table></div>" }, "geometry": { "type": "Point", "coordinates": [ -88.013245323990716, 42.959726020104924 ] } },
{ "type": "Feature", "properties": { "ward": "City of Greenfield Ward 24", "candidate": "Ben Brist", "votes": 20.0, "color": "#377EB8", "popup": "<div><strong>City of Greenfield Ward 24</strong><div><strong>Representative to the Assembly, District 61</strong><table style='border-collapse:collapse;margin-top:4px;'><tr><th></th><th style='text-align:right;padding-right:8px;'>Votes</th><th style='text-align:right;'>Percent</th></tr><tr><td style='padding-right:8px;'>Lawanda Chambers</td><td style='text-align:right;padding-right:8px;'>22</td><td style='text-align:right;'>1.3%</td></tr><tr><td style='padding-right:8px;'>Ben Brist</td><td style='text-align:right;padding-right:8px;'>20</td><td style='text-align:right;'>1.2%</td></tr><tr><td style='padding-right:8px;'>Brian Bock</td><td style='text-align:right;padding-right:8px;'>28</td><td style='text-align:right;'>1.6%</td></tr><tr><td style='padding-right:8px;'>write-in:</td><td style='text-align:right;padding-right:8px;'>30</td><td style='text-align:right;'>1.8%</td></tr></table></div>" }, "geometry": { "type": "Point", "coordinates": [ -87.973367149888148, 42.948763041555495 ] } },
{ "type": "Feature", "properties": { "ward": "City of Greenfield Ward 15", "candidate": "Brian Bock", "votes": 21.0, "color": "#4DAF4A", "popup": "<div><strong>City of Greenfield Ward 15</strong><div><strong>Representative to the Assembly, District 61</strong><table style='border-collapse:collapse;margin-top:4px;'><tr><th></th><th style='text-align:right;padding-right:8px;'>Votes</th><th style='text-align:right;'>Percent</th></tr><tr><td style='padding-right:8px;'>Lawanda Chambers</td><td style='text-align:right;padding-right:8px;'>36</td><td style='text-align:right;'>1.7%</td></tr><tr><td style='padding-right:8px;'>Ben Brist</td><td style='text-align:right;padding-right:8px;'>40</td><td style='text-align:right;'>1.9%</td></tr><tr><td style='padding-right:8px;'>Brian Bock</td><td style='text-align:right;padding-right:8px;'>21</td><td style='text-align:right;'>1.0%</td></tr><tr><td style='padding-right:8px;'>write-in:</td><td style='text-align:right;padding-right:8px;'>13</td><td style='text-align:right;'>0.6%</td></tr></table></div>" }, "geometry": { "type": "Point", "coordinates": [ -88.062761080499456, 42.969033901578413 ] } },
{ "type": "Feature", "properties": { "ward": "City of Greenfield Ward 21", "candidate": "write-in:", "votes": 21.0, "color": "#984EA3", "popup": "<div><strong>City of Greenfield Ward 21</strong><div><strong>Representative to the Assembly, District 61</strong><table style='border-collapse:collapse;margin-top:4px;'><tr><th></th><th style='text-align:right;padding-right:8px;'>Votes</th><th style='text-align:right;'>Percent</th></tr><tr><td style='padding-right:8px;'>Lawanda Chambers</td><td style='text-align:right;padding-right:8px;'>53</td><td style='text-align:right;'>2.5%</td></tr><tr><td style='padding-right:8px;'>Ben Brist</td><td style='text-align:right;padding-right:8px;'>150</td><td style='text-align:right;'>7.2%</td></tr><tr><td style='padding-right:8px;'>Brian Bock</td><td style='text-align:right;padding-right:8px;'>59</td><td style='text-align:right;'>2.8%</td></tr><tr><td style='padding-right:8px;'>write-in:</td><td style='text-align:right;padding-right:8px;'>21</td><td style='text-align:right;'>1.0%</td></tr></table></div>" }, "geometry": { "type": "Point", "coordinates": [ -87.982454382908685, 42.954874949501473 ] } },
{ "type": "Feature", "properties": { "ward": "City of Milwaukee Ward 259", "candidate": "Ben Brist", "votes": 22.0, "color": "#377EB8", "popup": "<div><strong>City of Milwaukee Ward 259</strong><div><strong>Representative to the Assembly, District 61</strong><table style='border-collapse:collapse;margin-top:4px;'><tr><th></th><th style='text-align:right;padding-right:8px;'>Votes</th><th style='text-align:right;'>Percent</th></tr><tr><td style='padding-right:8px;'>Lawanda Chambers</td><td style='text-align:right;padding-right:8px;'>4</td><td style='text-align:right;'>0.2%</td></tr><tr><td style='padding-right:8px;'>Ben Brist</td><td style='text-align:right;padding-right:8px;'>22</td><td style='text-align:right;'>1.1%</td></tr><tr><td style='padding-right:8px;'>Brian Bock</td><td style='text-align:right;padding-right:8px;'>1</td><td style='text-align:right;'>0.0%</td></tr><tr><td style='padding-right:8px;'>write-in:</td><td style='text-align:right;padding-right:8px;'>20</td><td style='text-align:right;'>1.0%</td></tr></table></div>" }, "geometry": { "type": "Point", "coordinates": [ -88.004309445497285, 42.983560546102709 ] } },
{ "type": "Feature", "properties": { "ward": "City of Greenfield Ward 24", "candidate": "Lawanda Chambers", "votes": 22.0, "color": "#E41A1C", "popup": "<div><strong>City of Greenfield Ward 24</strong><div><strong>Representative to the Assembly, District 61</strong><table style='border-collapse:collapse;margin-top:4px;'><tr><th></th><th style='text-align:right;padding-right:8px;'>Votes</th><th style='text-align:right;'>Percent</th></tr><tr><td style='padding-right:8px;'>Lawanda Chambers</td><td style='text-align:right;padding-right:8px;'>22</td><td style='text-align:right;'>1.3%</td></tr><tr><td style='padding-right:8px;'>Ben Brist</td><td style='text-align:right;padding-right:8px;'>20</td><td style='text-align:right;'>1.2%</td></tr><tr><td style='padding-right:8px;'>Brian Bock</td><td style='text-align:right;padding-right:8px;'>28</td><td style='text-align:right;'>1.6%</td></tr><tr><td style='padding-right:8px;'>write-in:</td><td style='text-align:right;padding-right:8px;'>30</td><td style='text-align:right;'>1.8%</td></tr></table></div>" }, "geometry": { "type": "Point", "coordinates": [ -87.973367149888148, 42.948763041555495 ] } },
{ "type": "Feature", "properties": { "ward": "City of Milwaukee Ward 261", "candidate": "Ben Brist", "votes": 24.0, "color": "#377EB8", "popup": "<div><strong>City of Milwaukee Ward 261</strong><div><strong>Representative to the Assembly, District 61</strong><table style='border-collapse:collapse;margin-top:4px;'><tr><th></th><th style='text-align:right;padding-right:8px;'>Votes</th><th style='text-align:right;'>Percent</th></tr><tr><td style='padding-right:8px;'>Lawanda Chambers</td><td style='text-align:right;padding-right:8px;'>7</td><td style='text-align:right;'>0.4%</td></tr><tr><td style='padding-right:8px;'>Ben Brist</td><td style='text-align:right;padding-right:8px;'>24</td><td style='text-align:right;'>1.3%</td></tr><tr><td style='padding-right:8px;'>Brian Bock</td><td style='text-align:right;padding-right:8px;'>4</td><td style='text-align:right;'>0.2%</td></tr><tr><td style='padding-right:8px;'>write-in:</td><td style='text-align:right;padding-right:8px;'>15</td><td style='text-align:right;'>0.8%</td></tr></table></div>" }, "geometry": { "type": "Point", "coordinates": [ -88.025799893447243, 42.984581329233805 ] } },
{ "type": "Feature", "properties": { "ward": "City of Greenfield Ward 8", "candidate": "Brian Bock", "votes": 24.0, "color": "#4DAF4A", "popup": "<div><strong>City of Greenfield Ward 8</strong><div><strong>Representative to the Assembly, District 61</strong><table style='border-collapse:collapse;margin-top:4px;'><tr><th></th><th style='text-align:right;padding-right:8px;'>Votes</th><th style='text-align:right;'>Percent</th></tr><tr><td style='padding-right:8px;'>Lawanda Chambers</td><td style='text-align:right;padding-right:8px;'>37</td><td style='text-align:right;'>2.2%</td></tr><tr><td style='padding-right:8px;'>Ben Brist</td><td style='text-align:right;padding-right:8px;'>14</td><td style='text-align:right;'>0.8%</td></tr><tr><td style='padding-right:8px;'>Brian Bock</td><td style='text-align:right;padding-right:8px;'>24</td><td style='text-align:right;'>1.4%</td></tr><tr><td style='padding-right:8px;'>write-in:</td><td style='text-align:right;padding-right:8px;'>29</td><td style='text-align:right;'>1.7%</td></tr></table></div>" }, "geometry": { "type": "Point", "coordinates": [ -88.002633201545038, 42.955064856799666 ] } },
{ "type": "Feature", "properties": { "ward": "City of Greenfield Ward 12", "candidate": "write-in:", "votes": 25.0, "color": "#984EA3", "popup": "<div><strong>City of Greenfield Ward 12</strong><div><strong>Representative to the Assembly, District 61</strong><table style='border-collapse:collapse;margin-top:4px;'><tr><th></th><th style='text-align:right;padding-right:8px;'>Votes</th><th style='text-align:right;'>Percent</th></tr><tr><td style='padding-right:8px;'>Lawanda Chambers</td><td style='text-align:right;padding-right:8px;'>40</td><td style='text-align:right;'>2.0%</td></tr><tr><td style='padding-right:8px;'>Ben Brist</td><td style='text-align:right;padding-right:8px;'>9</td><td style='text-align:right;'>0.5%</td></tr><tr><td style='padding-right:8px;'>Brian Bock</td><td style='text-align:right;padding-right:8px;'>3</td><td style='text-align:right;'>0.2%</td></tr><tr><td style='padding-right:8px;'>write-in:</td><td style='text-align:right;padding-right:8px;'>25</td><td style='text-align:right;'>1.3%</td></tr></table></div>" }, "geometry": { "type": "Point", "coordinates": [ -88.028353234171632, 42.955557371920413 ] } },
{ "type": "Feature", "properties": { "ward": "City of Greenfield Ward 26", "candidate": "Brian Bock", "votes": 26.0, "color": "#4DAF4A", "popup": "<div><strong>City of Greenfield Ward 26</strong><div><strong>Representative to the Assembly, District 61</strong><table style='border-collapse:collapse;margin-top:4px;'><tr><th></th><th style='text-align:right;padding-right:8px;'>Votes</th><th style='text-align:right;'>Percent</th></tr><tr><td style='padding-right:8px;'>Lawanda Chambers</td><td style='text-align:right;padding-right:8px;'>10</td><td style='text-align:right;'>0.5%</td></tr><tr><td style='padding-right:8px;'>Ben Brist</td><td style='text-align:right;padding-right:8px;'>3</td><td style='text-align:right;'>0.1%</td></tr><tr><td style='padding-right:8px;'>Brian Bock</td><td style='text-align:right;padding-right:8px;'>26</td><td style='text-align:right;'>1.2%</td></tr><tr><td style='padding-right:8px;'>write-in:</td><td style='text-align:right;padding-right:8px;'>1</td><td style='text-align:right;'>0.0%</td></tr></table></div>" }, "geometry": { "type": "Point", "coordinates": [ -87.971299491588894, 42.954080573155473 ] } },
{ "type": "Feature", "properties": { "ward": "City of Milwaukee Ward 262", "candidate": "Brian Bock", "votes": 28.0, "color": "#4DAF4A", "popup": "<div><strong>City of Milwaukee Ward 262</strong><div><strong>Representative to the Assembly, District 61</strong><table style='border-collapse:collapse;margin-top:4px;'><tr><th></th><th style='text-align:right;padding-right:8px;'>Votes</th><th style='text-align:right;'>Percent</th></tr><tr><td style='padding-right:8px;'>Lawanda Chambers</td><td style='text-align:right;padding-right:8px;'>38</td><td style='text-align:right;'>1.8%</td></tr><tr><td style='padding-right:8px;'>Ben Brist</td><td style='text-align:right;padding-right:8px;'>1</td><td style='text-align:right;'>0.0%</td></tr><tr><td style='padding-right:8px;'>Brian Bock</td><td style='text-align:right;padding-right:8px;'>28</td><td style='text-align:right;'>1.3%</td></tr><tr><td style='padding-right:8px;'>write-in:</td><td style='text-align:right;padding-right:8px;'>3</td><td style='text-align:right;'>0.1%</td></tr></table></div>" }, "geometry": { "type": "Point", "coordinates": [ -88.033892176990818, 42.976650326342146 ] } },
{ "type": "Feature", "properties": { "ward": "City of Greenfield Ward 24", "candidate": "Brian Bock", "votes": 28.0, "color": "#4DAF4A", "popup": "<div><strong>City of Greenfield Ward 24</strong><div><strong>Representative to the Assembly, District 61</strong><table style='border-collapse:collapse;margin-top:4px;'><tr><th></th><th style='text-align:right;padding-right:8px;'>Votes</th><th style='text-align:right;'>Percent</th></tr><tr><td style='padding-right:8px;'>Lawanda Chambers</td><td style='text-align:right;padding-right:8px;'>22</td><td style='text-align:right;'>1.3%</td></tr><tr><td style='padding-right:8px;'>Ben Brist</td><td style='text-align:right;padding-right:8px;'>20</td><td style='text-align:right;'>1.2%</td></tr><tr><td style='padding-right:8px;'>Brian Bock</td><td style='text-align:right;padding-right:8px;'>28</td><td style='text-align:right;'>1.6%</td></tr><tr><td style='padding-right:8px;'>write-in:</td><td style='text-align:right;padding-right:8px;'>30</td><td style='text-align:right;'>1.8%</td></tr></table></div>" }, "geometry": { "type": "Point", "coordinates": [ -87.973367149888148, 42.948763041555495 ] } },
{ "type": "Feature", "properties": { "ward": "City of Milwaukee Ward 264", "candidate": "write-in:", "votes": 29.0, "color": "#984EA3", "popup": "<div><strong>City of Milwaukee Ward 264</strong><div><strong>Representative to the Assembly, District 61</strong><table style='border-collapse:collapse;margin-top:4px;'><tr><th></th><th style='text-align:right;padding-right:8px;'>Votes</th><th style='text-align:right;'>Percent</th></tr><tr><td style='padding-right:8px;'>Lawanda Chambers</td><td style='text-align:right;padding-right:8px;'>47</td><td style='text-align:right;'>2.3%</td></tr><tr><td style='padding-right:8px;'>Ben Brist</td><td style='text-align:right;padding-right:8px;'>7</td><td style='text-align:right;'>0.3%</td></tr><tr><td style='padding-right:8px;'>Brian Bock</td><td style='text-align:right;padding-right:8px;'>35</td><td style='text-align:right;'>1.7%</td></tr><tr><td style='padding-right:8px;'>write-in:</td><td style='text-align:right;padding-right:8px;'>29</td><td style='text-align:right;'>1.4%</td></tr></table></div>" }, "geometry": { "type": "Point", "coordinates": [ -88.02086062027054, 42.977140794463949 ] } },
{ "type": "Feature", "properties": { "ward": "V. Greendale Wards 5,6,7,8,11", "candidate": "Ben Brist", "votes": 29.0, "color": "#377EB8", "popup": "<div><strong>V. Greendale Wards 5,6,7,8,11</strong><div><strong>Representative to the Assembly, District 61</strong><table style='border-collapse:collapse;margin-top:4px;'><tr><th></th><th style='text-align:right;padding-right:8px;'>Votes</th><th style='text-align:right;'>Percent</th></tr><tr><td style='padding-right:8px;'>Lawanda Chambers</td><td style='text-align:right;padding-right:8px;'>46</td><td style='text-align:right;'>2.3%</td></tr><tr><td style='padding-right:8px;'>Ben Brist</td><td style='text-align:right;padding-right:8px;'>29</td><td style='text-align:right;'>1.4%</td></tr><tr><td style='padding-right:8px;'>Brian Bock</td><td style='text-align:right;padding-right:8px;'>13</td><td style='text-align:right;'>0.6%</td></tr><tr><td style='padding-right:8px;'>write-in:</td><td style='text-align:right;padding-right:8px;'>11</td><td style='text-align:right;'>0.5%</td></tr></table></div>" }, "geometry": { "type": "Point", "coordinates": [ -87.980162125986965, 42.93461481547763 ] } },
{ "type": "Feature", "properties": { "ward": "City of Greenfield Ward 8", "candidate": "write-in:", "votes": 29.0, "color": "#984EA3", "popup": "<div><strong>City of Greenfield Ward 8</strong><div><strong>Representative to the Assembly, District 61</strong><table style='border-collapse:collapse;margin-top:4px;'><tr><th></th><th style='text-align:right;padding-right:8px;'>Votes</th><th style='text-align:right;'>Percent</th></tr><tr><td style='padding-right:8px;'>Lawanda Chambers</td><td style='text-align:right;padding-right:8px;'>37</td><td style='text-align:right;'>2.2%</td></tr><tr><td style='padding-right:8px;'>Ben Brist</td><td style='text-align:right;padding-right:8px;'>14</td><td style='text-align:right;'>0.8%</td></tr><tr><td style='padding-right:8px;'>Brian Bock</td><td style='text-align:right;padding-right:8px;'>24</td><td style='text-align:right;'>1.4%</td></tr><tr><td style='padding-right:8px;'>write-in:</td><td style='text-align:right;padding-right:8px;'>29</td><td style='text-align:right;'>1.7%</td></tr></table></div>" }, "geometry": { "type": "Point", "coordinates": [ -88.002633201545038, 42.955064856799666 ] } },
{ "type": "Feature", "properties": { "ward": "City of Greenfield Ward 24", "candidate": "write-in:", "votes": 30.0, "color": "#984EA3", "popup": "<div><strong>City of Greenfield Ward 24</strong><div><strong>Representative to the Assembly, District 61</strong><table style='border-collapse:collapse;margin-top:4px;'><tr><th></th><th style='text-align:right;padding-right:8px;'>Votes</th><th style='text-align:right;'>Percent</th></tr><tr><td style='padding-right:8px;'>Lawanda Chambers</td><td style='text-align:right;padding-right:8px;'>22</td><td style='text-align:right;'>1.3%</td></tr><tr><td style='padding-right:8px;'>Ben Brist</td><td style='text-align:right;padding-right:8px;'>20</td><td style='text-align:right;'>1.2%</td></tr><tr><td style='padding-right:8px;'>Brian Bock</td><td style='text-align:right;padding-right:8px;'>28</td><td style='text-align:right;'>1.6%</td></tr><tr><td style='padding-right:8px;'>write-in:</td><td style='text-align:right;padding-right:8px;'>30</td><td style='text-align:right;'>1.8%</td></tr></table></div>" }, "geometry": { "type": "Point", "coordinates": [ -87.973367149888148, 42.948763041555495 ] } },
{ "type": "Feature", "properties": { "ward": "City of Greenfield Ward 16", "candidate": "Ben Brist", "votes": 32.0, "color": "#377EB8", "popup": "<div><strong>City of Greenfield Ward 16</strong><div><strong>Representative to the Assembly, District 61</strong><table style='border-collapse:collapse;margin-top:4px;'><tr><th></th><th style='text-align:right;padding-right:8px;'>Votes</th><th style='text-align:right;'>Percent</th></tr><tr><td style='padding-right:8px;'>Lawanda Chambers</td><td style='text-align:right;padding-right:8px;'>11</td><td style='text-align:right;'>0.5%</td></tr><tr><td style='padding-right:8px;'>Ben Brist</td><td style='text-align:right;padding-right:8px;'>32</td><td style='text-align:right;'>1.4%</td></tr><tr><td style='padding-right:8px;'>Brian Bock</td><td style='text-align:right;padding-right:8px;'>44</td><td style='text-align:right;'>2.0%</td></tr><tr><td style='padding-right:8px;'>write-in:</td><td style='text-align:right;padding-right:8px;'>11</td><td style='text-align:right;'>0.5%</td></tr></table></div>" }, "geometry": { "type": "Point", "coordinates": [ -88.052357880875817, 42.956546141268511 ] } },
{ "type": "Feature", "properties": { "ward": "City of West Allis Ward 22", "candidate": "write-in:", "votes": 32.0, "color": "#984EA3", "popup": "<div><strong>City of West Allis Ward 22</strong><div><strong>Representative to the Assembly, District 61</strong><table style='border-collapse:collapse;margin-top:4px;'><tr><th></th><th style='text-align:right;padding-right:8px;'>Votes</th><th style='text-align:right;'>Percent</th></tr><tr><td style='padding-right:8px;'>Lawanda Chambers</td><td style='text-align:right;padding-right:8px;'>13</td><td style='text-align:right;'>0.7%</td></tr><tr><td style='padding-right:8px;'>Ben Brist</td><td style='text-align:right;padding-right:8px;'>14</td><td style='text-align:right;'>0.8%</td></tr><tr><td style='padding-right:8px;'>Brian Bock</td><td style='text-align:right;padding-right:8px;'>3</td><td style='text-align:right;'>0.2%</td></tr><tr><td style='padding-right:8px;'>write-in:</td><td style='text-align:right;padding-right:8px;'>32</td><td style='text-align:right;'>1.8%</td></tr></table></div>" }, "geometry": { "type": "Point", "coordinates": [ -88.058842658137266, 42.978345775885124 ] } },
{ "type": "Feature", "properties": { "ward": "City of Milwaukee Ward 264", "candidate": "Brian Bock", "votes": 35.0, "color": "#4DAF4A", "popup": "<div><strong>City of Milwaukee Ward 264</strong><div><strong>Representative to the Assembly, District 61</strong><table style='border-collapse:collapse;margin-top:4px;'><tr><th></th><th style='text-align:right;padding-right:8px;'>Votes</th><th style='text-align:right;'>Percent</th></tr><tr><td style='padding-right:8px;'>Lawanda Chambers</td><td style='text-align:right;padding-right:8px;'>47</td><td style='text-align:right;'>2.3%</td></tr><tr><td style='padding-right:8px;'>Ben Brist</td><td style='text-align:right;padding-right:8px;'>7</td><td style='text-align:right;'>0.3%</td></tr><tr><td style='padding-right:8px;'>Brian Bock</td><td style='text-align:right;padding-right:8px;'>35</td><td style='text-align:right;'>1.7%</td></tr><tr><td style='padding-right:8px;'>write-in:</td><td style='text-align:right;padding-right:8px;'>29</td><td style='text-align:right;'>1.4%</td></tr></table></div>" }, "geometry": { "type": "Point", "coordinates": [ -88.02086062027054, 42.977140794463949 ] } },
{ "type": "Feature", "properties": { "ward": "V. Greendale Wards 1,2,3,4.9,10", "candidate": "write-in:", "votes": 35.0, "color": "#984EA3", "popup": "<div><strong>V. Greendale Wards 1,2,3,4.9,10</strong><div><strong>Representative to the Assembly, District 61</strong><table style='border-collapse:collapse;margin-top:4px;'><tr><th></th><th style='text-align:right;padding-right:8px;'>Votes</th><th style='text-align:right;'>Percent</th></tr><tr><td style='padding-right:8px;'>Lawanda Chambers</td><td style='text-align:right;padding-right:8px;'>37</td><td style='text-align:right;'>1.7%</td></tr><tr><td style='padding-right:8px;'>Ben Brist</td><td style='text-align:right;padding-right:8px;'>75</td><td style='text-align:right;'>3.4%</td></tr><tr><td style='padding-right:8px;'>Brian Bock</td><td style='text-align:right;padding-right:8px;'>9</td><td style='text-align:right;'>0.4%</td></tr><tr><td style='padding-right:8px;'>write-in:</td><td style='text-align:right;padding-right:8px;'>35</td><td style='text-align:right;'>1.6%</td></tr></table></div>" }, "geometry": { "type": "Point", "coordinates": [ -88.009698813588798, 42.937589667938383 ] } },
{ "type": "Feature", "properties": { "ward": "City of Greenfield Ward 15", "candidate": "Lawanda Chambers", "votes": 36.0, "color": "#E41A1C", "popup": "<div><strong>City of Greenfield Ward 15</strong><div><strong>Representative to the Assembly, District 61</strong><table style='border-collapse:collapse;margin-top:4px;'><tr><th></th><th style='text-align:right;padding-right:8px;'>Votes</th><th style='text-align:right;'>Percent</th></tr><tr><td style='padding-right:8px;'>Lawanda Chambers</td><td style='text-align:right;padding-right:8px;'>36</td><td style='text-align:right;'>1.7%</td></tr><tr><td style='padding-right:8px;'>Ben Brist</td><td style='text-align:right;padding-right:8px;'>40</td><td style='text-align:right;'>1.9%</td></tr><tr><td style='padding-right:8px;'>Brian Bock</td><td style='text-align:right;padding-right:8px;'>21</td><td style='text-align:right;'>1.0%</td></tr><tr><td style='padding-right:8px;'>write-in:</td><td style='text-align:right;padding-right:8px;'>13</td><td style='text-align:right;'>0.6%</td></tr></table></div>" }, "geometry": { "type": "Point", "coordinates": [ -88.062761080499456, 42.969033901578413 ] } },
{ "type": "Feature", "properties": { "ward": "V. Greendale Wards 1,2,3,4.9,10", "candidate": "Lawanda Chambers", "votes": 37.0, "color": "#E41A1C", "popup": "<div><strong>V. Greendale Wards 1,2,3,4.9,10</strong><div><strong>Representative to the Assembly, District 61</strong><table style='border-collapse:collapse;margin-top:4px;'><tr><th></th><th style='text-align:right;padding-right:8px;'>Votes</th><th style='text-align:right;'>Percent</th></tr><tr><td style='padding-right:8px;'>Lawanda Chambers</td><td style='text-align:right;padding-right:8px;'>37</td><td style='text-align:right;'>1.7%</td></tr><tr><td style='padding-right:8px;'>Ben Brist</td><td style='text-align:right;padding-right:8px;'>75</td><td style='text-align:right;'>3.4%</td></tr><tr><td style='padding-right:8px;'>Brian Bock</td><td style='text-align:right;padding-right:8px;'>9</td><td style='text-align:right;'>0.4%</td></tr><tr><td style='padding-right:8px;'>write-in:</td><td style='text-align:right;padding-right:8px;'>35</td><td style='text-align:right;'>1.6%</td></tr></table></div>" }, "geometry": { "type": "Point", "coordinates": [ -88.009698813588798, 42.937589667938383 ] } },
{ "type": "Feature", "properties": { "ward": "City of Greenfield Ward 8", "candidate": "Lawanda Chambers", "votes": 37.0, "color": "#E41A1C", "popup": "<div><strong>City of Greenfield Ward 8</strong><div><strong>Representative to the Assembly, District 61</strong><table style='border-collapse:collapse;margin-top:4px;'><tr><th></th><th style='text-align:right;padding-right:8px;'>Votes</th><th style='text-align:right;'>Percent</th></tr><tr><td style='padding-right:8px;'>Lawanda Chambers</td><td style='text-align:right;padding-right:8px;'>37</td><td style='text-align:right;'>2.2%</td></tr><tr><td style='padding-right:8px;'>Ben Brist</td><td style='text-align:right;padding-right:8px;'>14</td><td style='text-align:right;'>0.8%</td></tr><tr><td style='padding-right:8px;'>Brian Bock</td><td style='text-align:right;padding-right:8px;'>24</td><td style='text-align:right;'>1.4%</td></tr><tr><td style='padding-right:8px;'>write-in:</td><td style='text-align:right;padding-right:8px;'>29</td><td style='text-align:right;'>1.7%</td></tr></table></div>" }, "geometry": { "type": "Point", "coordinates": [ -88.002633201545038, 42.955064856799666 ] } },
{ "type": "Feature", "properties": { "ward": "City of Milwaukee Ward 260", "candidate": "Lawanda Chambers", "votes": 38.0, "color": "#E41A1C", "popup": "<div><strong>City of Milwaukee Ward 260</strong><div><strong>Representative to the Assembly, District 61</strong><table style='border-collapse:collapse;margin-top:4px;'><tr><th></th><th style='text-align:right;padding-right:8px;'>Votes</th><th style='text-align:right;'>Percent</th></tr><tr><td style='padding-right:8px;'>Lawanda Chambers</td><td style='text-align:right;padding-right:8px;'>38</td><td style='text-align:right;'>2.2%</td></tr><tr><td style='padding-right:8px;'>Ben Brist</td><td style='text-align:right;padding-right:8px;'>6</td><td style='text-align:right;'>0.3%</td></tr><tr><td style='padding-right:8px;'>Brian Bock</td><td style='text-align:right;padding-right:8px;'>6</td><td style='text-align:right;'>0.3%</td></tr><tr><td style='padding-right:8px;'>write-in:</td><td style='text-align:right;padding-right:8px;'>7</td><td style='text-align:right;'>0.4%</td></tr></table></div>" }, "geometry": { "type": "Point", "coordinates": [ -88.012669343652036, 42.984636808690638 ] } },
{ "type": "Feature", "properties": { "ward": "City of Milwaukee Ward 262", "candidate": "Lawanda Chambers", "votes": 38.0, "color": "#E41A1C", "popup": "<div><strong>City of Milwaukee Ward 262</strong><div><strong>Representative to the Assembly, District 61</strong><table style='border-collapse:collapse;margin-top:4px;'><tr><th></th><th style='text-align:right;padding-right:8px;'>Votes</th><th style='text-align:right;'>Percent</th></tr><tr><td style='padding-right:8px;'>Lawanda Chambers</td><td style='text-align:right;padding-right:8px;'>38</td><td style='text-align:right;'>1.8%</td></tr><tr><td style='padding-right:8px;'>Ben Brist</td><td style='text-align:right;padding-right:8px;'>1</td><td style='text-align:right;'>0.0%</td></tr><tr><td style='padding-right:8px;'>Brian Bock</td><td style='text-align:right;padding-right:8px;'>28</td><td style='text-align:right;'>1.3%</td></tr><tr><td style='padding-right:8px;'>write-in:</td><td style='text-align:right;padding-right:8px;'>3</td><td style='text-align:right;'>0.1%</td></tr></table></div>" }, "geometry": { "type": "Point", "coordinates": [ -88.033892176990818, 42.976650326342146 ] } },
{ "type": "Feature", "properties": { "ward": "City of Franklin Ward 10", "candidate": "Ben Brist", "votes": 39.0, "color": "#377EB8", "popup": "<div><strong>City of Franklin Ward 10</strong><div><strong>Representative to the Assembly, District 61</strong><table style='border-collapse:collapse;margin-top:4px;'><tr><th></th><th style='text-align:right;padding-right:8px;'>Votes</th><th style='text-align:right;'>Percent</th></tr><tr><td style='padding-right:8px;'>Lawanda Chambers</td><td style='text-align:right;padding-right:8px;'>17</td><td style='text-align:right;'>0.7%</td></tr><tr><td style='padding-right:8px;'>Ben Brist</td><td style='text-align:right;padding-right:8px;'>39</td><td style='text-align:right;'>1.7%</td></tr><tr><td style='padding-right:8px;'>Brian Bock</td><td style='text-align:right;padding-right:8px;'>3</td><td style='text-align:right;'>0.1%</td></tr><tr><td style='padding-right:8px;'>write-in:</td><td style='text-align:right;padding-right:8px;'>5</td><td style='text-align:right;'>0.2%</td></tr></table></div>" }, "geometry": { "type": "Point", "coordinates": [ -87.974982232796535, 42.919581718101384 ] } },
{ "type": "Feature", "properties": { "ward": "City of Greenfield Ward 12", "candidate": "Lawanda Chambers", "votes": 40.0, "color": "#E41A1C", "popup": "<div><strong>City of Greenfield Ward 12</strong><div><strong>Representative to the Assembly, District 61</strong><table style='border-collapse:collapse;margin-top:4px;'><tr><th></th><th style='text-align:right;padding-right:8px;'>Votes</th><th style='text-align:right;'>Percent</th></tr><tr><td style='padding-right:8px;'>Lawanda Chambers</td><td style='text-align:right;padding-right:8px;'>40</td><td style='text-align:right;'>2.0%</td></tr><tr><td style='padding-right:8px;'>Ben Brist</td><td style='text-align:right;padding-right:8px;'>9</td><td style='text-align:right;'>0.5%</td></tr><tr><td style='padding-right:8px;'>Brian Bock</td><td style='text-align:right;padding-right:8px;'>3</td><td style='text-align:right;'>0.2%</td></tr><tr><td style='padding-right:8px;'>write-in:</td><td style='text-align:right;padding-right:8px;'>25</td><td style='text-align:right;'>1.3%</td></tr></table></div>" }, "geometry": { "type": "Point", "coordinates": [ -88.028353234171632, 42.955557371920413 ] } },
{ "type": "Feature", "properties": { "ward": "City of Greenfield Ward 15", "candidate": "Ben Brist", "votes": 40.0, "color": "#377EB8", "popup": "<div><strong>City of Greenfield Ward 15</strong><div><strong>Representative to the Assembly, District 61</strong><table style='border-collapse:collapse;margin-top:4px;'><tr><th></th><th style='text-align:right;padding-right:8px;'>Votes</th><th style='text-align:right;'>Percent</th></tr><tr><td style='padding-right:8px;'>Lawanda Chambers</td><td style='text-align:right;padding-right:8px;'>36</td><td style='text-align:right;'>1.7%</td></tr><tr><td style='padding-right:8px;'>Ben Brist</td><td style='text-align:right;padding-right:8px;'>40</td><td style='text-align:right;'>1.9%</td></tr><tr><td style='padding-right:8px;'>Brian Bock</td><td style='text-align:right;padding-right:8px;'>21</td><td style='text-align:right;'>1.0%</td></tr><tr><td style='padding-right:8px;'>write-in:</td><td style='text-align:right;padding-right:8px;'>13</td><td style='text-align:right;'>0.6%</td></tr></table></div>" }, "geometry": { "type": "Point", "coordinates": [ -88.062761080499456, 42.969033901578413 ] } },
{ "type": "Feature", "properties": { "ward": "City of Milwaukee Ward 263", "candidate": "Ben Brist", "votes": 43.0, "color": "#377EB8", "popup": "<div><strong>City of Milwaukee Ward 263</strong><div><strong>Representative to the Assembly, District 61</strong><table style='border-collapse:collapse;margin-top:4px;'><tr><th></th><th style='text-align:right;padding-right:8px;'>Votes</th><th style='text-align:right;'>Percent</th></tr><tr><td style='padding-right:8px;'>Lawanda Chambers</td><td style='text-align:right;padding-right:8px;'>50</td><td style='text-align:right;'>2.4%</td></tr><tr><td style='padding-right:8px;'>Ben Brist</td><td style='text-align:right;padding-right:8px;'>43</td><td style='text-align:right;'>2.1%</td></tr><tr><td style='padding-right:8px;'>Brian Bock</td><td style='text-align:right;padding-right:8px;'>17</td><td style='text-align:right;'>0.8%</td></tr><tr><td style='padding-right:8px;'>write-in:</td><td style='text-align:right;padding-right:8px;'>8</td><td style='text-align:right;'>0.4%</td></tr></table></div>" }, "geometry": { "type": "Point", "coordinates": [ -88.027044685266603, 42.978131113702375 ] } },
{ "type": "Feature", "properties": { "ward": "City of Greenfield Ward 16", "candidate": "Brian Bock", "votes": 44.0, "color": "#4DAF4A", "popup": "<div><strong>City of Greenfield Ward 16</strong><div><strong>Representative to the Assembly, District 61</strong><table style='border-collapse:collapse;margin-top:4px;'><tr><th></th><th style='text-align:right;padding-right:8px;'>Votes</th><th style='text-align:right;'>Percent</th></tr><tr><td style='padding-right:8px;'>Lawanda Chambers</td><td style='text-align:right;padding-right:8px;'>11</td><td style='text-align:right;'>0.5%</td></tr><tr><td style='padding-right:8px;'>Ben Brist</td><td style='text-align:right;padding-right:8px;'>32</td><td style='text-align:right;'>1.4%</td></tr><tr><td style='padding-right:8px;'>Brian Bock</td><td style='text-align:right;padding-right:8px;'>44</td><td style='text-align:right;'>2.0%</td></tr><tr><td style='padding-right:8px;'>write-in:</td><td style='text-align:right;padding-right:8px;'>11</td><td style='text-align:right;'>0.5%</td></tr></table></div>" }, "geometry": { "type": "Point", "coordinates": [ -88.052357880875817, 42.956546141268511 ] } },
{ "type": "Feature", "properties": { "ward": "V. Greendale Wards 5,6,7,8,11", "candidate": "Lawanda Chambers", "votes": 46.0, "color": "#E41A1C", "popup": "<div><strong>V. Greendale Wards 5,6,7,8,11</strong><div><strong>Representative to the Assembly, District 61</strong><table style='border-collapse:collapse;margin-top:4px;'><tr><th></th><th style='text-align:right;padding-right:8px;'>Votes</th><th style='text-align:right;'>Percent</th></tr><tr><td style='padding-right:8px;'>Lawanda Chambers</td><td style='text-align:right;padding-right:8px;'>46</td><td style='text-align:right;'>2.3%</td></tr><tr><td style='padding-right:8px;'>Ben Brist</td><td style='text-align:right;padding-right:8px;'>29</td><td style='text-align:right;'>1.4%</td></tr><tr><td style='padding-right:8px;'>Brian Bock</td><td style='text-align:right;padding-right:8px;'>13</td><td style='text-align:right;'>0.6%</td></tr><tr><td style='padding-right:8px;'>write-in:</td><td style='text-align:right;padding-right:8px;'>11</td><td style='text-align:right;'>0.5%</td></tr></table></div>" }, "geometry": { "type": "Point", "coordinates": [ -87.980162125986965, 42.93461481547763 ] } },
{ "type": "Feature", "properties": { "ward": "City of Milwaukee Ward 264", "candidate": "Lawanda Chambers", "votes": 47.0, "color": "#E41A1C", "popup": "<div><strong>City of Milwaukee Ward 264</strong><div><strong>Representative to the Assembly, District 61</strong><table style='border-collapse:collapse;margin-top:4px;'><tr><th></th><th style='text-align:right;padding-right:8px;'>Votes</th><th style='text-align:right;'>Percent</th></tr><tr><td style='padding-right:8px;'>Lawanda Chambers</td><td style='text-align:right;padding-right:8px;'>47</td><td style='text-align:right;'>2.3%</td></tr><tr><td style='padding-right:8px;'>Ben Brist</td><td style='text-align:right;padding-right:8px;'>7</td><td style='text-align:right;'>0.3%</td></tr><tr><td style='padding-right:8px;'>Brian Bock</td><td style='text-align:right;padding-right:8px;'>35</td><td style='text-align:right;'>1.7%</td></tr><tr><td style='padding-right:8px;'>write-in:</td><td style='text-align:right;padding-right:8px;'>29</td><td style='text-align:right;'>1.4%</td></tr></table></div>" }, "geometry": { "type": "Point", "coordinates": [ -88.02086062027054, 42.977140794463949 ] } },
{ "type": "Feature", "properties": { "ward": "City of Milwaukee Ward 263", "candidate": "Lawanda Chambers", "votes": 50.0, "color": "#E41A1C", "popup": "<div><strong>City of Milwaukee Ward 263</strong><div><strong>Representative to the Assembly, District 61</strong><table style='border-collapse:collapse;margin-top:4px;'><tr><th></th><th style='text-align:right;padding-right:8px;'>Votes</th><th style='text-align:right;'>Percent</th></tr><tr><td style='padding-right:8px;'>Lawanda Chambers</td><td style='text-align:right;padding-right:8px;'>50</td><td style='text-align:right;'>2.4%</td></tr><tr><td style='padding-right:8px;'>Ben Brist</td><td style='text-align:right;padding-right:8px;'>43</td><td style='text-align:right;'>2.1%</td></tr><tr><td style='padding-right:8px;'>Brian Bock</td><td style='text-align:right;padding-right:8px;'>17</td><td style='text-align:right;'>0.8%</td></tr><tr><td style='padding-right:8px;'>write-in:</td><td style='text-align:right;padding-right:8px;'>8</td><td style='text-align:right;'>0.4%</td></tr></table></div>" }, "geometry": { "type": "Point", "coordinates": [ -88.027044685266603, 42.978131113702375 ] } },
{ "type": "Feature", "properties": { "ward": "V. Hales Corners Wards 4,5,6", "candidate": "Ben Brist", "votes": 52.0, "color": "#377EB8", "popup": "<div><strong>V. Hales Corners Wards 4,5,6</strong><div><strong>Representative to the Assembly, District 61</strong><table style='border-collapse:collapse;margin-top:4px;'><tr><th></th><th style='text-align:right;padding-right:8px;'>Votes</th><th style='text-align:right;'>Percent</th></tr><tr><td style='padding-right:8px;'>Lawanda Chambers</td><td style='text-align:right;padding-right:8px;'>4</td><td style='text-align:right;'>0.2%</td></tr><tr><td style='padding-right:8px;'>Ben Brist</td><td style='text-align:right;padding-right:8px;'>52</td><td style='text-align:right;'>2.2%</td></tr><tr><td style='padding-right:8px;'>Brian Bock</td><td style='text-align:right;padding-right:8px;'>69</td><td style='text-align:right;'>2.9%</td></tr><tr><td style='padding-right:8px;'>write-in:</td><td style='text-align:right;padding-right:8px;'>76</td><td style='text-align:right;'>3.2%</td></tr></table></div>" }, "geometry": { "type": "Point", "coordinates": [ -88.063267854730313, 42.940071996471957 ] } },
{ "type": "Feature", "properties": { "ward": "City of Greenfield Ward 21", "candidate": "Lawanda Chambers", "votes": 53.0, "color": "#E41A1C", "popup": "<div><strong>City of Greenfield Ward 21</strong><div><strong>Representative to the Assembly, District 61</strong><table style='border-collapse:collapse;margin-top:4px;'><tr><th></th><th style='text-align:right;padding-right:8px;'>Votes</th><th style='text-align:right;'>Percent</th></tr><tr><td style='padding-right:8px;'>Lawanda Chambers</td><td style='text-align:right;padding-right:8px;'>53</td><td style='text-align:right;'>2.5%</td></tr><tr><td style='padding-right:8px;'>Ben Brist</td><td style='text-align:right;padding-right:8px;'>150</td><td style='text-align:right;'>7.2%</td></tr><tr><td style='padding-right:8px;'>Brian Bock</td><td style='text-align:right;padding-right:8px;'>59</td><td style='text-align:right;'>2.8%</td></tr><tr><td style='padding-right:8px;'>write-in:</td><td style='text-align:right;padding-right:8px;'>21</td><td style='text-align:right;'>1.0%</td></tr></table></div>" }, "geometry": { "type": "Point", "coordinates": [ -87.982454382908685, 42.954874949501473 ] } },
{ "type": "Feature", "properties": { "ward": "City of Greenfield Ward 11", "candidate": "write-in:", "votes": 55.0, "color": "#984EA3", "popup": "<div><strong>City of Greenfield Ward 11</strong><div><strong>Representative to the Assembly, District 61</strong><table style='border-collapse:collapse;margin-top:4px;'><tr><th></th><th style='text-align:right;padding-right:8px;'>Votes</th><th style='text-align:right;'>Percent</th></tr><tr><td style='padding-right:8px;'>Lawanda Chambers</td><td style='text-align:right;padding-right:8px;'>9</td><td style='text-align:right;'>0.4%</td></tr><tr><td style='padding-right:8px;'>Ben Brist</td><td style='text-align:right;padding-right:8px;'>78</td><td style='text-align:right;'>3.9%</td></tr><tr><td style='padding-right:8px;'>Brian Bock</td><td style='text-align:right;padding-right:8px;'>12</td><td style='text-align:right;'>0.6%</td></tr><tr><td style='padding-right:8px;'>write-in:</td><td style='text-align:right;padding-right:8px;'>55</td><td style='text-align:right;'>2.7%</td></tr></table></div>" }, "geometry": { "type": "Point", "coordinates": [ -88.022883872431976, 42.970096774968681 ] } },
{ "type": "Feature", "properties": { "ward": "City of Greenfield Ward 10", "candidate": "Ben Brist", "votes": 56.0, "color": "#377EB8", "popup": "<div><strong>City of Greenfield Ward 10</strong><div><strong>Representative to the Assembly, District 61</strong><table style='border-collapse:collapse;margin-top:4px;'><tr><th></th><th style='text-align:right;padding-right:8px;'>Votes</th><th style='text-align:right;'>Percent</th></tr><tr><td style='padding-right:8px;'>Lawanda Chambers</td><td style='text-align:right;padding-right:8px;'>13</td><td style='text-align:right;'>0.6%</td></tr><tr><td style='padding-right:8px;'>Ben Brist</td><td style='text-align:right;padding-right:8px;'>56</td><td style='text-align:right;'>2.6%</td></tr><tr><td style='padding-right:8px;'>Brian Bock</td><td style='text-align:right;padding-right:8px;'>7</td><td style='text-align:right;'>0.3%</td></tr><tr><td style='padding-right:8px;'>write-in:</td><td style='text-align:right;padding-right:8px;'>10</td><td style='text-align:right;'>0.5%</td></tr></table></div>" }, "geometry": { "type": "Point", "coordinates": [ -88.023045741829762, 42.962855689094816 ] } },
{ "type": "Feature", "properties": { "ward": "City of Greenfield Ward 21", "candidate": "Brian Bock", "votes": 59.0, "color": "#4DAF4A", "popup": "<div><strong>City of Greenfield Ward 21</strong><div><strong>Representative to the Assembly, District 61</strong><table style='border-collapse:collapse;margin-top:4px;'><tr><th></th><th style='text-align:right;padding-right:8px;'>Votes</th><th style='text-align:right;'>Percent</th></tr><tr><td style='padding-right:8px;'>Lawanda Chambers</td><td style='text-align:right;padding-right:8px;'>53</td><td style='text-align:right;'>2.5%</td></tr><tr><td style='padding-right:8px;'>Ben Brist</td><td style='text-align:right;padding-right:8px;'>150</td><td style='text-align:right;'>7.2%</td></tr><tr><td style='padding-right:8px;'>Brian Bock</td><td style='text-align:right;padding-right:8px;'>59</td><td style='text-align:right;'>2.8%</td></tr><tr><td style='padding-right:8px;'>write-in:</td><td style='text-align:right;padding-right:8px;'>21</td><td style='text-align:right;'>1.0%</td></tr></table></div>" }, "geometry": { "type": "Point", "coordinates": [ -87.982454382908685, 42.954874949501473 ] } },
{ "type": "Feature", "properties": { "ward": "V. Hales Corners Wards 4,5,6", "candidate": "Brian Bock", "votes": 69.0, "color": "#4DAF4A", "popup": "<div><strong>V. Hales Corners Wards 4,5,6</strong><div><strong>Representative to the Assembly, District 61</strong><table style='border-collapse:collapse;margin-top:4px;'><tr><th></th><th style='text-align:right;padding-right:8px;'>Votes</th><th style='text-align:right;'>Percent</th></tr><tr><td style='padding-right:8px;'>Lawanda Chambers</td><td style='text-align:right;padding-right:8px;'>4</td><td style='text-align:right;'>0.2%</td></tr><tr><td style='padding-right:8px;'>Ben Brist</td><td style='text-align:right;padding-right:8px;'>52</td><td style='text-align:right;'>2.2%</td></tr><tr><td style='padding-right:8px;'>Brian Bock</td><td style='text-align:right;padding-right:8px;'>69</td><td style='text-align:right;'>2.9%</td></tr><tr><td style='padding-right:8px;'>write-in:</td><td style='text-align:right;padding-right:8px;'>76</td><td style='text-align:right;'>3.2%</td></tr></table></div>" }, "geometry": { "type": "Point", "coordinates": [ -88.063267854730313, 42.940071996471957 ] } },
{ "type": "Feature", "properties": { "ward": "City of Milwaukee Ward 265", "candidate": "Ben Brist", "votes": 74.0, "color": "#377EB8", "popup": "<div><strong>City of Milwaukee Ward 265</strong><div><strong>Representative to the Assembly, District 61</strong><table style='border-collapse:collapse;margin-top:4px;'><tr><th></th><th style='text-align:right;padding-right:8px;'>Votes</th><th style='text-align:right;'>Percent</th></tr><tr><td style='padding-right:8px;'>Lawanda Chambers</td><td style='text-align:right;padding-right:8px;'>3</td><td style='text-align:right;'>0.2%</td></tr><tr><td style='padding-right:8px;'>Ben Brist</td><td style='text-align:right;padding-right:8px;'>74</td><td style='text-align:right;'>3.7%</td></tr><tr><td style='padding-right:8px;'>Brian Bock</td><td style='text-align:right;padding-right:8px;'>19</td><td style='text-align:right;'>1.0%</td></tr><tr><td style='padding-right:8px;'>write-in:</td><td style='text-align:right;padding-right:8px;'>9</td><td style='text-align:right;'>0.5%</td></tr></table></div>" }, "geometry": { "type": "Point", "coordinates": [ -88.012835957998107, 42.977081132073536 ] } },
{ "type": "Feature", "properties": { "ward": "V. Greendale Wards 1,2,3,4.9,10", "candidate": "Ben Brist", "votes": 75.0, "color": "#377EB8", "popup": "<div><strong>V. Greendale Wards 1,2,3,4.9,10</strong><div><strong>Representative to the Assembly, District 61</strong><table style='border-collapse:collapse;margin-top:4px;'><tr><th></th><th style='text-align:right;padding-right:8px;'>Votes</th><th style='text-align:right;'>Percent</th></tr><tr><td style='padding-right:8px;'>Lawanda Chambers</td><td style='text-align:right;padding-right:8px;'>37</td><td style='text-align:right;'>1.7%</td></tr><tr><td style='padding-right:8px;'>Ben Brist</td><td style='text-align:right;padding-right:8px;'>75</td><td style='text-align:right;'>3.4%</td></tr><tr><td style='padding-right:8px;'>Brian Bock</td><td style='text-align:right;padding-right:8px;'>9</td><td style='text-align:right;'>0.4%</td></tr><tr><td style='padding-right:8px;'>write-in:</td><td style='text-align:right;padding-right:8px;'>35</td><td style='text-align:right;'>1.6%</td></tr></table></div>" }, "geometry": { "type": "Point", "coordinates": [ -88.009698813588798, 42.937589667938383 ] } },
{ "type": "Feature", "properties": { "ward": "V. Hales Corners Wards 4,5,6", "candidate": "write-in:", "votes": 76.0, "color": "#984EA3", "popup": "<div><strong>V. Hales Corners Wards 4,5,6</strong><div><strong>Representative to the Assembly, District 61</strong><table style='border-collapse:collapse;margin-top:4px;'><tr><th></th><th style='text-align:right;padding-right:8px;'>Votes</th><th style='text-align:right;'>Percent</th></tr><tr><td style='padding-right:8px;'>Lawanda Chambers</td><td style='text-align:right;padding-right:8px;'>4</td><td style='text-align:right;'>0.2%</td></tr><tr><td style='padding-right:8px;'>Ben Brist</td><td style='text-align:right;padding-right:8px;'>52</td><td style='text-align:right;'>2.2%</td></tr><tr><td style='padding-right:8px;'>Brian Bock</td><td style='text-align:right;padding-right:8px;'>69</td><td style='text-align:right;'>2.9%</td></tr><tr><td style='padding-right:8px;'>write-in:</td><td style='text-align:right;padding-right:8px;'>76</td><td style='text-align:right;'>3.2%</td></tr></table></div>" }, "geometry": { "type": "Point", "coordinates": [ -88.063267854730313, 42.940071996471957 ] } },
{ "type": "Feature", "properties": { "ward": "City of Greenfield Ward 11", "candidate": "Ben Brist", "votes": 78.0, "color": "#377EB8", "popup": "<div><strong>City of Greenfield Ward 11</strong><div><strong>Representative to the Assembly, District 61</strong><table style='border-collapse:collapse;margin-top:4px;'><tr><th></th><th style='text-align:right;padding-right:8px;'>Votes</th><th style='text-align:right;'>Percent</th></tr><tr><td style='padding-right:8px;'>Lawanda Chambers</td><td style='text-align:right;padding-right:8px;'>9</td><td style='text-align:right;'>0.4%</td></tr><tr><td style='padding-right:8px;'>Ben Brist</td><td style='text-align:right;padding-right:8px;'>78</td><td style='text-align:right;'>3.9%</td></tr><tr><td style='padding-right:8px;'>Brian Bock</td><td style='text-align:right;padding-right:8px;'>12</td><td style='text-align:right;'>0.6%</td></tr><tr><td style='padding-right:8px;'>write-in:</td><td style='text-align:right;padding-right:8px;'>55</td><td style='text-align:right;'>2.7%</td></tr></table></div>" }, "geometry": { "type": "Point", "coordinates": [ -88.022883872431976, 42.970096774968681 ] } },
{ "type": "Feature", "properties": { "ward": "City of Greenfield Ward 13", "candidate": "Brian Bock", "votes": 95.0, "color": "#4DAF4A", "popup": "<div><strong>City of Greenfield Ward 13</strong><div><strong>Representative to the Assembly, District 61</strong><table style='border-collapse:collapse;margin-top:4px;'><tr><th></th><th style='text-align:right;padding-right:8px;'>Votes</th><th style='text-align:right;'>Percent</th></tr><tr><td style='padding-right:8px;'>Lawanda Chambers</td><td style='text-align:right;padding-right:8px;'>3</td><td style='text-align:right;'>0.1%</td></tr><tr><td style='padding-right:8px;'>Ben Brist</td><td style='text-align:right;padding-right:8px;'>5</td><td style='text-align:right;'>0.2%</td></tr><tr><td style='padding-right:8px;'>Brian Bock</td><td style='text-align:right;padding-right:8px;'>95</td><td style='text-align:right;'>4.5%</td></tr><tr><td style='padding-right:8px;'>write-in:</td><td style='text-align:right;padding-right:8px;'>3</td><td style='text-align:right;'>0.1%</td></tr></table></div>" }, "geometry": { "type": "Point", "coordinates": [ -88.042020611069105, 42.96944834383175 ] } },
{ "type": "Feature", "properties": { "ward": "City of Greenfield Ward 14", "candidate": "write-in:", "votes": 99.0, "color": "#984EA3", "popup": "<div><strong>City of Greenfield Ward 14</strong><div><strong>Representative to the Assembly, District 61</strong><table style='border-collapse:collapse;margin-top:4px;'><tr><th></th><th style='text-align:right;padding-right:8px;'>Votes</th><th style='text-align:right;'>Percent</th></tr><tr><td style='padding-right:8px;'>Lawanda Chambers</td><td style='text-align:right;padding-right:8px;'>13</td><td style='text-align:right;'>0.6%</td></tr><tr><td style='padding-right:8px;'>Ben Brist</td><td style='text-align:right;padding-right:8px;'>11</td><td style='text-align:right;'>0.5%</td></tr><tr><td style='padding-right:8px;'>Brian Bock</td><td style='text-align:right;padding-right:8px;'>19</td><td style='text-align:right;'>0.9%</td></tr><tr><td style='padding-right:8px;'>write-in:</td><td style='text-align:right;padding-right:8px;'>99</td><td style='text-align:right;'>4.8%</td></tr></table></div>" }, "geometry": { "type": "Point", "coordinates": [ -88.043213992191724, 42.978022569872181 ] } },
{ "type": "Feature", "properties": { "ward": "City of Greenfield Ward 21", "candidate": "Ben Brist", "votes": 150.0, "color": "#377EB8", "popup": "<div><strong>City of Greenfield Ward 21</strong><div><strong>Representative to the Assembly, District 61</strong><table style='border-collapse:collapse;margin-top:4px;'><tr><th></th><th style='text-align:right;padding-right:8px;'>Votes</th><th style='text-align:right;'>Percent</th></tr><tr><td style='padding-right:8px;'>Lawanda Chambers</td><td style='text-align:right;padding-right:8px;'>53</td><td style='text-align:right;'>2.5%</td></tr><tr><td style='padding-right:8px;'>Ben Brist</td><td style='text-align:right;padding-right:8px;'>150</td><td style='text-align:right;'>7.2%</td></tr><tr><td style='padding-right:8px;'>Brian Bock</td><td style='text-align:right;padding-right:8px;'>59</td><td style='text-align:right;'>2.8%</td></tr><tr><td style='padding-right:8px;'>write-in:</td><td style='text-align:right;padding-right:8px;'>21</td><td style='text-align:right;'>1.0%</td></tr></table></div>" }, "geometry": { "type": "Point", "coordinates": [ -87.982454382908685, 42.954874949501473 ] } }
]
}
